Command line invocation:
    /Applications/Xcode_26.3.app/Contents/Developer/usr/bin/xcodebuild -project HamsterAges.xcodeproj -scheme HamsterAges -destination "generic/platform=iOS Simulator" -derivedDataPath build -configuration Debug CODE_SIGNING_ALLOWED=NO build

Build settings from command line:
    CODE_SIGNING_ALLOWED = NO

Resolve Package Graph

Fetching from https://github.com/googleads/swift-package-manager-google-mobile-ads.git

Fetching from https://github.com/googleads/swift-package-manager-google-user-messaging-platform.git

Creating working copy of package ‘swift-package-manager-google-mobile-ads’

Checking out 13.11.0 of package ‘swift-package-manager-google-mobile-ads’

Creating working copy of package ‘swift-package-manager-google-user-messaging-platform’

Checking out 3.1.0 of package ‘swift-package-manager-google-user-messaging-platform’


Resolved source packages:
  GoogleMobileAds: https://github.com/googleads/swift-package-manager-google-mobile-ads.git @ 13.11.0
  GoogleUserMessagingPlatform: https://github.com/googleads/swift-package-manager-google-user-messaging-platform.git @ 3.1.0

ComputePackagePrebuildTargetDependencyGraph

Prepare packages

CreateBuildRequest

SendProjectDescription

CreateBuildOperation

ComputeTargetDependencyGraph
note: Building targets in dependency order
note: Target dependency graph (5 targets)
    Target 'HamsterAges' in project 'HamsterAges'
        ➜ Explicit dependency on target 'GoogleMobileAds' in project 'GoogleMobileAds'
    Target 'GoogleMobileAds' in project 'GoogleMobileAds'
        ➜ Explicit dependency on target 'GoogleMobileAdsTarget' in project 'GoogleMobileAds'
        ➜ Explicit dependency on target 'GoogleUserMessagingPlatform' in project 'GoogleUserMessagingPlatform'
    Target 'GoogleMobileAdsTarget' in project 'GoogleMobileAds'
        ➜ Explicit dependency on target 'GoogleUserMessagingPlatform' in project 'GoogleUserMessagingPlatform'
    Target 'GoogleUserMessagingPlatform' in project 'GoogleUserMessagingPlatform'
        ➜ Explicit dependency on target 'UserMessagingPlatformTarget' in project 'GoogleUserMessagingPlatform'
    Target 'UserMessagingPlatformTarget' in project 'GoogleUserMessagingPlatform' (no dependencies)

GatherProvisioningInputs

CreateBuildDescription

ExecuteExternalTool /Applications/Xcode_26.3.app/Contents/Developer/Toolchains/XcodeDefault.xctoolchain/usr/bin/clang -v -E -dM -isysroot /Applications/Xcode_26.3.app/Contents/Developer/Platforms/iPhoneSimulator.platform/Developer/SDKs/iPhoneSimulator26.2.sdk -x c -c /dev/null

ExecuteExternalTool /Applications/Xcode_26.3.app/Contents/Developer/Toolchains/XcodeDefault.xctoolchain/usr/bin/clang -v -E -dM -arch arm64 -isysroot /Applications/Xcode_26.3.app/Contents/Developer/Platforms/iPhoneSimulator.platform/Developer/SDKs/iPhoneSimulator26.2.sdk -x objective-c -c /dev/null

ExecuteExternalTool /Applications/Xcode_26.3.app/Contents/Developer/Toolchains/XcodeDefault.xctoolchain/usr/bin/swiftc --version

ExecuteExternalTool /Applications/Xcode_26.3.app/Contents/Developer/usr/bin/actool --print-asset-tag-combinations --output-format xml1 /Users/runner/work/hamster-ages/hamster-ages/HamsterAges/Assets.xcassets

ExecuteExternalTool /Applications/Xcode_26.3.app/Contents/Developer/usr/bin/xcstringstool compile --dry-run --output-directory /Users/runner/work/hamster-ages/hamster-ages/build/Build/Intermediates.noindex/HamsterAges.build/Debug-iphonesimulator/HamsterAges.build /Users/runner/work/hamster-ages/hamster-ages/HamsterAges/InfoPlist.xcstrings

ExecuteExternalTool /Applications/Xcode_26.3.app/Contents/Developer/Toolchains/XcodeDefault.xctoolchain/usr/bin/clang -v -E -dM -arch arm64 -isysroot /Applications/Xcode_26.3.app/Contents/Developer/Platforms/iPhoneSimulator.platform/Developer/SDKs/iPhoneSimulator26.2.sdk -x c -c /dev/null

ExecuteExternalTool /Applications/Xcode_26.3.app/Contents/Developer/Toolchains/XcodeDefault.xctoolchain/usr/bin/ld -version_details

ExecuteExternalTool /Applications/Xcode_26.3.app/Contents/Developer/usr/bin/xcstringstool compile --dry-run --output-directory /Users/runner/work/hamster-ages/hamster-ages/build/Build/Intermediates.noindex/HamsterAges.build/Debug-iphonesimulator/HamsterAges.build /Users/runner/work/hamster-ages/hamster-ages/HamsterAges/Localizable.xcstrings

ExecuteExternalTool /Applications/Xcode_26.3.app/Contents/Developer/Toolchains/XcodeDefault.xctoolchain/usr/bin/clang -v -E -dM -arch x86_64 -isysroot /Applications/Xcode_26.3.app/Contents/Developer/Platforms/iPhoneSimulator.platform/Developer/SDKs/iPhoneSimulator26.2.sdk -x objective-c -c /dev/null

ExecuteExternalTool /Applications/Xcode_26.3.app/Contents/Developer/Toolchains/XcodeDefault.xctoolchain/usr/bin/clang -v -E -dM -arch x86_64 -isysroot /Applications/Xcode_26.3.app/Contents/Developer/Platforms/iPhoneSimulator.platform/Developer/SDKs/iPhoneSimulator26.2.sdk -x c -c /dev/null

ExecuteExternalTool /Applications/Xcode_26.3.app/Contents/Developer/usr/bin/actool --version --output-format xml1

Build description signature: 219227152a787e3aeb52529085637a7c
Build description path: /Users/runner/work/hamster-ages/hamster-ages/build/Build/Intermediates.noindex/XCBuildData/219227152a787e3aeb52529085637a7c.xcbuilddata
ClangStatCache /Applications/Xcode_26.3.app/Contents/Developer/Toolchains/XcodeDefault.xctoolchain/usr/bin/clang-stat-cache /Applications/Xcode_26.3.app/Contents/Developer/Platforms/iPhoneSimulator.platform/Developer/SDKs/iPhoneSimulator26.2.sdk /Users/runner/work/hamster-ages/hamster-ages/build/SDKStatCaches.noindex/iphonesimulator26.2-23C57-dc75598d0054f22ec865fa860f139d72e244bd9a5feaf902f95f61bf06266e52.sdkstatcache
    cd /Users/runner/work/hamster-ages/hamster-ages/HamsterAges.xcodeproj
    /Applications/Xcode_26.3.app/Contents/Developer/Toolchains/XcodeDefault.xctoolchain/usr/bin/clang-stat-cache /Applications/Xcode_26.3.app/Contents/Developer/Platforms/iPhoneSimulator.platform/Developer/SDKs/iPhoneSimulator26.2.sdk -o /Users/runner/work/hamster-ages/hamster-ages/build/SDKStatCaches.noindex/iphonesimulator26.2-23C57-dc75598d0054f22ec865fa860f139d72e244bd9a5feaf902f95f61bf06266e52.sdkstatcache

CreateBuildDirectory /Users/runner/work/hamster-ages/hamster-ages/build/Build/Intermediates.noindex
    cd /Users/runner/work/hamster-ages/hamster-ages/HamsterAges.xcodeproj
    builtin-create-build-directory /Users/runner/work/hamster-ages/hamster-ages/build/Build/Intermediates.noindex

CreateBuildDirectory /Users/runner/work/hamster-ages/hamster-ages/build/Build/Products
    cd /Users/runner/work/hamster-ages/hamster-ages/HamsterAges.xcodeproj
    builtin-create-build-directory /Users/runner/work/hamster-ages/hamster-ages/build/Build/Products

CreateBuildDirectory /Users/runner/work/hamster-ages/hamster-ages/build/Build/Products/Debug-iphonesimulator
    cd /Users/runner/work/hamster-ages/hamster-ages/HamsterAges.xcodeproj
    builtin-create-build-directory /Users/runner/work/hamster-ages/hamster-ages/build/Build/Products/Debug-iphonesimulator

WriteAuxiliaryFile /Users/runner/work/hamster-ages/hamster-ages/build/Build/Intermediates.noindex/HamsterAges.build/Debug-iphonesimulator/HamsterAges-8abf440da93d54cd71606d395a94708e-VFS-iphonesimulator/all-product-headers.yaml
    cd /Users/runner/work/hamster-ages/hamster-ages/HamsterAges.xcodeproj
    write-file /Users/runner/work/hamster-ages/hamster-ages/build/Build/Intermediates.noindex/HamsterAges.build/Debug-iphonesimulator/HamsterAges-8abf440da93d54cd71606d395a94708e-VFS-iphonesimulator/all-product-headers.yaml

CreateBuildDirectory /Users/runner/work/hamster-ages/hamster-ages/build/Build/Intermediates.noindex/SwiftExplicitPrecompiledModules
    cd /Users/runner/work/hamster-ages/hamster-ages/HamsterAges.xcodeproj
    builtin-create-build-directory /Users/runner/work/hamster-ages/hamster-ages/build/Build/Intermediates.noindex/SwiftExplicitPrecompiledModules

CreateBuildDirectory /Users/runner/work/hamster-ages/hamster-ages/build/Build/Intermediates.noindex/ExplicitPrecompiledModules
    cd /Users/runner/work/hamster-ages/hamster-ages/HamsterAges.xcodeproj
    builtin-create-build-directory /Users/runner/work/hamster-ages/hamster-ages/build/Build/Intermediates.noindex/ExplicitPrecompiledModules

CreateBuildDirectory /Users/runner/work/hamster-ages/hamster-ages/build/Build/Products/Debug-iphonesimulator/PackageFrameworks
    cd /Users/runner/work/hamster-ages/hamster-ages/HamsterAges.xcodeproj
    builtin-create-build-directory /Users/runner/work/hamster-ages/hamster-ages/build/Build/Products/Debug-iphonesimulator/PackageFrameworks

CreateBuildDirectory /Users/runner/work/hamster-ages/hamster-ages/build/Build/Intermediates.noindex/EagerLinkingTBDs/Debug-iphonesimulator
    cd /Users/runner/work/hamster-ages/hamster-ages/HamsterAges.xcodeproj
    builtin-create-build-directory /Users/runner/work/hamster-ages/hamster-ages/build/Build/Intermediates.noindex/EagerLinkingTBDs/Debug-iphonesimulator

ProcessXCFramework /Users/runner/work/hamster-ages/hamster-ages/build/SourcePackages/artifacts/swift-package-manager-google-user-messaging-platform/UserMessagingPlatform/UserMessagingPlatform.xcframework /Users/runner/work/hamster-ages/hamster-ages/build/Build/Products/Debug-iphonesimulator/UserMessagingPlatform.framework ios simulator
    cd /Users/runner/work/hamster-ages/hamster-ages/HamsterAges.xcodeproj
    builtin-process-xcframework --xcframework /Users/runner/work/hamster-ages/hamster-ages/build/SourcePackages/artifacts/swift-package-manager-google-user-messaging-platform/UserMessagingPlatform/UserMessagingPlatform.xcframework --platform ios --environment simulator --target-path /Users/runner/work/hamster-ages/hamster-ages/build/Build/Products/Debug-iphonesimulator
/Users/runner/work/hamster-ages/hamster-ages/build/SourcePackages/artifacts/swift-package-manager-google-user-messaging-platform/UserMessagingPlatform/UserMessagingPlatform.xcframework:1:1: note: The identity of “UserMessagingPlatform.xcframework” is not recorded in your project.

ProcessXCFramework /Users/runner/work/hamster-ages/hamster-ages/build/SourcePackages/artifacts/swift-package-manager-google-mobile-ads/GoogleMobileAds/GoogleMobileAds.xcframework /Users/runner/work/hamster-ages/hamster-ages/build/Build/Products/Debug-iphonesimulator/GoogleMobileAds.framework ios simulator
    cd /Users/runner/work/hamster-ages/hamster-ages/HamsterAges.xcodeproj
    builtin-process-xcframework --xcframework /Users/runner/work/hamster-ages/hamster-ages/build/SourcePackages/artifacts/swift-package-manager-google-mobile-ads/GoogleMobileAds/GoogleMobileAds.xcframework --platform ios --environment simulator --target-path /Users/runner/work/hamster-ages/hamster-ages/build/Build/Products/Debug-iphonesimulator
/Users/runner/work/hamster-ages/hamster-ages/build/SourcePackages/artifacts/swift-package-manager-google-mobile-ads/GoogleMobileAds/GoogleMobileAds.xcframework:1:1: note: The identity of “GoogleMobileAds.xcframework” is not recorded in your project.

WriteAuxiliaryFile /Users/runner/work/hamster-ages/hamster-ages/build/Build/Intermediates.noindex/GoogleUserMessagingPlatform.build/Debug-iphonesimulator/UserMessagingPlatformTarget.build/UserMessagingPlatformTarget.modulemap (in target 'UserMessagingPlatformTarget' from project 'GoogleUserMessagingPlatform')
    cd /Users/runner/work/hamster-ages/hamster-ages/build/SourcePackages/checkouts/swift-package-manager-google-user-messaging-platform
    write-file /Users/runner/work/hamster-ages/hamster-ages/build/Build/Intermediates.noindex/GoogleUserMessagingPlatform.build/Debug-iphonesimulator/UserMessagingPlatformTarget.build/UserMessagingPlatformTarget.modulemap

WriteAuxiliaryFile /Users/runner/work/hamster-ages/hamster-ages/build/Build/Intermediates.noindex/GoogleUserMessagingPlatform.build/Debug-iphonesimulator/UserMessagingPlatformTarget.build/UserMessagingPlatformTarget.DependencyStaticMetadataFileList (in target 'UserMessagingPlatformTarget' from project 'GoogleUserMessagingPlatform')
    cd /Users/runner/work/hamster-ages/hamster-ages/build/SourcePackages/checkouts/swift-package-manager-google-user-messaging-platform
    write-file /Users/runner/work/hamster-ages/hamster-ages/build/Build/Intermediates.noindex/GoogleUserMessagingPlatform.build/Debug-iphonesimulator/UserMessagingPlatformTarget.build/UserMessagingPlatformTarget.DependencyStaticMetadataFileList

WriteAuxiliaryFile /Users/runner/work/hamster-ages/hamster-ages/build/Build/Intermediates.noindex/GoogleUserMessagingPlatform.build/Debug-iphonesimulator/UserMessagingPlatformTarget.build/UserMessagingPlatformTarget.DependencyMetadataFileList (in target 'UserMessagingPlatformTarget' from project 'GoogleUserMessagingPlatform')
    cd /Users/runner/work/hamster-ages/hamster-ages/build/SourcePackages/checkouts/swift-package-manager-google-user-messaging-platform
    write-file /Users/runner/work/hamster-ages/hamster-ages/build/Build/Intermediates.noindex/GoogleUserMessagingPlatform.build/Debug-iphonesimulator/UserMessagingPlatformTarget.build/UserMessagingPlatformTarget.DependencyMetadataFileList

WriteAuxiliaryFile /Users/runner/work/hamster-ages/hamster-ages/build/Build/Intermediates.noindex/GoogleUserMessagingPlatform.build/Debug-iphonesimulator/UserMessagingPlatformTarget.build/Objects-normal/x86_64/e6072d4f65d7061329687fe24e3d63a7-common-args.resp (in target 'UserMessagingPlatformTarget' from project 'GoogleUserMessagingPlatform')
    cd /Users/runner/work/hamster-ages/hamster-ages/build/SourcePackages/checkouts/swift-package-manager-google-user-messaging-platform
    write-file /Users/runner/work/hamster-ages/hamster-ages/build/Build/Intermediates.noindex/GoogleUserMessagingPlatform.build/Debug-iphonesimulator/UserMessagingPlatformTarget.build/Objects-normal/x86_64/e6072d4f65d7061329687fe24e3d63a7-common-args.resp
-target x86_64-apple-ios12.0-simulator -fobjc-arc -fmodules -gmodules '-fmodules-cache-path=/Users/runner/work/hamster-ages/hamster-ages/build/ModuleCache.noindex' '-fmodule-name=UserMessagingPlatformTarget' -fpascal-strings -O0 -DSWIFT_PACKAGE '-DDEBUG=1' '-DOBJC_OLD_DISPATCH_PROTOTYPES=1' -isysroot /Applications/Xcode_26.3.app/Contents/Developer/Platforms/iPhoneSimulator.platform/Developer/SDKs/iPhoneSimulator26.2.sdk -fasm-blocks -g '-fobjc-abi-version=2' -fobjc-legacy-dispatch -I/Users/runner/work/hamster-ages/hamster-ages/build/Build/Products/Debug-iphonesimulator/include -I/Users/runner/work/hamster-ages/hamster-ages/build/SourcePackages/checkouts/swift-package-manager-google-user-messaging-platform/UserMessagingPlatformTarget/include -I/Users/runner/work/hamster-ages/hamster-ages/build/Build/Intermediates.noindex/GoogleUserMessagingPlatform.build/Debug-iphonesimulator/UserMessagingPlatformTarget.build/DerivedSources-normal/x86_64 -I/Users/runner/work/hamster-ages/hamster-ages/build/Build/Intermediates.noindex/GoogleUserMessagingPlatform.build/Debug-iphonesimulator/UserMessagingPlatformTarget.build/DerivedSources/x86_64 -I/Users/runner/work/hamster-ages/hamster-ages/build/Build/Intermediates.noindex/GoogleUserMessagingPlatform.build/Debug-iphonesimulator/UserMessagingPlatformTarget.build/DerivedSources -F/Users/runner/work/hamster-ages/hamster-ages/build/Build/Products/Debug-iphonesimulator -iframework /Applications/Xcode_26.3.app/Contents/Developer/Platforms/iPhoneSimulator.platform/Developer/Library/Frameworks -iframework /Applications/Xcode_26.3.app/Contents/Developer/Platforms/iPhoneSimulator.platform/Developer/SDKs/iPhoneSimulator26.2.sdk/Developer/Library/Frameworks -DXcode

WriteAuxiliaryFile /Users/runner/work/hamster-ages/hamster-ages/build/Build/Intermediates.noindex/GoogleUserMessagingPlatform.build/Debug-iphonesimulator/UserMessagingPlatformTarget.build/Objects-normal/x86_64/UserMessagingPlatformTarget.LinkFileList (in target 'UserMessagingPlatformTarget' from project 'GoogleUserMessagingPlatform')
    cd /Users/runner/work/hamster-ages/hamster-ages/build/SourcePackages/checkouts/swift-package-manager-google-user-messaging-platform
    write-file /Users/runner/work/hamster-ages/hamster-ages/build/Build/Intermediates.noindex/GoogleUserMessagingPlatform.build/Debug-iphonesimulator/UserMessagingPlatformTarget.build/Objects-normal/x86_64/UserMessagingPlatformTarget.LinkFileList

WriteAuxiliaryFile /Users/runner/work/hamster-ages/hamster-ages/build/Build/Intermediates.noindex/GoogleUserMessagingPlatform.build/Debug-iphonesimulator/UserMessagingPlatformTarget.build/Objects-normal/arm64/e6072d4f65d7061329687fe24e3d63a7-common-args.resp (in target 'UserMessagingPlatformTarget' from project 'GoogleUserMessagingPlatform')
    cd /Users/runner/work/hamster-ages/hamster-ages/build/SourcePackages/checkouts/swift-package-manager-google-user-messaging-platform
    write-file /Users/runner/work/hamster-ages/hamster-ages/build/Build/Intermediates.noindex/GoogleUserMessagingPlatform.build/Debug-iphonesimulator/UserMessagingPlatformTarget.build/Objects-normal/arm64/e6072d4f65d7061329687fe24e3d63a7-common-args.resp
-target arm64-apple-ios12.0-simulator -fobjc-arc -fmodules -gmodules '-fmodules-cache-path=/Users/runner/work/hamster-ages/hamster-ages/build/ModuleCache.noindex' '-fmodule-name=UserMessagingPlatformTarget' -fpascal-strings -O0 -DSWIFT_PACKAGE '-DDEBUG=1' '-DOBJC_OLD_DISPATCH_PROTOTYPES=1' -isysroot /Applications/Xcode_26.3.app/Contents/Developer/Platforms/iPhoneSimulator.platform/Developer/SDKs/iPhoneSimulator26.2.sdk -g '-fobjc-abi-version=2' -fobjc-legacy-dispatch -I/Users/runner/work/hamster-ages/hamster-ages/build/Build/Products/Debug-iphonesimulator/include -I/Users/runner/work/hamster-ages/hamster-ages/build/SourcePackages/checkouts/swift-package-manager-google-user-messaging-platform/UserMessagingPlatformTarget/include -I/Users/runner/work/hamster-ages/hamster-ages/build/Build/Intermediates.noindex/GoogleUserMessagingPlatform.build/Debug-iphonesimulator/UserMessagingPlatformTarget.build/DerivedSources-normal/arm64 -I/Users/runner/work/hamster-ages/hamster-ages/build/Build/Intermediates.noindex/GoogleUserMessagingPlatform.build/Debug-iphonesimulator/UserMessagingPlatformTarget.build/DerivedSources/arm64 -I/Users/runner/work/hamster-ages/hamster-ages/build/Build/Intermediates.noindex/GoogleUserMessagingPlatform.build/Debug-iphonesimulator/UserMessagingPlatformTarget.build/DerivedSources -F/Users/runner/work/hamster-ages/hamster-ages/build/Build/Products/Debug-iphonesimulator -iframework /Applications/Xcode_26.3.app/Contents/Developer/Platforms/iPhoneSimulator.platform/Developer/Library/Frameworks -iframework /Applications/Xcode_26.3.app/Contents/Developer/Platforms/iPhoneSimulator.platform/Developer/SDKs/iPhoneSimulator26.2.sdk/Developer/Library/Frameworks -DXcode

WriteAuxiliaryFile /Users/runner/work/hamster-ages/hamster-ages/build/Build/Intermediates.noindex/GoogleUserMessagingPlatform.build/Debug-iphonesimulator/UserMessagingPlatformTarget.build/Objects-normal/arm64/UserMessagingPlatformTarget.LinkFileList (in target 'UserMessagingPlatformTarget' from project 'GoogleUserMessagingPlatform')
    cd /Users/runner/work/hamster-ages/hamster-ages/build/SourcePackages/checkouts/swift-package-manager-google-user-messaging-platform
    write-file /Users/runner/work/hamster-ages/hamster-ages/build/Build/Intermediates.noindex/GoogleUserMessagingPlatform.build/Debug-iphonesimulator/UserMessagingPlatformTarget.build/Objects-normal/arm64/UserMessagingPlatformTarget.LinkFileList

Copy /Users/runner/work/hamster-ages/hamster-ages/build/Build/Intermediates.noindex/GeneratedModuleMaps-iphonesimulator/UserMessagingPlatformTarget.modulemap /Users/runner/work/hamster-ages/hamster-ages/build/Build/Intermediates.noindex/GoogleUserMessagingPlatform.build/Debug-iphonesimulator/UserMessagingPlatformTarget.build/UserMessagingPlatformTarget.modulemap (in target 'UserMessagingPlatformTarget' from project 'GoogleUserMessagingPlatform')
    cd /Users/runner/work/hamster-ages/hamster-ages/build/SourcePackages/checkouts/swift-package-manager-google-user-messaging-platform
    builtin-copy -exclude .DS_Store -exclude CVS -exclude .svn -exclude .git -exclude .hg -resolve-src-symlinks /Users/runner/work/hamster-ages/hamster-ages/build/Build/Intermediates.noindex/GoogleUserMessagingPlatform.build/Debug-iphonesimulator/UserMessagingPlatformTarget.build/UserMessagingPlatformTarget.modulemap /Users/runner/work/hamster-ages/hamster-ages/build/Build/Intermediates.noindex/GeneratedModuleMaps-iphonesimulator

WriteAuxiliaryFile /Users/runner/work/hamster-ages/hamster-ages/build/Build/Intermediates.noindex/HamsterAges.build/Debug-iphonesimulator/HamsterAges.build/Objects-normal/x86_64/HamsterAges.SwiftFileList (in target 'HamsterAges' from project 'HamsterAges')
    cd /Users/runner/work/hamster-ages/hamster-ages
    write-file /Users/runner/work/hamster-ages/hamster-ages/build/Build/Intermediates.noindex/HamsterAges.build/Debug-iphonesimulator/HamsterAges.build/Objects-normal/x86_64/HamsterAges.SwiftFileList

WriteAuxiliaryFile /Users/runner/work/hamster-ages/hamster-ages/build/Build/Intermediates.noindex/HamsterAges.build/Debug-iphonesimulator/HamsterAges.build/Objects-normal/x86_64/HamsterAges_const_extract_protocols.json (in target 'HamsterAges' from project 'HamsterAges')
    cd /Users/runner/work/hamster-ages/hamster-ages
    write-file /Users/runner/work/hamster-ages/hamster-ages/build/Build/Intermediates.noindex/HamsterAges.build/Debug-iphonesimulator/HamsterAges.build/Objects-normal/x86_64/HamsterAges_const_extract_protocols.json

WriteAuxiliaryFile /Users/runner/work/hamster-ages/hamster-ages/build/Build/Intermediates.noindex/HamsterAges.build/Debug-iphonesimulator/HamsterAges.build/Objects-normal/x86_64/HamsterAges.SwiftConstValuesFileList (in target 'HamsterAges' from project 'HamsterAges')
    cd /Users/runner/work/hamster-ages/hamster-ages
    write-file /Users/runner/work/hamster-ages/hamster-ages/build/Build/Intermediates.noindex/HamsterAges.build/Debug-iphonesimulator/HamsterAges.build/Objects-normal/x86_64/HamsterAges.SwiftConstValuesFileList

WriteAuxiliaryFile /Users/runner/work/hamster-ages/hamster-ages/build/Build/Intermediates.noindex/HamsterAges.build/Debug-iphonesimulator/HamsterAges.build/Objects-normal/x86_64/HamsterAges.LinkFileList (in target 'HamsterAges' from project 'HamsterAges')
    cd /Users/runner/work/hamster-ages/hamster-ages
    write-file /Users/runner/work/hamster-ages/hamster-ages/build/Build/Intermediates.noindex/HamsterAges.build/Debug-iphonesimulator/HamsterAges.build/Objects-normal/x86_64/HamsterAges.LinkFileList

WriteAuxiliaryFile /Users/runner/work/hamster-ages/hamster-ages/build/Build/Intermediates.noindex/HamsterAges.build/Debug-iphonesimulator/HamsterAges.build/Objects-normal/x86_64/HamsterAges-OutputFileMap.json (in target 'HamsterAges' from project 'HamsterAges')
    cd /Users/runner/work/hamster-ages/hamster-ages
    write-file /Users/runner/work/hamster-ages/hamster-ages/build/Build/Intermediates.noindex/HamsterAges.build/Debug-iphonesimulator/HamsterAges.build/Objects-normal/x86_64/HamsterAges-OutputFileMap.json

WriteAuxiliaryFile /Users/runner/work/hamster-ages/hamster-ages/build/Build/Intermediates.noindex/HamsterAges.build/Debug-iphonesimulator/HamsterAges.build/Objects-normal/arm64/HamsterAges_const_extract_protocols.json (in target 'HamsterAges' from project 'HamsterAges')
    cd /Users/runner/work/hamster-ages/hamster-ages
    write-file /Users/runner/work/hamster-ages/hamster-ages/build/Build/Intermediates.noindex/HamsterAges.build/Debug-iphonesimulator/HamsterAges.build/Objects-normal/arm64/HamsterAges_const_extract_protocols.json

WriteAuxiliaryFile /Users/runner/work/hamster-ages/hamster-ages/build/Build/Intermediates.noindex/HamsterAges.build/Debug-iphonesimulator/HamsterAges.build/Objects-normal/arm64/HamsterAges.SwiftFileList (in target 'HamsterAges' from project 'HamsterAges')
    cd /Users/runner/work/hamster-ages/hamster-ages
    write-file /Users/runner/work/hamster-ages/hamster-ages/build/Build/Intermediates.noindex/HamsterAges.build/Debug-iphonesimulator/HamsterAges.build/Objects-normal/arm64/HamsterAges.SwiftFileList

WriteAuxiliaryFile /Users/runner/work/hamster-ages/hamster-ages/build/Build/Intermediates.noindex/HamsterAges.build/Debug-iphonesimulator/HamsterAges.build/Objects-normal/arm64/HamsterAges.SwiftConstValuesFileList (in target 'HamsterAges' from project 'HamsterAges')
    cd /Users/runner/work/hamster-ages/hamster-ages
    write-file /Users/runner/work/hamster-ages/hamster-ages/build/Build/Intermediates.noindex/HamsterAges.build/Debug-iphonesimulator/HamsterAges.build/Objects-normal/arm64/HamsterAges.SwiftConstValuesFileList

WriteAuxiliaryFile /Users/runner/work/hamster-ages/hamster-ages/build/Build/Intermediates.noindex/HamsterAges.build/Debug-iphonesimulator/HamsterAges.build/Objects-normal/arm64/HamsterAges.LinkFileList (in target 'HamsterAges' from project 'HamsterAges')
    cd /Users/runner/work/hamster-ages/hamster-ages
    write-file /Users/runner/work/hamster-ages/hamster-ages/build/Build/Intermediates.noindex/HamsterAges.build/Debug-iphonesimulator/HamsterAges.build/Objects-normal/arm64/HamsterAges.LinkFileList

WriteAuxiliaryFile /Users/runner/work/hamster-ages/hamster-ages/build/Build/Intermediates.noindex/HamsterAges.build/Debug-iphonesimulator/HamsterAges.build/Objects-normal/arm64/HamsterAges-OutputFileMap.json (in target 'HamsterAges' from project 'HamsterAges')
    cd /Users/runner/work/hamster-ages/hamster-ages
    write-file /Users/runner/work/hamster-ages/hamster-ages/build/Build/Intermediates.noindex/HamsterAges.build/Debug-iphonesimulator/HamsterAges.build/Objects-normal/arm64/HamsterAges-OutputFileMap.json

WriteAuxiliaryFile /Users/runner/work/hamster-ages/hamster-ages/build/Build/Intermediates.noindex/HamsterAges.build/Debug-iphonesimulator/HamsterAges.build/HamsterAges.hmap (in target 'HamsterAges' from project 'HamsterAges')
    cd /Users/runner/work/hamster-ages/hamster-ages
    write-file /Users/runner/work/hamster-ages/hamster-ages/build/Build/Intermediates.noindex/HamsterAges.build/Debug-iphonesimulator/HamsterAges.build/HamsterAges.hmap

WriteAuxiliaryFile /Users/runner/work/hamster-ages/hamster-ages/build/Build/Intermediates.noindex/HamsterAges.build/Debug-iphonesimulator/HamsterAges.build/HamsterAges.DependencyStaticMetadataFileList (in target 'HamsterAges' from project 'HamsterAges')
    cd /Users/runner/work/hamster-ages/hamster-ages
    write-file /Users/runner/work/hamster-ages/hamster-ages/build/Build/Intermediates.noindex/HamsterAges.build/Debug-iphonesimulator/HamsterAges.build/HamsterAges.DependencyStaticMetadataFileList

WriteAuxiliaryFile /Users/runner/work/hamster-ages/hamster-ages/build/Build/Intermediates.noindex/HamsterAges.build/Debug-iphonesimulator/HamsterAges.build/HamsterAges.DependencyMetadataFileList (in target 'HamsterAges' from project 'HamsterAges')
    cd /Users/runner/work/hamster-ages/hamster-ages
    write-file /Users/runner/work/hamster-ages/hamster-ages/build/Build/Intermediates.noindex/HamsterAges.build/Debug-iphonesimulator/HamsterAges.build/HamsterAges.DependencyMetadataFileList

WriteAuxiliaryFile /Users/runner/work/hamster-ages/hamster-ages/build/Build/Intermediates.noindex/HamsterAges.build/Debug-iphonesimulator/HamsterAges.build/HamsterAges-project-headers.hmap (in target 'HamsterAges' from project 'HamsterAges')
    cd /Users/runner/work/hamster-ages/hamster-ages
    write-file /Users/runner/work/hamster-ages/hamster-ages/build/Build/Intermediates.noindex/HamsterAges.build/Debug-iphonesimulator/HamsterAges.build/HamsterAges-project-headers.hmap

WriteAuxiliaryFile /Users/runner/work/hamster-ages/hamster-ages/build/Build/Intermediates.noindex/HamsterAges.build/Debug-iphonesimulator/HamsterAges.build/HamsterAges-own-target-headers.hmap (in target 'HamsterAges' from project 'HamsterAges')
    cd /Users/runner/work/hamster-ages/hamster-ages
    write-file /Users/runner/work/hamster-ages/hamster-ages/build/Build/Intermediates.noindex/HamsterAges.build/Debug-iphonesimulator/HamsterAges.build/HamsterAges-own-target-headers.hmap

WriteAuxiliaryFile /Users/runner/work/hamster-ages/hamster-ages/build/Build/Intermediates.noindex/HamsterAges.build/Debug-iphonesimulator/HamsterAges.build/HamsterAges-generated-files.hmap (in target 'HamsterAges' from project 'HamsterAges')
    cd /Users/runner/work/hamster-ages/hamster-ages
    write-file /Users/runner/work/hamster-ages/hamster-ages/build/Build/Intermediates.noindex/HamsterAges.build/Debug-iphonesimulator/HamsterAges.build/HamsterAges-generated-files.hmap

WriteAuxiliaryFile /Users/runner/work/hamster-ages/hamster-ages/build/Build/Intermediates.noindex/HamsterAges.build/Debug-iphonesimulator/HamsterAges.build/HamsterAges-all-target-headers.hmap (in target 'HamsterAges' from project 'HamsterAges')
    cd /Users/runner/work/hamster-ages/hamster-ages
    write-file /Users/runner/work/hamster-ages/hamster-ages/build/Build/Intermediates.noindex/HamsterAges.build/Debug-iphonesimulator/HamsterAges.build/HamsterAges-all-target-headers.hmap

WriteAuxiliaryFile /Users/runner/work/hamster-ages/hamster-ages/build/Build/Intermediates.noindex/HamsterAges.build/Debug-iphonesimulator/HamsterAges.build/HamsterAges-all-non-framework-target-headers.hmap (in target 'HamsterAges' from project 'HamsterAges')
    cd /Users/runner/work/hamster-ages/hamster-ages
    write-file /Users/runner/work/hamster-ages/hamster-ages/build/Build/Intermediates.noindex/HamsterAges.build/Debug-iphonesimulator/HamsterAges.build/HamsterAges-all-non-framework-target-headers.hmap

WriteAuxiliaryFile /Users/runner/work/hamster-ages/hamster-ages/build/Build/Intermediates.noindex/HamsterAges.build/Debug-iphonesimulator/HamsterAges.build/HamsterAges-DebugDylibPath-normal-x86_64.txt (in target 'HamsterAges' from project 'HamsterAges')
    cd /Users/runner/work/hamster-ages/hamster-ages
    write-file /Users/runner/work/hamster-ages/hamster-ages/build/Build/Intermediates.noindex/HamsterAges.build/Debug-iphonesimulator/HamsterAges.build/HamsterAges-DebugDylibPath-normal-x86_64.txt

WriteAuxiliaryFile /Users/runner/work/hamster-ages/hamster-ages/build/Build/Intermediates.noindex/HamsterAges.build/Debug-iphonesimulator/HamsterAges.build/HamsterAges-DebugDylibPath-normal-arm64.txt (in target 'HamsterAges' from project 'HamsterAges')
    cd /Users/runner/work/hamster-ages/hamster-ages
    write-file /Users/runner/work/hamster-ages/hamster-ages/build/Build/Intermediates.noindex/HamsterAges.build/Debug-iphonesimulator/HamsterAges.build/HamsterAges-DebugDylibPath-normal-arm64.txt

WriteAuxiliaryFile /Users/runner/work/hamster-ages/hamster-ages/build/Build/Intermediates.noindex/HamsterAges.build/Debug-iphonesimulator/HamsterAges.build/HamsterAges-DebugDylibInstallName-normal-x86_64.txt (in target 'HamsterAges' from project 'HamsterAges')
    cd /Users/runner/work/hamster-ages/hamster-ages
    write-file /Users/runner/work/hamster-ages/hamster-ages/build/Build/Intermediates.noindex/HamsterAges.build/Debug-iphonesimulator/HamsterAges.build/HamsterAges-DebugDylibInstallName-normal-x86_64.txt

WriteAuxiliaryFile /Users/runner/work/hamster-ages/hamster-ages/build/Build/Intermediates.noindex/HamsterAges.build/Debug-iphonesimulator/HamsterAges.build/HamsterAges-DebugDylibInstallName-normal-arm64.txt (in target 'HamsterAges' from project 'HamsterAges')
    cd /Users/runner/work/hamster-ages/hamster-ages
    write-file /Users/runner/work/hamster-ages/hamster-ages/build/Build/Intermediates.noindex/HamsterAges.build/Debug-iphonesimulator/HamsterAges.build/HamsterAges-DebugDylibInstallName-normal-arm64.txt

WriteAuxiliaryFile /Users/runner/work/hamster-ages/hamster-ages/build/Build/Intermediates.noindex/GoogleMobileAds.build/Debug-iphonesimulator/GoogleMobileAdsTarget.build/Objects-normal/x86_64/GoogleMobileAdsTarget_const_extract_protocols.json (in target 'GoogleMobileAdsTarget' from project 'GoogleMobileAds')
    cd /Users/runner/work/hamster-ages/hamster-ages/build/SourcePackages/checkouts/swift-package-manager-google-mobile-ads
    write-file /Users/runner/work/hamster-ages/hamster-ages/build/Build/Intermediates.noindex/GoogleMobileAds.build/Debug-iphonesimulator/GoogleMobileAdsTarget.build/Objects-normal/x86_64/GoogleMobileAdsTarget_const_extract_protocols.json

WriteAuxiliaryFile /Users/runner/work/hamster-ages/hamster-ages/build/Build/Intermediates.noindex/GoogleMobileAds.build/Debug-iphonesimulator/GoogleMobileAdsTarget.build/Objects-normal/x86_64/GoogleMobileAdsTarget.SwiftFileList (in target 'GoogleMobileAdsTarget' from project 'GoogleMobileAds')
    cd /Users/runner/work/hamster-ages/hamster-ages/build/SourcePackages/checkouts/swift-package-manager-google-mobile-ads
    write-file /Users/runner/work/hamster-ages/hamster-ages/build/Build/Intermediates.noindex/GoogleMobileAds.build/Debug-iphonesimulator/GoogleMobileAdsTarget.build/Objects-normal/x86_64/GoogleMobileAdsTarget.SwiftFileList

WriteAuxiliaryFile /Users/runner/work/hamster-ages/hamster-ages/build/Build/Intermediates.noindex/GoogleMobileAds.build/Debug-iphonesimulator/GoogleMobileAdsTarget.build/Objects-normal/x86_64/GoogleMobileAdsTarget.SwiftConstValuesFileList (in target 'GoogleMobileAdsTarget' from project 'GoogleMobileAds')
    cd /Users/runner/work/hamster-ages/hamster-ages/build/SourcePackages/checkouts/swift-package-manager-google-mobile-ads
    write-file /Users/runner/work/hamster-ages/hamster-ages/build/Build/Intermediates.noindex/GoogleMobileAds.build/Debug-iphonesimulator/GoogleMobileAdsTarget.build/Objects-normal/x86_64/GoogleMobileAdsTarget.SwiftConstValuesFileList

WriteAuxiliaryFile /Users/runner/work/hamster-ages/hamster-ages/build/Build/Intermediates.noindex/GoogleMobileAds.build/Debug-iphonesimulator/GoogleMobileAdsTarget.build/Objects-normal/x86_64/GoogleMobileAdsTarget.LinkFileList (in target 'GoogleMobileAdsTarget' from project 'GoogleMobileAds')
    cd /Users/runner/work/hamster-ages/hamster-ages/build/SourcePackages/checkouts/swift-package-manager-google-mobile-ads
    write-file /Users/runner/work/hamster-ages/hamster-ages/build/Build/Intermediates.noindex/GoogleMobileAds.build/Debug-iphonesimulator/GoogleMobileAdsTarget.build/Objects-normal/x86_64/GoogleMobileAdsTarget.LinkFileList

WriteAuxiliaryFile /Users/runner/work/hamster-ages/hamster-ages/build/Build/Intermediates.noindex/GoogleMobileAds.build/Debug-iphonesimulator/GoogleMobileAdsTarget.build/Objects-normal/x86_64/GoogleMobileAdsTarget-OutputFileMap.json (in target 'GoogleMobileAdsTarget' from project 'GoogleMobileAds')
    cd /Users/runner/work/hamster-ages/hamster-ages/build/SourcePackages/checkouts/swift-package-manager-google-mobile-ads
    write-file /Users/runner/work/hamster-ages/hamster-ages/build/Build/Intermediates.noindex/GoogleMobileAds.build/Debug-iphonesimulator/GoogleMobileAdsTarget.build/Objects-normal/x86_64/GoogleMobileAdsTarget-OutputFileMap.json

WriteAuxiliaryFile /Users/runner/work/hamster-ages/hamster-ages/build/Build/Intermediates.noindex/GoogleMobileAds.build/Debug-iphonesimulator/GoogleMobileAdsTarget.build/Objects-normal/arm64/GoogleMobileAdsTarget_const_extract_protocols.json (in target 'GoogleMobileAdsTarget' from project 'GoogleMobileAds')
    cd /Users/runner/work/hamster-ages/hamster-ages/build/SourcePackages/checkouts/swift-package-manager-google-mobile-ads
    write-file /Users/runner/work/hamster-ages/hamster-ages/build/Build/Intermediates.noindex/GoogleMobileAds.build/Debug-iphonesimulator/GoogleMobileAdsTarget.build/Objects-normal/arm64/GoogleMobileAdsTarget_const_extract_protocols.json

WriteAuxiliaryFile /Users/runner/work/hamster-ages/hamster-ages/build/Build/Intermediates.noindex/GoogleMobileAds.build/Debug-iphonesimulator/GoogleMobileAdsTarget.build/Objects-normal/arm64/GoogleMobileAdsTarget.SwiftFileList (in target 'GoogleMobileAdsTarget' from project 'GoogleMobileAds')
    cd /Users/runner/work/hamster-ages/hamster-ages/build/SourcePackages/checkouts/swift-package-manager-google-mobile-ads
    write-file /Users/runner/work/hamster-ages/hamster-ages/build/Build/Intermediates.noindex/GoogleMobileAds.build/Debug-iphonesimulator/GoogleMobileAdsTarget.build/Objects-normal/arm64/GoogleMobileAdsTarget.SwiftFileList

WriteAuxiliaryFile /Users/runner/work/hamster-ages/hamster-ages/build/Build/Intermediates.noindex/GoogleMobileAds.build/Debug-iphonesimulator/GoogleMobileAdsTarget.build/Objects-normal/arm64/GoogleMobileAdsTarget.SwiftConstValuesFileList (in target 'GoogleMobileAdsTarget' from project 'GoogleMobileAds')
    cd /Users/runner/work/hamster-ages/hamster-ages/build/SourcePackages/checkouts/swift-package-manager-google-mobile-ads
    write-file /Users/runner/work/hamster-ages/hamster-ages/build/Build/Intermediates.noindex/GoogleMobileAds.build/Debug-iphonesimulator/GoogleMobileAdsTarget.build/Objects-normal/arm64/GoogleMobileAdsTarget.SwiftConstValuesFileList

WriteAuxiliaryFile /Users/runner/work/hamster-ages/hamster-ages/build/Build/Intermediates.noindex/GoogleMobileAds.build/Debug-iphonesimulator/GoogleMobileAdsTarget.build/Objects-normal/arm64/GoogleMobileAdsTarget.LinkFileList (in target 'GoogleMobileAdsTarget' from project 'GoogleMobileAds')
    cd /Users/runner/work/hamster-ages/hamster-ages/build/SourcePackages/checkouts/swift-package-manager-google-mobile-ads
    write-file /Users/runner/work/hamster-ages/hamster-ages/build/Build/Intermediates.noindex/GoogleMobileAds.build/Debug-iphonesimulator/GoogleMobileAdsTarget.build/Objects-normal/arm64/GoogleMobileAdsTarget.LinkFileList

WriteAuxiliaryFile /Users/runner/work/hamster-ages/hamster-ages/build/Build/Intermediates.noindex/GoogleMobileAds.build/Debug-iphonesimulator/GoogleMobileAdsTarget.build/Objects-normal/arm64/GoogleMobileAdsTarget-OutputFileMap.json (in target 'GoogleMobileAdsTarget' from project 'GoogleMobileAds')
    cd /Users/runner/work/hamster-ages/hamster-ages/build/SourcePackages/checkouts/swift-package-manager-google-mobile-ads
    write-file /Users/runner/work/hamster-ages/hamster-ages/build/Build/Intermediates.noindex/GoogleMobileAds.build/Debug-iphonesimulator/GoogleMobileAdsTarget.build/Objects-normal/arm64/GoogleMobileAdsTarget-OutputFileMap.json

WriteAuxiliaryFile /Users/runner/work/hamster-ages/hamster-ages/build/Build/Intermediates.noindex/GoogleMobileAds.build/Debug-iphonesimulator/GoogleMobileAdsTarget.build/GoogleMobileAdsTarget.modulemap (in target 'GoogleMobileAdsTarget' from project 'GoogleMobileAds')
    cd /Users/runner/work/hamster-ages/hamster-ages/build/SourcePackages/checkouts/swift-package-manager-google-mobile-ads
    write-file /Users/runner/work/hamster-ages/hamster-ages/build/Build/Intermediates.noindex/GoogleMobileAds.build/Debug-iphonesimulator/GoogleMobileAdsTarget.build/GoogleMobileAdsTarget.modulemap

WriteAuxiliaryFile /Users/runner/work/hamster-ages/hamster-ages/build/Build/Intermediates.noindex/GoogleMobileAds.build/Debug-iphonesimulator/GoogleMobileAdsTarget.build/GoogleMobileAdsTarget.DependencyStaticMetadataFileList (in target 'GoogleMobileAdsTarget' from project 'GoogleMobileAds')
    cd /Users/runner/work/hamster-ages/hamster-ages/build/SourcePackages/checkouts/swift-package-manager-google-mobile-ads
    write-file /Users/runner/work/hamster-ages/hamster-ages/build/Build/Intermediates.noindex/GoogleMobileAds.build/Debug-iphonesimulator/GoogleMobileAdsTarget.build/GoogleMobileAdsTarget.DependencyStaticMetadataFileList

WriteAuxiliaryFile /Users/runner/work/hamster-ages/hamster-ages/build/Build/Intermediates.noindex/GoogleMobileAds.build/Debug-iphonesimulator/GoogleMobileAdsTarget.build/GoogleMobileAdsTarget.DependencyMetadataFileList (in target 'GoogleMobileAdsTarget' from project 'GoogleMobileAds')
    cd /Users/runner/work/hamster-ages/hamster-ages/build/SourcePackages/checkouts/swift-package-manager-google-mobile-ads
    write-file /Users/runner/work/hamster-ages/hamster-ages/build/Build/Intermediates.noindex/GoogleMobileAds.build/Debug-iphonesimulator/GoogleMobileAdsTarget.build/GoogleMobileAdsTarget.DependencyMetadataFileList

MkDir /Users/runner/work/hamster-ages/hamster-ages/build/Build/Products/Debug-iphonesimulator/HamsterAges.app/Frameworks (in target 'HamsterAges' from project 'HamsterAges')
    cd /Users/runner/work/hamster-ages/hamster-ages
    /bin/mkdir -p /Users/runner/work/hamster-ages/hamster-ages/build/Build/Products/Debug-iphonesimulator/HamsterAges.app/Frameworks

MkDir /Users/runner/work/hamster-ages/hamster-ages/build/Build/Products/Debug-iphonesimulator/HamsterAges.app (in target 'HamsterAges' from project 'HamsterAges')
    cd /Users/runner/work/hamster-ages/hamster-ages
    /bin/mkdir -p /Users/runner/work/hamster-ages/hamster-ages/build/Build/Products/Debug-iphonesimulator/HamsterAges.app

Copy /Users/runner/work/hamster-ages/hamster-ages/build/Build/Intermediates.noindex/GeneratedModuleMaps-iphonesimulator/GoogleMobileAdsTarget.modulemap /Users/runner/work/hamster-ages/hamster-ages/build/Build/Intermediates.noindex/GoogleMobileAds.build/Debug-iphonesimulator/GoogleMobileAdsTarget.build/GoogleMobileAdsTarget.modulemap (in target 'GoogleMobileAdsTarget' from project 'GoogleMobileAds')
    cd /Users/runner/work/hamster-ages/hamster-ages/build/SourcePackages/checkouts/swift-package-manager-google-mobile-ads
    builtin-copy -exclude .DS_Store -exclude CVS -exclude .svn -exclude .git -exclude .hg -resolve-src-symlinks /Users/runner/work/hamster-ages/hamster-ages/build/Build/Intermediates.noindex/GoogleMobileAds.build/Debug-iphonesimulator/GoogleMobileAdsTarget.build/GoogleMobileAdsTarget.modulemap /Users/runner/work/hamster-ages/hamster-ages/build/Build/Intermediates.noindex/GeneratedModuleMaps-iphonesimulator

ScanDependencies /Users/runner/work/hamster-ages/hamster-ages/build/Build/Intermediates.noindex/GoogleUserMessagingPlatform.build/Debug-iphonesimulator/UserMessagingPlatformTarget.build/Objects-normal/arm64/placeholder.o /Users/runner/work/hamster-ages/hamster-ages/build/SourcePackages/checkouts/swift-package-manager-google-user-messaging-platform/UserMessagingPlatformTarget/placeholder.m normal arm64 objective-c com.apple.compilers.llvm.clang.1_0.compiler (in target 'UserMessagingPlatformTarget' from project 'GoogleUserMessagingPlatform')
    cd /Users/runner/work/hamster-ages/hamster-ages/HamsterAges.xcodeproj
    
    Using response file: /Users/runner/work/hamster-ages/hamster-ages/build/Build/Intermediates.noindex/GoogleUserMessagingPlatform.build/Debug-iphonesimulator/UserMessagingPlatformTarget.build/Objects-normal/arm64/e6072d4f65d7061329687fe24e3d63a7-common-args.resp
    
    builtin-ScanDependencies -o /Users/runner/work/hamster-ages/hamster-ages/build/Build/Intermediates.noindex/GoogleUserMessagingPlatform.build/Debug-iphonesimulator/UserMessagingPlatformTarget.build/Objects-normal/arm64/placeholder.o.scan -- /Applications/Xcode_26.3.app/Contents/Developer/Toolchains/XcodeDefault.xctoolchain/usr/bin/clang -x objective-c -ivfsstatcache /Users/runner/work/hamster-ages/hamster-ages/build/SDKStatCaches.noindex/iphonesimulator26.2-23C57-dc75598d0054f22ec865fa860f139d72e244bd9a5feaf902f95f61bf06266e52.sdkstatcache -fmessage-length\=0 -fdiagnostics-show-note-include-stack -fmacro-backtrace-limit\=0 -fno-color-diagnostics -fmodules-prune-interval\=86400 -fmodules-prune-after\=345600 -fbuild-session-file\=/Users/runner/work/hamster-ages/hamster-ages/build/ModuleCache.noindex/Session.modulevalidation -fmodules-validate-once-per-build-session -Wnon-modular-include-in-framework-module -Werror\=non-modular-include-in-framework-module -Wno-trigraphs -Wno-missing-field-initializers -Wno-missing-prototypes -Wno-return-type -Wno-implicit-atomic-properties -Wno-objc-interface-ivars -Wno-arc-repeated-use-of-weak -Wno-missing-braces -Wparentheses -Wswitch -Wno-unused-function -Wno-unused-label -Wno-unused-parameter -Wno-unused-variable -Wunused-value -Wno-empty-body -Wno-uninitialized -Wno-unknown-pragmas -w -Wno-shadow -Wno-four-char-constants -Wno-conversion -Wno-constant-conversion -Wno-int-conversion -Wno-bool-conversion -Wno-enum-conversion -Wno-float-conversion -Wno-non-literal-null-conversion -Wno-objc-literal-conversion -Wshorten-64-to-32 -Wpointer-sign -Wno-newline-eof -Wno-selector -Wno-strict-selector-match -Wno-undeclared-selector -Wno-deprecated-implementations -Wno-implicit-fallthrough -fstrict-aliasing -Wprotocol -Wdeprecated-declarations -Wno-sign-conversion -Wno-infinite-recursion -Wno-comma -Wno-block-capture-autoreleasing -Wno-strict-prototypes -Wno-semicolon-before-method-body -index-store-path /Users/runner/work/hamster-ages/hamster-ages/build/Index.noindex/DataStore @/Users/runner/work/hamster-ages/hamster-ages/build/Build/Intermediates.noindex/GoogleUserMessagingPlatform.build/Debug-iphonesimulator/UserMessagingPlatformTarget.build/Objects-normal/arm64/e6072d4f65d7061329687fe24e3d63a7-common-args.resp -MMD -MT dependencies -MF /Users/runner/work/hamster-ages/hamster-ages/build/Build/Intermediates.noindex/GoogleUserMessagingPlatform.build/Debug-iphonesimulator/UserMessagingPlatformTarget.build/Objects-normal/arm64/placeholder.d --serialize-diagnostics /Users/runner/work/hamster-ages/hamster-ages/build/Build/Intermediates.noindex/GoogleUserMessagingPlatform.build/Debug-iphonesimulator/UserMessagingPlatformTarget.build/Objects-normal/arm64/placeholder.dia -c /Users/runner/work/hamster-ages/hamster-ages/build/SourcePackages/checkouts/swift-package-manager-google-user-messaging-platform/UserMessagingPlatformTarget/placeholder.m -o /Users/runner/work/hamster-ages/hamster-ages/build/Build/Intermediates.noindex/GoogleUserMessagingPlatform.build/Debug-iphonesimulator/UserMessagingPlatformTarget.build/Objects-normal/arm64/placeholder.o -index-unit-output-path /GoogleUserMessagingPlatform.build/Debug-iphonesimulator/UserMessagingPlatformTarget.build/Objects-normal/arm64/placeholder.o

ScanDependencies /Users/runner/work/hamster-ages/hamster-ages/build/Build/Intermediates.noindex/GoogleUserMessagingPlatform.build/Debug-iphonesimulator/UserMessagingPlatformTarget.build/Objects-normal/x86_64/placeholder.o /Users/runner/work/hamster-ages/hamster-ages/build/SourcePackages/checkouts/swift-package-manager-google-user-messaging-platform/UserMessagingPlatformTarget/placeholder.m normal x86_64 objective-c com.apple.compilers.llvm.clang.1_0.compiler (in target 'UserMessagingPlatformTarget' from project 'GoogleUserMessagingPlatform')
    cd /Users/runner/work/hamster-ages/hamster-ages/HamsterAges.xcodeproj
    
    Using response file: /Users/runner/work/hamster-ages/hamster-ages/build/Build/Intermediates.noindex/GoogleUserMessagingPlatform.build/Debug-iphonesimulator/UserMessagingPlatformTarget.build/Objects-normal/x86_64/e6072d4f65d7061329687fe24e3d63a7-common-args.resp
    
    builtin-ScanDependencies -o /Users/runner/work/hamster-ages/hamster-ages/build/Build/Intermediates.noindex/GoogleUserMessagingPlatform.build/Debug-iphonesimulator/UserMessagingPlatformTarget.build/Objects-normal/x86_64/placeholder.o.scan -- /Applications/Xcode_26.3.app/Contents/Developer/Toolchains/XcodeDefault.xctoolchain/usr/bin/clang -x objective-c -ivfsstatcache /Users/runner/work/hamster-ages/hamster-ages/build/SDKStatCaches.noindex/iphonesimulator26.2-23C57-dc75598d0054f22ec865fa860f139d72e244bd9a5feaf902f95f61bf06266e52.sdkstatcache -fmessage-length\=0 -fdiagnostics-show-note-include-stack -fmacro-backtrace-limit\=0 -fno-color-diagnostics -fmodules-prune-interval\=86400 -fmodules-prune-after\=345600 -fbuild-session-file\=/Users/runner/work/hamster-ages/hamster-ages/build/ModuleCache.noindex/Session.modulevalidation -fmodules-validate-once-per-build-session -Wnon-modular-include-in-framework-module -Werror\=non-modular-include-in-framework-module -Wno-trigraphs -Wno-missing-field-initializers -Wno-missing-prototypes -Wno-return-type -Wno-implicit-atomic-properties -Wno-objc-interface-ivars -Wno-arc-repeated-use-of-weak -Wno-missing-braces -Wparentheses -Wswitch -Wno-unused-function -Wno-unused-label -Wno-unused-parameter -Wno-unused-variable -Wunused-value -Wno-empty-body -Wno-uninitialized -Wno-unknown-pragmas -w -Wno-shadow -Wno-four-char-constants -Wno-conversion -Wno-constant-conversion -Wno-int-conversion -Wno-bool-conversion -Wno-enum-conversion -Wno-float-conversion -Wno-non-literal-null-conversion -Wno-objc-literal-conversion -Wshorten-64-to-32 -Wpointer-sign -Wno-newline-eof -Wno-selector -Wno-strict-selector-match -Wno-undeclared-selector -Wno-deprecated-implementations -Wno-implicit-fallthrough -fstrict-aliasing -Wprotocol -Wdeprecated-declarations -Wno-sign-conversion -Wno-infinite-recursion -Wno-comma -Wno-block-capture-autoreleasing -Wno-strict-prototypes -Wno-semicolon-before-method-body -index-store-path /Users/runner/work/hamster-ages/hamster-ages/build/Index.noindex/DataStore @/Users/runner/work/hamster-ages/hamster-ages/build/Build/Intermediates.noindex/GoogleUserMessagingPlatform.build/Debug-iphonesimulator/UserMessagingPlatformTarget.build/Objects-normal/x86_64/e6072d4f65d7061329687fe24e3d63a7-common-args.resp -MMD -MT dependencies -MF /Users/runner/work/hamster-ages/hamster-ages/build/Build/Intermediates.noindex/GoogleUserMessagingPlatform.build/Debug-iphonesimulator/UserMessagingPlatformTarget.build/Objects-normal/x86_64/placeholder.d --serialize-diagnostics /Users/runner/work/hamster-ages/hamster-ages/build/Build/Intermediates.noindex/GoogleUserMessagingPlatform.build/Debug-iphonesimulator/UserMessagingPlatformTarget.build/Objects-normal/x86_64/placeholder.dia -c /Users/runner/work/hamster-ages/hamster-ages/build/SourcePackages/checkouts/swift-package-manager-google-user-messaging-platform/UserMessagingPlatformTarget/placeholder.m -o /Users/runner/work/hamster-ages/hamster-ages/build/Build/Intermediates.noindex/GoogleUserMessagingPlatform.build/Debug-iphonesimulator/UserMessagingPlatformTarget.build/Objects-normal/x86_64/placeholder.o -index-unit-output-path /GoogleUserMessagingPlatform.build/Debug-iphonesimulator/UserMessagingPlatformTarget.build/Objects-normal/x86_64/placeholder.o

SwiftDriver GoogleMobileAdsTarget normal arm64 com.apple.xcode.tools.swift.compiler (in target 'GoogleMobileAdsTarget' from project 'GoogleMobileAds')
    cd /Users/runner/work/hamster-ages/hamster-ages/HamsterAges.xcodeproj
    builtin-SwiftDriver -- /Applications/Xcode_26.3.app/Contents/Developer/Toolchains/XcodeDefault.xctoolchain/usr/bin/swiftc -module-name GoogleMobileAdsTarget -Onone -enforce-exclusivity\=checked @/Users/runner/work/hamster-ages/hamster-ages/build/Build/Intermediates.noindex/GoogleMobileAds.build/Debug-iphonesimulator/GoogleMobileAdsTarget.build/Objects-normal/arm64/GoogleMobileAdsTarget.SwiftFileList -DSWIFT_PACKAGE -DDEBUG -DSWIFT_MODULE_RESOURCE_BUNDLE_UNAVAILABLE -Xcc -fmodule-map-file\=/Users/runner/work/hamster-ages/hamster-ages/build/Build/Intermediates.noindex/GeneratedModuleMaps-iphonesimulator/UserMessagingPlatformTarget.modulemap -DXcode -plugin-path /Applications/Xcode_26.3.app/Contents/Developer/Toolchains/XcodeDefault.xctoolchain/usr/lib/swift/host/plugins/testing -enable-experimental-feature DebugDescriptionMacro -sdk /Applications/Xcode_26.3.app/Contents/Developer/Platforms/iPhoneSimulator.platform/Developer/SDKs/iPhoneSimulator26.2.sdk -target arm64-apple-ios13.0-simulator -g -module-cache-path /Users/runner/work/hamster-ages/hamster-ages/build/ModuleCache.noindex -Xfrontend -serialize-debugging-options -enable-testing -suppress-warnings -index-store-path /Users/runner/work/hamster-ages/hamster-ages/build/Index.noindex/DataStore -Xcc -D_LIBCPP_HARDENING_MODE\=_LIBCPP_HARDENING_MODE_DEBUG -swift-version 5 -I /Users/runner/work/hamster-ages/hamster-ages/build/Build/Products/Debug-iphonesimulator -Isystem /Applications/Xcode_26.3.app/Contents/Developer/Platforms/iPhoneSimulator.platform/Developer/usr/lib -F /Users/runner/work/hamster-ages/hamster-ages/build/Build/Products/Debug-iphonesimulator/PackageFrameworks -F /Users/runner/work/hamster-ages/hamster-ages/build/Build/Products/Debug-iphonesimulator -F /Applications/Xcode_26.3.app/Contents/Developer/Platforms/iPhoneSimulator.platform/Developer/Library/Frameworks -F /Applications/Xcode_26.3.app/Contents/Developer/Platforms/iPhoneSimulator.platform/Developer/SDKs/iPhoneSimulator26.2.sdk/Developer/Library/Frameworks -parse-as-library -c -j3 -enable-batch-mode -incremental -Xcc -ivfsstatcache -Xcc /Users/runner/work/hamster-ages/hamster-ages/build/SDKStatCaches.noindex/iphonesimulator26.2-23C57-dc75598d0054f22ec865fa860f139d72e244bd9a5feaf902f95f61bf06266e52.sdkstatcache -output-file-map /Users/runner/work/hamster-ages/hamster-ages/build/Build/Intermediates.noindex/GoogleMobileAds.build/Debug-iphonesimulator/GoogleMobileAdsTarget.build/Objects-normal/arm64/GoogleMobileAdsTarget-OutputFileMap.json -use-frontend-parseable-output -save-temps -no-color-diagnostics -explicit-module-build -module-cache-path /Users/runner/work/hamster-ages/hamster-ages/build/Build/Intermediates.noindex/SwiftExplicitPrecompiledModules -clang-scanner-module-cache-path /Users/runner/work/hamster-ages/hamster-ages/build/ModuleCache.noindex -sdk-module-cache-path /Users/runner/work/hamster-ages/hamster-ages/build/ModuleCache.noindex -serialize-diagnostics -emit-dependencies -emit-module -emit-module-path /Users/runner/work/hamster-ages/hamster-ages/build/Build/Intermediates.noindex/GoogleMobileAds.build/Debug-iphonesimulator/GoogleMobileAdsTarget.build/Objects-normal/arm64/GoogleMobileAdsTarget.swiftmodule -validate-clang-modules-once -clang-build-session-file /Users/runner/work/hamster-ages/hamster-ages/build/ModuleCache.noindex/Session.modulevalidation -Xcc -I/Users/runner/work/hamster-ages/hamster-ages/build/Build/Intermediates.noindex/GoogleMobileAds.build/Debug-iphonesimulator/GoogleMobileAdsTarget.build/swift-overrides.hmap -emit-const-values -Xfrontend -const-gather-protocols-file -Xfrontend /Users/runner/work/hamster-ages/hamster-ages/build/Build/Intermediates.noindex/GoogleMobileAds.build/Debug-iphonesimulator/GoogleMobileAdsTarget.build/Objects-normal/arm64/GoogleMobileAdsTarget_const_extract_protocols.json -Xcc -I/Users/runner/work/hamster-ages/hamster-ages/build/SourcePackages/checkouts/swift-package-manager-google-user-messaging-platform/UserMessagingPlatformTarget/include -Xcc -I/Users/runner/work/hamster-ages/hamster-ages/build/Build/Products/Debug-iphonesimulator/include -Xcc -I/Users/runner/work/hamster-ages/hamster-ages/build/Build/Intermediates.noindex/GoogleMobileAds.build/Debug-iphonesimulator/GoogleMobileAdsTarget.build/DerivedSources-normal/arm64 -Xcc -I/Users/runner/work/hamster-ages/hamster-ages/build/Build/Intermediates.noindex/GoogleMobileAds.build/Debug-iphonesimulator/GoogleMobileAdsTarget.build/DerivedSources/arm64 -Xcc -I/Users/runner/work/hamster-ages/hamster-ages/build/Build/Intermediates.noindex/GoogleMobileAds.build/Debug-iphonesimulator/GoogleMobileAdsTarget.build/DerivedSources -Xcc -DSWIFT_PACKAGE -Xcc -DDEBUG\=1 -emit-objc-header -emit-objc-header-path /Users/runner/work/hamster-ages/hamster-ages/build/Build/Intermediates.noindex/GoogleMobileAds.build/Debug-iphonesimulator/GoogleMobileAdsTarget.build/Objects-normal/arm64/GoogleMobileAdsTarget-Swift.h -working-directory /Users/runner/work/hamster-ages/hamster-ages/HamsterAges.xcodeproj -experimental-emit-module-separately -disable-cmo

SwiftDriver GoogleMobileAdsTarget normal x86_64 com.apple.xcode.tools.swift.compiler (in target 'GoogleMobileAdsTarget' from project 'GoogleMobileAds')
    cd /Users/runner/work/hamster-ages/hamster-ages/HamsterAges.xcodeproj
    builtin-SwiftDriver -- /Applications/Xcode_26.3.app/Contents/Developer/Toolchains/XcodeDefault.xctoolchain/usr/bin/swiftc -module-name GoogleMobileAdsTarget -Onone -enforce-exclusivity\=checked @/Users/runner/work/hamster-ages/hamster-ages/build/Build/Intermediates.noindex/GoogleMobileAds.build/Debug-iphonesimulator/GoogleMobileAdsTarget.build/Objects-normal/x86_64/GoogleMobileAdsTarget.SwiftFileList -DSWIFT_PACKAGE -DDEBUG -DSWIFT_MODULE_RESOURCE_BUNDLE_UNAVAILABLE -Xcc -fmodule-map-file\=/Users/runner/work/hamster-ages/hamster-ages/build/Build/Intermediates.noindex/GeneratedModuleMaps-iphonesimulator/UserMessagingPlatformTarget.modulemap -DXcode -plugin-path /Applications/Xcode_26.3.app/Contents/Developer/Toolchains/XcodeDefault.xctoolchain/usr/lib/swift/host/plugins/testing -enable-experimental-feature DebugDescriptionMacro -sdk /Applications/Xcode_26.3.app/Contents/Developer/Platforms/iPhoneSimulator.platform/Developer/SDKs/iPhoneSimulator26.2.sdk -target x86_64-apple-ios13.0-simulator -g -module-cache-path /Users/runner/work/hamster-ages/hamster-ages/build/ModuleCache.noindex -Xfrontend -serialize-debugging-options -enable-testing -suppress-warnings -index-store-path /Users/runner/work/hamster-ages/hamster-ages/build/Index.noindex/DataStore -Xcc -D_LIBCPP_HARDENING_MODE\=_LIBCPP_HARDENING_MODE_DEBUG -swift-version 5 -I /Users/runner/work/hamster-ages/hamster-ages/build/Build/Products/Debug-iphonesimulator -Isystem /Applications/Xcode_26.3.app/Contents/Developer/Platforms/iPhoneSimulator.platform/Developer/usr/lib -F /Users/runner/work/hamster-ages/hamster-ages/build/Build/Products/Debug-iphonesimulator/PackageFrameworks -F /Users/runner/work/hamster-ages/hamster-ages/build/Build/Products/Debug-iphonesimulator -F /Applications/Xcode_26.3.app/Contents/Developer/Platforms/iPhoneSimulator.platform/Developer/Library/Frameworks -F /Applications/Xcode_26.3.app/Contents/Developer/Platforms/iPhoneSimulator.platform/Developer/SDKs/iPhoneSimulator26.2.sdk/Developer/Library/Frameworks -parse-as-library -c -j3 -enable-batch-mode -incremental -Xcc -ivfsstatcache -Xcc /Users/runner/work/hamster-ages/hamster-ages/build/SDKStatCaches.noindex/iphonesimulator26.2-23C57-dc75598d0054f22ec865fa860f139d72e244bd9a5feaf902f95f61bf06266e52.sdkstatcache -output-file-map /Users/runner/work/hamster-ages/hamster-ages/build/Build/Intermediates.noindex/GoogleMobileAds.build/Debug-iphonesimulator/GoogleMobileAdsTarget.build/Objects-normal/x86_64/GoogleMobileAdsTarget-OutputFileMap.json -use-frontend-parseable-output -save-temps -no-color-diagnostics -explicit-module-build -module-cache-path /Users/runner/work/hamster-ages/hamster-ages/build/Build/Intermediates.noindex/SwiftExplicitPrecompiledModules -clang-scanner-module-cache-path /Users/runner/work/hamster-ages/hamster-ages/build/ModuleCache.noindex -sdk-module-cache-path /Users/runner/work/hamster-ages/hamster-ages/build/ModuleCache.noindex -serialize-diagnostics -emit-dependencies -emit-module -emit-module-path /Users/runner/work/hamster-ages/hamster-ages/build/Build/Intermediates.noindex/GoogleMobileAds.build/Debug-iphonesimulator/GoogleMobileAdsTarget.build/Objects-normal/x86_64/GoogleMobileAdsTarget.swiftmodule -validate-clang-modules-once -clang-build-session-file /Users/runner/work/hamster-ages/hamster-ages/build/ModuleCache.noindex/Session.modulevalidation -Xcc -I/Users/runner/work/hamster-ages/hamster-ages/build/Build/Intermediates.noindex/GoogleMobileAds.build/Debug-iphonesimulator/GoogleMobileAdsTarget.build/swift-overrides.hmap -emit-const-values -Xfrontend -const-gather-protocols-file -Xfrontend /Users/runner/work/hamster-ages/hamster-ages/build/Build/Intermediates.noindex/GoogleMobileAds.build/Debug-iphonesimulator/GoogleMobileAdsTarget.build/Objects-normal/x86_64/GoogleMobileAdsTarget_const_extract_protocols.json -Xcc -I/Users/runner/work/hamster-ages/hamster-ages/build/SourcePackages/checkouts/swift-package-manager-google-user-messaging-platform/UserMessagingPlatformTarget/include -Xcc -I/Users/runner/work/hamster-ages/hamster-ages/build/Build/Products/Debug-iphonesimulator/include -Xcc -I/Users/runner/work/hamster-ages/hamster-ages/build/Build/Intermediates.noindex/GoogleMobileAds.build/Debug-iphonesimulator/GoogleMobileAdsTarget.build/DerivedSources-normal/x86_64 -Xcc -I/Users/runner/work/hamster-ages/hamster-ages/build/Build/Intermediates.noindex/GoogleMobileAds.build/Debug-iphonesimulator/GoogleMobileAdsTarget.build/DerivedSources/x86_64 -Xcc -I/Users/runner/work/hamster-ages/hamster-ages/build/Build/Intermediates.noindex/GoogleMobileAds.build/Debug-iphonesimulator/GoogleMobileAdsTarget.build/DerivedSources -Xcc -DSWIFT_PACKAGE -Xcc -DDEBUG\=1 -emit-objc-header -emit-objc-header-path /Users/runner/work/hamster-ages/hamster-ages/build/Build/Intermediates.noindex/GoogleMobileAds.build/Debug-iphonesimulator/GoogleMobileAdsTarget.build/Objects-normal/x86_64/GoogleMobileAdsTarget-Swift.h -working-directory /Users/runner/work/hamster-ages/hamster-ages/HamsterAges.xcodeproj -experimental-emit-module-separately -disable-cmo

CompileC /Users/runner/work/hamster-ages/hamster-ages/build/Build/Intermediates.noindex/GoogleUserMessagingPlatform.build/Debug-iphonesimulator/UserMessagingPlatformTarget.build/Objects-normal/x86_64/placeholder.o /Users/runner/work/hamster-ages/hamster-ages/build/SourcePackages/checkouts/swift-package-manager-google-user-messaging-platform/UserMessagingPlatformTarget/placeholder.m normal x86_64 objective-c com.apple.compilers.llvm.clang.1_0.compiler (in target 'UserMessagingPlatformTarget' from project 'GoogleUserMessagingPlatform')
    cd /Users/runner/work/hamster-ages/hamster-ages/HamsterAges.xcodeproj
    
    Using response file: /Users/runner/work/hamster-ages/hamster-ages/build/Build/Intermediates.noindex/GoogleUserMessagingPlatform.build/Debug-iphonesimulator/UserMessagingPlatformTarget.build/Objects-normal/x86_64/e6072d4f65d7061329687fe24e3d63a7-common-args.resp
    
    /Applications/Xcode_26.3.app/Contents/Developer/Toolchains/XcodeDefault.xctoolchain/usr/bin/clang -x objective-c -ivfsstatcache /Users/runner/work/hamster-ages/hamster-ages/build/SDKStatCaches.noindex/iphonesimulator26.2-23C57-dc75598d0054f22ec865fa860f139d72e244bd9a5feaf902f95f61bf06266e52.sdkstatcache -fmessage-length\=0 -fdiagnostics-show-note-include-stack -fmacro-backtrace-limit\=0 -fno-color-diagnostics -fmodules-prune-interval\=86400 -fmodules-prune-after\=345600 -fbuild-session-file\=/Users/runner/work/hamster-ages/hamster-ages/build/ModuleCache.noindex/Session.modulevalidation -fmodules-validate-once-per-build-session -Wnon-modular-include-in-framework-module -Werror\=non-modular-include-in-framework-module -Wno-trigraphs -Wno-missing-field-initializers -Wno-missing-prototypes -Wno-return-type -Wno-implicit-atomic-properties -Wno-objc-interface-ivars -Wno-arc-repeated-use-of-weak -Wno-missing-braces -Wparentheses -Wswitch -Wno-unused-function -Wno-unused-label -Wno-unused-parameter -Wno-unused-variable -Wunused-value -Wno-empty-body -Wno-uninitialized -Wno-unknown-pragmas -w -Wno-shadow -Wno-four-char-constants -Wno-conversion -Wno-constant-conversion -Wno-int-conversion -Wno-bool-conversion -Wno-enum-conversion -Wno-float-conversion -Wno-non-literal-null-conversion -Wno-objc-literal-conversion -Wshorten-64-to-32 -Wpointer-sign -Wno-newline-eof -Wno-selector -Wno-strict-selector-match -Wno-undeclared-selector -Wno-deprecated-implementations -Wno-implicit-fallthrough -fstrict-aliasing -Wprotocol -Wdeprecated-declarations -Wno-sign-conversion -Wno-infinite-recursion -Wno-comma -Wno-block-capture-autoreleasing -Wno-strict-prototypes -Wno-semicolon-before-method-body -index-store-path /Users/runner/work/hamster-ages/hamster-ages/build/Index.noindex/DataStore @/Users/runner/work/hamster-ages/hamster-ages/build/Build/Intermediates.noindex/GoogleUserMessagingPlatform.build/Debug-iphonesimulator/UserMessagingPlatformTarget.build/Objects-normal/x86_64/e6072d4f65d7061329687fe24e3d63a7-common-args.resp -MMD -MT dependencies -MF /Users/runner/work/hamster-ages/hamster-ages/build/Build/Intermediates.noindex/GoogleUserMessagingPlatform.build/Debug-iphonesimulator/UserMessagingPlatformTarget.build/Objects-normal/x86_64/placeholder.d --serialize-diagnostics /Users/runner/work/hamster-ages/hamster-ages/build/Build/Intermediates.noindex/GoogleUserMessagingPlatform.build/Debug-iphonesimulator/UserMessagingPlatformTarget.build/Objects-normal/x86_64/placeholder.dia -c /Users/runner/work/hamster-ages/hamster-ages/build/SourcePackages/checkouts/swift-package-manager-google-user-messaging-platform/UserMessagingPlatformTarget/placeholder.m -o /Users/runner/work/hamster-ages/hamster-ages/build/Build/Intermediates.noindex/GoogleUserMessagingPlatform.build/Debug-iphonesimulator/UserMessagingPlatformTarget.build/Objects-normal/x86_64/placeholder.o -index-unit-output-path /GoogleUserMessagingPlatform.build/Debug-iphonesimulator/UserMessagingPlatformTarget.build/Objects-normal/x86_64/placeholder.o

CompileC /Users/runner/work/hamster-ages/hamster-ages/build/Build/Intermediates.noindex/GoogleUserMessagingPlatform.build/Debug-iphonesimulator/UserMessagingPlatformTarget.build/Objects-normal/arm64/placeholder.o /Users/runner/work/hamster-ages/hamster-ages/build/SourcePackages/checkouts/swift-package-manager-google-user-messaging-platform/UserMessagingPlatformTarget/placeholder.m normal arm64 objective-c com.apple.compilers.llvm.clang.1_0.compiler (in target 'UserMessagingPlatformTarget' from project 'GoogleUserMessagingPlatform')
    cd /Users/runner/work/hamster-ages/hamster-ages/HamsterAges.xcodeproj
    
    Using response file: /Users/runner/work/hamster-ages/hamster-ages/build/Build/Intermediates.noindex/GoogleUserMessagingPlatform.build/Debug-iphonesimulator/UserMessagingPlatformTarget.build/Objects-normal/arm64/e6072d4f65d7061329687fe24e3d63a7-common-args.resp
    
    /Applications/Xcode_26.3.app/Contents/Developer/Toolchains/XcodeDefault.xctoolchain/usr/bin/clang -x objective-c -ivfsstatcache /Users/runner/work/hamster-ages/hamster-ages/build/SDKStatCaches.noindex/iphonesimulator26.2-23C57-dc75598d0054f22ec865fa860f139d72e244bd9a5feaf902f95f61bf06266e52.sdkstatcache -fmessage-length\=0 -fdiagnostics-show-note-include-stack -fmacro-backtrace-limit\=0 -fno-color-diagnostics -fmodules-prune-interval\=86400 -fmodules-prune-after\=345600 -fbuild-session-file\=/Users/runner/work/hamster-ages/hamster-ages/build/ModuleCache.noindex/Session.modulevalidation -fmodules-validate-once-per-build-session -Wnon-modular-include-in-framework-module -Werror\=non-modular-include-in-framework-module -Wno-trigraphs -Wno-missing-field-initializers -Wno-missing-prototypes -Wno-return-type -Wno-implicit-atomic-properties -Wno-objc-interface-ivars -Wno-arc-repeated-use-of-weak -Wno-missing-braces -Wparentheses -Wswitch -Wno-unused-function -Wno-unused-label -Wno-unused-parameter -Wno-unused-variable -Wunused-value -Wno-empty-body -Wno-uninitialized -Wno-unknown-pragmas -w -Wno-shadow -Wno-four-char-constants -Wno-conversion -Wno-constant-conversion -Wno-int-conversion -Wno-bool-conversion -Wno-enum-conversion -Wno-float-conversion -Wno-non-literal-null-conversion -Wno-objc-literal-conversion -Wshorten-64-to-32 -Wpointer-sign -Wno-newline-eof -Wno-selector -Wno-strict-selector-match -Wno-undeclared-selector -Wno-deprecated-implementations -Wno-implicit-fallthrough -fstrict-aliasing -Wprotocol -Wdeprecated-declarations -Wno-sign-conversion -Wno-infinite-recursion -Wno-comma -Wno-block-capture-autoreleasing -Wno-strict-prototypes -Wno-semicolon-before-method-body -index-store-path /Users/runner/work/hamster-ages/hamster-ages/build/Index.noindex/DataStore @/Users/runner/work/hamster-ages/hamster-ages/build/Build/Intermediates.noindex/GoogleUserMessagingPlatform.build/Debug-iphonesimulator/UserMessagingPlatformTarget.build/Objects-normal/arm64/e6072d4f65d7061329687fe24e3d63a7-common-args.resp -MMD -MT dependencies -MF /Users/runner/work/hamster-ages/hamster-ages/build/Build/Intermediates.noindex/GoogleUserMessagingPlatform.build/Debug-iphonesimulator/UserMessagingPlatformTarget.build/Objects-normal/arm64/placeholder.d --serialize-diagnostics /Users/runner/work/hamster-ages/hamster-ages/build/Build/Intermediates.noindex/GoogleUserMessagingPlatform.build/Debug-iphonesimulator/UserMessagingPlatformTarget.build/Objects-normal/arm64/placeholder.dia -c /Users/runner/work/hamster-ages/hamster-ages/build/SourcePackages/checkouts/swift-package-manager-google-user-messaging-platform/UserMessagingPlatformTarget/placeholder.m -o /Users/runner/work/hamster-ages/hamster-ages/build/Build/Intermediates.noindex/GoogleUserMessagingPlatform.build/Debug-iphonesimulator/UserMessagingPlatformTarget.build/Objects-normal/arm64/placeholder.o -index-unit-output-path /GoogleUserMessagingPlatform.build/Debug-iphonesimulator/UserMessagingPlatformTarget.build/Objects-normal/arm64/placeholder.o

Ld /Users/runner/work/hamster-ages/hamster-ages/build/Build/Intermediates.noindex/GoogleUserMessagingPlatform.build/Debug-iphonesimulator/UserMessagingPlatformTarget.build/Objects-normal/x86_64/Binary/UserMessagingPlatformTarget.o normal x86_64 (in target 'UserMessagingPlatformTarget' from project 'GoogleUserMessagingPlatform')
    cd /Users/runner/work/hamster-ages/hamster-ages/build/SourcePackages/checkouts/swift-package-manager-google-user-messaging-platform
    /Applications/Xcode_26.3.app/Contents/Developer/Toolchains/XcodeDefault.xctoolchain/usr/bin/clang -Xlinker -reproducible -target x86_64-apple-ios12.0-simulator -r -isysroot /Applications/Xcode_26.3.app/Contents/Developer/Platforms/iPhoneSimulator.platform/Developer/SDKs/iPhoneSimulator26.2.sdk -O0 -w -L/Users/runner/work/hamster-ages/hamster-ages/build/Build/Intermediates.noindex/EagerLinkingTBDs/Debug-iphonesimulator -L/Users/runner/work/hamster-ages/hamster-ages/build/Build/Products/Debug-iphonesimulator -L/Applications/Xcode_26.3.app/Contents/Developer/Platforms/iPhoneSimulator.platform/Developer/usr/lib -F/Users/runner/work/hamster-ages/hamster-ages/build/Build/Intermediates.noindex/EagerLinkingTBDs/Debug-iphonesimulator -F/Users/runner/work/hamster-ages/hamster-ages/build/Build/Products/Debug-iphonesimulator -iframework /Applications/Xcode_26.3.app/Contents/Developer/Platforms/iPhoneSimulator.platform/Developer/Library/Frameworks -iframework /Applications/Xcode_26.3.app/Contents/Developer/Platforms/iPhoneSimulator.platform/Developer/SDKs/iPhoneSimulator26.2.sdk/Developer/Library/Frameworks -filelist /Users/runner/work/hamster-ages/hamster-ages/build/Build/Intermediates.noindex/GoogleUserMessagingPlatform.build/Debug-iphonesimulator/UserMessagingPlatformTarget.build/Objects-normal/x86_64/UserMessagingPlatformTarget.LinkFileList -nostdlib -Xlinker -object_path_lto -Xlinker /Users/runner/work/hamster-ages/hamster-ages/build/Build/Intermediates.noindex/GoogleUserMessagingPlatform.build/Debug-iphonesimulator/UserMessagingPlatformTarget.build/Objects-normal/x86_64/UserMessagingPlatformTarget_lto.o -rdynamic -Xlinker -no_deduplicate -Xlinker -objc_abi_version -Xlinker 2 -Xlinker -dependency_info -Xlinker /Users/runner/work/hamster-ages/hamster-ages/build/Build/Intermediates.noindex/GoogleUserMessagingPlatform.build/Debug-iphonesimulator/UserMessagingPlatformTarget.build/Objects-normal/x86_64/UserMessagingPlatformTarget_dependency_info.dat -fobjc-arc -fobjc-link-runtime -o /Users/runner/work/hamster-ages/hamster-ages/build/Build/Intermediates.noindex/GoogleUserMessagingPlatform.build/Debug-iphonesimulator/UserMessagingPlatformTarget.build/Objects-normal/x86_64/Binary/UserMessagingPlatformTarget.o

SwiftExplicitDependencyGeneratePcm arm64 /Users/runner/work/hamster-ages/hamster-ages/build/ModuleCache.noindex/_SwiftConcurrencyShims-BYDGSYA5K4BYKXTLN5DIZHHRQ.pcm

Ld /Users/runner/work/hamster-ages/hamster-ages/build/Build/Intermediates.noindex/GoogleUserMessagingPlatform.build/Debug-iphonesimulator/UserMessagingPlatformTarget.build/Objects-normal/arm64/Binary/UserMessagingPlatformTarget.o normal arm64 (in target 'UserMessagingPlatformTarget' from project 'GoogleUserMessagingPlatform')
    cd /Users/runner/work/hamster-ages/hamster-ages/build/SourcePackages/checkouts/swift-package-manager-google-user-messaging-platform
    /Applications/Xcode_26.3.app/Contents/Developer/Toolchains/XcodeDefault.xctoolchain/usr/bin/clang -Xlinker -reproducible -target arm64-apple-ios12.0-simulator -r -isysroot /Applications/Xcode_26.3.app/Contents/Developer/Platforms/iPhoneSimulator.platform/Developer/SDKs/iPhoneSimulator26.2.sdk -O0 -w -L/Users/runner/work/hamster-ages/hamster-ages/build/Build/Intermediates.noindex/EagerLinkingTBDs/Debug-iphonesimulator -L/Users/runner/work/hamster-ages/hamster-ages/build/Build/Products/Debug-iphonesimulator -L/Applications/Xcode_26.3.app/Contents/Developer/Platforms/iPhoneSimulator.platform/Developer/usr/lib -F/Users/runner/work/hamster-ages/hamster-ages/build/Build/Intermediates.noindex/EagerLinkingTBDs/Debug-iphonesimulator -F/Users/runner/work/hamster-ages/hamster-ages/build/Build/Products/Debug-iphonesimulator -iframework /Applications/Xcode_26.3.app/Contents/Developer/Platforms/iPhoneSimulator.platform/Developer/Library/Frameworks -iframework /Applications/Xcode_26.3.app/Contents/Developer/Platforms/iPhoneSimulator.platform/Developer/SDKs/iPhoneSimulator26.2.sdk/Developer/Library/Frameworks -filelist /Users/runner/work/hamster-ages/hamster-ages/build/Build/Intermediates.noindex/GoogleUserMessagingPlatform.build/Debug-iphonesimulator/UserMessagingPlatformTarget.build/Objects-normal/arm64/UserMessagingPlatformTarget.LinkFileList -nostdlib -Xlinker -object_path_lto -Xlinker /Users/runner/work/hamster-ages/hamster-ages/build/Build/Intermediates.noindex/GoogleUserMessagingPlatform.build/Debug-iphonesimulator/UserMessagingPlatformTarget.build/Objects-normal/arm64/UserMessagingPlatformTarget_lto.o -rdynamic -Xlinker -no_deduplicate -Xlinker -objc_abi_version -Xlinker 2 -Xlinker -dependency_info -Xlinker /Users/runner/work/hamster-ages/hamster-ages/build/Build/Intermediates.noindex/GoogleUserMessagingPlatform.build/Debug-iphonesimulator/UserMessagingPlatformTarget.build/Objects-normal/arm64/UserMessagingPlatformTarget_dependency_info.dat -fobjc-arc -fobjc-link-runtime -o /Users/runner/work/hamster-ages/hamster-ages/build/Build/Intermediates.noindex/GoogleUserMessagingPlatform.build/Debug-iphonesimulator/UserMessagingPlatformTarget.build/Objects-normal/arm64/Binary/UserMessagingPlatformTarget.o

SwiftExplicitDependencyGeneratePcm x86_64 /Users/runner/work/hamster-ages/hamster-ages/build/ModuleCache.noindex/SwiftShims-6G01RIH9VERN85UAZF1VA8KBF.pcm

SwiftExplicitDependencyGeneratePcm x86_64 /Users/runner/work/hamster-ages/hamster-ages/build/ModuleCache.noindex/_SwiftConcurrencyShims-CJI00QLPE73LPDJCZAIFKQK6R.pcm

CreateUniversalBinary /Users/runner/work/hamster-ages/hamster-ages/build/Build/Products/Debug-iphonesimulator/UserMessagingPlatformTarget.o normal arm64\ x86_64 (in target 'UserMessagingPlatformTarget' from project 'GoogleUserMessagingPlatform')
    cd /Users/runner/work/hamster-ages/hamster-ages/build/SourcePackages/checkouts/swift-package-manager-google-user-messaging-platform
    /Applications/Xcode_26.3.app/Contents/Developer/Toolchains/XcodeDefault.xctoolchain/usr/bin/lipo -create /Users/runner/work/hamster-ages/hamster-ages/build/Build/Intermediates.noindex/GoogleUserMessagingPlatform.build/Debug-iphonesimulator/UserMessagingPlatformTarget.build/Objects-normal/arm64/Binary/UserMessagingPlatformTarget.o /Users/runner/work/hamster-ages/hamster-ages/build/Build/Intermediates.noindex/GoogleUserMessagingPlatform.build/Debug-iphonesimulator/UserMessagingPlatformTarget.build/Objects-normal/x86_64/Binary/UserMessagingPlatformTarget.o -output /Users/runner/work/hamster-ages/hamster-ages/build/Build/Products/Debug-iphonesimulator/UserMessagingPlatformTarget.o

SwiftExplicitDependencyGeneratePcm arm64 /Users/runner/work/hamster-ages/hamster-ages/build/ModuleCache.noindex/SwiftShims-CETH35VUO141Y9TTEEBBNBLAW.pcm

RegisterExecutionPolicyException /Users/runner/work/hamster-ages/hamster-ages/build/Build/Products/Debug-iphonesimulator/UserMessagingPlatformTarget.o (in target 'UserMessagingPlatformTarget' from project 'GoogleUserMessagingPlatform')
    cd /Users/runner/work/hamster-ages/hamster-ages/build/SourcePackages/checkouts/swift-package-manager-google-user-messaging-platform
    builtin-RegisterExecutionPolicyException /Users/runner/work/hamster-ages/hamster-ages/build/Build/Products/Debug-iphonesimulator/UserMessagingPlatformTarget.o

SwiftEmitModule normal x86_64 Emitting\ module\ for\ GoogleMobileAdsTarget (in target 'GoogleMobileAdsTarget' from project 'GoogleMobileAds')

SwiftCompile normal x86_64 /Users/runner/work/hamster-ages/hamster-ages/build/SourcePackages/checkouts/swift-package-manager-google-mobile-ads/GoogleMobileAdsTarget/placeholder.swift (in target 'GoogleMobileAdsTarget' from project 'GoogleMobileAds')
    cd /Users/runner/work/hamster-ages/hamster-ages/HamsterAges.xcodeproj
    

SwiftCompile normal x86_64 Compiling\ placeholder.swift /Users/runner/work/hamster-ages/hamster-ages/build/SourcePackages/checkouts/swift-package-manager-google-mobile-ads/GoogleMobileAdsTarget/placeholder.swift (in target 'GoogleMobileAdsTarget' from project 'GoogleMobileAds')
SwiftCompile normal x86_64 /Users/runner/work/hamster-ages/hamster-ages/build/SourcePackages/checkouts/swift-package-manager-google-mobile-ads/GoogleMobileAdsTarget/placeholder.swift (in target 'GoogleMobileAdsTarget' from project 'GoogleMobileAds')
    cd /Users/runner/work/hamster-ages/hamster-ages/HamsterAges.xcodeproj
    

SwiftEmitModule normal arm64 Emitting\ module\ for\ GoogleMobileAdsTarget (in target 'GoogleMobileAdsTarget' from project 'GoogleMobileAds')

SwiftCompile normal arm64 /Users/runner/work/hamster-ages/hamster-ages/build/SourcePackages/checkouts/swift-package-manager-google-mobile-ads/GoogleMobileAdsTarget/placeholder.swift (in target 'GoogleMobileAdsTarget' from project 'GoogleMobileAds')
    cd /Users/runner/work/hamster-ages/hamster-ages/HamsterAges.xcodeproj
    

SwiftCompile normal arm64 Compiling\ placeholder.swift /Users/runner/work/hamster-ages/hamster-ages/build/SourcePackages/checkouts/swift-package-manager-google-mobile-ads/GoogleMobileAdsTarget/placeholder.swift (in target 'GoogleMobileAdsTarget' from project 'GoogleMobileAds')
SwiftCompile normal arm64 /Users/runner/work/hamster-ages/hamster-ages/build/SourcePackages/checkouts/swift-package-manager-google-mobile-ads/GoogleMobileAdsTarget/placeholder.swift (in target 'GoogleMobileAdsTarget' from project 'GoogleMobileAds')
    cd /Users/runner/work/hamster-ages/hamster-ages/HamsterAges.xcodeproj
    

SwiftDriverJobDiscovery normal x86_64 Emitting module for GoogleMobileAdsTarget (in target 'GoogleMobileAdsTarget' from project 'GoogleMobileAds')

SwiftDriver\ Compilation\ Requirements GoogleMobileAdsTarget normal x86_64 com.apple.xcode.tools.swift.compiler (in target 'GoogleMobileAdsTarget' from project 'GoogleMobileAds')
    cd /Users/runner/work/hamster-ages/hamster-ages/HamsterAges.xcodeproj
    builtin-Swift-Compilation-Requirements -- /Applications/Xcode_26.3.app/Contents/Developer/Toolchains/XcodeDefault.xctoolchain/usr/bin/swiftc -module-name GoogleMobileAdsTarget -Onone -enforce-exclusivity\=checked @/Users/runner/work/hamster-ages/hamster-ages/build/Build/Intermediates.noindex/GoogleMobileAds.build/Debug-iphonesimulator/GoogleMobileAdsTarget.build/Objects-normal/x86_64/GoogleMobileAdsTarget.SwiftFileList -DSWIFT_PACKAGE -DDEBUG -DSWIFT_MODULE_RESOURCE_BUNDLE_UNAVAILABLE -Xcc -fmodule-map-file\=/Users/runner/work/hamster-ages/hamster-ages/build/Build/Intermediates.noindex/GeneratedModuleMaps-iphonesimulator/UserMessagingPlatformTarget.modulemap -DXcode -plugin-path /Applications/Xcode_26.3.app/Contents/Developer/Toolchains/XcodeDefault.xctoolchain/usr/lib/swift/host/plugins/testing -enable-experimental-feature DebugDescriptionMacro -sdk /Applications/Xcode_26.3.app/Contents/Developer/Platforms/iPhoneSimulator.platform/Developer/SDKs/iPhoneSimulator26.2.sdk -target x86_64-apple-ios13.0-simulator -g -module-cache-path /Users/runner/work/hamster-ages/hamster-ages/build/ModuleCache.noindex -Xfrontend -serialize-debugging-options -enable-testing -suppress-warnings -index-store-path /Users/runner/work/hamster-ages/hamster-ages/build/Index.noindex/DataStore -Xcc -D_LIBCPP_HARDENING_MODE\=_LIBCPP_HARDENING_MODE_DEBUG -swift-version 5 -I /Users/runner/work/hamster-ages/hamster-ages/build/Build/Products/Debug-iphonesimulator -Isystem /Applications/Xcode_26.3.app/Contents/Developer/Platforms/iPhoneSimulator.platform/Developer/usr/lib -F /Users/runner/work/hamster-ages/hamster-ages/build/Build/Products/Debug-iphonesimulator/PackageFrameworks -F /Users/runner/work/hamster-ages/hamster-ages/build/Build/Products/Debug-iphonesimulator -F /Applications/Xcode_26.3.app/Contents/Developer/Platforms/iPhoneSimulator.platform/Developer/Library/Frameworks -F /Applications/Xcode_26.3.app/Contents/Developer/Platforms/iPhoneSimulator.platform/Developer/SDKs/iPhoneSimulator26.2.sdk/Developer/Library/Frameworks -parse-as-library -c -j3 -enable-batch-mode -incremental -Xcc -ivfsstatcache -Xcc /Users/runner/work/hamster-ages/hamster-ages/build/SDKStatCaches.noindex/iphonesimulator26.2-23C57-dc75598d0054f22ec865fa860f139d72e244bd9a5feaf902f95f61bf06266e52.sdkstatcache -output-file-map /Users/runner/work/hamster-ages/hamster-ages/build/Build/Intermediates.noindex/GoogleMobileAds.build/Debug-iphonesimulator/GoogleMobileAdsTarget.build/Objects-normal/x86_64/GoogleMobileAdsTarget-OutputFileMap.json -use-frontend-parseable-output -save-temps -no-color-diagnostics -explicit-module-build -module-cache-path /Users/runner/work/hamster-ages/hamster-ages/build/Build/Intermediates.noindex/SwiftExplicitPrecompiledModules -clang-scanner-module-cache-path /Users/runner/work/hamster-ages/hamster-ages/build/ModuleCache.noindex -sdk-module-cache-path /Users/runner/work/hamster-ages/hamster-ages/build/ModuleCache.noindex -serialize-diagnostics -emit-dependencies -emit-module -emit-module-path /Users/runner/work/hamster-ages/hamster-ages/build/Build/Intermediates.noindex/GoogleMobileAds.build/Debug-iphonesimulator/GoogleMobileAdsTarget.build/Objects-normal/x86_64/GoogleMobileAdsTarget.swiftmodule -validate-clang-modules-once -clang-build-session-file /Users/runner/work/hamster-ages/hamster-ages/build/ModuleCache.noindex/Session.modulevalidation -Xcc -I/Users/runner/work/hamster-ages/hamster-ages/build/Build/Intermediates.noindex/GoogleMobileAds.build/Debug-iphonesimulator/GoogleMobileAdsTarget.build/swift-overrides.hmap -emit-const-values -Xfrontend -const-gather-protocols-file -Xfrontend /Users/runner/work/hamster-ages/hamster-ages/build/Build/Intermediates.noindex/GoogleMobileAds.build/Debug-iphonesimulator/GoogleMobileAdsTarget.build/Objects-normal/x86_64/GoogleMobileAdsTarget_const_extract_protocols.json -Xcc -I/Users/runner/work/hamster-ages/hamster-ages/build/SourcePackages/checkouts/swift-package-manager-google-user-messaging-platform/UserMessagingPlatformTarget/include -Xcc -I/Users/runner/work/hamster-ages/hamster-ages/build/Build/Products/Debug-iphonesimulator/include -Xcc -I/Users/runner/work/hamster-ages/hamster-ages/build/Build/Intermediates.noindex/GoogleMobileAds.build/Debug-iphonesimulator/GoogleMobileAdsTarget.build/DerivedSources-normal/x86_64 -Xcc -I/Users/runner/work/hamster-ages/hamster-ages/build/Build/Intermediates.noindex/GoogleMobileAds.build/Debug-iphonesimulator/GoogleMobileAdsTarget.build/DerivedSources/x86_64 -Xcc -I/Users/runner/work/hamster-ages/hamster-ages/build/Build/Intermediates.noindex/GoogleMobileAds.build/Debug-iphonesimulator/GoogleMobileAdsTarget.build/DerivedSources -Xcc -DSWIFT_PACKAGE -Xcc -DDEBUG\=1 -emit-objc-header -emit-objc-header-path /Users/runner/work/hamster-ages/hamster-ages/build/Build/Intermediates.noindex/GoogleMobileAds.build/Debug-iphonesimulator/GoogleMobileAdsTarget.build/Objects-normal/x86_64/GoogleMobileAdsTarget-Swift.h -working-directory /Users/runner/work/hamster-ages/hamster-ages/HamsterAges.xcodeproj -experimental-emit-module-separately -disable-cmo

SwiftDriverJobDiscovery normal arm64 Emitting module for GoogleMobileAdsTarget (in target 'GoogleMobileAdsTarget' from project 'GoogleMobileAds')

SwiftDriver\ Compilation\ Requirements GoogleMobileAdsTarget normal arm64 com.apple.xcode.tools.swift.compiler (in target 'GoogleMobileAdsTarget' from project 'GoogleMobileAds')
    cd /Users/runner/work/hamster-ages/hamster-ages/HamsterAges.xcodeproj
    builtin-Swift-Compilation-Requirements -- /Applications/Xcode_26.3.app/Contents/Developer/Toolchains/XcodeDefault.xctoolchain/usr/bin/swiftc -module-name GoogleMobileAdsTarget -Onone -enforce-exclusivity\=checked @/Users/runner/work/hamster-ages/hamster-ages/build/Build/Intermediates.noindex/GoogleMobileAds.build/Debug-iphonesimulator/GoogleMobileAdsTarget.build/Objects-normal/arm64/GoogleMobileAdsTarget.SwiftFileList -DSWIFT_PACKAGE -DDEBUG -DSWIFT_MODULE_RESOURCE_BUNDLE_UNAVAILABLE -Xcc -fmodule-map-file\=/Users/runner/work/hamster-ages/hamster-ages/build/Build/Intermediates.noindex/GeneratedModuleMaps-iphonesimulator/UserMessagingPlatformTarget.modulemap -DXcode -plugin-path /Applications/Xcode_26.3.app/Contents/Developer/Toolchains/XcodeDefault.xctoolchain/usr/lib/swift/host/plugins/testing -enable-experimental-feature DebugDescriptionMacro -sdk /Applications/Xcode_26.3.app/Contents/Developer/Platforms/iPhoneSimulator.platform/Developer/SDKs/iPhoneSimulator26.2.sdk -target arm64-apple-ios13.0-simulator -g -module-cache-path /Users/runner/work/hamster-ages/hamster-ages/build/ModuleCache.noindex -Xfrontend -serialize-debugging-options -enable-testing -suppress-warnings -index-store-path /Users/runner/work/hamster-ages/hamster-ages/build/Index.noindex/DataStore -Xcc -D_LIBCPP_HARDENING_MODE\=_LIBCPP_HARDENING_MODE_DEBUG -swift-version 5 -I /Users/runner/work/hamster-ages/hamster-ages/build/Build/Products/Debug-iphonesimulator -Isystem /Applications/Xcode_26.3.app/Contents/Developer/Platforms/iPhoneSimulator.platform/Developer/usr/lib -F /Users/runner/work/hamster-ages/hamster-ages/build/Build/Products/Debug-iphonesimulator/PackageFrameworks -F /Users/runner/work/hamster-ages/hamster-ages/build/Build/Products/Debug-iphonesimulator -F /Applications/Xcode_26.3.app/Contents/Developer/Platforms/iPhoneSimulator.platform/Developer/Library/Frameworks -F /Applications/Xcode_26.3.app/Contents/Developer/Platforms/iPhoneSimulator.platform/Developer/SDKs/iPhoneSimulator26.2.sdk/Developer/Library/Frameworks -parse-as-library -c -j3 -enable-batch-mode -incremental -Xcc -ivfsstatcache -Xcc /Users/runner/work/hamster-ages/hamster-ages/build/SDKStatCaches.noindex/iphonesimulator26.2-23C57-dc75598d0054f22ec865fa860f139d72e244bd9a5feaf902f95f61bf06266e52.sdkstatcache -output-file-map /Users/runner/work/hamster-ages/hamster-ages/build/Build/Intermediates.noindex/GoogleMobileAds.build/Debug-iphonesimulator/GoogleMobileAdsTarget.build/Objects-normal/arm64/GoogleMobileAdsTarget-OutputFileMap.json -use-frontend-parseable-output -save-temps -no-color-diagnostics -explicit-module-build -module-cache-path /Users/runner/work/hamster-ages/hamster-ages/build/Build/Intermediates.noindex/SwiftExplicitPrecompiledModules -clang-scanner-module-cache-path /Users/runner/work/hamster-ages/hamster-ages/build/ModuleCache.noindex -sdk-module-cache-path /Users/runner/work/hamster-ages/hamster-ages/build/ModuleCache.noindex -serialize-diagnostics -emit-dependencies -emit-module -emit-module-path /Users/runner/work/hamster-ages/hamster-ages/build/Build/Intermediates.noindex/GoogleMobileAds.build/Debug-iphonesimulator/GoogleMobileAdsTarget.build/Objects-normal/arm64/GoogleMobileAdsTarget.swiftmodule -validate-clang-modules-once -clang-build-session-file /Users/runner/work/hamster-ages/hamster-ages/build/ModuleCache.noindex/Session.modulevalidation -Xcc -I/Users/runner/work/hamster-ages/hamster-ages/build/Build/Intermediates.noindex/GoogleMobileAds.build/Debug-iphonesimulator/GoogleMobileAdsTarget.build/swift-overrides.hmap -emit-const-values -Xfrontend -const-gather-protocols-file -Xfrontend /Users/runner/work/hamster-ages/hamster-ages/build/Build/Intermediates.noindex/GoogleMobileAds.build/Debug-iphonesimulator/GoogleMobileAdsTarget.build/Objects-normal/arm64/GoogleMobileAdsTarget_const_extract_protocols.json -Xcc -I/Users/runner/work/hamster-ages/hamster-ages/build/SourcePackages/checkouts/swift-package-manager-google-user-messaging-platform/UserMessagingPlatformTarget/include -Xcc -I/Users/runner/work/hamster-ages/hamster-ages/build/Build/Products/Debug-iphonesimulator/include -Xcc -I/Users/runner/work/hamster-ages/hamster-ages/build/Build/Intermediates.noindex/GoogleMobileAds.build/Debug-iphonesimulator/GoogleMobileAdsTarget.build/DerivedSources-normal/arm64 -Xcc -I/Users/runner/work/hamster-ages/hamster-ages/build/Build/Intermediates.noindex/GoogleMobileAds.build/Debug-iphonesimulator/GoogleMobileAdsTarget.build/DerivedSources/arm64 -Xcc -I/Users/runner/work/hamster-ages/hamster-ages/build/Build/Intermediates.noindex/GoogleMobileAds.build/Debug-iphonesimulator/GoogleMobileAdsTarget.build/DerivedSources -Xcc -DSWIFT_PACKAGE -Xcc -DDEBUG\=1 -emit-objc-header -emit-objc-header-path /Users/runner/work/hamster-ages/hamster-ages/build/Build/Intermediates.noindex/GoogleMobileAds.build/Debug-iphonesimulator/GoogleMobileAdsTarget.build/Objects-normal/arm64/GoogleMobileAdsTarget-Swift.h -working-directory /Users/runner/work/hamster-ages/hamster-ages/HamsterAges.xcodeproj -experimental-emit-module-separately -disable-cmo

Copy /Users/runner/work/hamster-ages/hamster-ages/build/Build/Products/Debug-iphonesimulator/GoogleMobileAdsTarget.swiftmodule/x86_64-apple-ios-simulator.swiftmodule /Users/runner/work/hamster-ages/hamster-ages/build/Build/Intermediates.noindex/GoogleMobileAds.build/Debug-iphonesimulator/GoogleMobileAdsTarget.build/Objects-normal/x86_64/GoogleMobileAdsTarget.swiftmodule (in target 'GoogleMobileAdsTarget' from project 'GoogleMobileAds')
    cd /Users/runner/work/hamster-ages/hamster-ages/build/SourcePackages/checkouts/swift-package-manager-google-mobile-ads
    builtin-copy -exclude .DS_Store -exclude CVS -exclude .svn -exclude .git -exclude .hg -resolve-src-symlinks -rename /Users/runner/work/hamster-ages/hamster-ages/build/Build/Intermediates.noindex/GoogleMobileAds.build/Debug-iphonesimulator/GoogleMobileAdsTarget.build/Objects-normal/x86_64/GoogleMobileAdsTarget.swiftmodule /Users/runner/work/hamster-ages/hamster-ages/build/Build/Products/Debug-iphonesimulator/GoogleMobileAdsTarget.swiftmodule/x86_64-apple-ios-simulator.swiftmodule

SwiftMergeGeneratedHeaders /Users/runner/work/hamster-ages/hamster-ages/build/Build/Intermediates.noindex/GeneratedModuleMaps-iphonesimulator/GoogleMobileAdsTarget-Swift.h /Users/runner/work/hamster-ages/hamster-ages/build/Build/Intermediates.noindex/GoogleMobileAds.build/Debug-iphonesimulator/GoogleMobileAdsTarget.build/Objects-normal/arm64/GoogleMobileAdsTarget-Swift.h /Users/runner/work/hamster-ages/hamster-ages/build/Build/Intermediates.noindex/GoogleMobileAds.build/Debug-iphonesimulator/GoogleMobileAdsTarget.build/Objects-normal/x86_64/GoogleMobileAdsTarget-Swift.h (in target 'GoogleMobileAdsTarget' from project 'GoogleMobileAds')
    cd /Users/runner/work/hamster-ages/hamster-ages/build/SourcePackages/checkouts/swift-package-manager-google-mobile-ads
    builtin-swiftHeaderTool -arch arm64 /Users/runner/work/hamster-ages/hamster-ages/build/Build/Intermediates.noindex/GoogleMobileAds.build/Debug-iphonesimulator/GoogleMobileAdsTarget.build/Objects-normal/arm64/GoogleMobileAdsTarget-Swift.h -arch x86_64 /Users/runner/work/hamster-ages/hamster-ages/build/Build/Intermediates.noindex/GoogleMobileAds.build/Debug-iphonesimulator/GoogleMobileAdsTarget.build/Objects-normal/x86_64/GoogleMobileAdsTarget-Swift.h -o /Users/runner/work/hamster-ages/hamster-ages/build/Build/Intermediates.noindex/GeneratedModuleMaps-iphonesimulator/GoogleMobileAdsTarget-Swift.h

Copy /Users/runner/work/hamster-ages/hamster-ages/build/Build/Products/Debug-iphonesimulator/GoogleMobileAdsTarget.swiftmodule/x86_64-apple-ios-simulator.swiftdoc /Users/runner/work/hamster-ages/hamster-ages/build/Build/Intermediates.noindex/GoogleMobileAds.build/Debug-iphonesimulator/GoogleMobileAdsTarget.build/Objects-normal/x86_64/GoogleMobileAdsTarget.swiftdoc (in target 'GoogleMobileAdsTarget' from project 'GoogleMobileAds')
    cd /Users/runner/work/hamster-ages/hamster-ages/build/SourcePackages/checkouts/swift-package-manager-google-mobile-ads
    builtin-copy -exclude .DS_Store -exclude CVS -exclude .svn -exclude .git -exclude .hg -resolve-src-symlinks -rename /Users/runner/work/hamster-ages/hamster-ages/build/Build/Intermediates.noindex/GoogleMobileAds.build/Debug-iphonesimulator/GoogleMobileAdsTarget.build/Objects-normal/x86_64/GoogleMobileAdsTarget.swiftdoc /Users/runner/work/hamster-ages/hamster-ages/build/Build/Products/Debug-iphonesimulator/GoogleMobileAdsTarget.swiftmodule/x86_64-apple-ios-simulator.swiftdoc

Copy /Users/runner/work/hamster-ages/hamster-ages/build/Build/Products/Debug-iphonesimulator/GoogleMobileAdsTarget.swiftmodule/x86_64-apple-ios-simulator.abi.json /Users/runner/work/hamster-ages/hamster-ages/build/Build/Intermediates.noindex/GoogleMobileAds.build/Debug-iphonesimulator/GoogleMobileAdsTarget.build/Objects-normal/x86_64/GoogleMobileAdsTarget.abi.json (in target 'GoogleMobileAdsTarget' from project 'GoogleMobileAds')
    cd /Users/runner/work/hamster-ages/hamster-ages/build/SourcePackages/checkouts/swift-package-manager-google-mobile-ads
    builtin-copy -exclude .DS_Store -exclude CVS -exclude .svn -exclude .git -exclude .hg -resolve-src-symlinks -rename /Users/runner/work/hamster-ages/hamster-ages/build/Build/Intermediates.noindex/GoogleMobileAds.build/Debug-iphonesimulator/GoogleMobileAdsTarget.build/Objects-normal/x86_64/GoogleMobileAdsTarget.abi.json /Users/runner/work/hamster-ages/hamster-ages/build/Build/Products/Debug-iphonesimulator/GoogleMobileAdsTarget.swiftmodule/x86_64-apple-ios-simulator.abi.json

Copy /Users/runner/work/hamster-ages/hamster-ages/build/Build/Products/Debug-iphonesimulator/GoogleMobileAdsTarget.swiftmodule/arm64-apple-ios-simulator.swiftmodule /Users/runner/work/hamster-ages/hamster-ages/build/Build/Intermediates.noindex/GoogleMobileAds.build/Debug-iphonesimulator/GoogleMobileAdsTarget.build/Objects-normal/arm64/GoogleMobileAdsTarget.swiftmodule (in target 'GoogleMobileAdsTarget' from project 'GoogleMobileAds')
    cd /Users/runner/work/hamster-ages/hamster-ages/build/SourcePackages/checkouts/swift-package-manager-google-mobile-ads
    builtin-copy -exclude .DS_Store -exclude CVS -exclude .svn -exclude .git -exclude .hg -resolve-src-symlinks -rename /Users/runner/work/hamster-ages/hamster-ages/build/Build/Intermediates.noindex/GoogleMobileAds.build/Debug-iphonesimulator/GoogleMobileAdsTarget.build/Objects-normal/arm64/GoogleMobileAdsTarget.swiftmodule /Users/runner/work/hamster-ages/hamster-ages/build/Build/Products/Debug-iphonesimulator/GoogleMobileAdsTarget.swiftmodule/arm64-apple-ios-simulator.swiftmodule

Copy /Users/runner/work/hamster-ages/hamster-ages/build/Build/Products/Debug-iphonesimulator/GoogleMobileAdsTarget.swiftmodule/arm64-apple-ios-simulator.swiftdoc /Users/runner/work/hamster-ages/hamster-ages/build/Build/Intermediates.noindex/GoogleMobileAds.build/Debug-iphonesimulator/GoogleMobileAdsTarget.build/Objects-normal/arm64/GoogleMobileAdsTarget.swiftdoc (in target 'GoogleMobileAdsTarget' from project 'GoogleMobileAds')
    cd /Users/runner/work/hamster-ages/hamster-ages/build/SourcePackages/checkouts/swift-package-manager-google-mobile-ads
    builtin-copy -exclude .DS_Store -exclude CVS -exclude .svn -exclude .git -exclude .hg -resolve-src-symlinks -rename /Users/runner/work/hamster-ages/hamster-ages/build/Build/Intermediates.noindex/GoogleMobileAds.build/Debug-iphonesimulator/GoogleMobileAdsTarget.build/Objects-normal/arm64/GoogleMobileAdsTarget.swiftdoc /Users/runner/work/hamster-ages/hamster-ages/build/Build/Products/Debug-iphonesimulator/GoogleMobileAdsTarget.swiftmodule/arm64-apple-ios-simulator.swiftdoc

Copy /Users/runner/work/hamster-ages/hamster-ages/build/Build/Products/Debug-iphonesimulator/GoogleMobileAdsTarget.swiftmodule/arm64-apple-ios-simulator.abi.json /Users/runner/work/hamster-ages/hamster-ages/build/Build/Intermediates.noindex/GoogleMobileAds.build/Debug-iphonesimulator/GoogleMobileAdsTarget.build/Objects-normal/arm64/GoogleMobileAdsTarget.abi.json (in target 'GoogleMobileAdsTarget' from project 'GoogleMobileAds')
    cd /Users/runner/work/hamster-ages/hamster-ages/build/SourcePackages/checkouts/swift-package-manager-google-mobile-ads
    builtin-copy -exclude .DS_Store -exclude CVS -exclude .svn -exclude .git -exclude .hg -resolve-src-symlinks -rename /Users/runner/work/hamster-ages/hamster-ages/build/Build/Intermediates.noindex/GoogleMobileAds.build/Debug-iphonesimulator/GoogleMobileAdsTarget.build/Objects-normal/arm64/GoogleMobileAdsTarget.abi.json /Users/runner/work/hamster-ages/hamster-ages/build/Build/Products/Debug-iphonesimulator/GoogleMobileAdsTarget.swiftmodule/arm64-apple-ios-simulator.abi.json

Copy /Users/runner/work/hamster-ages/hamster-ages/build/Build/Products/Debug-iphonesimulator/GoogleMobileAdsTarget.swiftmodule/Project/x86_64-apple-ios-simulator.swiftsourceinfo /Users/runner/work/hamster-ages/hamster-ages/build/Build/Intermediates.noindex/GoogleMobileAds.build/Debug-iphonesimulator/GoogleMobileAdsTarget.build/Objects-normal/x86_64/GoogleMobileAdsTarget.swiftsourceinfo (in target 'GoogleMobileAdsTarget' from project 'GoogleMobileAds')
    cd /Users/runner/work/hamster-ages/hamster-ages/build/SourcePackages/checkouts/swift-package-manager-google-mobile-ads
    builtin-copy -exclude .DS_Store -exclude CVS -exclude .svn -exclude .git -exclude .hg -resolve-src-symlinks -rename /Users/runner/work/hamster-ages/hamster-ages/build/Build/Intermediates.noindex/GoogleMobileAds.build/Debug-iphonesimulator/GoogleMobileAdsTarget.build/Objects-normal/x86_64/GoogleMobileAdsTarget.swiftsourceinfo /Users/runner/work/hamster-ages/hamster-ages/build/Build/Products/Debug-iphonesimulator/GoogleMobileAdsTarget.swiftmodule/Project/x86_64-apple-ios-simulator.swiftsourceinfo

Copy /Users/runner/work/hamster-ages/hamster-ages/build/Build/Products/Debug-iphonesimulator/GoogleMobileAdsTarget.swiftmodule/Project/arm64-apple-ios-simulator.swiftsourceinfo /Users/runner/work/hamster-ages/hamster-ages/build/Build/Intermediates.noindex/GoogleMobileAds.build/Debug-iphonesimulator/GoogleMobileAdsTarget.build/Objects-normal/arm64/GoogleMobileAdsTarget.swiftsourceinfo (in target 'GoogleMobileAdsTarget' from project 'GoogleMobileAds')
    cd /Users/runner/work/hamster-ages/hamster-ages/build/SourcePackages/checkouts/swift-package-manager-google-mobile-ads
    builtin-copy -exclude .DS_Store -exclude CVS -exclude .svn -exclude .git -exclude .hg -resolve-src-symlinks -rename /Users/runner/work/hamster-ages/hamster-ages/build/Build/Intermediates.noindex/GoogleMobileAds.build/Debug-iphonesimulator/GoogleMobileAdsTarget.build/Objects-normal/arm64/GoogleMobileAdsTarget.swiftsourceinfo /Users/runner/work/hamster-ages/hamster-ages/build/Build/Products/Debug-iphonesimulator/GoogleMobileAdsTarget.swiftmodule/Project/arm64-apple-ios-simulator.swiftsourceinfo

MkDir /Users/runner/work/hamster-ages/hamster-ages/build/Build/Intermediates.noindex/HamsterAges.build/Debug-iphonesimulator/HamsterAges.build/assetcatalog_output/unthinned (in target 'HamsterAges' from project 'HamsterAges')
    cd /Users/runner/work/hamster-ages/hamster-ages
    /bin/mkdir -p /Users/runner/work/hamster-ages/hamster-ages/build/Build/Intermediates.noindex/HamsterAges.build/Debug-iphonesimulator/HamsterAges.build/assetcatalog_output/unthinned

MkDir /Users/runner/work/hamster-ages/hamster-ages/build/Build/Intermediates.noindex/HamsterAges.build/Debug-iphonesimulator/HamsterAges.build/assetcatalog_output/thinned (in target 'HamsterAges' from project 'HamsterAges')
    cd /Users/runner/work/hamster-ages/hamster-ages
    /bin/mkdir -p /Users/runner/work/hamster-ages/hamster-ages/build/Build/Intermediates.noindex/HamsterAges.build/Debug-iphonesimulator/HamsterAges.build/assetcatalog_output/thinned

GenerateAssetSymbols /Users/runner/work/hamster-ages/hamster-ages/HamsterAges/Assets.xcassets (in target 'HamsterAges' from project 'HamsterAges')
    cd /Users/runner/work/hamster-ages/hamster-ages
    /Applications/Xcode_26.3.app/Contents/Developer/usr/bin/actool /Users/runner/work/hamster-ages/hamster-ages/HamsterAges/Assets.xcassets --compile /Users/runner/work/hamster-ages/hamster-ages/build/Build/Products/Debug-iphonesimulator/HamsterAges.app --output-format human-readable-text --notices --warnings --export-dependency-info /Users/runner/work/hamster-ages/hamster-ages/build/Build/Intermediates.noindex/HamsterAges.build/Debug-iphonesimulator/HamsterAges.build/assetcatalog_dependencies --output-partial-info-plist /Users/runner/work/hamster-ages/hamster-ages/build/Build/Intermediates.noindex/HamsterAges.build/Debug-iphonesimulator/HamsterAges.build/assetcatalog_generated_info.plist --app-icon AppIcon --accent-color AccentColor --compress-pngs --enable-on-demand-resources YES --development-region en --target-device iphone --target-device ipad --minimum-deployment-target 18.0 --platform iphonesimulator --bundle-identifier com.valkhim.hamsterages --generate-swift-asset-symbols /Users/runner/work/hamster-ages/hamster-ages/build/Build/Intermediates.noindex/HamsterAges.build/Debug-iphonesimulator/HamsterAges.build/DerivedSources/GeneratedAssetSymbols.swift --generate-objc-asset-symbols /Users/runner/work/hamster-ages/hamster-ages/build/Build/Intermediates.noindex/HamsterAges.build/Debug-iphonesimulator/HamsterAges.build/DerivedSources/GeneratedAssetSymbols.h --generate-asset-symbol-index /Users/runner/work/hamster-ages/hamster-ages/build/Build/Intermediates.noindex/HamsterAges.build/Debug-iphonesimulator/HamsterAges.build/DerivedSources/GeneratedAssetSymbols-Index.plist
/* com.apple.actool.compilation-results */
/Users/runner/work/hamster-ages/hamster-ages/build/Build/Intermediates.noindex/HamsterAges.build/Debug-iphonesimulator/HamsterAges.build/DerivedSources/GeneratedAssetSymbols-Index.plist
/Users/runner/work/hamster-ages/hamster-ages/build/Build/Intermediates.noindex/HamsterAges.build/Debug-iphonesimulator/HamsterAges.build/DerivedSources/GeneratedAssetSymbols.h
/Users/runner/work/hamster-ages/hamster-ages/build/Build/Intermediates.noindex/HamsterAges.build/Debug-iphonesimulator/HamsterAges.build/DerivedSources/GeneratedAssetSymbols.swift


CompileAssetCatalogVariant thinned /Users/runner/work/hamster-ages/hamster-ages/build/Build/Products/Debug-iphonesimulator/HamsterAges.app /Users/runner/work/hamster-ages/hamster-ages/HamsterAges/Assets.xcassets (in target 'HamsterAges' from project 'HamsterAges')
    cd /Users/runner/work/hamster-ages/hamster-ages
    /Applications/Xcode_26.3.app/Contents/Developer/usr/bin/actool /Users/runner/work/hamster-ages/hamster-ages/HamsterAges/Assets.xcassets --compile /Users/runner/work/hamster-ages/hamster-ages/build/Build/Intermediates.noindex/HamsterAges.build/Debug-iphonesimulator/HamsterAges.build/assetcatalog_output/thinned --output-format human-readable-text --notices --warnings --export-dependency-info /Users/runner/work/hamster-ages/hamster-ages/build/Build/Intermediates.noindex/HamsterAges.build/Debug-iphonesimulator/HamsterAges.build/assetcatalog_dependencies_thinned --output-partial-info-plist /Users/runner/work/hamster-ages/hamster-ages/build/Build/Intermediates.noindex/HamsterAges.build/Debug-iphonesimulator/HamsterAges.build/assetcatalog_generated_info.plist_thinned --app-icon AppIcon --accent-color AccentColor --compress-pngs --enable-on-demand-resources YES --development-region en --target-device iphone --target-device ipad --minimum-deployment-target 18.0 --platform iphonesimulator
/* com.apple.actool.compilation-results */
/Users/runner/work/hamster-ages/hamster-ages/build/Build/Intermediates.noindex/HamsterAges.build/Debug-iphonesimulator/HamsterAges.build/assetcatalog_generated_info.plist_thinned
/Users/runner/work/hamster-ages/hamster-ages/build/Build/Intermediates.noindex/HamsterAges.build/Debug-iphonesimulator/HamsterAges.build/assetcatalog_output/thinned/AppIcon60x60@2x.png
/Users/runner/work/hamster-ages/hamster-ages/build/Build/Intermediates.noindex/HamsterAges.build/Debug-iphonesimulator/HamsterAges.build/assetcatalog_output/thinned/AppIcon76x76@2x~ipad.png
/Users/runner/work/hamster-ages/hamster-ages/build/Build/Intermediates.noindex/HamsterAges.build/Debug-iphonesimulator/HamsterAges.build/assetcatalog_output/thinned/Assets.car


SwiftDriverJobDiscovery normal x86_64 Compiling placeholder.swift (in target 'GoogleMobileAdsTarget' from project 'GoogleMobileAds')

SwiftDriver HamsterAges normal x86_64 com.apple.xcode.tools.swift.compiler (in target 'HamsterAges' from project 'HamsterAges')
    cd /Users/runner/work/hamster-ages/hamster-ages
    builtin-SwiftDriver -- /Applications/Xcode_26.3.app/Contents/Developer/Toolchains/XcodeDefault.xctoolchain/usr/bin/swiftc -module-name HamsterAges -Onone -enforce-exclusivity\=checked @/Users/runner/work/hamster-ages/hamster-ages/build/Build/Intermediates.noindex/HamsterAges.build/Debug-iphonesimulator/HamsterAges.build/Objects-normal/x86_64/HamsterAges.SwiftFileList -DDEBUG -Xcc -fmodule-map-file\=/Users/runner/work/hamster-ages/hamster-ages/build/Build/Intermediates.noindex/GeneratedModuleMaps-iphonesimulator/UserMessagingPlatformTarget.modulemap -enable-bare-slash-regex -enable-upcoming-feature DisableOutwardActorInference -enable-upcoming-feature InferSendableFromCaptures -enable-upcoming-feature GlobalActorIsolatedTypesUsability -enable-upcoming-feature InferIsolatedConformances -enable-upcoming-feature NonisolatedNonsendingByDefault -enable-experimental-feature DebugDescriptionMacro -sdk /Applications/Xcode_26.3.app/Contents/Developer/Platforms/iPhoneSimulator.platform/Developer/SDKs/iPhoneSimulator26.2.sdk -target x86_64-apple-ios18.0-simulator -g -module-cache-path /Users/runner/work/hamster-ages/hamster-ages/build/ModuleCache.noindex -Xfrontend -serialize-debugging-options -enable-testing -index-store-path /Users/runner/work/hamster-ages/hamster-ages/build/Index.noindex/DataStore -Xcc -D_LIBCPP_HARDENING_MODE\=_LIBCPP_HARDENING_MODE_DEBUG -swift-version 5 -I /Users/runner/work/hamster-ages/hamster-ages/build/Build/Products/Debug-iphonesimulator -F /Users/runner/work/hamster-ages/hamster-ages/build/Build/Products/Debug-iphonesimulator/PackageFrameworks -F /Users/runner/work/hamster-ages/hamster-ages/build/Build/Products/Debug-iphonesimulator/PackageFrameworks -F /Users/runner/work/hamster-ages/hamster-ages/build/Build/Products/Debug-iphonesimulator -emit-localized-strings -emit-localized-strings-path /Users/runner/work/hamster-ages/hamster-ages/build/Build/Intermediates.noindex/HamsterAges.build/Debug-iphonesimulator/HamsterAges.build/Objects-normal/x86_64 -c -j3 -enable-batch-mode -incremental -Xcc -ivfsstatcache -Xcc /Users/runner/work/hamster-ages/hamster-ages/build/SDKStatCaches.noindex/iphonesimulator26.2-23C57-dc75598d0054f22ec865fa860f139d72e244bd9a5feaf902f95f61bf06266e52.sdkstatcache -output-file-map /Users/runner/work/hamster-ages/hamster-ages/build/Build/Intermediates.noindex/HamsterAges.build/Debug-iphonesimulator/HamsterAges.build/Objects-normal/x86_64/HamsterAges-OutputFileMap.json -use-frontend-parseable-output -save-temps -no-color-diagnostics -explicit-module-build -module-cache-path /Users/runner/work/hamster-ages/hamster-ages/build/Build/Intermediates.noindex/SwiftExplicitPrecompiledModules -clang-scanner-module-cache-path /Users/runner/work/hamster-ages/hamster-ages/build/ModuleCache.noindex -sdk-module-cache-path /Users/runner/work/hamster-ages/hamster-ages/build/ModuleCache.noindex -serialize-diagnostics -emit-dependencies -emit-module -emit-module-path /Users/runner/work/hamster-ages/hamster-ages/build/Build/Intermediates.noindex/HamsterAges.build/Debug-iphonesimulator/HamsterAges.build/Objects-normal/x86_64/HamsterAges.swiftmodule -validate-clang-modules-once -clang-build-session-file /Users/runner/work/hamster-ages/hamster-ages/build/ModuleCache.noindex/Session.modulevalidation -Xcc -I/Users/runner/work/hamster-ages/hamster-ages/build/Build/Intermediates.noindex/HamsterAges.build/Debug-iphonesimulator/HamsterAges.build/swift-overrides.hmap -emit-const-values -Xfrontend -const-gather-protocols-file -Xfrontend /Users/runner/work/hamster-ages/hamster-ages/build/Build/Intermediates.noindex/HamsterAges.build/Debug-iphonesimulator/HamsterAges.build/Objects-normal/x86_64/HamsterAges_const_extract_protocols.json -Xcc -iquote -Xcc /Users/runner/work/hamster-ages/hamster-ages/build/Build/Intermediates.noindex/HamsterAges.build/Debug-iphonesimulator/HamsterAges.build/HamsterAges-generated-files.hmap -Xcc -I/Users/runner/work/hamster-ages/hamster-ages/build/Build/Intermediates.noindex/HamsterAges.build/Debug-iphonesimulator/HamsterAges.build/HamsterAges-own-target-headers.hmap -Xcc -I/Users/runner/work/hamster-ages/hamster-ages/build/Build/Intermediates.noindex/HamsterAges.build/Debug-iphonesimulator/HamsterAges.build/HamsterAges-all-non-framework-target-headers.hmap -Xcc -ivfsoverlay -Xcc /Users/runner/work/hamster-ages/hamster-ages/build/Build/Intermediates.noindex/HamsterAges.build/Debug-iphonesimulator/HamsterAges-8abf440da93d54cd71606d395a94708e-VFS-iphonesimulator/all-product-headers.yaml -Xcc -iquote -Xcc /Users/runner/work/hamster-ages/hamster-ages/build/Build/Intermediates.noindex/HamsterAges.build/Debug-iphonesimulator/HamsterAges.build/HamsterAges-project-headers.hmap -Xcc -I/Users/runner/work/hamster-ages/hamster-ages/build/SourcePackages/checkouts/swift-package-manager-google-user-messaging-platform/UserMessagingPlatformTarget/include -Xcc -I/Users/runner/work/hamster-ages/hamster-ages/build/Build/Products/Debug-iphonesimulator/include -Xcc -I/Users/runner/work/hamster-ages/hamster-ages/build/Build/Intermediates.noindex/HamsterAges.build/Debug-iphonesimulator/HamsterAges.build/DerivedSources-normal/x86_64 -Xcc -I/Users/runner/work/hamster-ages/hamster-ages/build/Build/Intermediates.noindex/HamsterAges.build/Debug-iphonesimulator/HamsterAges.build/DerivedSources/x86_64 -Xcc -I/Users/runner/work/hamster-ages/hamster-ages/build/Build/Intermediates.noindex/HamsterAges.build/Debug-iphonesimulator/HamsterAges.build/DerivedSources -Xcc -DDEBUG\=1 -emit-objc-header -emit-objc-header-path /Users/runner/work/hamster-ages/hamster-ages/build/Build/Intermediates.noindex/HamsterAges.build/Debug-iphonesimulator/HamsterAges.build/Objects-normal/x86_64/HamsterAges-Swift.h -working-directory /Users/runner/work/hamster-ages/hamster-ages -experimental-emit-module-separately -disable-cmo

SwiftDriver HamsterAges normal arm64 com.apple.xcode.tools.swift.compiler (in target 'HamsterAges' from project 'HamsterAges')
    cd /Users/runner/work/hamster-ages/hamster-ages
    builtin-SwiftDriver -- /Applications/Xcode_26.3.app/Contents/Developer/Toolchains/XcodeDefault.xctoolchain/usr/bin/swiftc -module-name HamsterAges -Onone -enforce-exclusivity\=checked @/Users/runner/work/hamster-ages/hamster-ages/build/Build/Intermediates.noindex/HamsterAges.build/Debug-iphonesimulator/HamsterAges.build/Objects-normal/arm64/HamsterAges.SwiftFileList -DDEBUG -Xcc -fmodule-map-file\=/Users/runner/work/hamster-ages/hamster-ages/build/Build/Intermediates.noindex/GeneratedModuleMaps-iphonesimulator/UserMessagingPlatformTarget.modulemap -enable-bare-slash-regex -enable-upcoming-feature DisableOutwardActorInference -enable-upcoming-feature InferSendableFromCaptures -enable-upcoming-feature GlobalActorIsolatedTypesUsability -enable-upcoming-feature InferIsolatedConformances -enable-upcoming-feature NonisolatedNonsendingByDefault -enable-experimental-feature DebugDescriptionMacro -sdk /Applications/Xcode_26.3.app/Contents/Developer/Platforms/iPhoneSimulator.platform/Developer/SDKs/iPhoneSimulator26.2.sdk -target arm64-apple-ios18.0-simulator -g -module-cache-path /Users/runner/work/hamster-ages/hamster-ages/build/ModuleCache.noindex -Xfrontend -serialize-debugging-options -enable-testing -index-store-path /Users/runner/work/hamster-ages/hamster-ages/build/Index.noindex/DataStore -Xcc -D_LIBCPP_HARDENING_MODE\=_LIBCPP_HARDENING_MODE_DEBUG -swift-version 5 -I /Users/runner/work/hamster-ages/hamster-ages/build/Build/Products/Debug-iphonesimulator -F /Users/runner/work/hamster-ages/hamster-ages/build/Build/Products/Debug-iphonesimulator/PackageFrameworks -F /Users/runner/work/hamster-ages/hamster-ages/build/Build/Products/Debug-iphonesimulator/PackageFrameworks -F /Users/runner/work/hamster-ages/hamster-ages/build/Build/Products/Debug-iphonesimulator -emit-localized-strings -emit-localized-strings-path /Users/runner/work/hamster-ages/hamster-ages/build/Build/Intermediates.noindex/HamsterAges.build/Debug-iphonesimulator/HamsterAges.build/Objects-normal/arm64 -c -j3 -enable-batch-mode -incremental -Xcc -ivfsstatcache -Xcc /Users/runner/work/hamster-ages/hamster-ages/build/SDKStatCaches.noindex/iphonesimulator26.2-23C57-dc75598d0054f22ec865fa860f139d72e244bd9a5feaf902f95f61bf06266e52.sdkstatcache -output-file-map /Users/runner/work/hamster-ages/hamster-ages/build/Build/Intermediates.noindex/HamsterAges.build/Debug-iphonesimulator/HamsterAges.build/Objects-normal/arm64/HamsterAges-OutputFileMap.json -use-frontend-parseable-output -save-temps -no-color-diagnostics -explicit-module-build -module-cache-path /Users/runner/work/hamster-ages/hamster-ages/build/Build/Intermediates.noindex/SwiftExplicitPrecompiledModules -clang-scanner-module-cache-path /Users/runner/work/hamster-ages/hamster-ages/build/ModuleCache.noindex -sdk-module-cache-path /Users/runner/work/hamster-ages/hamster-ages/build/ModuleCache.noindex -serialize-diagnostics -emit-dependencies -emit-module -emit-module-path /Users/runner/work/hamster-ages/hamster-ages/build/Build/Intermediates.noindex/HamsterAges.build/Debug-iphonesimulator/HamsterAges.build/Objects-normal/arm64/HamsterAges.swiftmodule -validate-clang-modules-once -clang-build-session-file /Users/runner/work/hamster-ages/hamster-ages/build/ModuleCache.noindex/Session.modulevalidation -Xcc -I/Users/runner/work/hamster-ages/hamster-ages/build/Build/Intermediates.noindex/HamsterAges.build/Debug-iphonesimulator/HamsterAges.build/swift-overrides.hmap -emit-const-values -Xfrontend -const-gather-protocols-file -Xfrontend /Users/runner/work/hamster-ages/hamster-ages/build/Build/Intermediates.noindex/HamsterAges.build/Debug-iphonesimulator/HamsterAges.build/Objects-normal/arm64/HamsterAges_const_extract_protocols.json -Xcc -iquote -Xcc /Users/runner/work/hamster-ages/hamster-ages/build/Build/Intermediates.noindex/HamsterAges.build/Debug-iphonesimulator/HamsterAges.build/HamsterAges-generated-files.hmap -Xcc -I/Users/runner/work/hamster-ages/hamster-ages/build/Build/Intermediates.noindex/HamsterAges.build/Debug-iphonesimulator/HamsterAges.build/HamsterAges-own-target-headers.hmap -Xcc -I/Users/runner/work/hamster-ages/hamster-ages/build/Build/Intermediates.noindex/HamsterAges.build/Debug-iphonesimulator/HamsterAges.build/HamsterAges-all-non-framework-target-headers.hmap -Xcc -ivfsoverlay -Xcc /Users/runner/work/hamster-ages/hamster-ages/build/Build/Intermediates.noindex/HamsterAges.build/Debug-iphonesimulator/HamsterAges-8abf440da93d54cd71606d395a94708e-VFS-iphonesimulator/all-product-headers.yaml -Xcc -iquote -Xcc /Users/runner/work/hamster-ages/hamster-ages/build/Build/Intermediates.noindex/HamsterAges.build/Debug-iphonesimulator/HamsterAges.build/HamsterAges-project-headers.hmap -Xcc -I/Users/runner/work/hamster-ages/hamster-ages/build/SourcePackages/checkouts/swift-package-manager-google-user-messaging-platform/UserMessagingPlatformTarget/include -Xcc -I/Users/runner/work/hamster-ages/hamster-ages/build/Build/Products/Debug-iphonesimulator/include -Xcc -I/Users/runner/work/hamster-ages/hamster-ages/build/Build/Intermediates.noindex/HamsterAges.build/Debug-iphonesimulator/HamsterAges.build/DerivedSources-normal/arm64 -Xcc -I/Users/runner/work/hamster-ages/hamster-ages/build/Build/Intermediates.noindex/HamsterAges.build/Debug-iphonesimulator/HamsterAges.build/DerivedSources/arm64 -Xcc -I/Users/runner/work/hamster-ages/hamster-ages/build/Build/Intermediates.noindex/HamsterAges.build/Debug-iphonesimulator/HamsterAges.build/DerivedSources -Xcc -DDEBUG\=1 -emit-objc-header -emit-objc-header-path /Users/runner/work/hamster-ages/hamster-ages/build/Build/Intermediates.noindex/HamsterAges.build/Debug-iphonesimulator/HamsterAges.build/Objects-normal/arm64/HamsterAges-Swift.h -working-directory /Users/runner/work/hamster-ages/hamster-ages -experimental-emit-module-separately -disable-cmo

SwiftDriverJobDiscovery normal arm64 Compiling placeholder.swift (in target 'GoogleMobileAdsTarget' from project 'GoogleMobileAds')

SwiftDriver\ Compilation GoogleMobileAdsTarget normal x86_64 com.apple.xcode.tools.swift.compiler (in target 'GoogleMobileAdsTarget' from project 'GoogleMobileAds')
    cd /Users/runner/work/hamster-ages/hamster-ages/HamsterAges.xcodeproj
    builtin-Swift-Compilation -- /Applications/Xcode_26.3.app/Contents/Developer/Toolchains/XcodeDefault.xctoolchain/usr/bin/swiftc -module-name GoogleMobileAdsTarget -Onone -enforce-exclusivity\=checked @/Users/runner/work/hamster-ages/hamster-ages/build/Build/Intermediates.noindex/GoogleMobileAds.build/Debug-iphonesimulator/GoogleMobileAdsTarget.build/Objects-normal/x86_64/GoogleMobileAdsTarget.SwiftFileList -DSWIFT_PACKAGE -DDEBUG -DSWIFT_MODULE_RESOURCE_BUNDLE_UNAVAILABLE -Xcc -fmodule-map-file\=/Users/runner/work/hamster-ages/hamster-ages/build/Build/Intermediates.noindex/GeneratedModuleMaps-iphonesimulator/UserMessagingPlatformTarget.modulemap -DXcode -plugin-path /Applications/Xcode_26.3.app/Contents/Developer/Toolchains/XcodeDefault.xctoolchain/usr/lib/swift/host/plugins/testing -enable-experimental-feature DebugDescriptionMacro -sdk /Applications/Xcode_26.3.app/Contents/Developer/Platforms/iPhoneSimulator.platform/Developer/SDKs/iPhoneSimulator26.2.sdk -target x86_64-apple-ios13.0-simulator -g -module-cache-path /Users/runner/work/hamster-ages/hamster-ages/build/ModuleCache.noindex -Xfrontend -serialize-debugging-options -enable-testing -suppress-warnings -index-store-path /Users/runner/work/hamster-ages/hamster-ages/build/Index.noindex/DataStore -Xcc -D_LIBCPP_HARDENING_MODE\=_LIBCPP_HARDENING_MODE_DEBUG -swift-version 5 -I /Users/runner/work/hamster-ages/hamster-ages/build/Build/Products/Debug-iphonesimulator -Isystem /Applications/Xcode_26.3.app/Contents/Developer/Platforms/iPhoneSimulator.platform/Developer/usr/lib -F /Users/runner/work/hamster-ages/hamster-ages/build/Build/Products/Debug-iphonesimulator/PackageFrameworks -F /Users/runner/work/hamster-ages/hamster-ages/build/Build/Products/Debug-iphonesimulator -F /Applications/Xcode_26.3.app/Contents/Developer/Platforms/iPhoneSimulator.platform/Developer/Library/Frameworks -F /Applications/Xcode_26.3.app/Contents/Developer/Platforms/iPhoneSimulator.platform/Developer/SDKs/iPhoneSimulator26.2.sdk/Developer/Library/Frameworks -parse-as-library -c -j3 -enable-batch-mode -incremental -Xcc -ivfsstatcache -Xcc /Users/runner/work/hamster-ages/hamster-ages/build/SDKStatCaches.noindex/iphonesimulator26.2-23C57-dc75598d0054f22ec865fa860f139d72e244bd9a5feaf902f95f61bf06266e52.sdkstatcache -output-file-map /Users/runner/work/hamster-ages/hamster-ages/build/Build/Intermediates.noindex/GoogleMobileAds.build/Debug-iphonesimulator/GoogleMobileAdsTarget.build/Objects-normal/x86_64/GoogleMobileAdsTarget-OutputFileMap.json -use-frontend-parseable-output -save-temps -no-color-diagnostics -explicit-module-build -module-cache-path /Users/runner/work/hamster-ages/hamster-ages/build/Build/Intermediates.noindex/SwiftExplicitPrecompiledModules -clang-scanner-module-cache-path /Users/runner/work/hamster-ages/hamster-ages/build/ModuleCache.noindex -sdk-module-cache-path /Users/runner/work/hamster-ages/hamster-ages/build/ModuleCache.noindex -serialize-diagnostics -emit-dependencies -emit-module -emit-module-path /Users/runner/work/hamster-ages/hamster-ages/build/Build/Intermediates.noindex/GoogleMobileAds.build/Debug-iphonesimulator/GoogleMobileAdsTarget.build/Objects-normal/x86_64/GoogleMobileAdsTarget.swiftmodule -validate-clang-modules-once -clang-build-session-file /Users/runner/work/hamster-ages/hamster-ages/build/ModuleCache.noindex/Session.modulevalidation -Xcc -I/Users/runner/work/hamster-ages/hamster-ages/build/Build/Intermediates.noindex/GoogleMobileAds.build/Debug-iphonesimulator/GoogleMobileAdsTarget.build/swift-overrides.hmap -emit-const-values -Xfrontend -const-gather-protocols-file -Xfrontend /Users/runner/work/hamster-ages/hamster-ages/build/Build/Intermediates.noindex/GoogleMobileAds.build/Debug-iphonesimulator/GoogleMobileAdsTarget.build/Objects-normal/x86_64/GoogleMobileAdsTarget_const_extract_protocols.json -Xcc -I/Users/runner/work/hamster-ages/hamster-ages/build/SourcePackages/checkouts/swift-package-manager-google-user-messaging-platform/UserMessagingPlatformTarget/include -Xcc -I/Users/runner/work/hamster-ages/hamster-ages/build/Build/Products/Debug-iphonesimulator/include -Xcc -I/Users/runner/work/hamster-ages/hamster-ages/build/Build/Intermediates.noindex/GoogleMobileAds.build/Debug-iphonesimulator/GoogleMobileAdsTarget.build/DerivedSources-normal/x86_64 -Xcc -I/Users/runner/work/hamster-ages/hamster-ages/build/Build/Intermediates.noindex/GoogleMobileAds.build/Debug-iphonesimulator/GoogleMobileAdsTarget.build/DerivedSources/x86_64 -Xcc -I/Users/runner/work/hamster-ages/hamster-ages/build/Build/Intermediates.noindex/GoogleMobileAds.build/Debug-iphonesimulator/GoogleMobileAdsTarget.build/DerivedSources -Xcc -DSWIFT_PACKAGE -Xcc -DDEBUG\=1 -emit-objc-header -emit-objc-header-path /Users/runner/work/hamster-ages/hamster-ages/build/Build/Intermediates.noindex/GoogleMobileAds.build/Debug-iphonesimulator/GoogleMobileAdsTarget.build/Objects-normal/x86_64/GoogleMobileAdsTarget-Swift.h -working-directory /Users/runner/work/hamster-ages/hamster-ages/HamsterAges.xcodeproj -experimental-emit-module-separately -disable-cmo

SwiftDriver\ Compilation GoogleMobileAdsTarget normal arm64 com.apple.xcode.tools.swift.compiler (in target 'GoogleMobileAdsTarget' from project 'GoogleMobileAds')
    cd /Users/runner/work/hamster-ages/hamster-ages/HamsterAges.xcodeproj
    builtin-Swift-Compilation -- /Applications/Xcode_26.3.app/Contents/Developer/Toolchains/XcodeDefault.xctoolchain/usr/bin/swiftc -module-name GoogleMobileAdsTarget -Onone -enforce-exclusivity\=checked @/Users/runner/work/hamster-ages/hamster-ages/build/Build/Intermediates.noindex/GoogleMobileAds.build/Debug-iphonesimulator/GoogleMobileAdsTarget.build/Objects-normal/arm64/GoogleMobileAdsTarget.SwiftFileList -DSWIFT_PACKAGE -DDEBUG -DSWIFT_MODULE_RESOURCE_BUNDLE_UNAVAILABLE -Xcc -fmodule-map-file\=/Users/runner/work/hamster-ages/hamster-ages/build/Build/Intermediates.noindex/GeneratedModuleMaps-iphonesimulator/UserMessagingPlatformTarget.modulemap -DXcode -plugin-path /Applications/Xcode_26.3.app/Contents/Developer/Toolchains/XcodeDefault.xctoolchain/usr/lib/swift/host/plugins/testing -enable-experimental-feature DebugDescriptionMacro -sdk /Applications/Xcode_26.3.app/Contents/Developer/Platforms/iPhoneSimulator.platform/Developer/SDKs/iPhoneSimulator26.2.sdk -target arm64-apple-ios13.0-simulator -g -module-cache-path /Users/runner/work/hamster-ages/hamster-ages/build/ModuleCache.noindex -Xfrontend -serialize-debugging-options -enable-testing -suppress-warnings -index-store-path /Users/runner/work/hamster-ages/hamster-ages/build/Index.noindex/DataStore -Xcc -D_LIBCPP_HARDENING_MODE\=_LIBCPP_HARDENING_MODE_DEBUG -swift-version 5 -I /Users/runner/work/hamster-ages/hamster-ages/build/Build/Products/Debug-iphonesimulator -Isystem /Applications/Xcode_26.3.app/Contents/Developer/Platforms/iPhoneSimulator.platform/Developer/usr/lib -F /Users/runner/work/hamster-ages/hamster-ages/build/Build/Products/Debug-iphonesimulator/PackageFrameworks -F /Users/runner/work/hamster-ages/hamster-ages/build/Build/Products/Debug-iphonesimulator -F /Applications/Xcode_26.3.app/Contents/Developer/Platforms/iPhoneSimulator.platform/Developer/Library/Frameworks -F /Applications/Xcode_26.3.app/Contents/Developer/Platforms/iPhoneSimulator.platform/Developer/SDKs/iPhoneSimulator26.2.sdk/Developer/Library/Frameworks -parse-as-library -c -j3 -enable-batch-mode -incremental -Xcc -ivfsstatcache -Xcc /Users/runner/work/hamster-ages/hamster-ages/build/SDKStatCaches.noindex/iphonesimulator26.2-23C57-dc75598d0054f22ec865fa860f139d72e244bd9a5feaf902f95f61bf06266e52.sdkstatcache -output-file-map /Users/runner/work/hamster-ages/hamster-ages/build/Build/Intermediates.noindex/GoogleMobileAds.build/Debug-iphonesimulator/GoogleMobileAdsTarget.build/Objects-normal/arm64/GoogleMobileAdsTarget-OutputFileMap.json -use-frontend-parseable-output -save-temps -no-color-diagnostics -explicit-module-build -module-cache-path /Users/runner/work/hamster-ages/hamster-ages/build/Build/Intermediates.noindex/SwiftExplicitPrecompiledModules -clang-scanner-module-cache-path /Users/runner/work/hamster-ages/hamster-ages/build/ModuleCache.noindex -sdk-module-cache-path /Users/runner/work/hamster-ages/hamster-ages/build/ModuleCache.noindex -serialize-diagnostics -emit-dependencies -emit-module -emit-module-path /Users/runner/work/hamster-ages/hamster-ages/build/Build/Intermediates.noindex/GoogleMobileAds.build/Debug-iphonesimulator/GoogleMobileAdsTarget.build/Objects-normal/arm64/GoogleMobileAdsTarget.swiftmodule -validate-clang-modules-once -clang-build-session-file /Users/runner/work/hamster-ages/hamster-ages/build/ModuleCache.noindex/Session.modulevalidation -Xcc -I/Users/runner/work/hamster-ages/hamster-ages/build/Build/Intermediates.noindex/GoogleMobileAds.build/Debug-iphonesimulator/GoogleMobileAdsTarget.build/swift-overrides.hmap -emit-const-values -Xfrontend -const-gather-protocols-file -Xfrontend /Users/runner/work/hamster-ages/hamster-ages/build/Build/Intermediates.noindex/GoogleMobileAds.build/Debug-iphonesimulator/GoogleMobileAdsTarget.build/Objects-normal/arm64/GoogleMobileAdsTarget_const_extract_protocols.json -Xcc -I/Users/runner/work/hamster-ages/hamster-ages/build/SourcePackages/checkouts/swift-package-manager-google-user-messaging-platform/UserMessagingPlatformTarget/include -Xcc -I/Users/runner/work/hamster-ages/hamster-ages/build/Build/Products/Debug-iphonesimulator/include -Xcc -I/Users/runner/work/hamster-ages/hamster-ages/build/Build/Intermediates.noindex/GoogleMobileAds.build/Debug-iphonesimulator/GoogleMobileAdsTarget.build/DerivedSources-normal/arm64 -Xcc -I/Users/runner/work/hamster-ages/hamster-ages/build/Build/Intermediates.noindex/GoogleMobileAds.build/Debug-iphonesimulator/GoogleMobileAdsTarget.build/DerivedSources/arm64 -Xcc -I/Users/runner/work/hamster-ages/hamster-ages/build/Build/Intermediates.noindex/GoogleMobileAds.build/Debug-iphonesimulator/GoogleMobileAdsTarget.build/DerivedSources -Xcc -DSWIFT_PACKAGE -Xcc -DDEBUG\=1 -emit-objc-header -emit-objc-header-path /Users/runner/work/hamster-ages/hamster-ages/build/Build/Intermediates.noindex/GoogleMobileAds.build/Debug-iphonesimulator/GoogleMobileAdsTarget.build/Objects-normal/arm64/GoogleMobileAdsTarget-Swift.h -working-directory /Users/runner/work/hamster-ages/hamster-ages/HamsterAges.xcodeproj -experimental-emit-module-separately -disable-cmo

SwiftExplicitDependencyGeneratePcm x86_64 /Users/runner/work/hamster-ages/hamster-ages/build/ModuleCache.noindex/SwiftShims-C9NC2GN1AY3DDH5FU3JF28BUS.pcm

SwiftExplicitDependencyGeneratePcm x86_64 /Users/runner/work/hamster-ages/hamster-ages/build/ModuleCache.noindex/_Builtin_float-EL1YCS9A9BWHIRC26IQLUK7Q1.pcm

SwiftExplicitDependencyGeneratePcm x86_64 /Users/runner/work/hamster-ages/hamster-ages/build/ModuleCache.noindex/ptrauth-1WL9T6DCP11S5FVJ9VRC80AVF.pcm

SwiftExplicitDependencyGeneratePcm x86_64 /Users/runner/work/hamster-ages/hamster-ages/build/ModuleCache.noindex/_SwiftConcurrencyShims-EZ27Z7PLE5M348INUXPXT97FJ.pcm

SwiftExplicitDependencyGeneratePcm x86_64 /Users/runner/work/hamster-ages/hamster-ages/build/ModuleCache.noindex/_Builtin_stdarg-A9V29R49BQ72YJUR0MEOTBZP9.pcm

SwiftExplicitDependencyGeneratePcm x86_64 /Users/runner/work/hamster-ages/hamster-ages/build/ModuleCache.noindex/DeveloperToolsSupport-9242NBWFDU75MHPGYVIIW2MKA.pcm

SwiftExplicitDependencyGeneratePcm x86_64 /Users/runner/work/hamster-ages/hamster-ages/build/ModuleCache.noindex/_Builtin_stddef-45NTZW0QXFHLENN2HJSBYQZUP.pcm

SwiftExplicitDependencyGeneratePcm x86_64 /Users/runner/work/hamster-ages/hamster-ages/build/ModuleCache.noindex/_Builtin_stdbool-DRHGSILBCNDGTCP8J4QRG6VZU.pcm

SwiftExplicitDependencyGeneratePcm x86_64 /Users/runner/work/hamster-ages/hamster-ages/build/ModuleCache.noindex/_AvailabilityInternal-AX8ZTK6SV5QAOPX71F4ZGCHL1.pcm

SwiftExplicitDependencyGeneratePcm x86_64 /Users/runner/work/hamster-ages/hamster-ages/build/ModuleCache.noindex/_StoreKit_SwiftUI-DR3YKRKKHDYOI94CEL5KYLWL6.pcm

SwiftExplicitDependencyGeneratePcm x86_64 /Users/runner/work/hamster-ages/hamster-ages/build/ModuleCache.noindex/ptrcheck-B323OTECN7JPSVFR2H7SK0XGW.pcm

Ld /Users/runner/work/hamster-ages/hamster-ages/build/Build/Intermediates.noindex/GoogleMobileAds.build/Debug-iphonesimulator/GoogleMobileAdsTarget.build/Objects-normal/x86_64/Binary/GoogleMobileAdsTarget.o normal x86_64 (in target 'GoogleMobileAdsTarget' from project 'GoogleMobileAds')
    cd /Users/runner/work/hamster-ages/hamster-ages/build/SourcePackages/checkouts/swift-package-manager-google-mobile-ads
    /Applications/Xcode_26.3.app/Contents/Developer/Toolchains/XcodeDefault.xctoolchain/usr/bin/clang -Xlinker -reproducible -target x86_64-apple-ios13.0-simulator -r -isysroot /Applications/Xcode_26.3.app/Contents/Developer/Platforms/iPhoneSimulator.platform/Developer/SDKs/iPhoneSimulator26.2.sdk -O0 -w -L/Users/runner/work/hamster-ages/hamster-ages/build/Build/Intermediates.noindex/EagerLinkingTBDs/Debug-iphonesimulator -L/Users/runner/work/hamster-ages/hamster-ages/build/Build/Products/Debug-iphonesimulator -L/Applications/Xcode_26.3.app/Contents/Developer/Platforms/iPhoneSimulator.platform/Developer/usr/lib -F/Users/runner/work/hamster-ages/hamster-ages/build/Build/Intermediates.noindex/EagerLinkingTBDs/Debug-iphonesimulator -F/Users/runner/work/hamster-ages/hamster-ages/build/Build/Products/Debug-iphonesimulator/PackageFrameworks -F/Users/runner/work/hamster-ages/hamster-ages/build/Build/Products/Debug-iphonesimulator -iframework /Applications/Xcode_26.3.app/Contents/Developer/Platforms/iPhoneSimulator.platform/Developer/Library/Frameworks -iframework /Applications/Xcode_26.3.app/Contents/Developer/Platforms/iPhoneSimulator.platform/Developer/SDKs/iPhoneSimulator26.2.sdk/Developer/Library/Frameworks -filelist /Users/runner/work/hamster-ages/hamster-ages/build/Build/Intermediates.noindex/GoogleMobileAds.build/Debug-iphonesimulator/GoogleMobileAdsTarget.build/Objects-normal/x86_64/GoogleMobileAdsTarget.LinkFileList -nostdlib -Xlinker -object_path_lto -Xlinker /Users/runner/work/hamster-ages/hamster-ages/build/Build/Intermediates.noindex/GoogleMobileAds.build/Debug-iphonesimulator/GoogleMobileAdsTarget.build/Objects-normal/x86_64/GoogleMobileAdsTarget_lto.o -rdynamic -Xlinker -no_deduplicate -Xlinker -objc_abi_version -Xlinker 2 -Xlinker -dependency_info -Xlinker /Users/runner/work/hamster-ages/hamster-ages/build/Build/Intermediates.noindex/GoogleMobileAds.build/Debug-iphonesimulator/GoogleMobileAdsTarget.build/Objects-normal/x86_64/GoogleMobileAdsTarget_dependency_info.dat -fobjc-link-runtime -L/Applications/Xcode_26.3.app/Contents/Developer/Toolchains/XcodeDefault.xctoolchain/usr/lib/swift/iphonesimulator -L/usr/lib/swift -Xlinker -add_ast_path -Xlinker /Users/runner/work/hamster-ages/hamster-ages/build/Build/Intermediates.noindex/GoogleMobileAds.build/Debug-iphonesimulator/GoogleMobileAdsTarget.build/Objects-normal/x86_64/GoogleMobileAdsTarget.swiftmodule @/Users/runner/work/hamster-ages/hamster-ages/build/Build/Intermediates.noindex/GoogleMobileAds.build/Debug-iphonesimulator/GoogleMobileAdsTarget.build/Objects-normal/x86_64/GoogleMobileAdsTarget-linker-args.resp -o /Users/runner/work/hamster-ages/hamster-ages/build/Build/Intermediates.noindex/GoogleMobileAds.build/Debug-iphonesimulator/GoogleMobileAdsTarget.build/Objects-normal/x86_64/Binary/GoogleMobileAdsTarget.o

Ld /Users/runner/work/hamster-ages/hamster-ages/build/Build/Intermediates.noindex/GoogleMobileAds.build/Debug-iphonesimulator/GoogleMobileAdsTarget.build/Objects-normal/arm64/Binary/GoogleMobileAdsTarget.o normal arm64 (in target 'GoogleMobileAdsTarget' from project 'GoogleMobileAds')
    cd /Users/runner/work/hamster-ages/hamster-ages/build/SourcePackages/checkouts/swift-package-manager-google-mobile-ads
    /Applications/Xcode_26.3.app/Contents/Developer/Toolchains/XcodeDefault.xctoolchain/usr/bin/clang -Xlinker -reproducible -target arm64-apple-ios13.0-simulator -r -isysroot /Applications/Xcode_26.3.app/Contents/Developer/Platforms/iPhoneSimulator.platform/Developer/SDKs/iPhoneSimulator26.2.sdk -O0 -w -L/Users/runner/work/hamster-ages/hamster-ages/build/Build/Intermediates.noindex/EagerLinkingTBDs/Debug-iphonesimulator -L/Users/runner/work/hamster-ages/hamster-ages/build/Build/Products/Debug-iphonesimulator -L/Applications/Xcode_26.3.app/Contents/Developer/Platforms/iPhoneSimulator.platform/Developer/usr/lib -F/Users/runner/work/hamster-ages/hamster-ages/build/Build/Intermediates.noindex/EagerLinkingTBDs/Debug-iphonesimulator -F/Users/runner/work/hamster-ages/hamster-ages/build/Build/Products/Debug-iphonesimulator/PackageFrameworks -F/Users/runner/work/hamster-ages/hamster-ages/build/Build/Products/Debug-iphonesimulator -iframework /Applications/Xcode_26.3.app/Contents/Developer/Platforms/iPhoneSimulator.platform/Developer/Library/Frameworks -iframework /Applications/Xcode_26.3.app/Contents/Developer/Platforms/iPhoneSimulator.platform/Developer/SDKs/iPhoneSimulator26.2.sdk/Developer/Library/Frameworks -filelist /Users/runner/work/hamster-ages/hamster-ages/build/Build/Intermediates.noindex/GoogleMobileAds.build/Debug-iphonesimulator/GoogleMobileAdsTarget.build/Objects-normal/arm64/GoogleMobileAdsTarget.LinkFileList -nostdlib -Xlinker -object_path_lto -Xlinker /Users/runner/work/hamster-ages/hamster-ages/build/Build/Intermediates.noindex/GoogleMobileAds.build/Debug-iphonesimulator/GoogleMobileAdsTarget.build/Objects-normal/arm64/GoogleMobileAdsTarget_lto.o -rdynamic -Xlinker -no_deduplicate -Xlinker -objc_abi_version -Xlinker 2 -Xlinker -dependency_info -Xlinker /Users/runner/work/hamster-ages/hamster-ages/build/Build/Intermediates.noindex/GoogleMobileAds.build/Debug-iphonesimulator/GoogleMobileAdsTarget.build/Objects-normal/arm64/GoogleMobileAdsTarget_dependency_info.dat -fobjc-link-runtime -L/Applications/Xcode_26.3.app/Contents/Developer/Toolchains/XcodeDefault.xctoolchain/usr/lib/swift/iphonesimulator -L/usr/lib/swift -Xlinker -add_ast_path -Xlinker /Users/runner/work/hamster-ages/hamster-ages/build/Build/Intermediates.noindex/GoogleMobileAds.build/Debug-iphonesimulator/GoogleMobileAdsTarget.build/Objects-normal/arm64/GoogleMobileAdsTarget.swiftmodule @/Users/runner/work/hamster-ages/hamster-ages/build/Build/Intermediates.noindex/GoogleMobileAds.build/Debug-iphonesimulator/GoogleMobileAdsTarget.build/Objects-normal/arm64/GoogleMobileAdsTarget-linker-args.resp -o /Users/runner/work/hamster-ages/hamster-ages/build/Build/Intermediates.noindex/GoogleMobileAds.build/Debug-iphonesimulator/GoogleMobileAdsTarget.build/Objects-normal/arm64/Binary/GoogleMobileAdsTarget.o

SwiftExplicitDependencyGeneratePcm arm64 /Users/runner/work/hamster-ages/hamster-ages/build/ModuleCache.noindex/_AvailabilityInternal-BNFKPXEPOIKX4D25U2FRO3NQ8.pcm

SwiftExplicitDependencyGeneratePcm x86_64 /Users/runner/work/hamster-ages/hamster-ages/build/ModuleCache.noindex/_DarwinFoundation1-17DL5Y5JXGCA3H3B5GYJ6QDKE.pcm

CreateUniversalBinary /Users/runner/work/hamster-ages/hamster-ages/build/Build/Products/Debug-iphonesimulator/GoogleMobileAdsTarget.o normal arm64\ x86_64 (in target 'GoogleMobileAdsTarget' from project 'GoogleMobileAds')
    cd /Users/runner/work/hamster-ages/hamster-ages/build/SourcePackages/checkouts/swift-package-manager-google-mobile-ads
    /Applications/Xcode_26.3.app/Contents/Developer/Toolchains/XcodeDefault.xctoolchain/usr/bin/lipo -create /Users/runner/work/hamster-ages/hamster-ages/build/Build/Intermediates.noindex/GoogleMobileAds.build/Debug-iphonesimulator/GoogleMobileAdsTarget.build/Objects-normal/arm64/Binary/GoogleMobileAdsTarget.o /Users/runner/work/hamster-ages/hamster-ages/build/Build/Intermediates.noindex/GoogleMobileAds.build/Debug-iphonesimulator/GoogleMobileAdsTarget.build/Objects-normal/x86_64/Binary/GoogleMobileAdsTarget.o -output /Users/runner/work/hamster-ages/hamster-ages/build/Build/Products/Debug-iphonesimulator/GoogleMobileAdsTarget.o

SwiftExplicitDependencyGeneratePcm arm64 /Users/runner/work/hamster-ages/hamster-ages/build/ModuleCache.noindex/_Builtin_stdarg-EFWKCUOHCQDX9VH93T70KX9PG.pcm

SwiftExplicitDependencyGeneratePcm arm64 /Users/runner/work/hamster-ages/hamster-ages/build/ModuleCache.noindex/_Builtin_float-1XWBTCVRJ2NN8F6MBLLMNDNXN.pcm

SwiftExplicitDependencyGeneratePcm x86_64 /Users/runner/work/hamster-ages/hamster-ages/build/ModuleCache.noindex/_DarwinFoundation2-22B6NMEIW0SVT8EBTPTS9JFV2.pcm

SwiftExplicitDependencyGeneratePcm x86_64 /Users/runner/work/hamster-ages/hamster-ages/build/ModuleCache.noindex/_Builtin_limits-8WKR2QCBO2DOEV3E820ZKV6RQ.pcm

SwiftExplicitDependencyGeneratePcm arm64 /Users/runner/work/hamster-ages/hamster-ages/build/ModuleCache.noindex/_Builtin_stddef-U80FN8C49DL7O2DZ9IJSXX1F.pcm

SwiftExplicitDependencyGeneratePcm x86_64 /Users/runner/work/hamster-ages/hamster-ages/build/ModuleCache.noindex/ExtensionFoundation-CKS3I2L5CW8DY0V44ON921ZCQ.pcm

SwiftExplicitDependencyGeneratePcm x86_64 /Users/runner/work/hamster-ages/hamster-ages/build/ModuleCache.noindex/_Builtin_tgmath-6LMYSFHVER7U3EBQJJ2TVMX4R.pcm

SwiftExplicitDependencyGeneratePcm arm64 /Users/runner/work/hamster-ages/hamster-ages/build/ModuleCache.noindex/_StoreKit_SwiftUI-EF57VSKWUF8ZCJUXPE8HXFNX3.pcm

SwiftExplicitDependencyGeneratePcm arm64 /Users/runner/work/hamster-ages/hamster-ages/build/ModuleCache.noindex/ptrauth-7C9MC35E2E1LV5XB49V05ZMN5.pcm

SwiftExplicitDependencyGeneratePcm arm64 /Users/runner/work/hamster-ages/hamster-ages/build/ModuleCache.noindex/ptrcheck-6YAZ487WCJHZNI17C2I0QHKVW.pcm

SwiftExplicitDependencyGeneratePcm arm64 /Users/runner/work/hamster-ages/hamster-ages/build/ModuleCache.noindex/SwiftShims-BQDZZDVLMMZDFZC8304X49FXB.pcm

SwiftExplicitDependencyGeneratePcm arm64 /Users/runner/work/hamster-ages/hamster-ages/build/ModuleCache.noindex/_Builtin_stdbool-5MZ02EV56U92QC7DUJ5LBE6LF.pcm

SwiftExplicitDependencyGeneratePcm arm64 /Users/runner/work/hamster-ages/hamster-ages/build/ModuleCache.noindex/_DarwinFoundation1-AZTTWJQEUVNG6O8IFI99RH6JA.pcm

SwiftExplicitDependencyGeneratePcm x86_64 /Users/runner/work/hamster-ages/hamster-ages/build/ModuleCache.noindex/_Builtin_stdint-869TGMGPKYXW4KYKJD2R5KB2Y.pcm

SwiftExplicitDependencyGeneratePcm arm64 /Users/runner/work/hamster-ages/hamster-ages/build/ModuleCache.noindex/_SwiftConcurrencyShims-1BQ0SEEU01SC7QUJ59GV8YPTL.pcm

SwiftExplicitDependencyGeneratePcm x86_64 /Users/runner/work/hamster-ages/hamster-ages/build/ModuleCache.noindex/_Builtin_stdatomic-2ZCDC1NYVPC275O6A2CAQFM4Y.pcm

SwiftExplicitDependencyGeneratePcm x86_64 /Users/runner/work/hamster-ages/hamster-ages/build/ModuleCache.noindex/_DarwinFoundation3-E0ZJ6U8YX7YL27SS0W2NUZ5G0.pcm

SwiftExplicitDependencyGeneratePcm arm64 /Users/runner/work/hamster-ages/hamster-ages/build/ModuleCache.noindex/ExtensionFoundation-64Z8F2SZJ1TI1P959QX0OSBIH.pcm

SwiftExplicitDependencyGeneratePcm arm64 /Users/runner/work/hamster-ages/hamster-ages/build/ModuleCache.noindex/_DarwinFoundation2-4U6626VFWZ83L395EUEEAFUSQ.pcm

SwiftExplicitDependencyGeneratePcm arm64 /Users/runner/work/hamster-ages/hamster-ages/build/ModuleCache.noindex/_Builtin_limits-681VI38X315TVACU8E3SMWVFM.pcm

SwiftExplicitDependencyGeneratePcm x86_64 /Users/runner/work/hamster-ages/hamster-ages/build/ModuleCache.noindex/_Builtin_intrinsics-8ISKD9BJNNNQ0CO7GSC0RBT9E.pcm

SwiftExplicitDependencyGeneratePcm arm64 /Users/runner/work/hamster-ages/hamster-ages/build/ModuleCache.noindex/sys_types-9PE3ROWAIM93L3VG1KQB06Z1T.pcm

SwiftExplicitDependencyGeneratePcm arm64 /Users/runner/work/hamster-ages/hamster-ages/build/ModuleCache.noindex/_Builtin_stdint-DOCWAC2HMCXC63ANKFKZWN6IP.pcm

SwiftExplicitDependencyGeneratePcm arm64 /Users/runner/work/hamster-ages/hamster-ages/build/ModuleCache.noindex/_Builtin_tgmath-AYUWUJRPCQP5U1DXGEQPNWXF9.pcm

SwiftExplicitDependencyGeneratePcm arm64 /Users/runner/work/hamster-ages/hamster-ages/build/ModuleCache.noindex/_DarwinFoundation3-COWTUWSKBT4H0TIODST40LDX6.pcm

SwiftExplicitDependencyGeneratePcm arm64 /Users/runner/work/hamster-ages/hamster-ages/build/ModuleCache.noindex/_Builtin_stdatomic-3M3SKAD4540KUVB6YFGCSAF5D.pcm

SwiftExplicitDependencyGeneratePcm arm64 /Users/runner/work/hamster-ages/hamster-ages/build/ModuleCache.noindex/_Builtin_intrinsics-CHAO48Y4P1B1ALLRR0KZJNBR4.pcm

SwiftExplicitDependencyGeneratePcm arm64 /Users/runner/work/hamster-ages/hamster-ages/build/ModuleCache.noindex/_Builtin_inttypes-5DU0K2F53VQLMXSE8OJXD8ECV.pcm

SwiftExplicitDependencyGeneratePcm x86_64 /Users/runner/work/hamster-ages/hamster-ages/build/ModuleCache.noindex/simd-ENGVV0JK97EEIKJUP24BNLCD9.pcm

SwiftExplicitDependencyGeneratePcm arm64 /Users/runner/work/hamster-ages/hamster-ages/build/ModuleCache.noindex/Darwin-1OOKXYJYMLPXW9BT2VCGGKUW0.pcm

SwiftExplicitDependencyGeneratePcm x86_64 /Users/runner/work/hamster-ages/hamster-ages/build/ModuleCache.noindex/_Builtin_inttypes-C51E7QSREF358PKP0AOYST92R.pcm

SwiftExplicitDependencyGeneratePcm arm64 /Users/runner/work/hamster-ages/hamster-ages/build/ModuleCache.noindex/ObjectiveC-4R5E01KEA8UFD6PZODNIIILZN.pcm

SwiftExplicitDependencyGeneratePcm arm64 /Users/runner/work/hamster-ages/hamster-ages/build/ModuleCache.noindex/MachO-41BBHGYHPS4NYEHISJJO2M7RB.pcm

SwiftExplicitDependencyGeneratePcm x86_64 /Users/runner/work/hamster-ages/hamster-ages/build/ModuleCache.noindex/Darwin-1AWB1M1E9ZC5806A2X26Y4HM3.pcm

SwiftExplicitDependencyGeneratePcm arm64 /Users/runner/work/hamster-ages/hamster-ages/build/ModuleCache.noindex/os_object-456AQG6VEU7X3XV7KC3P5EYFM.pcm

SwiftExplicitDependencyGeneratePcm arm64 /Users/runner/work/hamster-ages/hamster-ages/build/ModuleCache.noindex/simd-1KNLHUK10G7JZIA68M8K89FPZ.pcm

SwiftExplicitDependencyGeneratePcm arm64 /Users/runner/work/hamster-ages/hamster-ages/build/ModuleCache.noindex/os_workgroup-DB71G81DBBF8XTAW572D61JBJ.pcm

SwiftExplicitDependencyGeneratePcm x86_64 /Users/runner/work/hamster-ages/hamster-ages/build/ModuleCache.noindex/MachO-6LBITR6EW52X52XUELG5JPRTQ.pcm

SwiftExplicitDependencyGeneratePcm arm64 /Users/runner/work/hamster-ages/hamster-ages/build/ModuleCache.noindex/Dispatch-APN4JT0VB4L2J9YP2HQFCW2J6.pcm

SwiftExplicitDependencyGeneratePcm x86_64 /Users/runner/work/hamster-ages/hamster-ages/build/ModuleCache.noindex/ObjectiveC-C89W9QDX1UXWVX6ZWJX28OX3A.pcm

SwiftExplicitDependencyGeneratePcm arm64 /Users/runner/work/hamster-ages/hamster-ages/build/ModuleCache.noindex/XPC-A9080NSCMLWDMZGVPMQOOLQ5.pcm

SwiftExplicitDependencyGeneratePcm arm64 /Users/runner/work/hamster-ages/hamster-ages/build/ModuleCache.noindex/dnssd-DIDSO81J9XYIBL7GPOGSZ7T3O.pcm

SwiftExplicitDependencyGeneratePcm arm64 /Users/runner/work/hamster-ages/hamster-ages/build/ModuleCache.noindex/CoreFoundation-7DWR4VA012CY28AU5OCFP56HB.pcm

SwiftExplicitDependencyGeneratePcm arm64 /Users/runner/work/hamster-ages/hamster-ages/build/ModuleCache.noindex/Spatial-5LJPCT2M26PNDZKP06VCMMD1F.pcm

SwiftExplicitDependencyGeneratePcm x86_64 /Users/runner/work/hamster-ages/hamster-ages/build/ModuleCache.noindex/os_object-5EUBCVSHLLKN07LQCARKP5AOZ.pcm

SwiftExplicitDependencyGeneratePcm arm64 /Users/runner/work/hamster-ages/hamster-ages/build/ModuleCache.noindex/CoreGraphics-4IQ7RXJCI187B8KGDCF0R32M5.pcm

SwiftExplicitDependencyGeneratePcm arm64 /Users/runner/work/hamster-ages/hamster-ages/build/ModuleCache.noindex/CoreAudioTypes-B6KWJA1HK18P71LM3KMNRYROG.pcm

SwiftExplicitDependencyGeneratePcm x86_64 /Users/runner/work/hamster-ages/hamster-ages/build/ModuleCache.noindex/os_workgroup-4PJYC64QGTH87BFYVWPU7ZUGH.pcm

SwiftExplicitDependencyGeneratePcm arm64 /Users/runner/work/hamster-ages/hamster-ages/build/ModuleCache.noindex/CoreServices-4MC1VL3KWI1K914V0RA4ZWH3Z.pcm

SwiftExplicitDependencyGeneratePcm arm64 /Users/runner/work/hamster-ages/hamster-ages/build/ModuleCache.noindex/Security-JZGI11IOP459CYCJ27X0JNKJ.pcm

SwiftExplicitDependencyGeneratePcm x86_64 /Users/runner/work/hamster-ages/hamster-ages/build/ModuleCache.noindex/Dispatch-2CU3BP0QIYSU10CMNBSULF8UK.pcm

SwiftExplicitDependencyGeneratePcm arm64 /Users/runner/work/hamster-ages/hamster-ages/build/ModuleCache.noindex/CFNetwork-TYY88X5C97FTJ50CYNQB8FXU.pcm

SwiftExplicitDependencyGeneratePcm x86_64 /Users/runner/work/hamster-ages/hamster-ages/build/ModuleCache.noindex/XPC-9C66IAS96QZ5BL7ORR40EDNF6.pcm

SwiftExplicitDependencyGeneratePcm x86_64 /Users/runner/work/hamster-ages/hamster-ages/build/ModuleCache.noindex/CoreFoundation-9E0N1PTQ5SOIMBVZ4PZJSP3X2.pcm

SwiftExplicitDependencyGeneratePcm arm64 /Users/runner/work/hamster-ages/hamster-ages/build/ModuleCache.noindex/ImageIO-6HFFNSY98TLWE7MWRB42MW24F.pcm

SwiftExplicitDependencyGeneratePcm x86_64 /Users/runner/work/hamster-ages/hamster-ages/build/ModuleCache.noindex/os-54OG9C1L0ZKFR62UUP97YCNOP.pcm

SwiftExplicitDependencyGeneratePcm arm64 /Users/runner/work/hamster-ages/hamster-ages/build/ModuleCache.noindex/CoreAudio-BK0SUEPP0VXDWGGH6X0CRT198.pcm

SwiftExplicitDependencyGeneratePcm x86_64 /Users/runner/work/hamster-ages/hamster-ages/build/ModuleCache.noindex/CoreGraphics-29OAVUDEPQGS8WZY2EAENJBEU.pcm

SwiftExplicitDependencyGeneratePcm x86_64 /Users/runner/work/hamster-ages/hamster-ages/build/ModuleCache.noindex/CoreServices-9XRCHCUVXGY3ECGF5F8YKOUVX.pcm

SwiftExplicitDependencyGeneratePcm x86_64 /Users/runner/work/hamster-ages/hamster-ages/build/ModuleCache.noindex/CFNetwork-1VJT37K5OZN6P5U44UDHT5E67.pcm

SwiftExplicitDependencyGeneratePcm x86_64 /Users/runner/work/hamster-ages/hamster-ages/build/ModuleCache.noindex/CoreAudioTypes-7A992LOO7JXM11T43FZGYGHAA.pcm

SwiftExplicitDependencyGeneratePcm x86_64 /Users/runner/work/hamster-ages/hamster-ages/build/ModuleCache.noindex/Security-DTHSYU2ZH4BIZ2TR3JPT2E2SO.pcm

SwiftExplicitDependencyGeneratePcm arm64 /Users/runner/work/hamster-ages/hamster-ages/build/ModuleCache.noindex/CoreText-69MG3KB0B5096BKP5TJT9KCF9.pcm

SwiftExplicitDependencyGeneratePcm x86_64 /Users/runner/work/hamster-ages/hamster-ages/build/ModuleCache.noindex/CoreAudio-8CWKIEN9PZDFF61UOAPH9ITE7.pcm

SwiftExplicitDependencyGeneratePcm x86_64 /Users/runner/work/hamster-ages/hamster-ages/build/ModuleCache.noindex/Foundation-22WSBTOFC5JY870MIVMLYO3YI.pcm

SwiftExplicitDependencyGeneratePcm x86_64 /Users/runner/work/hamster-ages/hamster-ages/build/ModuleCache.noindex/dnssd-8XGW9EEAOGOPS0M38B1VNU9UO.pcm

SwiftExplicitDependencyGeneratePcm arm64 /Users/runner/work/hamster-ages/hamster-ages/build/ModuleCache.noindex/Foundation-73UC8X0292408ZV8YX04AVZAS.pcm

SwiftExplicitDependencyGeneratePcm arm64 /Users/runner/work/hamster-ages/hamster-ages/build/ModuleCache.noindex/os-3GZWN1FLJA3XMZEP9AI1CB3KS.pcm

SwiftExplicitDependencyGeneratePcm x86_64 /Users/runner/work/hamster-ages/hamster-ages/build/ModuleCache.noindex/CoreTransferable-MRWGL392PXP0CYK1OMPN0IHR.pcm

SwiftExplicitDependencyGeneratePcm arm64 /Users/runner/work/hamster-ages/hamster-ages/build/ModuleCache.noindex/Symbols-1YPNBWPZJ83J4MMR6D3UIPLWE.pcm

SwiftExplicitDependencyGeneratePcm arm64 /Users/runner/work/hamster-ages/hamster-ages/build/ModuleCache.noindex/LocalAuthentication-3U21W6OTT00LPV278OGJIGTT0.pcm

SwiftExplicitDependencyGeneratePcm x86_64 /Users/runner/work/hamster-ages/hamster-ages/build/ModuleCache.noindex/Accessibility-8YB07MISO4ZCA59I2ZVYJALGL.pcm

SwiftExplicitDependencyGeneratePcm arm64 /Users/runner/work/hamster-ages/hamster-ages/build/ModuleCache.noindex/Accessibility-7227CSI5P1GH4VVY7XKHQ9VH8.pcm

SwiftExplicitDependencyGeneratePcm arm64 /Users/runner/work/hamster-ages/hamster-ages/build/ModuleCache.noindex/Contacts-2LC935ME7LLO3YV9Y9TF87D5L.pcm

SwiftExplicitDependencyGeneratePcm x86_64 /Users/runner/work/hamster-ages/hamster-ages/build/ModuleCache.noindex/OpenGLES-8AU91K37UE6V4KMBTUMVO4LR5.pcm

SwiftExplicitDependencyGeneratePcm arm64 /Users/runner/work/hamster-ages/hamster-ages/build/ModuleCache.noindex/BackgroundAssets-E424CKALIHZR9TESO2B7MECBI.pcm

SwiftExplicitDependencyGeneratePcm x86_64 /Users/runner/work/hamster-ages/hamster-ages/build/ModuleCache.noindex/LocalAuthentication-CFL7JVYGI9N8ILW9K2KJ5LNC9.pcm

SwiftExplicitDependencyGeneratePcm x86_64 /Users/runner/work/hamster-ages/hamster-ages/build/ModuleCache.noindex/IOSurface-3ND9GM265TYJ09NUDMZ9OGGMV.pcm

SwiftExplicitDependencyGeneratePcm arm64 /Users/runner/work/hamster-ages/hamster-ages/build/ModuleCache.noindex/AppTrackingTransparency-272CBPVZWJPHPG202DBLUTVQP.pcm

SwiftExplicitDependencyGeneratePcm arm64 /Users/runner/work/hamster-ages/hamster-ages/build/ModuleCache.noindex/FileProvider-2PD1X1PNFSTYJ2763U77BG1TF.pcm

SwiftExplicitDependencyGeneratePcm x86_64 /Users/runner/work/hamster-ages/hamster-ages/build/ModuleCache.noindex/CoreMIDI-CGP2FVWGCS7AZ9UVVJEDZYTK9.pcm

SwiftExplicitDependencyGeneratePcm x86_64 /Users/runner/work/hamster-ages/hamster-ages/build/ModuleCache.noindex/Metal-BVMYGB97WMO8X3EYDIFR7T30U.pcm

SwiftExplicitDependencyGeneratePcm arm64 /Users/runner/work/hamster-ages/hamster-ages/build/ModuleCache.noindex/CoreTransferable-25UYPJ995816YB2VS5S3Z6GOY.pcm

SwiftExplicitDependencyGeneratePcm arm64 /Users/runner/work/hamster-ages/hamster-ages/build/ModuleCache.noindex/CoreData-28YPCAT2UAIH1IVS97P7LKRJ3.pcm

SwiftExplicitDependencyGeneratePcm x86_64 /Users/runner/work/hamster-ages/hamster-ages/build/ModuleCache.noindex/BackgroundAssets-9DJRSZQJ7H3T25M6ZGCBGTX80.pcm

SwiftExplicitDependencyGeneratePcm x86_64 /Users/runner/work/hamster-ages/hamster-ages/build/ModuleCache.noindex/OSLog-8YI15UK728O1CZSGDWLD3VSBT.pcm

SwiftExplicitDependencyGeneratePcm x86_64 /Users/runner/work/hamster-ages/hamster-ages/build/ModuleCache.noindex/CoreVideo-2XM5Y3Z392FRBSRD2N38F7A4N.pcm

SwiftExplicitDependencyGeneratePcm arm64 /Users/runner/work/hamster-ages/hamster-ages/build/ModuleCache.noindex/ModelIO-E4XJJH9AVCQFMJ4VE89SFKNK1.pcm

SwiftExplicitDependencyGeneratePcm x86_64 /Users/runner/work/hamster-ages/hamster-ages/build/ModuleCache.noindex/Contacts-AMP5YK9VWHFI1TES9DU1EHQ33.pcm

SwiftExplicitDependencyGeneratePcm arm64 /Users/runner/work/hamster-ages/hamster-ages/build/ModuleCache.noindex/Network-4S8GUHG8SODG45B4LTQBUGT04.pcm

SwiftExplicitDependencyGeneratePcm x86_64 /Users/runner/work/hamster-ages/hamster-ages/build/ModuleCache.noindex/ModelIO-W3A2K2B8ZGOU1VW2RBG1P5L7.pcm

SwiftExplicitDependencyGeneratePcm x86_64 /Users/runner/work/hamster-ages/hamster-ages/build/ModuleCache.noindex/CoreData-3F9F2LBJHDQD29CLSXPU49KFH.pcm

SwiftExplicitDependencyGeneratePcm x86_64 /Users/runner/work/hamster-ages/hamster-ages/build/ModuleCache.noindex/CoreMedia-BST4DPZXA3FQA7HDFBFYYPP64.pcm

SwiftExplicitDependencyGeneratePcm arm64 /Users/runner/work/hamster-ages/hamster-ages/build/ModuleCache.noindex/IOSurface-BV1GATEMXMGB6JILKW90Q838M.pcm

SwiftExplicitDependencyGeneratePcm x86_64 /Users/runner/work/hamster-ages/hamster-ages/build/ModuleCache.noindex/AppTrackingTransparency-AMREA95AB2MT06B6GBQTYHFV8.pcm

SwiftExplicitDependencyGeneratePcm arm64 /Users/runner/work/hamster-ages/hamster-ages/build/ModuleCache.noindex/DataDetection-7UZ818DBH92HTALVBODZJJ3RA.pcm

SwiftExplicitDependencyGeneratePcm arm64 /Users/runner/work/hamster-ages/hamster-ages/build/ModuleCache.noindex/Metal-3NVNTTC2CNED8Y0P461VVG3VH.pcm

SwiftExplicitDependencyGeneratePcm arm64 /Users/runner/work/hamster-ages/hamster-ages/build/ModuleCache.noindex/OSLog-ALUJ69HXD28LNEX2YXJ39CCSM.pcm

SwiftExplicitDependencyGeneratePcm arm64 /Users/runner/work/hamster-ages/hamster-ages/build/ModuleCache.noindex/UIUtilities-AMWXBK1348E66DE9BOIRAR503.pcm

SwiftExplicitDependencyGeneratePcm arm64 /Users/runner/work/hamster-ages/hamster-ages/build/ModuleCache.noindex/UniformTypeIdentifiers-87C1BTH5IWVNO9X3VK1ODGNNL.pcm

SwiftExplicitDependencyGeneratePcm x86_64 /Users/runner/work/hamster-ages/hamster-ages/build/ModuleCache.noindex/UIUtilities-3MZ6MMU12W7MZ9J1SFOQBF5KI.pcm

SwiftExplicitDependencyGeneratePcm arm64 /Users/runner/work/hamster-ages/hamster-ages/build/ModuleCache.noindex/AVRouting-3TLKU32FRJ74E6LNN4W188GMY.pcm

SwiftExplicitDependencyGeneratePcm x86_64 /Users/runner/work/hamster-ages/hamster-ages/build/ModuleCache.noindex/Network-5TCGNLDU1NS6WH5UUA1PLDKBJ.pcm

SwiftExplicitDependencyGeneratePcm x86_64 /Users/runner/work/hamster-ages/hamster-ages/build/ModuleCache.noindex/QuartzCore-F233LRJIEMBYPZMGAZFS1HEFC.pcm

SwiftExplicitDependencyGeneratePcm x86_64 /Users/runner/work/hamster-ages/hamster-ages/build/ModuleCache.noindex/DataDetection-8MHF1UU1J9T06CIDV9UXWKYFT.pcm

SwiftExplicitDependencyGeneratePcm arm64 /Users/runner/work/hamster-ages/hamster-ages/build/ModuleCache.noindex/CoreMIDI-BAYA6NBQNLQBSYK1AUU3SROFD.pcm

SwiftExplicitDependencyGeneratePcm x86_64 /Users/runner/work/hamster-ages/hamster-ages/build/ModuleCache.noindex/UniformTypeIdentifiers-AF0LZ0Q4UJYVCSQ5H9ON6B50K.pcm

SwiftExplicitDependencyGeneratePcm x86_64 /Users/runner/work/hamster-ages/hamster-ages/build/ModuleCache.noindex/AVRouting-5JN0457DCUTWR97ZYL6WBADTR.pcm

SwiftExplicitDependencyGeneratePcm x86_64 /Users/runner/work/hamster-ages/hamster-ages/build/ModuleCache.noindex/AudioToolbox-5F6UYOMZYAWS39XZXKE1LJLMY.pcm

SwiftExplicitDependencyGeneratePcm x86_64 /Users/runner/work/hamster-ages/hamster-ages/build/ModuleCache.noindex/FileProvider-DL9AW1K7RFXAT1L61B1QDUPU.pcm

SwiftExplicitDependencyGeneratePcm arm64 /Users/runner/work/hamster-ages/hamster-ages/build/ModuleCache.noindex/UserNotifications-90BFLTUKD30N6GDZ89I9M9SLR.pcm

SwiftExplicitDependencyGeneratePcm arm64 /Users/runner/work/hamster-ages/hamster-ages/build/ModuleCache.noindex/AudioToolbox-C7Z5RVVIPVR22MWGUMLOUX6O4.pcm

SwiftExplicitDependencyGeneratePcm x86_64 /Users/runner/work/hamster-ages/hamster-ages/build/ModuleCache.noindex/UserNotifications-39KKBPX815OF332DS8GNYRQ19.pcm

SwiftExplicitDependencyGeneratePcm x86_64 /Users/runner/work/hamster-ages/hamster-ages/build/ModuleCache.noindex/CoreText-BPE5LKWL74GI90KPN0UX4VPQJ.pcm

SwiftExplicitDependencyGeneratePcm x86_64 /Users/runner/work/hamster-ages/hamster-ages/build/ModuleCache.noindex/MediaToolbox-3MHOASM7NSHPSDXRZKX8F1N7T.pcm

SwiftExplicitDependencyGeneratePcm x86_64 /Users/runner/work/hamster-ages/hamster-ages/build/ModuleCache.noindex/AVFAudio-8FKWURES8GOD24EH3U4LQSS9X.pcm

SwiftExplicitDependencyGeneratePcm x86_64 /Users/runner/work/hamster-ages/hamster-ages/build/ModuleCache.noindex/SwiftUICore-BOMXHWMIMBIYWA0XQGV98GG5E.pcm

SwiftExplicitDependencyGeneratePcm x86_64 /Users/runner/work/hamster-ages/hamster-ages/build/ModuleCache.noindex/Spatial-8D1CYUCVMA6IGYJZXBDJNWS22.pcm

SwiftExplicitDependencyGeneratePcm x86_64 /Users/runner/work/hamster-ages/hamster-ages/build/ModuleCache.noindex/Symbols-6REC138RG287GT3123JZPQZGM.pcm

SwiftExplicitDependencyGeneratePcm arm64 /Users/runner/work/hamster-ages/hamster-ages/build/ModuleCache.noindex/DeveloperToolsSupport-BVBX7JKHJE8CAB4D42GEYOU81.pcm

SwiftExplicitDependencyGeneratePcm x86_64 /Users/runner/work/hamster-ages/hamster-ages/build/ModuleCache.noindex/sys_types-9R3JBVLJDQT5UOK340UWW0M06.pcm

SwiftExplicitDependencyGeneratePcm x86_64 /Users/runner/work/hamster-ages/hamster-ages/build/ModuleCache.noindex/ImageIO-6WVHFD3MSUVB611OB68ZD3MCY.pcm

SwiftExplicitDependencyGeneratePcm arm64 /Users/runner/work/hamster-ages/hamster-ages/build/ModuleCache.noindex/OpenGLES-ENZXHSSD0HJS5GXK9OT5V511S.pcm

LinkAssetCatalog /Users/runner/work/hamster-ages/hamster-ages/HamsterAges/Assets.xcassets (in target 'HamsterAges' from project 'HamsterAges')
    cd /Users/runner/work/hamster-ages/hamster-ages
    builtin-linkAssetCatalog --thinned /Users/runner/work/hamster-ages/hamster-ages/build/Build/Intermediates.noindex/HamsterAges.build/Debug-iphonesimulator/HamsterAges.build/assetcatalog_output/thinned --thinned-dependencies /Users/runner/work/hamster-ages/hamster-ages/build/Build/Intermediates.noindex/HamsterAges.build/Debug-iphonesimulator/HamsterAges.build/assetcatalog_dependencies_thinned --thinned-info-plist-content /Users/runner/work/hamster-ages/hamster-ages/build/Build/Intermediates.noindex/HamsterAges.build/Debug-iphonesimulator/HamsterAges.build/assetcatalog_generated_info.plist_thinned --unthinned /Users/runner/work/hamster-ages/hamster-ages/build/Build/Intermediates.noindex/HamsterAges.build/Debug-iphonesimulator/HamsterAges.build/assetcatalog_output/unthinned --unthinned-dependencies /Users/runner/work/hamster-ages/hamster-ages/build/Build/Intermediates.noindex/HamsterAges.build/Debug-iphonesimulator/HamsterAges.build/assetcatalog_dependencies_unthinned --unthinned-info-plist-content /Users/runner/work/hamster-ages/hamster-ages/build/Build/Intermediates.noindex/HamsterAges.build/Debug-iphonesimulator/HamsterAges.build/assetcatalog_generated_info.plist_unthinned --output /Users/runner/work/hamster-ages/hamster-ages/build/Build/Products/Debug-iphonesimulator/HamsterAges.app --plist-output /Users/runner/work/hamster-ages/hamster-ages/build/Build/Intermediates.noindex/HamsterAges.build/Debug-iphonesimulator/HamsterAges.build/assetcatalog_generated_info.plist
note: Emplaced /Users/runner/work/hamster-ages/hamster-ages/build/Build/Products/Debug-iphonesimulator/HamsterAges.app/AppIcon76x76@2x~ipad.png (in target 'HamsterAges' from project 'HamsterAges')
note: Emplaced /Users/runner/work/hamster-ages/hamster-ages/build/Build/Products/Debug-iphonesimulator/HamsterAges.app/AppIcon60x60@2x.png (in target 'HamsterAges' from project 'HamsterAges')
note: Emplaced /Users/runner/work/hamster-ages/hamster-ages/build/Build/Products/Debug-iphonesimulator/HamsterAges.app/Assets.car (in target 'HamsterAges' from project 'HamsterAges')

SwiftExplicitDependencyGeneratePcm x86_64 /Users/runner/work/hamster-ages/hamster-ages/build/ModuleCache.noindex/AVFoundation-EPZ6Q6T87YMVASEHSOHZBGYD7.pcm

SwiftExplicitDependencyGeneratePcm x86_64 /Users/runner/work/hamster-ages/hamster-ages/build/ModuleCache.noindex/CoreImage-2E7LOO63UN1CIGDWNCR7H1ZU6.pcm

SwiftExplicitDependencyGeneratePcm arm64 /Users/runner/work/hamster-ages/hamster-ages/build/ModuleCache.noindex/CoreVideo-7RALLZQ52ANBGO3EF1H01I7PP.pcm

SwiftExplicitDependencyGeneratePcm arm64 /Users/runner/work/hamster-ages/hamster-ages/build/ModuleCache.noindex/CoreMedia-AUAV9Z17XARM04PG39N4R1OZB.pcm

SwiftExplicitDependencyGeneratePcm arm64 /Users/runner/work/hamster-ages/hamster-ages/build/ModuleCache.noindex/CoreImage-67UUE70DZZ4CVWLMA7DBK5BZQ.pcm

SwiftExplicitDependencyGeneratePcm x86_64 /Users/runner/work/hamster-ages/hamster-ages/build/ModuleCache.noindex/UIKit-2VUFOIG0EQJ69HHW5MW6D38H0.pcm

SwiftExplicitDependencyGeneratePcm arm64 /Users/runner/work/hamster-ages/hamster-ages/build/ModuleCache.noindex/QuartzCore-A6O2OA4F5NQYXZHMGNICA7L4L.pcm

SwiftExplicitDependencyGeneratePcm arm64 /Users/runner/work/hamster-ages/hamster-ages/build/ModuleCache.noindex/AVFAudio-5JVPWL73Q9E1D1X9AJXVFXVJL.pcm

SwiftExplicitDependencyGeneratePcm arm64 /Users/runner/work/hamster-ages/hamster-ages/build/ModuleCache.noindex/MediaToolbox-CLQYDK91VI7DIFNANFDC26DTA.pcm

SwiftExplicitDependencyGeneratePcm arm64 /Users/runner/work/hamster-ages/hamster-ages/build/ModuleCache.noindex/SwiftUICore-32GG2BSENXKHYZVJ28SRQNWVT.pcm

SwiftExplicitDependencyGeneratePcm arm64 /Users/runner/work/hamster-ages/hamster-ages/build/ModuleCache.noindex/UIKit-YKI8Y750VJDNQXC9E4RQXLCO.pcm

SwiftExplicitDependencyGeneratePcm arm64 /Users/runner/work/hamster-ages/hamster-ages/build/ModuleCache.noindex/AVFoundation-9U6P6XEWA7GSUVDWJNIZJF9V1.pcm

ExtractAppIntentsMetadata (in target 'GoogleMobileAdsTarget' from project 'GoogleMobileAds')
    cd /Users/runner/work/hamster-ages/hamster-ages/build/SourcePackages/checkouts/swift-package-manager-google-mobile-ads
    /Applications/Xcode_26.3.app/Contents/Developer/Toolchains/XcodeDefault.xctoolchain/usr/bin/appintentsmetadataprocessor --toolchain-dir /var/run/com.apple.security.cryptexd/mnt/com.apple.MobileAsset.MetalToolchain-v17.3.7003.10.QXSqED/Metal.xctoolchain --module-name GoogleMobileAdsTarget --sdk-root /Applications/Xcode_26.3.app/Contents/Developer/Platforms/iPhoneSimulator.platform/Developer/SDKs/iPhoneSimulator26.2.sdk --xcode-version 17C529 --platform-family iOS --deployment-target 13.0 --bundle-identifier swift-package-manager-google-mobile-ads.GoogleMobileAdsTarget --output /Users/runner/work/hamster-ages/hamster-ages/build/Build/Products/Debug-iphonesimulator/GoogleMobileAdsTarget.appintents --target-triple arm64-apple-ios13.0-simulator --target-triple x86_64-apple-ios13.0-simulator --binary-file /Users/runner/work/hamster-ages/hamster-ages/build/Build/Products/Debug-iphonesimulator/GoogleMobileAdsTarget.o --dependency-file /Users/runner/work/hamster-ages/hamster-ages/build/Build/Intermediates.noindex/GoogleMobileAds.build/Debug-iphonesimulator/GoogleMobileAdsTarget.build/Objects-normal/arm64/GoogleMobileAdsTarget_dependency_info.dat --dependency-file /Users/runner/work/hamster-ages/hamster-ages/build/Build/Intermediates.noindex/GoogleMobileAds.build/Debug-iphonesimulator/GoogleMobileAdsTarget.build/Objects-normal/x86_64/GoogleMobileAdsTarget_dependency_info.dat --stringsdata-file /Users/runner/work/hamster-ages/hamster-ages/build/Build/Intermediates.noindex/GoogleMobileAds.build/Debug-iphonesimulator/GoogleMobileAdsTarget.build/Objects-normal/arm64/ExtractedAppShortcutsMetadata.stringsdata --stringsdata-file /Users/runner/work/hamster-ages/hamster-ages/build/Build/Intermediates.noindex/GoogleMobileAds.build/Debug-iphonesimulator/GoogleMobileAdsTarget.build/Objects-normal/x86_64/ExtractedAppShortcutsMetadata.stringsdata --source-file-list /Users/runner/work/hamster-ages/hamster-ages/build/Build/Intermediates.noindex/GoogleMobileAds.build/Debug-iphonesimulator/GoogleMobileAdsTarget.build/Objects-normal/arm64/GoogleMobileAdsTarget.SwiftFileList --source-file-list /Users/runner/work/hamster-ages/hamster-ages/build/Build/Intermediates.noindex/GoogleMobileAds.build/Debug-iphonesimulator/GoogleMobileAdsTarget.build/Objects-normal/x86_64/GoogleMobileAdsTarget.SwiftFileList --metadata-file-list /Users/runner/work/hamster-ages/hamster-ages/build/Build/Intermediates.noindex/GoogleMobileAds.build/Debug-iphonesimulator/GoogleMobileAdsTarget.build/GoogleMobileAdsTarget.DependencyMetadataFileList --static-metadata-file-list /Users/runner/work/hamster-ages/hamster-ages/build/Build/Intermediates.noindex/GoogleMobileAds.build/Debug-iphonesimulator/GoogleMobileAdsTarget.build/GoogleMobileAdsTarget.DependencyStaticMetadataFileList --swift-const-vals-list /Users/runner/work/hamster-ages/hamster-ages/build/Build/Intermediates.noindex/GoogleMobileAds.build/Debug-iphonesimulator/GoogleMobileAdsTarget.build/Objects-normal/arm64/GoogleMobileAdsTarget.SwiftConstValuesFileList --swift-const-vals-list /Users/runner/work/hamster-ages/hamster-ages/build/Build/Intermediates.noindex/GoogleMobileAds.build/Debug-iphonesimulator/GoogleMobileAdsTarget.build/Objects-normal/x86_64/GoogleMobileAdsTarget.SwiftConstValuesFileList --force --compile-time-extraction --deployment-aware-processing --validate-assistant-intents --no-app-shortcuts-localization
2026-10-05 06:21:53.504 appintentsmetadataprocessor[2347:10021] Starting appintentsmetadataprocessor export
2026-10-05 06:21:53.812 appintentsmetadataprocessor[2347:10021] Extracted no relevant App Intents symbols, skipping writing output

SwiftExplicitDependencyGeneratePcm x86_64 /Users/runner/work/hamster-ages/hamster-ages/build/Build/Intermediates.noindex/SwiftExplicitPrecompiledModules/UserMessagingPlatform-CWDRUIV2JY8N7873XLTWIHLEV.pcm

SwiftExplicitDependencyGeneratePcm x86_64 /Users/runner/work/hamster-ages/hamster-ages/build/ModuleCache.noindex/GLKit-2PPHLEZ2LX50YPPMH2EAGSKC6.pcm

SwiftExplicitDependencyGeneratePcm x86_64 /Users/runner/work/hamster-ages/hamster-ages/build/ModuleCache.noindex/ReplayKit-8DQWVW95ZG5AQV97KW6JSFJQ3.pcm

SwiftExplicitDependencyGeneratePcm x86_64 /Users/runner/work/hamster-ages/hamster-ages/build/ModuleCache.noindex/SwiftUI-BEFNX53RSGIOOHV48C0RAUUHY.pcm

SwiftExplicitDependencyGeneratePcm arm64 /Users/runner/work/hamster-ages/hamster-ages/build/ModuleCache.noindex/GLKit-7PWENCKW9HC8AV6YEBWN9S2MW.pcm

SwiftExplicitDependencyGeneratePcm arm64 /Users/runner/work/hamster-ages/hamster-ages/build/ModuleCache.noindex/GameController-4EPU21PVIZCFUJTFIJD2SB5FX.pcm

SwiftExplicitDependencyGeneratePcm arm64 /Users/runner/work/hamster-ages/hamster-ages/build/ModuleCache.noindex/WebKit-6CEXS7W6NCCN4HTCVRFQXEGAG.pcm

SwiftExplicitDependencyGeneratePcm arm64 /Users/runner/work/hamster-ages/hamster-ages/build/ModuleCache.noindex/ReplayKit-243FD4CYVX631B1YDHEKVCY8D.pcm

SwiftExplicitDependencyGeneratePcm arm64 /Users/runner/work/hamster-ages/hamster-ages/build/Build/Intermediates.noindex/SwiftExplicitPrecompiledModules/UserMessagingPlatform-8EGUF3E8SLU57BMMHBFOUE12Y.pcm

SwiftExplicitDependencyGeneratePcm arm64 /Users/runner/work/hamster-ages/hamster-ages/build/ModuleCache.noindex/SceneKit-EF6MJZGZUMJHUWHGRPJSU9QNK.pcm

SwiftExplicitDependencyGeneratePcm arm64 /Users/runner/work/hamster-ages/hamster-ages/build/Build/Intermediates.noindex/SwiftExplicitPrecompiledModules/GoogleMobileAds-C5RBR1B7X8E50W0F8G2FRLMIO.pcm

SwiftExplicitDependencyGeneratePcm arm64 /Users/runner/work/hamster-ages/hamster-ages/build/ModuleCache.noindex/SpriteKit-DOV4D4Y7LH289FZ2MY1WFI3FR.pcm

SwiftExplicitDependencyGeneratePcm x86_64 /Users/runner/work/hamster-ages/hamster-ages/build/ModuleCache.noindex/GameController-5X7PSSLD37BXWTDJSQF1QC96Y.pcm

SwiftExplicitDependencyGeneratePcm x86_64 /Users/runner/work/hamster-ages/hamster-ages/build/ModuleCache.noindex/WebKit-1GUHJPKM3GMRZ8ZSPCCD7S4GK.pcm

SwiftExplicitDependencyGeneratePcm arm64 /Users/runner/work/hamster-ages/hamster-ages/build/ModuleCache.noindex/SwiftUI-EU9B6EGT27EAHADEYKARRWHC3.pcm

SwiftExplicitDependencyGeneratePcm arm64 /Users/runner/work/hamster-ages/hamster-ages/build/ModuleCache.noindex/GameplayKit-AWKN9QKER8YU4URTJZ8JX9PHW.pcm

SwiftExplicitDependencyGeneratePcm x86_64 /Users/runner/work/hamster-ages/hamster-ages/build/ModuleCache.noindex/SpriteKit-600ULKW5XC7C8RMV0RNHG2NL7.pcm

SwiftExplicitDependencyGeneratePcm x86_64 /Users/runner/work/hamster-ages/hamster-ages/build/ModuleCache.noindex/SceneKit-5AIJD1L5QJNBL5IOHHDLK5FCJ.pcm

SwiftExplicitDependencyGeneratePcm x86_64 /Users/runner/work/hamster-ages/hamster-ages/build/Build/Intermediates.noindex/SwiftExplicitPrecompiledModules/GoogleMobileAds-857XR9GKGZN895ZZR56AB3ABG.pcm

SwiftExplicitDependencyGeneratePcm arm64 /Users/runner/work/hamster-ages/hamster-ages/build/ModuleCache.noindex/GameKit-7ZIXXYS6V1YAYFUKOILE1T1DW.pcm

SwiftExplicitDependencyGeneratePcm arm64 /Users/runner/work/hamster-ages/hamster-ages/build/ModuleCache.noindex/StoreKit-CKFLNUT1DIC2B5INZ67H9EIPR.pcm

SwiftExplicitDependencyGeneratePcm x86_64 /Users/runner/work/hamster-ages/hamster-ages/build/ModuleCache.noindex/StoreKit-40JNBQQVN0MCXZFUD65DJQAN0.pcm

SwiftExplicitDependencyGeneratePcm x86_64 /Users/runner/work/hamster-ages/hamster-ages/build/ModuleCache.noindex/GameplayKit-CNH076P6NJIQBAE4ZH84WZ96E.pcm

SwiftEmitModule normal arm64 Emitting\ module\ for\ HamsterAges (in target 'HamsterAges' from project 'HamsterAges')

EmitSwiftModule normal arm64 (in target 'HamsterAges' from project 'HamsterAges')
    cd /Users/runner/work/hamster-ages/hamster-ages
    

SwiftCompile normal arm64 Compiling\ Store.swift,\ BattlePrepView.swift,\ BattleView.swift,\ CampaignMapView.swift,\ DebugArtSheet.swift,\ GeneralsView.swift,\ HomeView.swift,\ PassView.swift,\ QuestsView.swift,\ SettingsView.swift,\ ShopView.swift,\ Theme.swift,\ GeneratedAssetSymbols.swift /Users/runner/work/hamster-ages/hamster-ages/HamsterAges/Services/Store.swift /Users/runner/work/hamster-ages/hamster-ages/HamsterAges/UI/BattlePrepView.swift /Users/runner/work/hamster-ages/hamster-ages/HamsterAges/UI/BattleView.swift /Users/runner/work/hamster-ages/hamster-ages/HamsterAges/UI/CampaignMapView.swift /Users/runner/work/hamster-ages/hamster-ages/HamsterAges/UI/DebugArtSheet.swift /Users/runner/work/hamster-ages/hamster-ages/HamsterAges/UI/GeneralsView.swift /Users/runner/work/hamster-ages/hamster-ages/HamsterAges/UI/HomeView.swift /Users/runner/work/hamster-ages/hamster-ages/HamsterAges/UI/PassView.swift /Users/runner/work/hamster-ages/hamster-ages/HamsterAges/UI/QuestsView.swift /Users/runner/work/hamster-ages/hamster-ages/HamsterAges/UI/SettingsView.swift /Users/runner/work/hamster-ages/hamster-ages/HamsterAges/UI/ShopView.swift /Users/runner/work/hamster-ages/hamster-ages/HamsterAges/UI/Theme.swift /Users/runner/work/hamster-ages/hamster-ages/build/Build/Intermediates.noindex/HamsterAges.build/Debug-iphonesimulator/HamsterAges.build/DerivedSources/GeneratedAssetSymbols.swift (in target 'HamsterAges' from project 'HamsterAges')
SwiftCompile normal arm64 /Users/runner/work/hamster-ages/hamster-ages/HamsterAges/Services/Store.swift (in target 'HamsterAges' from project 'HamsterAges')
    cd /Users/runner/work/hamster-ages/hamster-ages
    

SwiftCompile normal arm64 /Users/runner/work/hamster-ages/hamster-ages/HamsterAges/UI/BattlePrepView.swift (in target 'HamsterAges' from project 'HamsterAges')
    cd /Users/runner/work/hamster-ages/hamster-ages
    

SwiftCompile normal arm64 /Users/runner/work/hamster-ages/hamster-ages/HamsterAges/UI/BattleView.swift (in target 'HamsterAges' from project 'HamsterAges')
    cd /Users/runner/work/hamster-ages/hamster-ages
    

SwiftCompile normal arm64 /Users/runner/work/hamster-ages/hamster-ages/HamsterAges/UI/CampaignMapView.swift (in target 'HamsterAges' from project 'HamsterAges')
    cd /Users/runner/work/hamster-ages/hamster-ages
    

SwiftCompile normal arm64 /Users/runner/work/hamster-ages/hamster-ages/HamsterAges/UI/DebugArtSheet.swift (in target 'HamsterAges' from project 'HamsterAges')
    cd /Users/runner/work/hamster-ages/hamster-ages
    

SwiftCompile normal arm64 /Users/runner/work/hamster-ages/hamster-ages/HamsterAges/UI/GeneralsView.swift (in target 'HamsterAges' from project 'HamsterAges')
    cd /Users/runner/work/hamster-ages/hamster-ages
    

SwiftCompile normal arm64 /Users/runner/work/hamster-ages/hamster-ages/HamsterAges/UI/HomeView.swift (in target 'HamsterAges' from project 'HamsterAges')
    cd /Users/runner/work/hamster-ages/hamster-ages
    

SwiftCompile normal arm64 /Users/runner/work/hamster-ages/hamster-ages/HamsterAges/UI/PassView.swift (in target 'HamsterAges' from project 'HamsterAges')
    cd /Users/runner/work/hamster-ages/hamster-ages
    

SwiftCompile normal arm64 /Users/runner/work/hamster-ages/hamster-ages/HamsterAges/UI/QuestsView.swift (in target 'HamsterAges' from project 'HamsterAges')
    cd /Users/runner/work/hamster-ages/hamster-ages
    

SwiftCompile normal arm64 /Users/runner/work/hamster-ages/hamster-ages/HamsterAges/UI/SettingsView.swift (in target 'HamsterAges' from project 'HamsterAges')
    cd /Users/runner/work/hamster-ages/hamster-ages
    

SwiftCompile normal arm64 /Users/runner/work/hamster-ages/hamster-ages/HamsterAges/UI/ShopView.swift (in target 'HamsterAges' from project 'HamsterAges')
    cd /Users/runner/work/hamster-ages/hamster-ages
    

SwiftCompile normal arm64 /Users/runner/work/hamster-ages/hamster-ages/HamsterAges/UI/Theme.swift (in target 'HamsterAges' from project 'HamsterAges')
    cd /Users/runner/work/hamster-ages/hamster-ages
    

SwiftCompile normal arm64 /Users/runner/work/hamster-ages/hamster-ages/build/Build/Intermediates.noindex/HamsterAges.build/Debug-iphonesimulator/HamsterAges.build/DerivedSources/GeneratedAssetSymbols.swift (in target 'HamsterAges' from project 'HamsterAges')
    cd /Users/runner/work/hamster-ages/hamster-ages
    

SwiftCompile normal arm64 Compiling\ Generals.swift,\ Pass.swift,\ Progress.swift,\ Quests.swift,\ RemoteConfig.swift,\ AdMob.swift,\ Analytics.swift,\ GameCenter.swift,\ Music.swift,\ Notifications.swift,\ Review.swift,\ Services.swift,\ Sound.swift /Users/runner/work/hamster-ages/hamster-ages/HamsterAges/Meta/Generals.swift /Users/runner/work/hamster-ages/hamster-ages/HamsterAges/Meta/Pass.swift /Users/runner/work/hamster-ages/hamster-ages/HamsterAges/Meta/Progress.swift /Users/runner/work/hamster-ages/hamster-ages/HamsterAges/Meta/Quests.swift /Users/runner/work/hamster-ages/hamster-ages/HamsterAges/Meta/RemoteConfig.swift /Users/runner/work/hamster-ages/hamster-ages/HamsterAges/Services/AdMob.swift /Users/runner/work/hamster-ages/hamster-ages/HamsterAges/Services/Analytics.swift /Users/runner/work/hamster-ages/hamster-ages/HamsterAges/Services/GameCenter.swift /Users/runner/work/hamster-ages/hamster-ages/HamsterAges/Services/Music.swift /Users/runner/work/hamster-ages/hamster-ages/HamsterAges/Services/Notifications.swift /Users/runner/work/hamster-ages/hamster-ages/HamsterAges/Services/Review.swift /Users/runner/work/hamster-ages/hamster-ages/HamsterAges/Services/Services.swift /Users/runner/work/hamster-ages/hamster-ages/HamsterAges/Services/Sound.swift (in target 'HamsterAges' from project 'HamsterAges')

SwiftCompile normal arm64 /Users/runner/work/hamster-ages/hamster-ages/HamsterAges/Meta/Generals.swift (in target 'HamsterAges' from project 'HamsterAges')
    cd /Users/runner/work/hamster-ages/hamster-ages
    

SwiftCompile normal arm64 /Users/runner/work/hamster-ages/hamster-ages/HamsterAges/Meta/Pass.swift (in target 'HamsterAges' from project 'HamsterAges')
    cd /Users/runner/work/hamster-ages/hamster-ages
    

SwiftCompile normal arm64 /Users/runner/work/hamster-ages/hamster-ages/HamsterAges/Meta/Progress.swift (in target 'HamsterAges' from project 'HamsterAges')
    cd /Users/runner/work/hamster-ages/hamster-ages
    

SwiftCompile normal arm64 /Users/runner/work/hamster-ages/hamster-ages/HamsterAges/Meta/Quests.swift (in target 'HamsterAges' from project 'HamsterAges')
    cd /Users/runner/work/hamster-ages/hamster-ages
    

SwiftCompile normal arm64 /Users/runner/work/hamster-ages/hamster-ages/HamsterAges/Meta/RemoteConfig.swift (in target 'HamsterAges' from project 'HamsterAges')
    cd /Users/runner/work/hamster-ages/hamster-ages
    

SwiftCompile normal arm64 /Users/runner/work/hamster-ages/hamster-ages/HamsterAges/Services/AdMob.swift (in target 'HamsterAges' from project 'HamsterAges')
    cd /Users/runner/work/hamster-ages/hamster-ages
    

SwiftCompile normal arm64 /Users/runner/work/hamster-ages/hamster-ages/HamsterAges/Services/Analytics.swift (in target 'HamsterAges' from project 'HamsterAges')
    cd /Users/runner/work/hamster-ages/hamster-ages
    

SwiftCompile normal arm64 /Users/runner/work/hamster-ages/hamster-ages/HamsterAges/Services/GameCenter.swift (in target 'HamsterAges' from project 'HamsterAges')
    cd /Users/runner/work/hamster-ages/hamster-ages
    

SwiftCompile normal arm64 /Users/runner/work/hamster-ages/hamster-ages/HamsterAges/Services/Music.swift (in target 'HamsterAges' from project 'HamsterAges')
    cd /Users/runner/work/hamster-ages/hamster-ages
    

SwiftCompile normal arm64 /Users/runner/work/hamster-ages/hamster-ages/HamsterAges/Services/Notifications.swift (in target 'HamsterAges' from project 'HamsterAges')
    cd /Users/runner/work/hamster-ages/hamster-ages
    

SwiftCompile normal arm64 /Users/runner/work/hamster-ages/hamster-ages/HamsterAges/Services/Review.swift (in target 'HamsterAges' from project 'HamsterAges')
    cd /Users/runner/work/hamster-ages/hamster-ages
    

SwiftCompile normal arm64 /Users/runner/work/hamster-ages/hamster-ages/HamsterAges/Services/Services.swift (in target 'HamsterAges' from project 'HamsterAges')
    cd /Users/runner/work/hamster-ages/hamster-ages
    

SwiftCompile normal arm64 /Users/runner/work/hamster-ages/hamster-ages/HamsterAges/Services/Sound.swift (in target 'HamsterAges' from project 'HamsterAges')
    cd /Users/runner/work/hamster-ages/hamster-ages
    

SwiftExplicitDependencyGeneratePcm x86_64 /Users/runner/work/hamster-ages/hamster-ages/build/ModuleCache.noindex/GameKit-90Q4VQHR9LJYQDA1T2FBW3E4T.pcm

SwiftDriverJobDiscovery normal arm64 Emitting module for HamsterAges (in target 'HamsterAges' from project 'HamsterAges')

SwiftDriver\ Compilation\ Requirements HamsterAges normal arm64 com.apple.xcode.tools.swift.compiler (in target 'HamsterAges' from project 'HamsterAges')
    cd /Users/runner/work/hamster-ages/hamster-ages
    builtin-Swift-Compilation-Requirements -- /Applications/Xcode_26.3.app/Contents/Developer/Toolchains/XcodeDefault.xctoolchain/usr/bin/swiftc -module-name HamsterAges -Onone -enforce-exclusivity\=checked @/Users/runner/work/hamster-ages/hamster-ages/build/Build/Intermediates.noindex/HamsterAges.build/Debug-iphonesimulator/HamsterAges.build/Objects-normal/arm64/HamsterAges.SwiftFileList -DDEBUG -Xcc -fmodule-map-file\=/Users/runner/work/hamster-ages/hamster-ages/build/Build/Intermediates.noindex/GeneratedModuleMaps-iphonesimulator/UserMessagingPlatformTarget.modulemap -enable-bare-slash-regex -enable-upcoming-feature DisableOutwardActorInference -enable-upcoming-feature InferSendableFromCaptures -enable-upcoming-feature GlobalActorIsolatedTypesUsability -enable-upcoming-feature InferIsolatedConformances -enable-upcoming-feature NonisolatedNonsendingByDefault -enable-experimental-feature DebugDescriptionMacro -sdk /Applications/Xcode_26.3.app/Contents/Developer/Platforms/iPhoneSimulator.platform/Developer/SDKs/iPhoneSimulator26.2.sdk -target arm64-apple-ios18.0-simulator -g -module-cache-path /Users/runner/work/hamster-ages/hamster-ages/build/ModuleCache.noindex -Xfrontend -serialize-debugging-options -enable-testing -index-store-path /Users/runner/work/hamster-ages/hamster-ages/build/Index.noindex/DataStore -Xcc -D_LIBCPP_HARDENING_MODE\=_LIBCPP_HARDENING_MODE_DEBUG -swift-version 5 -I /Users/runner/work/hamster-ages/hamster-ages/build/Build/Products/Debug-iphonesimulator -F /Users/runner/work/hamster-ages/hamster-ages/build/Build/Products/Debug-iphonesimulator/PackageFrameworks -F /Users/runner/work/hamster-ages/hamster-ages/build/Build/Products/Debug-iphonesimulator/PackageFrameworks -F /Users/runner/work/hamster-ages/hamster-ages/build/Build/Products/Debug-iphonesimulator -emit-localized-strings -emit-localized-strings-path /Users/runner/work/hamster-ages/hamster-ages/build/Build/Intermediates.noindex/HamsterAges.build/Debug-iphonesimulator/HamsterAges.build/Objects-normal/arm64 -c -j3 -enable-batch-mode -incremental -Xcc -ivfsstatcache -Xcc /Users/runner/work/hamster-ages/hamster-ages/build/SDKStatCaches.noindex/iphonesimulator26.2-23C57-dc75598d0054f22ec865fa860f139d72e244bd9a5feaf902f95f61bf06266e52.sdkstatcache -output-file-map /Users/runner/work/hamster-ages/hamster-ages/build/Build/Intermediates.noindex/HamsterAges.build/Debug-iphonesimulator/HamsterAges.build/Objects-normal/arm64/HamsterAges-OutputFileMap.json -use-frontend-parseable-output -save-temps -no-color-diagnostics -explicit-module-build -module-cache-path /Users/runner/work/hamster-ages/hamster-ages/build/Build/Intermediates.noindex/SwiftExplicitPrecompiledModules -clang-scanner-module-cache-path /Users/runner/work/hamster-ages/hamster-ages/build/ModuleCache.noindex -sdk-module-cache-path /Users/runner/work/hamster-ages/hamster-ages/build/ModuleCache.noindex -serialize-diagnostics -emit-dependencies -emit-module -emit-module-path /Users/runner/work/hamster-ages/hamster-ages/build/Build/Intermediates.noindex/HamsterAges.build/Debug-iphonesimulator/HamsterAges.build/Objects-normal/arm64/HamsterAges.swiftmodule -validate-clang-modules-once -clang-build-session-file /Users/runner/work/hamster-ages/hamster-ages/build/ModuleCache.noindex/Session.modulevalidation -Xcc -I/Users/runner/work/hamster-ages/hamster-ages/build/Build/Intermediates.noindex/HamsterAges.build/Debug-iphonesimulator/HamsterAges.build/swift-overrides.hmap -emit-const-values -Xfrontend -const-gather-protocols-file -Xfrontend /Users/runner/work/hamster-ages/hamster-ages/build/Build/Intermediates.noindex/HamsterAges.build/Debug-iphonesimulator/HamsterAges.build/Objects-normal/arm64/HamsterAges_const_extract_protocols.json -Xcc -iquote -Xcc /Users/runner/work/hamster-ages/hamster-ages/build/Build/Intermediates.noindex/HamsterAges.build/Debug-iphonesimulator/HamsterAges.build/HamsterAges-generated-files.hmap -Xcc -I/Users/runner/work/hamster-ages/hamster-ages/build/Build/Intermediates.noindex/HamsterAges.build/Debug-iphonesimulator/HamsterAges.build/HamsterAges-own-target-headers.hmap -Xcc -I/Users/runner/work/hamster-ages/hamster-ages/build/Build/Intermediates.noindex/HamsterAges.build/Debug-iphonesimulator/HamsterAges.build/HamsterAges-all-non-framework-target-headers.hmap -Xcc -ivfsoverlay -Xcc /Users/runner/work/hamster-ages/hamster-ages/build/Build/Intermediates.noindex/HamsterAges.build/Debug-iphonesimulator/HamsterAges-8abf440da93d54cd71606d395a94708e-VFS-iphonesimulator/all-product-headers.yaml -Xcc -iquote -Xcc /Users/runner/work/hamster-ages/hamster-ages/build/Build/Intermediates.noindex/HamsterAges.build/Debug-iphonesimulator/HamsterAges.build/HamsterAges-project-headers.hmap -Xcc -I/Users/runner/work/hamster-ages/hamster-ages/build/SourcePackages/checkouts/swift-package-manager-google-user-messaging-platform/UserMessagingPlatformTarget/include -Xcc -I/Users/runner/work/hamster-ages/hamster-ages/build/Build/Products/Debug-iphonesimulator/include -Xcc -I/Users/runner/work/hamster-ages/hamster-ages/build/Build/Intermediates.noindex/HamsterAges.build/Debug-iphonesimulator/HamsterAges.build/DerivedSources-normal/arm64 -Xcc -I/Users/runner/work/hamster-ages/hamster-ages/build/Build/Intermediates.noindex/HamsterAges.build/Debug-iphonesimulator/HamsterAges.build/DerivedSources/arm64 -Xcc -I/Users/runner/work/hamster-ages/hamster-ages/build/Build/Intermediates.noindex/HamsterAges.build/Debug-iphonesimulator/HamsterAges.build/DerivedSources -Xcc -DDEBUG\=1 -emit-objc-header -emit-objc-header-path /Users/runner/work/hamster-ages/hamster-ages/build/Build/Intermediates.noindex/HamsterAges.build/Debug-iphonesimulator/HamsterAges.build/Objects-normal/arm64/HamsterAges-Swift.h -working-directory /Users/runner/work/hamster-ages/hamster-ages -experimental-emit-module-separately -disable-cmo

SwiftEmitModule normal x86_64 Emitting\ module\ for\ HamsterAges (in target 'HamsterAges' from project 'HamsterAges')

EmitSwiftModule normal x86_64 (in target 'HamsterAges' from project 'HamsterAges')
    cd /Users/runner/work/hamster-ages/hamster-ages
    

Copy /Users/runner/work/hamster-ages/hamster-ages/build/Build/Products/Debug-iphonesimulator/HamsterAges.swiftmodule/arm64-apple-ios-simulator.swiftmodule /Users/runner/work/hamster-ages/hamster-ages/build/Build/Intermediates.noindex/HamsterAges.build/Debug-iphonesimulator/HamsterAges.build/Objects-normal/arm64/HamsterAges.swiftmodule (in target 'HamsterAges' from project 'HamsterAges')
    cd /Users/runner/work/hamster-ages/hamster-ages
    builtin-copy -exclude .DS_Store -exclude CVS -exclude .svn -exclude .git -exclude .hg -resolve-src-symlinks -rename /Users/runner/work/hamster-ages/hamster-ages/build/Build/Intermediates.noindex/HamsterAges.build/Debug-iphonesimulator/HamsterAges.build/Objects-normal/arm64/HamsterAges.swiftmodule /Users/runner/work/hamster-ages/hamster-ages/build/Build/Products/Debug-iphonesimulator/HamsterAges.swiftmodule/arm64-apple-ios-simulator.swiftmodule

SwiftDriverJobDiscovery normal x86_64 Emitting module for HamsterAges (in target 'HamsterAges' from project 'HamsterAges')

SwiftDriver\ Compilation\ Requirements HamsterAges normal x86_64 com.apple.xcode.tools.swift.compiler (in target 'HamsterAges' from project 'HamsterAges')
    cd /Users/runner/work/hamster-ages/hamster-ages
    builtin-Swift-Compilation-Requirements -- /Applications/Xcode_26.3.app/Contents/Developer/Toolchains/XcodeDefault.xctoolchain/usr/bin/swiftc -module-name HamsterAges -Onone -enforce-exclusivity\=checked @/Users/runner/work/hamster-ages/hamster-ages/build/Build/Intermediates.noindex/HamsterAges.build/Debug-iphonesimulator/HamsterAges.build/Objects-normal/x86_64/HamsterAges.SwiftFileList -DDEBUG -Xcc -fmodule-map-file\=/Users/runner/work/hamster-ages/hamster-ages/build/Build/Intermediates.noindex/GeneratedModuleMaps-iphonesimulator/UserMessagingPlatformTarget.modulemap -enable-bare-slash-regex -enable-upcoming-feature DisableOutwardActorInference -enable-upcoming-feature InferSendableFromCaptures -enable-upcoming-feature GlobalActorIsolatedTypesUsability -enable-upcoming-feature InferIsolatedConformances -enable-upcoming-feature NonisolatedNonsendingByDefault -enable-experimental-feature DebugDescriptionMacro -sdk /Applications/Xcode_26.3.app/Contents/Developer/Platforms/iPhoneSimulator.platform/Developer/SDKs/iPhoneSimulator26.2.sdk -target x86_64-apple-ios18.0-simulator -g -module-cache-path /Users/runner/work/hamster-ages/hamster-ages/build/ModuleCache.noindex -Xfrontend -serialize-debugging-options -enable-testing -index-store-path /Users/runner/work/hamster-ages/hamster-ages/build/Index.noindex/DataStore -Xcc -D_LIBCPP_HARDENING_MODE\=_LIBCPP_HARDENING_MODE_DEBUG -swift-version 5 -I /Users/runner/work/hamster-ages/hamster-ages/build/Build/Products/Debug-iphonesimulator -F /Users/runner/work/hamster-ages/hamster-ages/build/Build/Products/Debug-iphonesimulator/PackageFrameworks -F /Users/runner/work/hamster-ages/hamster-ages/build/Build/Products/Debug-iphonesimulator/PackageFrameworks -F /Users/runner/work/hamster-ages/hamster-ages/build/Build/Products/Debug-iphonesimulator -emit-localized-strings -emit-localized-strings-path /Users/runner/work/hamster-ages/hamster-ages/build/Build/Intermediates.noindex/HamsterAges.build/Debug-iphonesimulator/HamsterAges.build/Objects-normal/x86_64 -c -j3 -enable-batch-mode -incremental -Xcc -ivfsstatcache -Xcc /Users/runner/work/hamster-ages/hamster-ages/build/SDKStatCaches.noindex/iphonesimulator26.2-23C57-dc75598d0054f22ec865fa860f139d72e244bd9a5feaf902f95f61bf06266e52.sdkstatcache -output-file-map /Users/runner/work/hamster-ages/hamster-ages/build/Build/Intermediates.noindex/HamsterAges.build/Debug-iphonesimulator/HamsterAges.build/Objects-normal/x86_64/HamsterAges-OutputFileMap.json -use-frontend-parseable-output -save-temps -no-color-diagnostics -explicit-module-build -module-cache-path /Users/runner/work/hamster-ages/hamster-ages/build/Build/Intermediates.noindex/SwiftExplicitPrecompiledModules -clang-scanner-module-cache-path /Users/runner/work/hamster-ages/hamster-ages/build/ModuleCache.noindex -sdk-module-cache-path /Users/runner/work/hamster-ages/hamster-ages/build/ModuleCache.noindex -serialize-diagnostics -emit-dependencies -emit-module -emit-module-path /Users/runner/work/hamster-ages/hamster-ages/build/Build/Intermediates.noindex/HamsterAges.build/Debug-iphonesimulator/HamsterAges.build/Objects-normal/x86_64/HamsterAges.swiftmodule -validate-clang-modules-once -clang-build-session-file /Users/runner/work/hamster-ages/hamster-ages/build/ModuleCache.noindex/Session.modulevalidation -Xcc -I/Users/runner/work/hamster-ages/hamster-ages/build/Build/Intermediates.noindex/HamsterAges.build/Debug-iphonesimulator/HamsterAges.build/swift-overrides.hmap -emit-const-values -Xfrontend -const-gather-protocols-file -Xfrontend /Users/runner/work/hamster-ages/hamster-ages/build/Build/Intermediates.noindex/HamsterAges.build/Debug-iphonesimulator/HamsterAges.build/Objects-normal/x86_64/HamsterAges_const_extract_protocols.json -Xcc -iquote -Xcc /Users/runner/work/hamster-ages/hamster-ages/build/Build/Intermediates.noindex/HamsterAges.build/Debug-iphonesimulator/HamsterAges.build/HamsterAges-generated-files.hmap -Xcc -I/Users/runner/work/hamster-ages/hamster-ages/build/Build/Intermediates.noindex/HamsterAges.build/Debug-iphonesimulator/HamsterAges.build/HamsterAges-own-target-headers.hmap -Xcc -I/Users/runner/work/hamster-ages/hamster-ages/build/Build/Intermediates.noindex/HamsterAges.build/Debug-iphonesimulator/HamsterAges.build/HamsterAges-all-non-framework-target-headers.hmap -Xcc -ivfsoverlay -Xcc /Users/runner/work/hamster-ages/hamster-ages/build/Build/Intermediates.noindex/HamsterAges.build/Debug-iphonesimulator/HamsterAges-8abf440da93d54cd71606d395a94708e-VFS-iphonesimulator/all-product-headers.yaml -Xcc -iquote -Xcc /Users/runner/work/hamster-ages/hamster-ages/build/Build/Intermediates.noindex/HamsterAges.build/Debug-iphonesimulator/HamsterAges.build/HamsterAges-project-headers.hmap -Xcc -I/Users/runner/work/hamster-ages/hamster-ages/build/SourcePackages/checkouts/swift-package-manager-google-user-messaging-platform/UserMessagingPlatformTarget/include -Xcc -I/Users/runner/work/hamster-ages/hamster-ages/build/Build/Products/Debug-iphonesimulator/include -Xcc -I/Users/runner/work/hamster-ages/hamster-ages/build/Build/Intermediates.noindex/HamsterAges.build/Debug-iphonesimulator/HamsterAges.build/DerivedSources-normal/x86_64 -Xcc -I/Users/runner/work/hamster-ages/hamster-ages/build/Build/Intermediates.noindex/HamsterAges.build/Debug-iphonesimulator/HamsterAges.build/DerivedSources/x86_64 -Xcc -I/Users/runner/work/hamster-ages/hamster-ages/build/Build/Intermediates.noindex/HamsterAges.build/Debug-iphonesimulator/HamsterAges.build/DerivedSources -Xcc -DDEBUG\=1 -emit-objc-header -emit-objc-header-path /Users/runner/work/hamster-ages/hamster-ages/build/Build/Intermediates.noindex/HamsterAges.build/Debug-iphonesimulator/HamsterAges.build/Objects-normal/x86_64/HamsterAges-Swift.h -working-directory /Users/runner/work/hamster-ages/hamster-ages -experimental-emit-module-separately -disable-cmo

Copy /Users/runner/work/hamster-ages/hamster-ages/build/Build/Products/Debug-iphonesimulator/HamsterAges.swiftmodule/arm64-apple-ios-simulator.swiftdoc /Users/runner/work/hamster-ages/hamster-ages/build/Build/Intermediates.noindex/HamsterAges.build/Debug-iphonesimulator/HamsterAges.build/Objects-normal/arm64/HamsterAges.swiftdoc (in target 'HamsterAges' from project 'HamsterAges')
    cd /Users/runner/work/hamster-ages/hamster-ages
    builtin-copy -exclude .DS_Store -exclude CVS -exclude .svn -exclude .git -exclude .hg -resolve-src-symlinks -rename /Users/runner/work/hamster-ages/hamster-ages/build/Build/Intermediates.noindex/HamsterAges.build/Debug-iphonesimulator/HamsterAges.build/Objects-normal/arm64/HamsterAges.swiftdoc /Users/runner/work/hamster-ages/hamster-ages/build/Build/Products/Debug-iphonesimulator/HamsterAges.swiftmodule/arm64-apple-ios-simulator.swiftdoc

Copy /Users/runner/work/hamster-ages/hamster-ages/build/Build/Products/Debug-iphonesimulator/HamsterAges.swiftmodule/arm64-apple-ios-simulator.abi.json /Users/runner/work/hamster-ages/hamster-ages/build/Build/Intermediates.noindex/HamsterAges.build/Debug-iphonesimulator/HamsterAges.build/Objects-normal/arm64/HamsterAges.abi.json (in target 'HamsterAges' from project 'HamsterAges')
    cd /Users/runner/work/hamster-ages/hamster-ages
    builtin-copy -exclude .DS_Store -exclude CVS -exclude .svn -exclude .git -exclude .hg -resolve-src-symlinks -rename /Users/runner/work/hamster-ages/hamster-ages/build/Build/Intermediates.noindex/HamsterAges.build/Debug-iphonesimulator/HamsterAges.build/Objects-normal/arm64/HamsterAges.abi.json /Users/runner/work/hamster-ages/hamster-ages/build/Build/Products/Debug-iphonesimulator/HamsterAges.swiftmodule/arm64-apple-ios-simulator.abi.json

SwiftMergeGeneratedHeaders /Users/runner/work/hamster-ages/hamster-ages/build/Build/Intermediates.noindex/HamsterAges.build/Debug-iphonesimulator/HamsterAges.build/DerivedSources/HamsterAges-Swift.h /Users/runner/work/hamster-ages/hamster-ages/build/Build/Intermediates.noindex/HamsterAges.build/Debug-iphonesimulator/HamsterAges.build/Objects-normal/arm64/HamsterAges-Swift.h /Users/runner/work/hamster-ages/hamster-ages/build/Build/Intermediates.noindex/HamsterAges.build/Debug-iphonesimulator/HamsterAges.build/Objects-normal/x86_64/HamsterAges-Swift.h (in target 'HamsterAges' from project 'HamsterAges')
    cd /Users/runner/work/hamster-ages/hamster-ages
    builtin-swiftHeaderTool -arch arm64 /Users/runner/work/hamster-ages/hamster-ages/build/Build/Intermediates.noindex/HamsterAges.build/Debug-iphonesimulator/HamsterAges.build/Objects-normal/arm64/HamsterAges-Swift.h -arch x86_64 /Users/runner/work/hamster-ages/hamster-ages/build/Build/Intermediates.noindex/HamsterAges.build/Debug-iphonesimulator/HamsterAges.build/Objects-normal/x86_64/HamsterAges-Swift.h -o /Users/runner/work/hamster-ages/hamster-ages/build/Build/Intermediates.noindex/HamsterAges.build/Debug-iphonesimulator/HamsterAges.build/DerivedSources/HamsterAges-Swift.h

Copy /Users/runner/work/hamster-ages/hamster-ages/build/Build/Products/Debug-iphonesimulator/HamsterAges.swiftmodule/x86_64-apple-ios-simulator.swiftmodule /Users/runner/work/hamster-ages/hamster-ages/build/Build/Intermediates.noindex/HamsterAges.build/Debug-iphonesimulator/HamsterAges.build/Objects-normal/x86_64/HamsterAges.swiftmodule (in target 'HamsterAges' from project 'HamsterAges')
    cd /Users/runner/work/hamster-ages/hamster-ages
    builtin-copy -exclude .DS_Store -exclude CVS -exclude .svn -exclude .git -exclude .hg -resolve-src-symlinks -rename /Users/runner/work/hamster-ages/hamster-ages/build/Build/Intermediates.noindex/HamsterAges.build/Debug-iphonesimulator/HamsterAges.build/Objects-normal/x86_64/HamsterAges.swiftmodule /Users/runner/work/hamster-ages/hamster-ages/build/Build/Products/Debug-iphonesimulator/HamsterAges.swiftmodule/x86_64-apple-ios-simulator.swiftmodule

Copy /Users/runner/work/hamster-ages/hamster-ages/build/Build/Products/Debug-iphonesimulator/HamsterAges.swiftmodule/x86_64-apple-ios-simulator.swiftdoc /Users/runner/work/hamster-ages/hamster-ages/build/Build/Intermediates.noindex/HamsterAges.build/Debug-iphonesimulator/HamsterAges.build/Objects-normal/x86_64/HamsterAges.swiftdoc (in target 'HamsterAges' from project 'HamsterAges')
    cd /Users/runner/work/hamster-ages/hamster-ages
    builtin-copy -exclude .DS_Store -exclude CVS -exclude .svn -exclude .git -exclude .hg -resolve-src-symlinks -rename /Users/runner/work/hamster-ages/hamster-ages/build/Build/Intermediates.noindex/HamsterAges.build/Debug-iphonesimulator/HamsterAges.build/Objects-normal/x86_64/HamsterAges.swiftdoc /Users/runner/work/hamster-ages/hamster-ages/build/Build/Products/Debug-iphonesimulator/HamsterAges.swiftmodule/x86_64-apple-ios-simulator.swiftdoc

Copy /Users/runner/work/hamster-ages/hamster-ages/build/Build/Products/Debug-iphonesimulator/HamsterAges.swiftmodule/x86_64-apple-ios-simulator.abi.json /Users/runner/work/hamster-ages/hamster-ages/build/Build/Intermediates.noindex/HamsterAges.build/Debug-iphonesimulator/HamsterAges.build/Objects-normal/x86_64/HamsterAges.abi.json (in target 'HamsterAges' from project 'HamsterAges')
    cd /Users/runner/work/hamster-ages/hamster-ages
    builtin-copy -exclude .DS_Store -exclude CVS -exclude .svn -exclude .git -exclude .hg -resolve-src-symlinks -rename /Users/runner/work/hamster-ages/hamster-ages/build/Build/Intermediates.noindex/HamsterAges.build/Debug-iphonesimulator/HamsterAges.build/Objects-normal/x86_64/HamsterAges.abi.json /Users/runner/work/hamster-ages/hamster-ages/build/Build/Products/Debug-iphonesimulator/HamsterAges.swiftmodule/x86_64-apple-ios-simulator.abi.json

Copy /Users/runner/work/hamster-ages/hamster-ages/build/Build/Products/Debug-iphonesimulator/HamsterAges.swiftmodule/Project/x86_64-apple-ios-simulator.swiftsourceinfo /Users/runner/work/hamster-ages/hamster-ages/build/Build/Intermediates.noindex/HamsterAges.build/Debug-iphonesimulator/HamsterAges.build/Objects-normal/x86_64/HamsterAges.swiftsourceinfo (in target 'HamsterAges' from project 'HamsterAges')
    cd /Users/runner/work/hamster-ages/hamster-ages
    builtin-copy -exclude .DS_Store -exclude CVS -exclude .svn -exclude .git -exclude .hg -resolve-src-symlinks -rename /Users/runner/work/hamster-ages/hamster-ages/build/Build/Intermediates.noindex/HamsterAges.build/Debug-iphonesimulator/HamsterAges.build/Objects-normal/x86_64/HamsterAges.swiftsourceinfo /Users/runner/work/hamster-ages/hamster-ages/build/Build/Products/Debug-iphonesimulator/HamsterAges.swiftmodule/Project/x86_64-apple-ios-simulator.swiftsourceinfo

Copy /Users/runner/work/hamster-ages/hamster-ages/build/Build/Products/Debug-iphonesimulator/HamsterAges.swiftmodule/Project/arm64-apple-ios-simulator.swiftsourceinfo /Users/runner/work/hamster-ages/hamster-ages/build/Build/Intermediates.noindex/HamsterAges.build/Debug-iphonesimulator/HamsterAges.build/Objects-normal/arm64/HamsterAges.swiftsourceinfo (in target 'HamsterAges' from project 'HamsterAges')
    cd /Users/runner/work/hamster-ages/hamster-ages
    builtin-copy -exclude .DS_Store -exclude CVS -exclude .svn -exclude .git -exclude .hg -resolve-src-symlinks -rename /Users/runner/work/hamster-ages/hamster-ages/build/Build/Intermediates.noindex/HamsterAges.build/Debug-iphonesimulator/HamsterAges.build/Objects-normal/arm64/HamsterAges.swiftsourceinfo /Users/runner/work/hamster-ages/hamster-ages/build/Build/Products/Debug-iphonesimulator/HamsterAges.swiftmodule/Project/arm64-apple-ios-simulator.swiftsourceinfo

SwiftCompile normal x86_64 Compiling\ Store.swift,\ BattlePrepView.swift,\ BattleView.swift,\ CampaignMapView.swift,\ DebugArtSheet.swift,\ GeneralsView.swift,\ HomeView.swift,\ PassView.swift,\ QuestsView.swift,\ SettingsView.swift,\ ShopView.swift,\ Theme.swift,\ GeneratedAssetSymbols.swift /Users/runner/work/hamster-ages/hamster-ages/HamsterAges/Services/Store.swift /Users/runner/work/hamster-ages/hamster-ages/HamsterAges/UI/BattlePrepView.swift /Users/runner/work/hamster-ages/hamster-ages/HamsterAges/UI/BattleView.swift /Users/runner/work/hamster-ages/hamster-ages/HamsterAges/UI/CampaignMapView.swift /Users/runner/work/hamster-ages/hamster-ages/HamsterAges/UI/DebugArtSheet.swift /Users/runner/work/hamster-ages/hamster-ages/HamsterAges/UI/GeneralsView.swift /Users/runner/work/hamster-ages/hamster-ages/HamsterAges/UI/HomeView.swift /Users/runner/work/hamster-ages/hamster-ages/HamsterAges/UI/PassView.swift /Users/runner/work/hamster-ages/hamster-ages/HamsterAges/UI/QuestsView.swift /Users/runner/work/hamster-ages/hamster-ages/HamsterAges/UI/SettingsView.swift /Users/runner/work/hamster-ages/hamster-ages/HamsterAges/UI/ShopView.swift /Users/runner/work/hamster-ages/hamster-ages/HamsterAges/UI/Theme.swift /Users/runner/work/hamster-ages/hamster-ages/build/Build/Intermediates.noindex/HamsterAges.build/Debug-iphonesimulator/HamsterAges.build/DerivedSources/GeneratedAssetSymbols.swift (in target 'HamsterAges' from project 'HamsterAges')
SwiftCompile normal x86_64 /Users/runner/work/hamster-ages/hamster-ages/HamsterAges/Services/Store.swift (in target 'HamsterAges' from project 'HamsterAges')
    cd /Users/runner/work/hamster-ages/hamster-ages
    

SwiftCompile normal x86_64 /Users/runner/work/hamster-ages/hamster-ages/HamsterAges/UI/BattlePrepView.swift (in target 'HamsterAges' from project 'HamsterAges')
    cd /Users/runner/work/hamster-ages/hamster-ages
    

SwiftCompile normal x86_64 /Users/runner/work/hamster-ages/hamster-ages/HamsterAges/UI/BattleView.swift (in target 'HamsterAges' from project 'HamsterAges')
    cd /Users/runner/work/hamster-ages/hamster-ages
    

SwiftCompile normal x86_64 /Users/runner/work/hamster-ages/hamster-ages/HamsterAges/UI/CampaignMapView.swift (in target 'HamsterAges' from project 'HamsterAges')
    cd /Users/runner/work/hamster-ages/hamster-ages
    

SwiftCompile normal x86_64 /Users/runner/work/hamster-ages/hamster-ages/HamsterAges/UI/DebugArtSheet.swift (in target 'HamsterAges' from project 'HamsterAges')
    cd /Users/runner/work/hamster-ages/hamster-ages
    

SwiftCompile normal x86_64 /Users/runner/work/hamster-ages/hamster-ages/HamsterAges/UI/GeneralsView.swift (in target 'HamsterAges' from project 'HamsterAges')
    cd /Users/runner/work/hamster-ages/hamster-ages
    

SwiftCompile normal x86_64 /Users/runner/work/hamster-ages/hamster-ages/HamsterAges/UI/HomeView.swift (in target 'HamsterAges' from project 'HamsterAges')
    cd /Users/runner/work/hamster-ages/hamster-ages
    

SwiftCompile normal x86_64 /Users/runner/work/hamster-ages/hamster-ages/HamsterAges/UI/PassView.swift (in target 'HamsterAges' from project 'HamsterAges')
    cd /Users/runner/work/hamster-ages/hamster-ages
    

SwiftCompile normal x86_64 /Users/runner/work/hamster-ages/hamster-ages/HamsterAges/UI/QuestsView.swift (in target 'HamsterAges' from project 'HamsterAges')
    cd /Users/runner/work/hamster-ages/hamster-ages
    

SwiftCompile normal x86_64 /Users/runner/work/hamster-ages/hamster-ages/HamsterAges/UI/SettingsView.swift (in target 'HamsterAges' from project 'HamsterAges')
    cd /Users/runner/work/hamster-ages/hamster-ages
    

SwiftCompile normal x86_64 /Users/runner/work/hamster-ages/hamster-ages/HamsterAges/UI/ShopView.swift (in target 'HamsterAges' from project 'HamsterAges')
    cd /Users/runner/work/hamster-ages/hamster-ages
    

SwiftCompile normal x86_64 /Users/runner/work/hamster-ages/hamster-ages/HamsterAges/UI/Theme.swift (in target 'HamsterAges' from project 'HamsterAges')
    cd /Users/runner/work/hamster-ages/hamster-ages
    

SwiftCompile normal x86_64 /Users/runner/work/hamster-ages/hamster-ages/build/Build/Intermediates.noindex/HamsterAges.build/Debug-iphonesimulator/HamsterAges.build/DerivedSources/GeneratedAssetSymbols.swift (in target 'HamsterAges' from project 'HamsterAges')
    cd /Users/runner/work/hamster-ages/hamster-ages
    

SwiftCompile normal x86_64 Compiling\ HamsterAgesApp.swift,\ ArtFactory.swift,\ BattleController.swift,\ BattleScene.swift,\ Tutorial.swift,\ BalanceHarness.swift,\ BattleAI.swift,\ BattleSimulation.swift,\ Cards.swift,\ GameConfig.swift,\ L10n.swift,\ Rats.swift,\ Variants.swift /Users/runner/work/hamster-ages/hamster-ages/HamsterAges/App/HamsterAgesApp.swift /Users/runner/work/hamster-ages/hamster-ages/HamsterAges/Battle/ArtFactory.swift /Users/runner/work/hamster-ages/hamster-ages/HamsterAges/Battle/BattleController.swift /Users/runner/work/hamster-ages/hamster-ages/HamsterAges/Battle/BattleScene.swift /Users/runner/work/hamster-ages/hamster-ages/HamsterAges/Battle/Tutorial.swift /Users/runner/work/hamster-ages/hamster-ages/HamsterAges/Core/BalanceHarness.swift /Users/runner/work/hamster-ages/hamster-ages/HamsterAges/Core/BattleAI.swift /Users/runner/work/hamster-ages/hamster-ages/HamsterAges/Core/BattleSimulation.swift /Users/runner/work/hamster-ages/hamster-ages/HamsterAges/Core/Cards.swift /Users/runner/work/hamster-ages/hamster-ages/HamsterAges/Core/GameConfig.swift /Users/runner/work/hamster-ages/hamster-ages/HamsterAges/Core/L10n.swift /Users/runner/work/hamster-ages/hamster-ages/HamsterAges/Core/Rats.swift /Users/runner/work/hamster-ages/hamster-ages/HamsterAges/Core/Variants.swift (in target 'HamsterAges' from project 'HamsterAges')

SwiftCompile normal x86_64 /Users/runner/work/hamster-ages/hamster-ages/HamsterAges/App/HamsterAgesApp.swift (in target 'HamsterAges' from project 'HamsterAges')
    cd /Users/runner/work/hamster-ages/hamster-ages
    

SwiftCompile normal x86_64 /Users/runner/work/hamster-ages/hamster-ages/HamsterAges/Battle/ArtFactory.swift (in target 'HamsterAges' from project 'HamsterAges')
    cd /Users/runner/work/hamster-ages/hamster-ages
    

SwiftCompile normal x86_64 /Users/runner/work/hamster-ages/hamster-ages/HamsterAges/Battle/BattleController.swift (in target 'HamsterAges' from project 'HamsterAges')
    cd /Users/runner/work/hamster-ages/hamster-ages
    

SwiftCompile normal x86_64 /Users/runner/work/hamster-ages/hamster-ages/HamsterAges/Battle/BattleScene.swift (in target 'HamsterAges' from project 'HamsterAges')
    cd /Users/runner/work/hamster-ages/hamster-ages
    

SwiftCompile normal x86_64 /Users/runner/work/hamster-ages/hamster-ages/HamsterAges/Battle/Tutorial.swift (in target 'HamsterAges' from project 'HamsterAges')
    cd /Users/runner/work/hamster-ages/hamster-ages
    

SwiftCompile normal x86_64 /Users/runner/work/hamster-ages/hamster-ages/HamsterAges/Core/BalanceHarness.swift (in target 'HamsterAges' from project 'HamsterAges')
    cd /Users/runner/work/hamster-ages/hamster-ages
    

SwiftCompile normal x86_64 /Users/runner/work/hamster-ages/hamster-ages/HamsterAges/Core/BattleAI.swift (in target 'HamsterAges' from project 'HamsterAges')
    cd /Users/runner/work/hamster-ages/hamster-ages
    

SwiftCompile normal x86_64 /Users/runner/work/hamster-ages/hamster-ages/HamsterAges/Core/BattleSimulation.swift (in target 'HamsterAges' from project 'HamsterAges')
    cd /Users/runner/work/hamster-ages/hamster-ages
    

SwiftCompile normal x86_64 /Users/runner/work/hamster-ages/hamster-ages/HamsterAges/Core/Cards.swift (in target 'HamsterAges' from project 'HamsterAges')
    cd /Users/runner/work/hamster-ages/hamster-ages
    

SwiftCompile normal x86_64 /Users/runner/work/hamster-ages/hamster-ages/HamsterAges/Core/GameConfig.swift (in target 'HamsterAges' from project 'HamsterAges')
    cd /Users/runner/work/hamster-ages/hamster-ages
    

SwiftCompile normal x86_64 /Users/runner/work/hamster-ages/hamster-ages/HamsterAges/Core/L10n.swift (in target 'HamsterAges' from project 'HamsterAges')
    cd /Users/runner/work/hamster-ages/hamster-ages
    

SwiftCompile normal x86_64 /Users/runner/work/hamster-ages/hamster-ages/HamsterAges/Core/Rats.swift (in target 'HamsterAges' from project 'HamsterAges')
    cd /Users/runner/work/hamster-ages/hamster-ages
    

SwiftCompile normal x86_64 /Users/runner/work/hamster-ages/hamster-ages/HamsterAges/Core/Variants.swift (in target 'HamsterAges' from project 'HamsterAges')
    cd /Users/runner/work/hamster-ages/hamster-ages
    

SwiftDriverJobDiscovery normal arm64 Compiling Generals.swift, Pass.swift, Progress.swift, Quests.swift, RemoteConfig.swift, AdMob.swift, Analytics.swift, GameCenter.swift, Music.swift, Notifications.swift, Review.swift, Services.swift, Sound.swift (in target 'HamsterAges' from project 'HamsterAges')

SwiftCompile normal x86_64 Compiling\ Generals.swift,\ Pass.swift,\ Progress.swift,\ Quests.swift,\ RemoteConfig.swift,\ AdMob.swift,\ Analytics.swift,\ GameCenter.swift,\ Music.swift,\ Notifications.swift,\ Review.swift,\ Services.swift,\ Sound.swift /Users/runner/work/hamster-ages/hamster-ages/HamsterAges/Meta/Generals.swift /Users/runner/work/hamster-ages/hamster-ages/HamsterAges/Meta/Pass.swift /Users/runner/work/hamster-ages/hamster-ages/HamsterAges/Meta/Progress.swift /Users/runner/work/hamster-ages/hamster-ages/HamsterAges/Meta/Quests.swift /Users/runner/work/hamster-ages/hamster-ages/HamsterAges/Meta/RemoteConfig.swift /Users/runner/work/hamster-ages/hamster-ages/HamsterAges/Services/AdMob.swift /Users/runner/work/hamster-ages/hamster-ages/HamsterAges/Services/Analytics.swift /Users/runner/work/hamster-ages/hamster-ages/HamsterAges/Services/GameCenter.swift /Users/runner/work/hamster-ages/hamster-ages/HamsterAges/Services/Music.swift /Users/runner/work/hamster-ages/hamster-ages/HamsterAges/Services/Notifications.swift /Users/runner/work/hamster-ages/hamster-ages/HamsterAges/Services/Review.swift /Users/runner/work/hamster-ages/hamster-ages/HamsterAges/Services/Services.swift /Users/runner/work/hamster-ages/hamster-ages/HamsterAges/Services/Sound.swift (in target 'HamsterAges' from project 'HamsterAges')
SwiftCompile normal x86_64 /Users/runner/work/hamster-ages/hamster-ages/HamsterAges/Meta/Generals.swift (in target 'HamsterAges' from project 'HamsterAges')
    cd /Users/runner/work/hamster-ages/hamster-ages
    

SwiftCompile normal x86_64 /Users/runner/work/hamster-ages/hamster-ages/HamsterAges/Meta/Pass.swift (in target 'HamsterAges' from project 'HamsterAges')
    cd /Users/runner/work/hamster-ages/hamster-ages
    

SwiftCompile normal x86_64 /Users/runner/work/hamster-ages/hamster-ages/HamsterAges/Meta/Progress.swift (in target 'HamsterAges' from project 'HamsterAges')
    cd /Users/runner/work/hamster-ages/hamster-ages
    

SwiftCompile normal x86_64 /Users/runner/work/hamster-ages/hamster-ages/HamsterAges/Meta/Quests.swift (in target 'HamsterAges' from project 'HamsterAges')
    cd /Users/runner/work/hamster-ages/hamster-ages
    

SwiftCompile normal x86_64 /Users/runner/work/hamster-ages/hamster-ages/HamsterAges/Meta/RemoteConfig.swift (in target 'HamsterAges' from project 'HamsterAges')
    cd /Users/runner/work/hamster-ages/hamster-ages
    

SwiftCompile normal x86_64 /Users/runner/work/hamster-ages/hamster-ages/HamsterAges/Services/AdMob.swift (in target 'HamsterAges' from project 'HamsterAges')
    cd /Users/runner/work/hamster-ages/hamster-ages
    

SwiftCompile normal x86_64 /Users/runner/work/hamster-ages/hamster-ages/HamsterAges/Services/Analytics.swift (in target 'HamsterAges' from project 'HamsterAges')
    cd /Users/runner/work/hamster-ages/hamster-ages
    

SwiftCompile normal x86_64 /Users/runner/work/hamster-ages/hamster-ages/HamsterAges/Services/GameCenter.swift (in target 'HamsterAges' from project 'HamsterAges')
    cd /Users/runner/work/hamster-ages/hamster-ages
    

SwiftCompile normal x86_64 /Users/runner/work/hamster-ages/hamster-ages/HamsterAges/Services/Music.swift (in target 'HamsterAges' from project 'HamsterAges')
    cd /Users/runner/work/hamster-ages/hamster-ages
    

SwiftCompile normal x86_64 /Users/runner/work/hamster-ages/hamster-ages/HamsterAges/Services/Notifications.swift (in target 'HamsterAges' from project 'HamsterAges')
    cd /Users/runner/work/hamster-ages/hamster-ages
    

SwiftCompile normal x86_64 /Users/runner/work/hamster-ages/hamster-ages/HamsterAges/Services/Review.swift (in target 'HamsterAges' from project 'HamsterAges')
    cd /Users/runner/work/hamster-ages/hamster-ages
    

SwiftCompile normal x86_64 /Users/runner/work/hamster-ages/hamster-ages/HamsterAges/Services/Services.swift (in target 'HamsterAges' from project 'HamsterAges')
    cd /Users/runner/work/hamster-ages/hamster-ages
    

SwiftCompile normal x86_64 /Users/runner/work/hamster-ages/hamster-ages/HamsterAges/Services/Sound.swift (in target 'HamsterAges' from project 'HamsterAges')
    cd /Users/runner/work/hamster-ages/hamster-ages
    

SwiftDriverJobDiscovery normal x86_64 Compiling HamsterAgesApp.swift, ArtFactory.swift, BattleController.swift, BattleScene.swift, Tutorial.swift, BalanceHarness.swift, BattleAI.swift, BattleSimulation.swift, Cards.swift, GameConfig.swift, L10n.swift, Rats.swift, Variants.swift (in target 'HamsterAges' from project 'HamsterAges')

SwiftCompile normal arm64 Compiling\ HamsterAgesApp.swift,\ ArtFactory.swift,\ BattleController.swift,\ BattleScene.swift,\ Tutorial.swift,\ BalanceHarness.swift,\ BattleAI.swift,\ BattleSimulation.swift,\ Cards.swift,\ GameConfig.swift,\ L10n.swift,\ Rats.swift,\ Variants.swift /Users/runner/work/hamster-ages/hamster-ages/HamsterAges/App/HamsterAgesApp.swift /Users/runner/work/hamster-ages/hamster-ages/HamsterAges/Battle/ArtFactory.swift /Users/runner/work/hamster-ages/hamster-ages/HamsterAges/Battle/BattleController.swift /Users/runner/work/hamster-ages/hamster-ages/HamsterAges/Battle/BattleScene.swift /Users/runner/work/hamster-ages/hamster-ages/HamsterAges/Battle/Tutorial.swift /Users/runner/work/hamster-ages/hamster-ages/HamsterAges/Core/BalanceHarness.swift /Users/runner/work/hamster-ages/hamster-ages/HamsterAges/Core/BattleAI.swift /Users/runner/work/hamster-ages/hamster-ages/HamsterAges/Core/BattleSimulation.swift /Users/runner/work/hamster-ages/hamster-ages/HamsterAges/Core/Cards.swift /Users/runner/work/hamster-ages/hamster-ages/HamsterAges/Core/GameConfig.swift /Users/runner/work/hamster-ages/hamster-ages/HamsterAges/Core/L10n.swift /Users/runner/work/hamster-ages/hamster-ages/HamsterAges/Core/Rats.swift /Users/runner/work/hamster-ages/hamster-ages/HamsterAges/Core/Variants.swift (in target 'HamsterAges' from project 'HamsterAges')
SwiftCompile normal arm64 /Users/runner/work/hamster-ages/hamster-ages/HamsterAges/App/HamsterAgesApp.swift (in target 'HamsterAges' from project 'HamsterAges')
    cd /Users/runner/work/hamster-ages/hamster-ages
    

SwiftCompile normal arm64 /Users/runner/work/hamster-ages/hamster-ages/HamsterAges/Battle/ArtFactory.swift (in target 'HamsterAges' from project 'HamsterAges')
    cd /Users/runner/work/hamster-ages/hamster-ages
    

SwiftCompile normal arm64 /Users/runner/work/hamster-ages/hamster-ages/HamsterAges/Battle/BattleController.swift (in target 'HamsterAges' from project 'HamsterAges')
    cd /Users/runner/work/hamster-ages/hamster-ages
    

SwiftCompile normal arm64 /Users/runner/work/hamster-ages/hamster-ages/HamsterAges/Battle/BattleScene.swift (in target 'HamsterAges' from project 'HamsterAges')
    cd /Users/runner/work/hamster-ages/hamster-ages
    

SwiftCompile normal arm64 /Users/runner/work/hamster-ages/hamster-ages/HamsterAges/Battle/Tutorial.swift (in target 'HamsterAges' from project 'HamsterAges')
    cd /Users/runner/work/hamster-ages/hamster-ages
    

SwiftCompile normal arm64 /Users/runner/work/hamster-ages/hamster-ages/HamsterAges/Core/BalanceHarness.swift (in target 'HamsterAges' from project 'HamsterAges')
    cd /Users/runner/work/hamster-ages/hamster-ages
    

SwiftCompile normal arm64 /Users/runner/work/hamster-ages/hamster-ages/HamsterAges/Core/BattleAI.swift (in target 'HamsterAges' from project 'HamsterAges')
    cd /Users/runner/work/hamster-ages/hamster-ages
    

SwiftCompile normal arm64 /Users/runner/work/hamster-ages/hamster-ages/HamsterAges/Core/BattleSimulation.swift (in target 'HamsterAges' from project 'HamsterAges')
    cd /Users/runner/work/hamster-ages/hamster-ages
    

SwiftCompile normal arm64 /Users/runner/work/hamster-ages/hamster-ages/HamsterAges/Core/Cards.swift (in target 'HamsterAges' from project 'HamsterAges')
    cd /Users/runner/work/hamster-ages/hamster-ages
    

SwiftCompile normal arm64 /Users/runner/work/hamster-ages/hamster-ages/HamsterAges/Core/GameConfig.swift (in target 'HamsterAges' from project 'HamsterAges')
    cd /Users/runner/work/hamster-ages/hamster-ages
    

SwiftCompile normal arm64 /Users/runner/work/hamster-ages/hamster-ages/HamsterAges/Core/L10n.swift (in target 'HamsterAges' from project 'HamsterAges')
    cd /Users/runner/work/hamster-ages/hamster-ages
    

SwiftCompile normal arm64 /Users/runner/work/hamster-ages/hamster-ages/HamsterAges/Core/Rats.swift (in target 'HamsterAges' from project 'HamsterAges')
    cd /Users/runner/work/hamster-ages/hamster-ages
    

SwiftCompile normal arm64 /Users/runner/work/hamster-ages/hamster-ages/HamsterAges/Core/Variants.swift (in target 'HamsterAges' from project 'HamsterAges')
    cd /Users/runner/work/hamster-ages/hamster-ages
    

SwiftDriverJobDiscovery normal arm64 Compiling Store.swift, BattlePrepView.swift, BattleView.swift, CampaignMapView.swift, DebugArtSheet.swift, GeneralsView.swift, HomeView.swift, PassView.swift, QuestsView.swift, SettingsView.swift, ShopView.swift, Theme.swift, GeneratedAssetSymbols.swift (in target 'HamsterAges' from project 'HamsterAges')

SwiftDriverJobDiscovery normal x86_64 Compiling Store.swift, BattlePrepView.swift, BattleView.swift, CampaignMapView.swift, DebugArtSheet.swift, GeneralsView.swift, HomeView.swift, PassView.swift, QuestsView.swift, SettingsView.swift, ShopView.swift, Theme.swift, GeneratedAssetSymbols.swift (in target 'HamsterAges' from project 'HamsterAges')

RegisterExecutionPolicyException /Users/runner/work/hamster-ages/hamster-ages/build/Build/Products/Debug-iphonesimulator/GoogleMobileAdsTarget.o (in target 'GoogleMobileAdsTarget' from project 'GoogleMobileAds')
    cd /Users/runner/work/hamster-ages/hamster-ages/build/SourcePackages/checkouts/swift-package-manager-google-mobile-ads
    builtin-RegisterExecutionPolicyException /Users/runner/work/hamster-ages/hamster-ages/build/Build/Products/Debug-iphonesimulator/GoogleMobileAdsTarget.o

Ld /Users/runner/work/hamster-ages/hamster-ages/build/Build/Intermediates.noindex/HamsterAges.build/Debug-iphonesimulator/HamsterAges.build/Objects-normal/x86_64/Binary/__preview.dylib normal x86_64 (in target 'HamsterAges' from project 'HamsterAges')
    cd /Users/runner/work/hamster-ages/hamster-ages
    /Applications/Xcode_26.3.app/Contents/Developer/Toolchains/XcodeDefault.xctoolchain/usr/bin/clang -Xlinker -reproducible -target x86_64-apple-ios18.0-simulator -dynamiclib -isysroot /Applications/Xcode_26.3.app/Contents/Developer/Platforms/iPhoneSimulator.platform/Developer/SDKs/iPhoneSimulator26.2.sdk -O0 -L/Users/runner/work/hamster-ages/hamster-ages/build/Build/Products/Debug-iphonesimulator -F/Users/runner/work/hamster-ages/hamster-ages/build/Build/Products/Debug-iphonesimulator/PackageFrameworks -F/Users/runner/work/hamster-ages/hamster-ages/build/Build/Products/Debug-iphonesimulator/PackageFrameworks -F/Users/runner/work/hamster-ages/hamster-ages/build/Build/Products/Debug-iphonesimulator -install_name @rpath/HamsterAges.debug.dylib -dead_strip -rdynamic -Xlinker -no_deduplicate -Xlinker -objc_abi_version -Xlinker 2 -Xlinker -dependency_info -Xlinker /Users/runner/work/hamster-ages/hamster-ages/build/Build/Intermediates.noindex/HamsterAges.build/Debug-iphonesimulator/HamsterAges.build/Objects-normal/x86_64/HamsterAges_dependency_info.dat -o /Users/runner/work/hamster-ages/hamster-ages/build/Build/Intermediates.noindex/HamsterAges.build/Debug-iphonesimulator/HamsterAges.build/Objects-normal/x86_64/Binary/__preview.dylib

Ld /Users/runner/work/hamster-ages/hamster-ages/build/Build/Intermediates.noindex/HamsterAges.build/Debug-iphonesimulator/HamsterAges.build/Objects-normal/arm64/Binary/__preview.dylib normal arm64 (in target 'HamsterAges' from project 'HamsterAges')
    cd /Users/runner/work/hamster-ages/hamster-ages
    /Applications/Xcode_26.3.app/Contents/Developer/Toolchains/XcodeDefault.xctoolchain/usr/bin/clang -Xlinker -reproducible -target arm64-apple-ios18.0-simulator -dynamiclib -isysroot /Applications/Xcode_26.3.app/Contents/Developer/Platforms/iPhoneSimulator.platform/Developer/SDKs/iPhoneSimulator26.2.sdk -O0 -L/Users/runner/work/hamster-ages/hamster-ages/build/Build/Products/Debug-iphonesimulator -F/Users/runner/work/hamster-ages/hamster-ages/build/Build/Products/Debug-iphonesimulator/PackageFrameworks -F/Users/runner/work/hamster-ages/hamster-ages/build/Build/Products/Debug-iphonesimulator/PackageFrameworks -F/Users/runner/work/hamster-ages/hamster-ages/build/Build/Products/Debug-iphonesimulator -install_name @rpath/HamsterAges.debug.dylib -dead_strip -rdynamic -Xlinker -no_deduplicate -Xlinker -objc_abi_version -Xlinker 2 -Xlinker -dependency_info -Xlinker /Users/runner/work/hamster-ages/hamster-ages/build/Build/Intermediates.noindex/HamsterAges.build/Debug-iphonesimulator/HamsterAges.build/Objects-normal/arm64/HamsterAges_dependency_info.dat -o /Users/runner/work/hamster-ages/hamster-ages/build/Build/Intermediates.noindex/HamsterAges.build/Debug-iphonesimulator/HamsterAges.build/Objects-normal/arm64/Binary/__preview.dylib

CpResource /Users/runner/work/hamster-ages/hamster-ages/build/Build/Products/Debug-iphonesimulator/HamsterAges.app/PrivacyInfo.xcprivacy /Users/runner/work/hamster-ages/hamster-ages/HamsterAges/PrivacyInfo.xcprivacy (in target 'HamsterAges' from project 'HamsterAges')
    cd /Users/runner/work/hamster-ages/hamster-ages
    builtin-copy -exclude .DS_Store -exclude CVS -exclude .svn -exclude .git -exclude .hg -resolve-src-symlinks /Users/runner/work/hamster-ages/hamster-ages/HamsterAges/PrivacyInfo.xcprivacy /Users/runner/work/hamster-ages/hamster-ages/build/Build/Products/Debug-iphonesimulator/HamsterAges.app

CreateUniversalBinary /Users/runner/work/hamster-ages/hamster-ages/build/Build/Products/Debug-iphonesimulator/HamsterAges.app/__preview.dylib normal arm64\ x86_64 (in target 'HamsterAges' from project 'HamsterAges')
    cd /Users/runner/work/hamster-ages/hamster-ages
    /Applications/Xcode_26.3.app/Contents/Developer/Toolchains/XcodeDefault.xctoolchain/usr/bin/lipo -create /Users/runner/work/hamster-ages/hamster-ages/build/Build/Intermediates.noindex/HamsterAges.build/Debug-iphonesimulator/HamsterAges.build/Objects-normal/arm64/Binary/__preview.dylib /Users/runner/work/hamster-ages/hamster-ages/build/Build/Intermediates.noindex/HamsterAges.build/Debug-iphonesimulator/HamsterAges.build/Objects-normal/x86_64/Binary/__preview.dylib -output /Users/runner/work/hamster-ages/hamster-ages/build/Build/Products/Debug-iphonesimulator/HamsterAges.app/__preview.dylib

Copy /Users/runner/work/hamster-ages/hamster-ages/build/Build/Products/Debug-iphonesimulator/HamsterAges.app/Frameworks/UserMessagingPlatform.framework /Users/runner/work/hamster-ages/hamster-ages/build/SourcePackages/artifacts/swift-package-manager-google-user-messaging-platform/UserMessagingPlatform/UserMessagingPlatform.xcframework/ios-arm64_x86_64-simulator/UserMessagingPlatform.framework (in target 'HamsterAges' from project 'HamsterAges')
    cd /Users/runner/work/hamster-ages/hamster-ages
    builtin-copy -exclude .DS_Store -exclude CVS -exclude .svn -exclude .git -exclude .hg -exclude Headers -exclude PrivateHeaders -exclude Modules -exclude \*.tbd -resolve-src-symlinks -remove-static-executable /Users/runner/work/hamster-ages/hamster-ages/build/SourcePackages/artifacts/swift-package-manager-google-user-messaging-platform/UserMessagingPlatform/UserMessagingPlatform.xcframework/ios-arm64_x86_64-simulator/UserMessagingPlatform.framework /Users/runner/work/hamster-ages/hamster-ages/build/Build/Products/Debug-iphonesimulator/HamsterAges.app/Frameworks
note: Injecting stub binary into codeless framework (in target 'HamsterAges' from project 'HamsterAges')
    /Applications/Xcode_26.3.app/Contents/Developer/Toolchains/XcodeDefault.xctoolchain/usr/bin/clang -isysroot /Applications/Xcode_26.3.app/Contents/Developer/Platforms/iPhoneSimulator.platform/Developer/SDKs/iPhoneSimulator26.2.sdk -x c -c /dev/null -target arm64-apple-ios100.0-simulator -o /private/var/folders/nj/vtw8zd2j31d1gdrtntc5y4600000gn/T/swbuild.tmp.RSGywFqi/Data.noindex/arm64-apple.o
    /Applications/Xcode_26.3.app/Contents/Developer/Toolchains/XcodeDefault.xctoolchain/usr/bin/clang -isysroot /Applications/Xcode_26.3.app/Contents/Developer/Platforms/iPhoneSimulator.platform/Developer/SDKs/iPhoneSimulator26.2.sdk -dynamiclib -Xlinker -adhoc_codesign -target arm64-apple-ios100.0-simulator -o /private/var/folders/nj/vtw8zd2j31d1gdrtntc5y4600000gn/T/swbuild.tmp.RSGywFqi/Data.noindex/arm64-apple /private/var/folders/nj/vtw8zd2j31d1gdrtntc5y4600000gn/T/swbuild.tmp.RSGywFqi/Data.noindex/arm64-apple.o
    /Applications/Xcode_26.3.app/Contents/Developer/Toolchains/XcodeDefault.xctoolchain/usr/bin/clang -isysroot /Applications/Xcode_26.3.app/Contents/Developer/Platforms/iPhoneSimulator.platform/Developer/SDKs/iPhoneSimulator26.2.sdk -x c -c /dev/null -target x86_64-apple-ios100.0-simulator -o /private/var/folders/nj/vtw8zd2j31d1gdrtntc5y4600000gn/T/swbuild.tmp.RSGywFqi/Data.noindex/x86_64-apple.o
    /Applications/Xcode_26.3.app/Contents/Developer/Toolchains/XcodeDefault.xctoolchain/usr/bin/clang -isysroot /Applications/Xcode_26.3.app/Contents/Developer/Platforms/iPhoneSimulator.platform/Developer/SDKs/iPhoneSimulator26.2.sdk -dynamiclib -Xlinker -adhoc_codesign -target x86_64-apple-ios100.0-simulator -o /private/var/folders/nj/vtw8zd2j31d1gdrtntc5y4600000gn/T/swbuild.tmp.RSGywFqi/Data.noindex/x86_64-apple /private/var/folders/nj/vtw8zd2j31d1gdrtntc5y4600000gn/T/swbuild.tmp.RSGywFqi/Data.noindex/x86_64-apple.o
    /Applications/Xcode_26.3.app/Contents/Developer/Toolchains/XcodeDefault.xctoolchain/usr/bin/lipo -create -output /Users/runner/work/hamster-ages/hamster-ages/build/Build/Products/Debug-iphonesimulator/HamsterAges.app/Frameworks/UserMessagingPlatform.framework/UserMessagingPlatform /private/var/folders/nj/vtw8zd2j31d1gdrtntc5y4600000gn/T/swbuild.tmp.RSGywFqi/Data.noindex/arm64-apple /private/var/folders/nj/vtw8zd2j31d1gdrtntc5y4600000gn/T/swbuild.tmp.RSGywFqi/Data.noindex/x86_64-apple

Copy /Users/runner/work/hamster-ages/hamster-ages/build/Build/Products/Debug-iphonesimulator/HamsterAges.app/Frameworks/GoogleMobileAds.framework /Users/runner/work/hamster-ages/hamster-ages/build/SourcePackages/artifacts/swift-package-manager-google-mobile-ads/GoogleMobileAds/GoogleMobileAds.xcframework/ios-arm64_x86_64-simulator/GoogleMobileAds.framework (in target 'HamsterAges' from project 'HamsterAges')
    cd /Users/runner/work/hamster-ages/hamster-ages
    builtin-copy -exclude .DS_Store -exclude CVS -exclude .svn -exclude .git -exclude .hg -exclude Headers -exclude PrivateHeaders -exclude Modules -exclude \*.tbd -resolve-src-symlinks -remove-static-executable /Users/runner/work/hamster-ages/hamster-ages/build/SourcePackages/artifacts/swift-package-manager-google-mobile-ads/GoogleMobileAds/GoogleMobileAds.xcframework/ios-arm64_x86_64-simulator/GoogleMobileAds.framework /Users/runner/work/hamster-ages/hamster-ages/build/Build/Products/Debug-iphonesimulator/HamsterAges.app/Frameworks
note: Injecting stub binary into codeless framework (in target 'HamsterAges' from project 'HamsterAges')
    /Applications/Xcode_26.3.app/Contents/Developer/Toolchains/XcodeDefault.xctoolchain/usr/bin/clang -isysroot /Applications/Xcode_26.3.app/Contents/Developer/Platforms/iPhoneSimulator.platform/Developer/SDKs/iPhoneSimulator26.2.sdk -x c -c /dev/null -target arm64-apple-ios13.0-simulator -o /private/var/folders/nj/vtw8zd2j31d1gdrtntc5y4600000gn/T/swbuild.tmp.fc9c26HO/Data.noindex/arm64-apple.o
    /Applications/Xcode_26.3.app/Contents/Developer/Toolchains/XcodeDefault.xctoolchain/usr/bin/clang -isysroot /Applications/Xcode_26.3.app/Contents/Developer/Platforms/iPhoneSimulator.platform/Developer/SDKs/iPhoneSimulator26.2.sdk -dynamiclib -Xlinker -adhoc_codesign -target arm64-apple-ios13.0-simulator -o /private/var/folders/nj/vtw8zd2j31d1gdrtntc5y4600000gn/T/swbuild.tmp.fc9c26HO/Data.noindex/arm64-apple /private/var/folders/nj/vtw8zd2j31d1gdrtntc5y4600000gn/T/swbuild.tmp.fc9c26HO/Data.noindex/arm64-apple.o
    /Applications/Xcode_26.3.app/Contents/Developer/Toolchains/XcodeDefault.xctoolchain/usr/bin/clang -isysroot /Applications/Xcode_26.3.app/Contents/Developer/Platforms/iPhoneSimulator.platform/Developer/SDKs/iPhoneSimulator26.2.sdk -x c -c /dev/null -target x86_64-apple-ios13.0-simulator -o /private/var/folders/nj/vtw8zd2j31d1gdrtntc5y4600000gn/T/swbuild.tmp.fc9c26HO/Data.noindex/x86_64-apple.o
    /Applications/Xcode_26.3.app/Contents/Developer/Toolchains/XcodeDefault.xctoolchain/usr/bin/clang -isysroot /Applications/Xcode_26.3.app/Contents/Developer/Platforms/iPhoneSimulator.platform/Developer/SDKs/iPhoneSimulator26.2.sdk -dynamiclib -Xlinker -adhoc_codesign -target x86_64-apple-ios13.0-simulator -o /private/var/folders/nj/vtw8zd2j31d1gdrtntc5y4600000gn/T/swbuild.tmp.fc9c26HO/Data.noindex/x86_64-apple /private/var/folders/nj/vtw8zd2j31d1gdrtntc5y4600000gn/T/swbuild.tmp.fc9c26HO/Data.noindex/x86_64-apple.o
    /Applications/Xcode_26.3.app/Contents/Developer/Toolchains/XcodeDefault.xctoolchain/usr/bin/lipo -create -output /Users/runner/work/hamster-ages/hamster-ages/build/Build/Products/Debug-iphonesimulator/HamsterAges.app/Frameworks/GoogleMobileAds.framework/GoogleMobileAds /private/var/folders/nj/vtw8zd2j31d1gdrtntc5y4600000gn/T/swbuild.tmp.fc9c26HO/Data.noindex/arm64-apple /private/var/folders/nj/vtw8zd2j31d1gdrtntc5y4600000gn/T/swbuild.tmp.fc9c26HO/Data.noindex/x86_64-apple

SwiftDriverJobDiscovery normal x86_64 Compiling Generals.swift, Pass.swift, Progress.swift, Quests.swift, RemoteConfig.swift, AdMob.swift, Analytics.swift, GameCenter.swift, Music.swift, Notifications.swift, Review.swift, Services.swift, Sound.swift (in target 'HamsterAges' from project 'HamsterAges')

SwiftDriver\ Compilation HamsterAges normal x86_64 com.apple.xcode.tools.swift.compiler (in target 'HamsterAges' from project 'HamsterAges')
    cd /Users/runner/work/hamster-ages/hamster-ages
    builtin-Swift-Compilation -- /Applications/Xcode_26.3.app/Contents/Developer/Toolchains/XcodeDefault.xctoolchain/usr/bin/swiftc -module-name HamsterAges -Onone -enforce-exclusivity\=checked @/Users/runner/work/hamster-ages/hamster-ages/build/Build/Intermediates.noindex/HamsterAges.build/Debug-iphonesimulator/HamsterAges.build/Objects-normal/x86_64/HamsterAges.SwiftFileList -DDEBUG -Xcc -fmodule-map-file\=/Users/runner/work/hamster-ages/hamster-ages/build/Build/Intermediates.noindex/GeneratedModuleMaps-iphonesimulator/UserMessagingPlatformTarget.modulemap -enable-bare-slash-regex -enable-upcoming-feature DisableOutwardActorInference -enable-upcoming-feature InferSendableFromCaptures -enable-upcoming-feature GlobalActorIsolatedTypesUsability -enable-upcoming-feature InferIsolatedConformances -enable-upcoming-feature NonisolatedNonsendingByDefault -enable-experimental-feature DebugDescriptionMacro -sdk /Applications/Xcode_26.3.app/Contents/Developer/Platforms/iPhoneSimulator.platform/Developer/SDKs/iPhoneSimulator26.2.sdk -target x86_64-apple-ios18.0-simulator -g -module-cache-path /Users/runner/work/hamster-ages/hamster-ages/build/ModuleCache.noindex -Xfrontend -serialize-debugging-options -enable-testing -index-store-path /Users/runner/work/hamster-ages/hamster-ages/build/Index.noindex/DataStore -Xcc -D_LIBCPP_HARDENING_MODE\=_LIBCPP_HARDENING_MODE_DEBUG -swift-version 5 -I /Users/runner/work/hamster-ages/hamster-ages/build/Build/Products/Debug-iphonesimulator -F /Users/runner/work/hamster-ages/hamster-ages/build/Build/Products/Debug-iphonesimulator/PackageFrameworks -F /Users/runner/work/hamster-ages/hamster-ages/build/Build/Products/Debug-iphonesimulator/PackageFrameworks -F /Users/runner/work/hamster-ages/hamster-ages/build/Build/Products/Debug-iphonesimulator -emit-localized-strings -emit-localized-strings-path /Users/runner/work/hamster-ages/hamster-ages/build/Build/Intermediates.noindex/HamsterAges.build/Debug-iphonesimulator/HamsterAges.build/Objects-normal/x86_64 -c -j3 -enable-batch-mode -incremental -Xcc -ivfsstatcache -Xcc /Users/runner/work/hamster-ages/hamster-ages/build/SDKStatCaches.noindex/iphonesimulator26.2-23C57-dc75598d0054f22ec865fa860f139d72e244bd9a5feaf902f95f61bf06266e52.sdkstatcache -output-file-map /Users/runner/work/hamster-ages/hamster-ages/build/Build/Intermediates.noindex/HamsterAges.build/Debug-iphonesimulator/HamsterAges.build/Objects-normal/x86_64/HamsterAges-OutputFileMap.json -use-frontend-parseable-output -save-temps -no-color-diagnostics -explicit-module-build -module-cache-path /Users/runner/work/hamster-ages/hamster-ages/build/Build/Intermediates.noindex/SwiftExplicitPrecompiledModules -clang-scanner-module-cache-path /Users/runner/work/hamster-ages/hamster-ages/build/ModuleCache.noindex -sdk-module-cache-path /Users/runner/work/hamster-ages/hamster-ages/build/ModuleCache.noindex -serialize-diagnostics -emit-dependencies -emit-module -emit-module-path /Users/runner/work/hamster-ages/hamster-ages/build/Build/Intermediates.noindex/HamsterAges.build/Debug-iphonesimulator/HamsterAges.build/Objects-normal/x86_64/HamsterAges.swiftmodule -validate-clang-modules-once -clang-build-session-file /Users/runner/work/hamster-ages/hamster-ages/build/ModuleCache.noindex/Session.modulevalidation -Xcc -I/Users/runner/work/hamster-ages/hamster-ages/build/Build/Intermediates.noindex/HamsterAges.build/Debug-iphonesimulator/HamsterAges.build/swift-overrides.hmap -emit-const-values -Xfrontend -const-gather-protocols-file -Xfrontend /Users/runner/work/hamster-ages/hamster-ages/build/Build/Intermediates.noindex/HamsterAges.build/Debug-iphonesimulator/HamsterAges.build/Objects-normal/x86_64/HamsterAges_const_extract_protocols.json -Xcc -iquote -Xcc /Users/runner/work/hamster-ages/hamster-ages/build/Build/Intermediates.noindex/HamsterAges.build/Debug-iphonesimulator/HamsterAges.build/HamsterAges-generated-files.hmap -Xcc -I/Users/runner/work/hamster-ages/hamster-ages/build/Build/Intermediates.noindex/HamsterAges.build/Debug-iphonesimulator/HamsterAges.build/HamsterAges-own-target-headers.hmap -Xcc -I/Users/runner/work/hamster-ages/hamster-ages/build/Build/Intermediates.noindex/HamsterAges.build/Debug-iphonesimulator/HamsterAges.build/HamsterAges-all-non-framework-target-headers.hmap -Xcc -ivfsoverlay -Xcc /Users/runner/work/hamster-ages/hamster-ages/build/Build/Intermediates.noindex/HamsterAges.build/Debug-iphonesimulator/HamsterAges-8abf440da93d54cd71606d395a94708e-VFS-iphonesimulator/all-product-headers.yaml -Xcc -iquote -Xcc /Users/runner/work/hamster-ages/hamster-ages/build/Build/Intermediates.noindex/HamsterAges.build/Debug-iphonesimulator/HamsterAges.build/HamsterAges-project-headers.hmap -Xcc -I/Users/runner/work/hamster-ages/hamster-ages/build/SourcePackages/checkouts/swift-package-manager-google-user-messaging-platform/UserMessagingPlatformTarget/include -Xcc -I/Users/runner/work/hamster-ages/hamster-ages/build/Build/Products/Debug-iphonesimulator/include -Xcc -I/Users/runner/work/hamster-ages/hamster-ages/build/Build/Intermediates.noindex/HamsterAges.build/Debug-iphonesimulator/HamsterAges.build/DerivedSources-normal/x86_64 -Xcc -I/Users/runner/work/hamster-ages/hamster-ages/build/Build/Intermediates.noindex/HamsterAges.build/Debug-iphonesimulator/HamsterAges.build/DerivedSources/x86_64 -Xcc -I/Users/runner/work/hamster-ages/hamster-ages/build/Build/Intermediates.noindex/HamsterAges.build/Debug-iphonesimulator/HamsterAges.build/DerivedSources -Xcc -DDEBUG\=1 -emit-objc-header -emit-objc-header-path /Users/runner/work/hamster-ages/hamster-ages/build/Build/Intermediates.noindex/HamsterAges.build/Debug-iphonesimulator/HamsterAges.build/Objects-normal/x86_64/HamsterAges-Swift.h -working-directory /Users/runner/work/hamster-ages/hamster-ages -experimental-emit-module-separately -disable-cmo

CompileXCStrings /Users/runner/work/hamster-ages/hamster-ages/build/Build/Intermediates.noindex/HamsterAges.build/Debug-iphonesimulator/HamsterAges.build/ /Users/runner/work/hamster-ages/hamster-ages/HamsterAges/Localizable.xcstrings (in target 'HamsterAges' from project 'HamsterAges')
    cd /Users/runner/work/hamster-ages/hamster-ages
    /Applications/Xcode_26.3.app/Contents/Developer/usr/bin/xcstringstool compile --output-directory /Users/runner/work/hamster-ages/hamster-ages/build/Build/Intermediates.noindex/HamsterAges.build/Debug-iphonesimulator/HamsterAges.build /Users/runner/work/hamster-ages/hamster-ages/HamsterAges/Localizable.xcstrings

Ld /Users/runner/work/hamster-ages/hamster-ages/build/Build/Intermediates.noindex/HamsterAges.build/Debug-iphonesimulator/HamsterAges.build/Objects-normal/x86_64/Binary/HamsterAges.debug.dylib normal x86_64 (in target 'HamsterAges' from project 'HamsterAges')
    cd /Users/runner/work/hamster-ages/hamster-ages
    /Applications/Xcode_26.3.app/Contents/Developer/Toolchains/XcodeDefault.xctoolchain/usr/bin/clang -Xlinker -reproducible -target x86_64-apple-ios18.0-simulator -dynamiclib -isysroot /Applications/Xcode_26.3.app/Contents/Developer/Platforms/iPhoneSimulator.platform/Developer/SDKs/iPhoneSimulator26.2.sdk -O0 -L/Users/runner/work/hamster-ages/hamster-ages/build/Build/Intermediates.noindex/EagerLinkingTBDs/Debug-iphonesimulator -L/Users/runner/work/hamster-ages/hamster-ages/build/Build/Products/Debug-iphonesimulator -F/Users/runner/work/hamster-ages/hamster-ages/build/Build/Intermediates.noindex/EagerLinkingTBDs/Debug-iphonesimulator -F/Users/runner/work/hamster-ages/hamster-ages/build/Build/Products/Debug-iphonesimulator/PackageFrameworks -F/Users/runner/work/hamster-ages/hamster-ages/build/Build/Products/Debug-iphonesimulator/PackageFrameworks -F/Users/runner/work/hamster-ages/hamster-ages/build/Build/Products/Debug-iphonesimulator -filelist /Users/runner/work/hamster-ages/hamster-ages/build/Build/Intermediates.noindex/HamsterAges.build/Debug-iphonesimulator/HamsterAges.build/Objects-normal/x86_64/HamsterAges.LinkFileList -install_name @rpath/HamsterAges.debug.dylib -Xlinker -rpath -Xlinker /usr/lib/swift -Xlinker -rpath -Xlinker /Users/runner/work/hamster-ages/hamster-ages/build/Build/Products/Debug-iphonesimulator/PackageFrameworks -Xlinker -rpath -Xlinker @executable_path/Frameworks -dead_strip -Xlinker -object_path_lto -Xlinker /Users/runner/work/hamster-ages/hamster-ages/build/Build/Intermediates.noindex/HamsterAges.build/Debug-iphonesimulator/HamsterAges.build/Objects-normal/x86_64/HamsterAges_lto.o -rdynamic -Xlinker -no_deduplicate -Xlinker -objc_abi_version -Xlinker 2 -Xlinker -dependency_info -Xlinker /Users/runner/work/hamster-ages/hamster-ages/build/Build/Intermediates.noindex/HamsterAges.build/Debug-iphonesimulator/HamsterAges.build/Objects-normal/x86_64/HamsterAges_dependency_info.dat -fobjc-link-runtime -L/Applications/Xcode_26.3.app/Contents/Developer/Toolchains/XcodeDefault.xctoolchain/usr/lib/swift/iphonesimulator -L/usr/lib/swift -Xlinker -add_ast_path -Xlinker /Users/runner/work/hamster-ages/hamster-ages/build/Build/Intermediates.noindex/HamsterAges.build/Debug-iphonesimulator/HamsterAges.build/Objects-normal/x86_64/HamsterAges.swiftmodule @/Users/runner/work/hamster-ages/hamster-ages/build/Build/Intermediates.noindex/HamsterAges.build/Debug-iphonesimulator/HamsterAges.build/Objects-normal/x86_64/HamsterAges-linker-args.resp -Wl,-no_warn_duplicate_libraries -Wl,-no_warn_duplicate_libraries -framework WebKit -Xlinker -alias -Xlinker _main -Xlinker ___debug_main_executable_dylib_entry_point -framework GoogleMobileAds -framework UserMessagingPlatform -o /Users/runner/work/hamster-ages/hamster-ages/build/Build/Intermediates.noindex/HamsterAges.build/Debug-iphonesimulator/HamsterAges.build/Objects-normal/x86_64/Binary/HamsterAges.debug.dylib -Xlinker -add_ast_path -Xlinker /Users/runner/work/hamster-ages/hamster-ages/build/Build/Intermediates.noindex/GoogleMobileAds.build/Debug-iphonesimulator/GoogleMobileAdsTarget.build/Objects-normal/x86_64/GoogleMobileAdsTarget.swiftmodule @/Users/runner/work/hamster-ages/hamster-ages/build/Build/Intermediates.noindex/GoogleMobileAds.build/Debug-iphonesimulator/GoogleMobileAdsTarget.build/Objects-normal/x86_64/GoogleMobileAdsTarget-linker-args.resp

ProcessInfoPlistFile /Users/runner/work/hamster-ages/hamster-ages/build/Build/Products/Debug-iphonesimulator/HamsterAges.app/Info.plist /Users/runner/work/hamster-ages/hamster-ages/HamsterAges-Info.plist (in target 'HamsterAges' from project 'HamsterAges')
    cd /Users/runner/work/hamster-ages/hamster-ages
    builtin-infoPlistUtility /Users/runner/work/hamster-ages/hamster-ages/HamsterAges-Info.plist -producttype com.apple.product-type.application -genpkginfo /Users/runner/work/hamster-ages/hamster-ages/build/Build/Products/Debug-iphonesimulator/HamsterAges.app/PkgInfo -expandbuildsettings -format binary -platform iphonesimulator -additionalcontentfile /Users/runner/work/hamster-ages/hamster-ages/build/Build/Intermediates.noindex/HamsterAges.build/Debug-iphonesimulator/HamsterAges.build/assetcatalog_generated_info.plist -scanforprivacyfile /Users/runner/work/hamster-ages/hamster-ages/build/Build/Products/Debug-iphonesimulator/HamsterAges.app/Frameworks/GoogleMobileAds.framework -scanforprivacyfile /Users/runner/work/hamster-ages/hamster-ages/build/Build/Products/Debug-iphonesimulator/HamsterAges.app/Frameworks/UserMessagingPlatform.framework -o /Users/runner/work/hamster-ages/hamster-ages/build/Build/Products/Debug-iphonesimulator/HamsterAges.app/Info.plist

CopyStringsFile /Users/runner/work/hamster-ages/hamster-ages/build/Build/Products/Debug-iphonesimulator/HamsterAges.app/zh-Hant.lproj/Localizable.strings /Users/runner/work/hamster-ages/hamster-ages/build/Build/Intermediates.noindex/HamsterAges.build/Debug-iphonesimulator/HamsterAges.build/zh-Hant.lproj/Localizable.strings (in target 'HamsterAges' from project 'HamsterAges')
    cd /Users/runner/work/hamster-ages/hamster-ages
    builtin-copyStrings --validate --outputencoding binary --outfilename Localizable.strings --outdir /Users/runner/work/hamster-ages/hamster-ages/build/Build/Products/Debug-iphonesimulator/HamsterAges.app/zh-Hant.lproj -- /Users/runner/work/hamster-ages/hamster-ages/build/Build/Intermediates.noindex/HamsterAges.build/Debug-iphonesimulator/HamsterAges.build/zh-Hant.lproj/Localizable.strings
/Users/runner/work/hamster-ages/hamster-ages/build/Build/Intermediates.noindex/HamsterAges.build/Debug-iphonesimulator/HamsterAges.build/zh-Hant.lproj/Localizable.strings:1:1: note: detected encoding of input file as Unicode (UTF-8) (in target 'HamsterAges' from project 'HamsterAges')

CopyStringsFile /Users/runner/work/hamster-ages/hamster-ages/build/Build/Products/Debug-iphonesimulator/HamsterAges.app/zh-Hans.lproj/Localizable.strings /Users/runner/work/hamster-ages/hamster-ages/build/Build/Intermediates.noindex/HamsterAges.build/Debug-iphonesimulator/HamsterAges.build/zh-Hans.lproj/Localizable.strings (in target 'HamsterAges' from project 'HamsterAges')
    cd /Users/runner/work/hamster-ages/hamster-ages
    builtin-copyStrings --validate --outputencoding binary --outfilename Localizable.strings --outdir /Users/runner/work/hamster-ages/hamster-ages/build/Build/Products/Debug-iphonesimulator/HamsterAges.app/zh-Hans.lproj -- /Users/runner/work/hamster-ages/hamster-ages/build/Build/Intermediates.noindex/HamsterAges.build/Debug-iphonesimulator/HamsterAges.build/zh-Hans.lproj/Localizable.strings
/Users/runner/work/hamster-ages/hamster-ages/build/Build/Intermediates.noindex/HamsterAges.build/Debug-iphonesimulator/HamsterAges.build/zh-Hans.lproj/Localizable.strings:1:1: note: detected encoding of input file as Unicode (UTF-8) (in target 'HamsterAges' from project 'HamsterAges')

CopyStringsFile /Users/runner/work/hamster-ages/hamster-ages/build/Build/Products/Debug-iphonesimulator/HamsterAges.app/uk.lproj/Localizable.stringsdict /Users/runner/work/hamster-ages/hamster-ages/build/Build/Intermediates.noindex/HamsterAges.build/Debug-iphonesimulator/HamsterAges.build/uk.lproj/Localizable.stringsdict (in target 'HamsterAges' from project 'HamsterAges')
    cd /Users/runner/work/hamster-ages/hamster-ages
    builtin-copyStrings --validate --outputencoding binary --outfilename Localizable.stringsdict --outdir /Users/runner/work/hamster-ages/hamster-ages/build/Build/Products/Debug-iphonesimulator/HamsterAges.app/uk.lproj -- /Users/runner/work/hamster-ages/hamster-ages/build/Build/Intermediates.noindex/HamsterAges.build/Debug-iphonesimulator/HamsterAges.build/uk.lproj/Localizable.stringsdict
/Users/runner/work/hamster-ages/hamster-ages/build/Build/Intermediates.noindex/HamsterAges.build/Debug-iphonesimulator/HamsterAges.build/uk.lproj/Localizable.stringsdict:1:1: note: detected encoding of input file as Unicode (UTF-8) (in target 'HamsterAges' from project 'HamsterAges')

CopyStringsFile /Users/runner/work/hamster-ages/hamster-ages/build/Build/Products/Debug-iphonesimulator/HamsterAges.app/uk.lproj/Localizable.strings /Users/runner/work/hamster-ages/hamster-ages/build/Build/Intermediates.noindex/HamsterAges.build/Debug-iphonesimulator/HamsterAges.build/uk.lproj/Localizable.strings (in target 'HamsterAges' from project 'HamsterAges')
    cd /Users/runner/work/hamster-ages/hamster-ages
    builtin-copyStrings --validate --outputencoding binary --outfilename Localizable.strings --outdir /Users/runner/work/hamster-ages/hamster-ages/build/Build/Products/Debug-iphonesimulator/HamsterAges.app/uk.lproj -- /Users/runner/work/hamster-ages/hamster-ages/build/Build/Intermediates.noindex/HamsterAges.build/Debug-iphonesimulator/HamsterAges.build/uk.lproj/Localizable.strings
/Users/runner/work/hamster-ages/hamster-ages/build/Build/Intermediates.noindex/HamsterAges.build/Debug-iphonesimulator/HamsterAges.build/uk.lproj/Localizable.strings:1:1: note: detected encoding of input file as Unicode (UTF-8) (in target 'HamsterAges' from project 'HamsterAges')

CopyStringsFile /Users/runner/work/hamster-ages/hamster-ages/build/Build/Products/Debug-iphonesimulator/HamsterAges.app/tr.lproj/Localizable.strings /Users/runner/work/hamster-ages/hamster-ages/build/Build/Intermediates.noindex/HamsterAges.build/Debug-iphonesimulator/HamsterAges.build/tr.lproj/Localizable.strings (in target 'HamsterAges' from project 'HamsterAges')
    cd /Users/runner/work/hamster-ages/hamster-ages
    builtin-copyStrings --validate --outputencoding binary --outfilename Localizable.strings --outdir /Users/runner/work/hamster-ages/hamster-ages/build/Build/Products/Debug-iphonesimulator/HamsterAges.app/tr.lproj -- /Users/runner/work/hamster-ages/hamster-ages/build/Build/Intermediates.noindex/HamsterAges.build/Debug-iphonesimulator/HamsterAges.build/tr.lproj/Localizable.strings
/Users/runner/work/hamster-ages/hamster-ages/build/Build/Intermediates.noindex/HamsterAges.build/Debug-iphonesimulator/HamsterAges.build/tr.lproj/Localizable.strings:1:1: note: detected encoding of input file as Unicode (UTF-8) (in target 'HamsterAges' from project 'HamsterAges')

CopyStringsFile /Users/runner/work/hamster-ages/hamster-ages/build/Build/Products/Debug-iphonesimulator/HamsterAges.app/pt-BR.lproj/Localizable.strings /Users/runner/work/hamster-ages/hamster-ages/build/Build/Intermediates.noindex/HamsterAges.build/Debug-iphonesimulator/HamsterAges.build/pt-BR.lproj/Localizable.strings (in target 'HamsterAges' from project 'HamsterAges')
    cd /Users/runner/work/hamster-ages/hamster-ages
    builtin-copyStrings --validate --outputencoding binary --outfilename Localizable.strings --outdir /Users/runner/work/hamster-ages/hamster-ages/build/Build/Products/Debug-iphonesimulator/HamsterAges.app/pt-BR.lproj -- /Users/runner/work/hamster-ages/hamster-ages/build/Build/Intermediates.noindex/HamsterAges.build/Debug-iphonesimulator/HamsterAges.build/pt-BR.lproj/Localizable.strings
/Users/runner/work/hamster-ages/hamster-ages/build/Build/Intermediates.noindex/HamsterAges.build/Debug-iphonesimulator/HamsterAges.build/pt-BR.lproj/Localizable.strings:1:1: note: detected encoding of input file as Unicode (UTF-8) (in target 'HamsterAges' from project 'HamsterAges')

CopyStringsFile /Users/runner/work/hamster-ages/hamster-ages/build/Build/Products/Debug-iphonesimulator/HamsterAges.app/ko.lproj/Localizable.strings /Users/runner/work/hamster-ages/hamster-ages/build/Build/Intermediates.noindex/HamsterAges.build/Debug-iphonesimulator/HamsterAges.build/ko.lproj/Localizable.strings (in target 'HamsterAges' from project 'HamsterAges')
    cd /Users/runner/work/hamster-ages/hamster-ages
    builtin-copyStrings --validate --outputencoding binary --outfilename Localizable.strings --outdir /Users/runner/work/hamster-ages/hamster-ages/build/Build/Products/Debug-iphonesimulator/HamsterAges.app/ko.lproj -- /Users/runner/work/hamster-ages/hamster-ages/build/Build/Intermediates.noindex/HamsterAges.build/Debug-iphonesimulator/HamsterAges.build/ko.lproj/Localizable.strings
/Users/runner/work/hamster-ages/hamster-ages/build/Build/Intermediates.noindex/HamsterAges.build/Debug-iphonesimulator/HamsterAges.build/ko.lproj/Localizable.strings:1:1: note: detected encoding of input file as Unicode (UTF-8) (in target 'HamsterAges' from project 'HamsterAges')

CopyStringsFile /Users/runner/work/hamster-ages/hamster-ages/build/Build/Products/Debug-iphonesimulator/HamsterAges.app/ja.lproj/Localizable.strings /Users/runner/work/hamster-ages/hamster-ages/build/Build/Intermediates.noindex/HamsterAges.build/Debug-iphonesimulator/HamsterAges.build/ja.lproj/Localizable.strings (in target 'HamsterAges' from project 'HamsterAges')
    cd /Users/runner/work/hamster-ages/hamster-ages
    builtin-copyStrings --validate --outputencoding binary --outfilename Localizable.strings --outdir /Users/runner/work/hamster-ages/hamster-ages/build/Build/Products/Debug-iphonesimulator/HamsterAges.app/ja.lproj -- /Users/runner/work/hamster-ages/hamster-ages/build/Build/Intermediates.noindex/HamsterAges.build/Debug-iphonesimulator/HamsterAges.build/ja.lproj/Localizable.strings
/Users/runner/work/hamster-ages/hamster-ages/build/Build/Intermediates.noindex/HamsterAges.build/Debug-iphonesimulator/HamsterAges.build/ja.lproj/Localizable.strings:1:1: note: detected encoding of input file as Unicode (UTF-8) (in target 'HamsterAges' from project 'HamsterAges')

CopyStringsFile /Users/runner/work/hamster-ages/hamster-ages/build/Build/Products/Debug-iphonesimulator/HamsterAges.app/it.lproj/Localizable.strings /Users/runner/work/hamster-ages/hamster-ages/build/Build/Intermediates.noindex/HamsterAges.build/Debug-iphonesimulator/HamsterAges.build/it.lproj/Localizable.strings (in target 'HamsterAges' from project 'HamsterAges')
    cd /Users/runner/work/hamster-ages/hamster-ages
    builtin-copyStrings --validate --outputencoding binary --outfilename Localizable.strings --outdir /Users/runner/work/hamster-ages/hamster-ages/build/Build/Products/Debug-iphonesimulator/HamsterAges.app/it.lproj -- /Users/runner/work/hamster-ages/hamster-ages/build/Build/Intermediates.noindex/HamsterAges.build/Debug-iphonesimulator/HamsterAges.build/it.lproj/Localizable.strings
/Users/runner/work/hamster-ages/hamster-ages/build/Build/Intermediates.noindex/HamsterAges.build/Debug-iphonesimulator/HamsterAges.build/it.lproj/Localizable.strings:1:1: note: detected encoding of input file as Unicode (UTF-8) (in target 'HamsterAges' from project 'HamsterAges')

CopyStringsFile /Users/runner/work/hamster-ages/hamster-ages/build/Build/Products/Debug-iphonesimulator/HamsterAges.app/fr.lproj/Localizable.strings /Users/runner/work/hamster-ages/hamster-ages/build/Build/Intermediates.noindex/HamsterAges.build/Debug-iphonesimulator/HamsterAges.build/fr.lproj/Localizable.strings (in target 'HamsterAges' from project 'HamsterAges')
    cd /Users/runner/work/hamster-ages/hamster-ages
    builtin-copyStrings --validate --outputencoding binary --outfilename Localizable.strings --outdir /Users/runner/work/hamster-ages/hamster-ages/build/Build/Products/Debug-iphonesimulator/HamsterAges.app/fr.lproj -- /Users/runner/work/hamster-ages/hamster-ages/build/Build/Intermediates.noindex/HamsterAges.build/Debug-iphonesimulator/HamsterAges.build/fr.lproj/Localizable.strings
/Users/runner/work/hamster-ages/hamster-ages/build/Build/Intermediates.noindex/HamsterAges.build/Debug-iphonesimulator/HamsterAges.build/fr.lproj/Localizable.strings:1:1: note: detected encoding of input file as Unicode (UTF-8) (in target 'HamsterAges' from project 'HamsterAges')

CopyStringsFile /Users/runner/work/hamster-ages/hamster-ages/build/Build/Products/Debug-iphonesimulator/HamsterAges.app/es.lproj/Localizable.strings /Users/runner/work/hamster-ages/hamster-ages/build/Build/Intermediates.noindex/HamsterAges.build/Debug-iphonesimulator/HamsterAges.build/es.lproj/Localizable.strings (in target 'HamsterAges' from project 'HamsterAges')
    cd /Users/runner/work/hamster-ages/hamster-ages
    builtin-copyStrings --validate --outputencoding binary --outfilename Localizable.strings --outdir /Users/runner/work/hamster-ages/hamster-ages/build/Build/Products/Debug-iphonesimulator/HamsterAges.app/es.lproj -- /Users/runner/work/hamster-ages/hamster-ages/build/Build/Intermediates.noindex/HamsterAges.build/Debug-iphonesimulator/HamsterAges.build/es.lproj/Localizable.strings
/Users/runner/work/hamster-ages/hamster-ages/build/Build/Intermediates.noindex/HamsterAges.build/Debug-iphonesimulator/HamsterAges.build/es.lproj/Localizable.strings:1:1: note: detected encoding of input file as Unicode (UTF-8) (in target 'HamsterAges' from project 'HamsterAges')

CopyStringsFile /Users/runner/work/hamster-ages/hamster-ages/build/Build/Products/Debug-iphonesimulator/HamsterAges.app/en.lproj/Localizable.strings /Users/runner/work/hamster-ages/hamster-ages/build/Build/Intermediates.noindex/HamsterAges.build/Debug-iphonesimulator/HamsterAges.build/en.lproj/Localizable.strings (in target 'HamsterAges' from project 'HamsterAges')
    cd /Users/runner/work/hamster-ages/hamster-ages
    builtin-copyStrings --validate --outputencoding binary --outfilename Localizable.strings --outdir /Users/runner/work/hamster-ages/hamster-ages/build/Build/Products/Debug-iphonesimulator/HamsterAges.app/en.lproj -- /Users/runner/work/hamster-ages/hamster-ages/build/Build/Intermediates.noindex/HamsterAges.build/Debug-iphonesimulator/HamsterAges.build/en.lproj/Localizable.strings
/Users/runner/work/hamster-ages/hamster-ages/build/Build/Intermediates.noindex/HamsterAges.build/Debug-iphonesimulator/HamsterAges.build/en.lproj/Localizable.strings:1:1: note: detected encoding of input file as Unicode (UTF-8) (in target 'HamsterAges' from project 'HamsterAges')

CopyStringsFile /Users/runner/work/hamster-ages/hamster-ages/build/Build/Products/Debug-iphonesimulator/HamsterAges.app/de.lproj/Localizable.strings /Users/runner/work/hamster-ages/hamster-ages/build/Build/Intermediates.noindex/HamsterAges.build/Debug-iphonesimulator/HamsterAges.build/de.lproj/Localizable.strings (in target 'HamsterAges' from project 'HamsterAges')
    cd /Users/runner/work/hamster-ages/hamster-ages
    builtin-copyStrings --validate --outputencoding binary --outfilename Localizable.strings --outdir /Users/runner/work/hamster-ages/hamster-ages/build/Build/Products/Debug-iphonesimulator/HamsterAges.app/de.lproj -- /Users/runner/work/hamster-ages/hamster-ages/build/Build/Intermediates.noindex/HamsterAges.build/Debug-iphonesimulator/HamsterAges.build/de.lproj/Localizable.strings
/Users/runner/work/hamster-ages/hamster-ages/build/Build/Intermediates.noindex/HamsterAges.build/Debug-iphonesimulator/HamsterAges.build/de.lproj/Localizable.strings:1:1: note: detected encoding of input file as Unicode (UTF-8) (in target 'HamsterAges' from project 'HamsterAges')

CompileXCStrings /Users/runner/work/hamster-ages/hamster-ages/build/Build/Intermediates.noindex/HamsterAges.build/Debug-iphonesimulator/HamsterAges.build/ /Users/runner/work/hamster-ages/hamster-ages/HamsterAges/InfoPlist.xcstrings (in target 'HamsterAges' from project 'HamsterAges')
    cd /Users/runner/work/hamster-ages/hamster-ages
    /Applications/Xcode_26.3.app/Contents/Developer/usr/bin/xcstringstool compile --output-directory /Users/runner/work/hamster-ages/hamster-ages/build/Build/Intermediates.noindex/HamsterAges.build/Debug-iphonesimulator/HamsterAges.build /Users/runner/work/hamster-ages/hamster-ages/HamsterAges/InfoPlist.xcstrings

CopyStringsFile /Users/runner/work/hamster-ages/hamster-ages/build/Build/Products/Debug-iphonesimulator/HamsterAges.app/zh-Hant.lproj/InfoPlist.strings /Users/runner/work/hamster-ages/hamster-ages/build/Build/Intermediates.noindex/HamsterAges.build/Debug-iphonesimulator/HamsterAges.build/zh-Hant.lproj/InfoPlist.strings (in target 'HamsterAges' from project 'HamsterAges')
    cd /Users/runner/work/hamster-ages/hamster-ages
    builtin-copyStrings --validate --outputencoding binary --outfilename InfoPlist.strings --outdir /Users/runner/work/hamster-ages/hamster-ages/build/Build/Products/Debug-iphonesimulator/HamsterAges.app/zh-Hant.lproj -- /Users/runner/work/hamster-ages/hamster-ages/build/Build/Intermediates.noindex/HamsterAges.build/Debug-iphonesimulator/HamsterAges.build/zh-Hant.lproj/InfoPlist.strings
/Users/runner/work/hamster-ages/hamster-ages/build/Build/Intermediates.noindex/HamsterAges.build/Debug-iphonesimulator/HamsterAges.build/zh-Hant.lproj/InfoPlist.strings:1:1: note: detected encoding of input file as Unicode (UTF-8) (in target 'HamsterAges' from project 'HamsterAges')

CopyStringsFile /Users/runner/work/hamster-ages/hamster-ages/build/Build/Products/Debug-iphonesimulator/HamsterAges.app/zh-Hans.lproj/InfoPlist.strings /Users/runner/work/hamster-ages/hamster-ages/build/Build/Intermediates.noindex/HamsterAges.build/Debug-iphonesimulator/HamsterAges.build/zh-Hans.lproj/InfoPlist.strings (in target 'HamsterAges' from project 'HamsterAges')
    cd /Users/runner/work/hamster-ages/hamster-ages
    builtin-copyStrings --validate --outputencoding binary --outfilename InfoPlist.strings --outdir /Users/runner/work/hamster-ages/hamster-ages/build/Build/Products/Debug-iphonesimulator/HamsterAges.app/zh-Hans.lproj -- /Users/runner/work/hamster-ages/hamster-ages/build/Build/Intermediates.noindex/HamsterAges.build/Debug-iphonesimulator/HamsterAges.build/zh-Hans.lproj/InfoPlist.strings
/Users/runner/work/hamster-ages/hamster-ages/build/Build/Intermediates.noindex/HamsterAges.build/Debug-iphonesimulator/HamsterAges.build/zh-Hans.lproj/InfoPlist.strings:1:1: note: detected encoding of input file as Unicode (UTF-8) (in target 'HamsterAges' from project 'HamsterAges')

CopyStringsFile /Users/runner/work/hamster-ages/hamster-ages/build/Build/Products/Debug-iphonesimulator/HamsterAges.app/uk.lproj/InfoPlist.strings /Users/runner/work/hamster-ages/hamster-ages/build/Build/Intermediates.noindex/HamsterAges.build/Debug-iphonesimulator/HamsterAges.build/uk.lproj/InfoPlist.strings (in target 'HamsterAges' from project 'HamsterAges')
    cd /Users/runner/work/hamster-ages/hamster-ages
    builtin-copyStrings --validate --outputencoding binary --outfilename InfoPlist.strings --outdir /Users/runner/work/hamster-ages/hamster-ages/build/Build/Products/Debug-iphonesimulator/HamsterAges.app/uk.lproj -- /Users/runner/work/hamster-ages/hamster-ages/build/Build/Intermediates.noindex/HamsterAges.build/Debug-iphonesimulator/HamsterAges.build/uk.lproj/InfoPlist.strings
/Users/runner/work/hamster-ages/hamster-ages/build/Build/Intermediates.noindex/HamsterAges.build/Debug-iphonesimulator/HamsterAges.build/uk.lproj/InfoPlist.strings:1:1: note: detected encoding of input file as Unicode (UTF-8) (in target 'HamsterAges' from project 'HamsterAges')

CopyStringsFile /Users/runner/work/hamster-ages/hamster-ages/build/Build/Products/Debug-iphonesimulator/HamsterAges.app/tr.lproj/InfoPlist.strings /Users/runner/work/hamster-ages/hamster-ages/build/Build/Intermediates.noindex/HamsterAges.build/Debug-iphonesimulator/HamsterAges.build/tr.lproj/InfoPlist.strings (in target 'HamsterAges' from project 'HamsterAges')
    cd /Users/runner/work/hamster-ages/hamster-ages
    builtin-copyStrings --validate --outputencoding binary --outfilename InfoPlist.strings --outdir /Users/runner/work/hamster-ages/hamster-ages/build/Build/Products/Debug-iphonesimulator/HamsterAges.app/tr.lproj -- /Users/runner/work/hamster-ages/hamster-ages/build/Build/Intermediates.noindex/HamsterAges.build/Debug-iphonesimulator/HamsterAges.build/tr.lproj/InfoPlist.strings
/Users/runner/work/hamster-ages/hamster-ages/build/Build/Intermediates.noindex/HamsterAges.build/Debug-iphonesimulator/HamsterAges.build/tr.lproj/InfoPlist.strings:1:1: note: detected encoding of input file as Unicode (UTF-8) (in target 'HamsterAges' from project 'HamsterAges')

CopyStringsFile /Users/runner/work/hamster-ages/hamster-ages/build/Build/Products/Debug-iphonesimulator/HamsterAges.app/pt-BR.lproj/InfoPlist.strings /Users/runner/work/hamster-ages/hamster-ages/build/Build/Intermediates.noindex/HamsterAges.build/Debug-iphonesimulator/HamsterAges.build/pt-BR.lproj/InfoPlist.strings (in target 'HamsterAges' from project 'HamsterAges')
    cd /Users/runner/work/hamster-ages/hamster-ages
    builtin-copyStrings --validate --outputencoding binary --outfilename InfoPlist.strings --outdir /Users/runner/work/hamster-ages/hamster-ages/build/Build/Products/Debug-iphonesimulator/HamsterAges.app/pt-BR.lproj -- /Users/runner/work/hamster-ages/hamster-ages/build/Build/Intermediates.noindex/HamsterAges.build/Debug-iphonesimulator/HamsterAges.build/pt-BR.lproj/InfoPlist.strings
/Users/runner/work/hamster-ages/hamster-ages/build/Build/Intermediates.noindex/HamsterAges.build/Debug-iphonesimulator/HamsterAges.build/pt-BR.lproj/InfoPlist.strings:1:1: note: detected encoding of input file as Unicode (UTF-8) (in target 'HamsterAges' from project 'HamsterAges')

CopyStringsFile /Users/runner/work/hamster-ages/hamster-ages/build/Build/Products/Debug-iphonesimulator/HamsterAges.app/ko.lproj/InfoPlist.strings /Users/runner/work/hamster-ages/hamster-ages/build/Build/Intermediates.noindex/HamsterAges.build/Debug-iphonesimulator/HamsterAges.build/ko.lproj/InfoPlist.strings (in target 'HamsterAges' from project 'HamsterAges')
    cd /Users/runner/work/hamster-ages/hamster-ages
    builtin-copyStrings --validate --outputencoding binary --outfilename InfoPlist.strings --outdir /Users/runner/work/hamster-ages/hamster-ages/build/Build/Products/Debug-iphonesimulator/HamsterAges.app/ko.lproj -- /Users/runner/work/hamster-ages/hamster-ages/build/Build/Intermediates.noindex/HamsterAges.build/Debug-iphonesimulator/HamsterAges.build/ko.lproj/InfoPlist.strings
/Users/runner/work/hamster-ages/hamster-ages/build/Build/Intermediates.noindex/HamsterAges.build/Debug-iphonesimulator/HamsterAges.build/ko.lproj/InfoPlist.strings:1:1: note: detected encoding of input file as Unicode (UTF-8) (in target 'HamsterAges' from project 'HamsterAges')

CopyStringsFile /Users/runner/work/hamster-ages/hamster-ages/build/Build/Products/Debug-iphonesimulator/HamsterAges.app/ja.lproj/InfoPlist.strings /Users/runner/work/hamster-ages/hamster-ages/build/Build/Intermediates.noindex/HamsterAges.build/Debug-iphonesimulator/HamsterAges.build/ja.lproj/InfoPlist.strings (in target 'HamsterAges' from project 'HamsterAges')
    cd /Users/runner/work/hamster-ages/hamster-ages
    builtin-copyStrings --validate --outputencoding binary --outfilename InfoPlist.strings --outdir /Users/runner/work/hamster-ages/hamster-ages/build/Build/Products/Debug-iphonesimulator/HamsterAges.app/ja.lproj -- /Users/runner/work/hamster-ages/hamster-ages/build/Build/Intermediates.noindex/HamsterAges.build/Debug-iphonesimulator/HamsterAges.build/ja.lproj/InfoPlist.strings
/Users/runner/work/hamster-ages/hamster-ages/build/Build/Intermediates.noindex/HamsterAges.build/Debug-iphonesimulator/HamsterAges.build/ja.lproj/InfoPlist.strings:1:1: note: detected encoding of input file as Unicode (UTF-8) (in target 'HamsterAges' from project 'HamsterAges')

CopyStringsFile /Users/runner/work/hamster-ages/hamster-ages/build/Build/Products/Debug-iphonesimulator/HamsterAges.app/it.lproj/InfoPlist.strings /Users/runner/work/hamster-ages/hamster-ages/build/Build/Intermediates.noindex/HamsterAges.build/Debug-iphonesimulator/HamsterAges.build/it.lproj/InfoPlist.strings (in target 'HamsterAges' from project 'HamsterAges')
    cd /Users/runner/work/hamster-ages/hamster-ages
    builtin-copyStrings --validate --outputencoding binary --outfilename InfoPlist.strings --outdir /Users/runner/work/hamster-ages/hamster-ages/build/Build/Products/Debug-iphonesimulator/HamsterAges.app/it.lproj -- /Users/runner/work/hamster-ages/hamster-ages/build/Build/Intermediates.noindex/HamsterAges.build/Debug-iphonesimulator/HamsterAges.build/it.lproj/InfoPlist.strings
/Users/runner/work/hamster-ages/hamster-ages/build/Build/Intermediates.noindex/HamsterAges.build/Debug-iphonesimulator/HamsterAges.build/it.lproj/InfoPlist.strings:1:1: note: detected encoding of input file as Unicode (UTF-8) (in target 'HamsterAges' from project 'HamsterAges')

CopyStringsFile /Users/runner/work/hamster-ages/hamster-ages/build/Build/Products/Debug-iphonesimulator/HamsterAges.app/fr.lproj/InfoPlist.strings /Users/runner/work/hamster-ages/hamster-ages/build/Build/Intermediates.noindex/HamsterAges.build/Debug-iphonesimulator/HamsterAges.build/fr.lproj/InfoPlist.strings (in target 'HamsterAges' from project 'HamsterAges')
    cd /Users/runner/work/hamster-ages/hamster-ages
    builtin-copyStrings --validate --outputencoding binary --outfilename InfoPlist.strings --outdir /Users/runner/work/hamster-ages/hamster-ages/build/Build/Products/Debug-iphonesimulator/HamsterAges.app/fr.lproj -- /Users/runner/work/hamster-ages/hamster-ages/build/Build/Intermediates.noindex/HamsterAges.build/Debug-iphonesimulator/HamsterAges.build/fr.lproj/InfoPlist.strings
/Users/runner/work/hamster-ages/hamster-ages/build/Build/Intermediates.noindex/HamsterAges.build/Debug-iphonesimulator/HamsterAges.build/fr.lproj/InfoPlist.strings:1:1: note: detected encoding of input file as Unicode (UTF-8) (in target 'HamsterAges' from project 'HamsterAges')

CopyStringsFile /Users/runner/work/hamster-ages/hamster-ages/build/Build/Products/Debug-iphonesimulator/HamsterAges.app/es.lproj/InfoPlist.strings /Users/runner/work/hamster-ages/hamster-ages/build/Build/Intermediates.noindex/HamsterAges.build/Debug-iphonesimulator/HamsterAges.build/es.lproj/InfoPlist.strings (in target 'HamsterAges' from project 'HamsterAges')
    cd /Users/runner/work/hamster-ages/hamster-ages
    builtin-copyStrings --validate --outputencoding binary --outfilename InfoPlist.strings --outdir /Users/runner/work/hamster-ages/hamster-ages/build/Build/Products/Debug-iphonesimulator/HamsterAges.app/es.lproj -- /Users/runner/work/hamster-ages/hamster-ages/build/Build/Intermediates.noindex/HamsterAges.build/Debug-iphonesimulator/HamsterAges.build/es.lproj/InfoPlist.strings
/Users/runner/work/hamster-ages/hamster-ages/build/Build/Intermediates.noindex/HamsterAges.build/Debug-iphonesimulator/HamsterAges.build/es.lproj/InfoPlist.strings:1:1: note: detected encoding of input file as Unicode (UTF-8) (in target 'HamsterAges' from project 'HamsterAges')

CopyStringsFile /Users/runner/work/hamster-ages/hamster-ages/build/Build/Products/Debug-iphonesimulator/HamsterAges.app/de.lproj/InfoPlist.strings /Users/runner/work/hamster-ages/hamster-ages/build/Build/Intermediates.noindex/HamsterAges.build/Debug-iphonesimulator/HamsterAges.build/de.lproj/InfoPlist.strings (in target 'HamsterAges' from project 'HamsterAges')
    cd /Users/runner/work/hamster-ages/hamster-ages
    builtin-copyStrings --validate --outputencoding binary --outfilename InfoPlist.strings --outdir /Users/runner/work/hamster-ages/hamster-ages/build/Build/Products/Debug-iphonesimulator/HamsterAges.app/de.lproj -- /Users/runner/work/hamster-ages/hamster-ages/build/Build/Intermediates.noindex/HamsterAges.build/Debug-iphonesimulator/HamsterAges.build/de.lproj/InfoPlist.strings
/Users/runner/work/hamster-ages/hamster-ages/build/Build/Intermediates.noindex/HamsterAges.build/Debug-iphonesimulator/HamsterAges.build/de.lproj/InfoPlist.strings:1:1: note: detected encoding of input file as Unicode (UTF-8) (in target 'HamsterAges' from project 'HamsterAges')

ConstructStubExecutorLinkFileList /Users/runner/work/hamster-ages/hamster-ages/build/Build/Intermediates.noindex/HamsterAges.build/Debug-iphonesimulator/HamsterAges.build/HamsterAges-ExecutorLinkFileList-normal-x86_64.txt (in target 'HamsterAges' from project 'HamsterAges')
    cd /Users/runner/work/hamster-ages/hamster-ages
    construct-stub-executor-link-file-list /Users/runner/work/hamster-ages/hamster-ages/build/Build/Intermediates.noindex/HamsterAges.build/Debug-iphonesimulator/HamsterAges.build/Objects-normal/x86_64/Binary/HamsterAges.debug.dylib /Applications/Xcode_26.3.app/Contents/Developer/Platforms/iPhoneSimulator.platform/Developer/usr/lib/libPreviewsJITStubExecutor_no_swift_entry_point.a /Applications/Xcode_26.3.app/Contents/Developer/Platforms/iPhoneSimulator.platform/Developer/usr/lib/libPreviewsJITStubExecutor.a --output /Users/runner/work/hamster-ages/hamster-ages/build/Build/Intermediates.noindex/HamsterAges.build/Debug-iphonesimulator/HamsterAges.build/HamsterAges-ExecutorLinkFileList-normal-x86_64.txt
note: Using stub executor library with Swift entry point. (in target 'HamsterAges' from project 'HamsterAges')

Ld /Users/runner/work/hamster-ages/hamster-ages/build/Build/Intermediates.noindex/HamsterAges.build/Debug-iphonesimulator/HamsterAges.build/Objects-normal/x86_64/Binary/HamsterAges normal x86_64 (in target 'HamsterAges' from project 'HamsterAges')
    cd /Users/runner/work/hamster-ages/hamster-ages
    /Applications/Xcode_26.3.app/Contents/Developer/Toolchains/XcodeDefault.xctoolchain/usr/bin/clang -Xlinker -reproducible -target x86_64-apple-ios18.0-simulator -isysroot /Applications/Xcode_26.3.app/Contents/Developer/Platforms/iPhoneSimulator.platform/Developer/SDKs/iPhoneSimulator26.2.sdk -O0 -L/Users/runner/work/hamster-ages/hamster-ages/build/Build/Products/Debug-iphonesimulator -F/Users/runner/work/hamster-ages/hamster-ages/build/Build/Products/Debug-iphonesimulator/PackageFrameworks -F/Users/runner/work/hamster-ages/hamster-ages/build/Build/Products/Debug-iphonesimulator/PackageFrameworks -F/Users/runner/work/hamster-ages/hamster-ages/build/Build/Products/Debug-iphonesimulator -Xlinker -rpath -Xlinker @executable_path -Xlinker -rpath -Xlinker /Users/runner/work/hamster-ages/hamster-ages/build/Build/Products/Debug-iphonesimulator/PackageFrameworks -Xlinker -rpath -Xlinker @executable_path/Frameworks -rdynamic -Xlinker -no_deduplicate -Xlinker -objc_abi_version -Xlinker 2 -e ___debug_blank_executor_main -Xlinker -sectcreate -Xlinker __TEXT -Xlinker __debug_dylib -Xlinker /Users/runner/work/hamster-ages/hamster-ages/build/Build/Intermediates.noindex/HamsterAges.build/Debug-iphonesimulator/HamsterAges.build/HamsterAges-DebugDylibPath-normal-x86_64.txt -Xlinker -sectcreate -Xlinker __TEXT -Xlinker __debug_instlnm -Xlinker /Users/runner/work/hamster-ages/hamster-ages/build/Build/Intermediates.noindex/HamsterAges.build/Debug-iphonesimulator/HamsterAges.build/HamsterAges-DebugDylibInstallName-normal-x86_64.txt -Xlinker -filelist -Xlinker /Users/runner/work/hamster-ages/hamster-ages/build/Build/Intermediates.noindex/HamsterAges.build/Debug-iphonesimulator/HamsterAges.build/HamsterAges-ExecutorLinkFileList-normal-x86_64.txt /Users/runner/work/hamster-ages/hamster-ages/build/Build/Intermediates.noindex/HamsterAges.build/Debug-iphonesimulator/HamsterAges.build/Objects-normal/x86_64/Binary/HamsterAges.debug.dylib -o /Users/runner/work/hamster-ages/hamster-ages/build/Build/Intermediates.noindex/HamsterAges.build/Debug-iphonesimulator/HamsterAges.build/Objects-normal/x86_64/Binary/HamsterAges

SwiftDriverJobDiscovery normal arm64 Compiling HamsterAgesApp.swift, ArtFactory.swift, BattleController.swift, BattleScene.swift, Tutorial.swift, BalanceHarness.swift, BattleAI.swift, BattleSimulation.swift, Cards.swift, GameConfig.swift, L10n.swift, Rats.swift, Variants.swift (in target 'HamsterAges' from project 'HamsterAges')

SwiftDriver\ Compilation HamsterAges normal arm64 com.apple.xcode.tools.swift.compiler (in target 'HamsterAges' from project 'HamsterAges')
    cd /Users/runner/work/hamster-ages/hamster-ages
    builtin-Swift-Compilation -- /Applications/Xcode_26.3.app/Contents/Developer/Toolchains/XcodeDefault.xctoolchain/usr/bin/swiftc -module-name HamsterAges -Onone -enforce-exclusivity\=checked @/Users/runner/work/hamster-ages/hamster-ages/build/Build/Intermediates.noindex/HamsterAges.build/Debug-iphonesimulator/HamsterAges.build/Objects-normal/arm64/HamsterAges.SwiftFileList -DDEBUG -Xcc -fmodule-map-file\=/Users/runner/work/hamster-ages/hamster-ages/build/Build/Intermediates.noindex/GeneratedModuleMaps-iphonesimulator/UserMessagingPlatformTarget.modulemap -enable-bare-slash-regex -enable-upcoming-feature DisableOutwardActorInference -enable-upcoming-feature InferSendableFromCaptures -enable-upcoming-feature GlobalActorIsolatedTypesUsability -enable-upcoming-feature InferIsolatedConformances -enable-upcoming-feature NonisolatedNonsendingByDefault -enable-experimental-feature DebugDescriptionMacro -sdk /Applications/Xcode_26.3.app/Contents/Developer/Platforms/iPhoneSimulator.platform/Developer/SDKs/iPhoneSimulator26.2.sdk -target arm64-apple-ios18.0-simulator -g -module-cache-path /Users/runner/work/hamster-ages/hamster-ages/build/ModuleCache.noindex -Xfrontend -serialize-debugging-options -enable-testing -index-store-path /Users/runner/work/hamster-ages/hamster-ages/build/Index.noindex/DataStore -Xcc -D_LIBCPP_HARDENING_MODE\=_LIBCPP_HARDENING_MODE_DEBUG -swift-version 5 -I /Users/runner/work/hamster-ages/hamster-ages/build/Build/Products/Debug-iphonesimulator -F /Users/runner/work/hamster-ages/hamster-ages/build/Build/Products/Debug-iphonesimulator/PackageFrameworks -F /Users/runner/work/hamster-ages/hamster-ages/build/Build/Products/Debug-iphonesimulator/PackageFrameworks -F /Users/runner/work/hamster-ages/hamster-ages/build/Build/Products/Debug-iphonesimulator -emit-localized-strings -emit-localized-strings-path /Users/runner/work/hamster-ages/hamster-ages/build/Build/Intermediates.noindex/HamsterAges.build/Debug-iphonesimulator/HamsterAges.build/Objects-normal/arm64 -c -j3 -enable-batch-mode -incremental -Xcc -ivfsstatcache -Xcc /Users/runner/work/hamster-ages/hamster-ages/build/SDKStatCaches.noindex/iphonesimulator26.2-23C57-dc75598d0054f22ec865fa860f139d72e244bd9a5feaf902f95f61bf06266e52.sdkstatcache -output-file-map /Users/runner/work/hamster-ages/hamster-ages/build/Build/Intermediates.noindex/HamsterAges.build/Debug-iphonesimulator/HamsterAges.build/Objects-normal/arm64/HamsterAges-OutputFileMap.json -use-frontend-parseable-output -save-temps -no-color-diagnostics -explicit-module-build -module-cache-path /Users/runner/work/hamster-ages/hamster-ages/build/Build/Intermediates.noindex/SwiftExplicitPrecompiledModules -clang-scanner-module-cache-path /Users/runner/work/hamster-ages/hamster-ages/build/ModuleCache.noindex -sdk-module-cache-path /Users/runner/work/hamster-ages/hamster-ages/build/ModuleCache.noindex -serialize-diagnostics -emit-dependencies -emit-module -emit-module-path /Users/runner/work/hamster-ages/hamster-ages/build/Build/Intermediates.noindex/HamsterAges.build/Debug-iphonesimulator/HamsterAges.build/Objects-normal/arm64/HamsterAges.swiftmodule -validate-clang-modules-once -clang-build-session-file /Users/runner/work/hamster-ages/hamster-ages/build/ModuleCache.noindex/Session.modulevalidation -Xcc -I/Users/runner/work/hamster-ages/hamster-ages/build/Build/Intermediates.noindex/HamsterAges.build/Debug-iphonesimulator/HamsterAges.build/swift-overrides.hmap -emit-const-values -Xfrontend -const-gather-protocols-file -Xfrontend /Users/runner/work/hamster-ages/hamster-ages/build/Build/Intermediates.noindex/HamsterAges.build/Debug-iphonesimulator/HamsterAges.build/Objects-normal/arm64/HamsterAges_const_extract_protocols.json -Xcc -iquote -Xcc /Users/runner/work/hamster-ages/hamster-ages/build/Build/Intermediates.noindex/HamsterAges.build/Debug-iphonesimulator/HamsterAges.build/HamsterAges-generated-files.hmap -Xcc -I/Users/runner/work/hamster-ages/hamster-ages/build/Build/Intermediates.noindex/HamsterAges.build/Debug-iphonesimulator/HamsterAges.build/HamsterAges-own-target-headers.hmap -Xcc -I/Users/runner/work/hamster-ages/hamster-ages/build/Build/Intermediates.noindex/HamsterAges.build/Debug-iphonesimulator/HamsterAges.build/HamsterAges-all-non-framework-target-headers.hmap -Xcc -ivfsoverlay -Xcc /Users/runner/work/hamster-ages/hamster-ages/build/Build/Intermediates.noindex/HamsterAges.build/Debug-iphonesimulator/HamsterAges-8abf440da93d54cd71606d395a94708e-VFS-iphonesimulator/all-product-headers.yaml -Xcc -iquote -Xcc /Users/runner/work/hamster-ages/hamster-ages/build/Build/Intermediates.noindex/HamsterAges.build/Debug-iphonesimulator/HamsterAges.build/HamsterAges-project-headers.hmap -Xcc -I/Users/runner/work/hamster-ages/hamster-ages/build/SourcePackages/checkouts/swift-package-manager-google-user-messaging-platform/UserMessagingPlatformTarget/include -Xcc -I/Users/runner/work/hamster-ages/hamster-ages/build/Build/Products/Debug-iphonesimulator/include -Xcc -I/Users/runner/work/hamster-ages/hamster-ages/build/Build/Intermediates.noindex/HamsterAges.build/Debug-iphonesimulator/HamsterAges.build/DerivedSources-normal/arm64 -Xcc -I/Users/runner/work/hamster-ages/hamster-ages/build/Build/Intermediates.noindex/HamsterAges.build/Debug-iphonesimulator/HamsterAges.build/DerivedSources/arm64 -Xcc -I/Users/runner/work/hamster-ages/hamster-ages/build/Build/Intermediates.noindex/HamsterAges.build/Debug-iphonesimulator/HamsterAges.build/DerivedSources -Xcc -DDEBUG\=1 -emit-objc-header -emit-objc-header-path /Users/runner/work/hamster-ages/hamster-ages/build/Build/Intermediates.noindex/HamsterAges.build/Debug-iphonesimulator/HamsterAges.build/Objects-normal/arm64/HamsterAges-Swift.h -working-directory /Users/runner/work/hamster-ages/hamster-ages -experimental-emit-module-separately -disable-cmo

Ld /Users/runner/work/hamster-ages/hamster-ages/build/Build/Intermediates.noindex/HamsterAges.build/Debug-iphonesimulator/HamsterAges.build/Objects-normal/arm64/Binary/HamsterAges.debug.dylib normal arm64 (in target 'HamsterAges' from project 'HamsterAges')
    cd /Users/runner/work/hamster-ages/hamster-ages
    /Applications/Xcode_26.3.app/Contents/Developer/Toolchains/XcodeDefault.xctoolchain/usr/bin/clang -Xlinker -reproducible -target arm64-apple-ios18.0-simulator -dynamiclib -isysroot /Applications/Xcode_26.3.app/Contents/Developer/Platforms/iPhoneSimulator.platform/Developer/SDKs/iPhoneSimulator26.2.sdk -O0 -L/Users/runner/work/hamster-ages/hamster-ages/build/Build/Intermediates.noindex/EagerLinkingTBDs/Debug-iphonesimulator -L/Users/runner/work/hamster-ages/hamster-ages/build/Build/Products/Debug-iphonesimulator -F/Users/runner/work/hamster-ages/hamster-ages/build/Build/Intermediates.noindex/EagerLinkingTBDs/Debug-iphonesimulator -F/Users/runner/work/hamster-ages/hamster-ages/build/Build/Products/Debug-iphonesimulator/PackageFrameworks -F/Users/runner/work/hamster-ages/hamster-ages/build/Build/Products/Debug-iphonesimulator/PackageFrameworks -F/Users/runner/work/hamster-ages/hamster-ages/build/Build/Products/Debug-iphonesimulator -filelist /Users/runner/work/hamster-ages/hamster-ages/build/Build/Intermediates.noindex/HamsterAges.build/Debug-iphonesimulator/HamsterAges.build/Objects-normal/arm64/HamsterAges.LinkFileList -install_name @rpath/HamsterAges.debug.dylib -Xlinker -rpath -Xlinker /usr/lib/swift -Xlinker -rpath -Xlinker /Users/runner/work/hamster-ages/hamster-ages/build/Build/Products/Debug-iphonesimulator/PackageFrameworks -Xlinker -rpath -Xlinker @executable_path/Frameworks -dead_strip -Xlinker -object_path_lto -Xlinker /Users/runner/work/hamster-ages/hamster-ages/build/Build/Intermediates.noindex/HamsterAges.build/Debug-iphonesimulator/HamsterAges.build/Objects-normal/arm64/HamsterAges_lto.o -rdynamic -Xlinker -no_deduplicate -Xlinker -objc_abi_version -Xlinker 2 -Xlinker -dependency_info -Xlinker /Users/runner/work/hamster-ages/hamster-ages/build/Build/Intermediates.noindex/HamsterAges.build/Debug-iphonesimulator/HamsterAges.build/Objects-normal/arm64/HamsterAges_dependency_info.dat -fobjc-link-runtime -L/Applications/Xcode_26.3.app/Contents/Developer/Toolchains/XcodeDefault.xctoolchain/usr/lib/swift/iphonesimulator -L/usr/lib/swift -Xlinker -add_ast_path -Xlinker /Users/runner/work/hamster-ages/hamster-ages/build/Build/Intermediates.noindex/HamsterAges.build/Debug-iphonesimulator/HamsterAges.build/Objects-normal/arm64/HamsterAges.swiftmodule @/Users/runner/work/hamster-ages/hamster-ages/build/Build/Intermediates.noindex/HamsterAges.build/Debug-iphonesimulator/HamsterAges.build/Objects-normal/arm64/HamsterAges-linker-args.resp -Wl,-no_warn_duplicate_libraries -Wl,-no_warn_duplicate_libraries -framework WebKit -Xlinker -alias -Xlinker _main -Xlinker ___debug_main_executable_dylib_entry_point -framework GoogleMobileAds -framework UserMessagingPlatform -o /Users/runner/work/hamster-ages/hamster-ages/build/Build/Intermediates.noindex/HamsterAges.build/Debug-iphonesimulator/HamsterAges.build/Objects-normal/arm64/Binary/HamsterAges.debug.dylib -Xlinker -add_ast_path -Xlinker /Users/runner/work/hamster-ages/hamster-ages/build/Build/Intermediates.noindex/GoogleMobileAds.build/Debug-iphonesimulator/GoogleMobileAdsTarget.build/Objects-normal/arm64/GoogleMobileAdsTarget.swiftmodule @/Users/runner/work/hamster-ages/hamster-ages/build/Build/Intermediates.noindex/GoogleMobileAds.build/Debug-iphonesimulator/GoogleMobileAdsTarget.build/Objects-normal/arm64/GoogleMobileAdsTarget-linker-args.resp

CreateUniversalBinary /Users/runner/work/hamster-ages/hamster-ages/build/Build/Products/Debug-iphonesimulator/HamsterAges.app/HamsterAges.debug.dylib normal arm64\ x86_64 (in target 'HamsterAges' from project 'HamsterAges')
    cd /Users/runner/work/hamster-ages/hamster-ages
    /Applications/Xcode_26.3.app/Contents/Developer/Toolchains/XcodeDefault.xctoolchain/usr/bin/lipo -create /Users/runner/work/hamster-ages/hamster-ages/build/Build/Intermediates.noindex/HamsterAges.build/Debug-iphonesimulator/HamsterAges.build/Objects-normal/arm64/Binary/HamsterAges.debug.dylib /Users/runner/work/hamster-ages/hamster-ages/build/Build/Intermediates.noindex/HamsterAges.build/Debug-iphonesimulator/HamsterAges.build/Objects-normal/x86_64/Binary/HamsterAges.debug.dylib -output /Users/runner/work/hamster-ages/hamster-ages/build/Build/Products/Debug-iphonesimulator/HamsterAges.app/HamsterAges.debug.dylib

ConstructStubExecutorLinkFileList /Users/runner/work/hamster-ages/hamster-ages/build/Build/Intermediates.noindex/HamsterAges.build/Debug-iphonesimulator/HamsterAges.build/HamsterAges-ExecutorLinkFileList-normal-arm64.txt (in target 'HamsterAges' from project 'HamsterAges')
    cd /Users/runner/work/hamster-ages/hamster-ages
    construct-stub-executor-link-file-list /Users/runner/work/hamster-ages/hamster-ages/build/Build/Intermediates.noindex/HamsterAges.build/Debug-iphonesimulator/HamsterAges.build/Objects-normal/arm64/Binary/HamsterAges.debug.dylib /Applications/Xcode_26.3.app/Contents/Developer/Platforms/iPhoneSimulator.platform/Developer/usr/lib/libPreviewsJITStubExecutor_no_swift_entry_point.a /Applications/Xcode_26.3.app/Contents/Developer/Platforms/iPhoneSimulator.platform/Developer/usr/lib/libPreviewsJITStubExecutor.a --output /Users/runner/work/hamster-ages/hamster-ages/build/Build/Intermediates.noindex/HamsterAges.build/Debug-iphonesimulator/HamsterAges.build/HamsterAges-ExecutorLinkFileList-normal-arm64.txt
note: Using stub executor library with Swift entry point. (in target 'HamsterAges' from project 'HamsterAges')

Ld /Users/runner/work/hamster-ages/hamster-ages/build/Build/Intermediates.noindex/HamsterAges.build/Debug-iphonesimulator/HamsterAges.build/Objects-normal/arm64/Binary/HamsterAges normal arm64 (in target 'HamsterAges' from project 'HamsterAges')
    cd /Users/runner/work/hamster-ages/hamster-ages
    /Applications/Xcode_26.3.app/Contents/Developer/Toolchains/XcodeDefault.xctoolchain/usr/bin/clang -Xlinker -reproducible -target arm64-apple-ios18.0-simulator -isysroot /Applications/Xcode_26.3.app/Contents/Developer/Platforms/iPhoneSimulator.platform/Developer/SDKs/iPhoneSimulator26.2.sdk -O0 -L/Users/runner/work/hamster-ages/hamster-ages/build/Build/Products/Debug-iphonesimulator -F/Users/runner/work/hamster-ages/hamster-ages/build/Build/Products/Debug-iphonesimulator/PackageFrameworks -F/Users/runner/work/hamster-ages/hamster-ages/build/Build/Products/Debug-iphonesimulator/PackageFrameworks -F/Users/runner/work/hamster-ages/hamster-ages/build/Build/Products/Debug-iphonesimulator -Xlinker -rpath -Xlinker @executable_path -Xlinker -rpath -Xlinker /Users/runner/work/hamster-ages/hamster-ages/build/Build/Products/Debug-iphonesimulator/PackageFrameworks -Xlinker -rpath -Xlinker @executable_path/Frameworks -rdynamic -Xlinker -no_deduplicate -Xlinker -objc_abi_version -Xlinker 2 -e ___debug_blank_executor_main -Xlinker -sectcreate -Xlinker __TEXT -Xlinker __debug_dylib -Xlinker /Users/runner/work/hamster-ages/hamster-ages/build/Build/Intermediates.noindex/HamsterAges.build/Debug-iphonesimulator/HamsterAges.build/HamsterAges-DebugDylibPath-normal-arm64.txt -Xlinker -sectcreate -Xlinker __TEXT -Xlinker __debug_instlnm -Xlinker /Users/runner/work/hamster-ages/hamster-ages/build/Build/Intermediates.noindex/HamsterAges.build/Debug-iphonesimulator/HamsterAges.build/HamsterAges-DebugDylibInstallName-normal-arm64.txt -Xlinker -filelist -Xlinker /Users/runner/work/hamster-ages/hamster-ages/build/Build/Intermediates.noindex/HamsterAges.build/Debug-iphonesimulator/HamsterAges.build/HamsterAges-ExecutorLinkFileList-normal-arm64.txt /Users/runner/work/hamster-ages/hamster-ages/build/Build/Intermediates.noindex/HamsterAges.build/Debug-iphonesimulator/HamsterAges.build/Objects-normal/arm64/Binary/HamsterAges.debug.dylib -o /Users/runner/work/hamster-ages/hamster-ages/build/Build/Intermediates.noindex/HamsterAges.build/Debug-iphonesimulator/HamsterAges.build/Objects-normal/arm64/Binary/HamsterAges

CreateUniversalBinary /Users/runner/work/hamster-ages/hamster-ages/build/Build/Products/Debug-iphonesimulator/HamsterAges.app/HamsterAges normal arm64\ x86_64 (in target 'HamsterAges' from project 'HamsterAges')
    cd /Users/runner/work/hamster-ages/hamster-ages
    /Applications/Xcode_26.3.app/Contents/Developer/Toolchains/XcodeDefault.xctoolchain/usr/bin/lipo -create /Users/runner/work/hamster-ages/hamster-ages/build/Build/Intermediates.noindex/HamsterAges.build/Debug-iphonesimulator/HamsterAges.build/Objects-normal/arm64/Binary/HamsterAges /Users/runner/work/hamster-ages/hamster-ages/build/Build/Intermediates.noindex/HamsterAges.build/Debug-iphonesimulator/HamsterAges.build/Objects-normal/x86_64/Binary/HamsterAges -output /Users/runner/work/hamster-ages/hamster-ages/build/Build/Products/Debug-iphonesimulator/HamsterAges.app/HamsterAges

CopySwiftLibs /Users/runner/work/hamster-ages/hamster-ages/build/Build/Products/Debug-iphonesimulator/HamsterAges.app (in target 'HamsterAges' from project 'HamsterAges')
    cd /Users/runner/work/hamster-ages/hamster-ages
    builtin-swiftStdLibTool --copy --verbose --scan-executable /Users/runner/work/hamster-ages/hamster-ages/build/Build/Products/Debug-iphonesimulator/HamsterAges.app/HamsterAges.debug.dylib --scan-folder /Users/runner/work/hamster-ages/hamster-ages/build/Build/Products/Debug-iphonesimulator/HamsterAges.app/Frameworks --scan-folder /Users/runner/work/hamster-ages/hamster-ages/build/Build/Products/Debug-iphonesimulator/HamsterAges.app/PlugIns --scan-folder /Users/runner/work/hamster-ages/hamster-ages/build/Build/Products/Debug-iphonesimulator/HamsterAges.app/SystemExtensions --scan-folder /Users/runner/work/hamster-ages/hamster-ages/build/Build/Products/Debug-iphonesimulator/HamsterAges.app/Extensions --platform iphonesimulator --toolchain /var/run/com.apple.security.cryptexd/mnt/com.apple.MobileAsset.MetalToolchain-v17.3.7003.10.QXSqED/Metal.xctoolchain --toolchain /Applications/Xcode_26.3.app/Contents/Developer/Toolchains/XcodeDefault.xctoolchain --destination /Users/runner/work/hamster-ages/hamster-ages/build/Build/Products/Debug-iphonesimulator/HamsterAges.app/Frameworks --strip-bitcode --strip-bitcode-tool /Applications/Xcode_26.3.app/Contents/Developer/Toolchains/XcodeDefault.xctoolchain/usr/bin/bitcode_strip --emit-dependency-info /Users/runner/work/hamster-ages/hamster-ages/build/Build/Intermediates.noindex/HamsterAges.build/Debug-iphonesimulator/HamsterAges.build/SwiftStdLibToolInputDependencies.dep --filter-for-swift-os --back-deploy-swift-span
Ignoring --strip-bitcode because --sign was not passed

ExtractAppIntentsMetadata (in target 'HamsterAges' from project 'HamsterAges')
    cd /Users/runner/work/hamster-ages/hamster-ages
    /Applications/Xcode_26.3.app/Contents/Developer/Toolchains/XcodeDefault.xctoolchain/usr/bin/appintentsmetadataprocessor --toolchain-dir /var/run/com.apple.security.cryptexd/mnt/com.apple.MobileAsset.MetalToolchain-v17.3.7003.10.QXSqED/Metal.xctoolchain --module-name HamsterAges --sdk-root /Applications/Xcode_26.3.app/Contents/Developer/Platforms/iPhoneSimulator.platform/Developer/SDKs/iPhoneSimulator26.2.sdk --xcode-version 17C529 --platform-family iOS --deployment-target 18.0 --bundle-identifier com.valkhim.hamsterages --output /Users/runner/work/hamster-ages/hamster-ages/build/Build/Products/Debug-iphonesimulator/HamsterAges.app --target-triple arm64-apple-ios18.0-simulator --target-triple x86_64-apple-ios18.0-simulator --binary-file /Users/runner/work/hamster-ages/hamster-ages/build/Build/Products/Debug-iphonesimulator/HamsterAges.app/HamsterAges --dependency-file /Users/runner/work/hamster-ages/hamster-ages/build/Build/Intermediates.noindex/HamsterAges.build/Debug-iphonesimulator/HamsterAges.build/Objects-normal/arm64/HamsterAges_dependency_info.dat --dependency-file /Users/runner/work/hamster-ages/hamster-ages/build/Build/Intermediates.noindex/HamsterAges.build/Debug-iphonesimulator/HamsterAges.build/Objects-normal/x86_64/HamsterAges_dependency_info.dat --stringsdata-file /Users/runner/work/hamster-ages/hamster-ages/build/Build/Intermediates.noindex/HamsterAges.build/Debug-iphonesimulator/HamsterAges.build/Objects-normal/arm64/ExtractedAppShortcutsMetadata.stringsdata --stringsdata-file /Users/runner/work/hamster-ages/hamster-ages/build/Build/Intermediates.noindex/HamsterAges.build/Debug-iphonesimulator/HamsterAges.build/Objects-normal/x86_64/ExtractedAppShortcutsMetadata.stringsdata --source-file-list /Users/runner/work/hamster-ages/hamster-ages/build/Build/Intermediates.noindex/HamsterAges.build/Debug-iphonesimulator/HamsterAges.build/Objects-normal/arm64/HamsterAges.SwiftFileList --source-file-list /Users/runner/work/hamster-ages/hamster-ages/build/Build/Intermediates.noindex/HamsterAges.build/Debug-iphonesimulator/HamsterAges.build/Objects-normal/x86_64/HamsterAges.SwiftFileList --metadata-file-list /Users/runner/work/hamster-ages/hamster-ages/build/Build/Intermediates.noindex/HamsterAges.build/Debug-iphonesimulator/HamsterAges.build/HamsterAges.DependencyMetadataFileList --static-metadata-file-list /Users/runner/work/hamster-ages/hamster-ages/build/Build/Intermediates.noindex/HamsterAges.build/Debug-iphonesimulator/HamsterAges.build/HamsterAges.DependencyStaticMetadataFileList --swift-const-vals-list /Users/runner/work/hamster-ages/hamster-ages/build/Build/Intermediates.noindex/HamsterAges.build/Debug-iphonesimulator/HamsterAges.build/Objects-normal/arm64/HamsterAges.SwiftConstValuesFileList --swift-const-vals-list /Users/runner/work/hamster-ages/hamster-ages/build/Build/Intermediates.noindex/HamsterAges.build/Debug-iphonesimulator/HamsterAges.build/Objects-normal/x86_64/HamsterAges.SwiftConstValuesFileList --compile-time-extraction --deployment-aware-processing --validate-assistant-intents --no-app-shortcuts-localization
2026-10-05 06:22:30.305 appintentsmetadataprocessor[3223:12551] Starting appintentsmetadataprocessor export
2026-10-05 06:22:30.309 appintentsmetadataprocessor[3223:12551] warning: Metadata extraction skipped. No AppIntents.framework dependency found.

AppIntentsSSUTraining (in target 'HamsterAges' from project 'HamsterAges')
    cd /Users/runner/work/hamster-ages/hamster-ages
    /Applications/Xcode_26.3.app/Contents/Developer/Toolchains/XcodeDefault.xctoolchain/usr/bin/appintentsnltrainingprocessor --infoplist-path /Users/runner/work/hamster-ages/hamster-ages/build/Build/Products/Debug-iphonesimulator/HamsterAges.app/Info.plist --temp-dir-path /Users/runner/work/hamster-ages/hamster-ages/build/Build/Intermediates.noindex/HamsterAges.build/Debug-iphonesimulator/HamsterAges.build/ssu --bundle-id com.valkhim.hamsterages --product-path /Users/runner/work/hamster-ages/hamster-ages/build/Build/Products/Debug-iphonesimulator/HamsterAges.app --extracted-metadata-path /Users/runner/work/hamster-ages/hamster-ages/build/Build/Products/Debug-iphonesimulator/HamsterAges.app/Metadata.appintents --metadata-file-list /Users/runner/work/hamster-ages/hamster-ages/build/Build/Intermediates.noindex/HamsterAges.build/Debug-iphonesimulator/HamsterAges.build/HamsterAges.DependencyMetadataFileList --archive-ssu-assets
2026-10-05 06:22:30.343 appintentsnltrainingprocessor[3224:12552] Parsing options for appintentsnltrainingprocessor
2026-10-05 06:22:30.344 appintentsnltrainingprocessor[3224:12552] No AppShortcuts found - Skipping.

RegisterExecutionPolicyException /Users/runner/work/hamster-ages/hamster-ages/build/Build/Products/Debug-iphonesimulator/HamsterAges.app (in target 'HamsterAges' from project 'HamsterAges')
    cd /Users/runner/work/hamster-ages/hamster-ages
    builtin-RegisterExecutionPolicyException /Users/runner/work/hamster-ages/hamster-ages/build/Build/Products/Debug-iphonesimulator/HamsterAges.app

Validate /Users/runner/work/hamster-ages/hamster-ages/build/Build/Products/Debug-iphonesimulator/HamsterAges.app (in target 'HamsterAges' from project 'HamsterAges')
    cd /Users/runner/work/hamster-ages/hamster-ages
    builtin-validationUtility /Users/runner/work/hamster-ages/hamster-ages/build/Build/Products/Debug-iphonesimulator/HamsterAges.app -shallow-bundle -infoplist-subpath Info.plist

Touch /Users/runner/work/hamster-ages/hamster-ages/build/Build/Products/Debug-iphonesimulator/HamsterAges.app (in target 'HamsterAges' from project 'HamsterAges')
    cd /Users/runner/work/hamster-ages/hamster-ages
    /usr/bin/touch -c /Users/runner/work/hamster-ages/hamster-ages/build/Build/Products/Debug-iphonesimulator/HamsterAges.app

** BUILD SUCCEEDED **

