Command line invocation:
    /Applications/Xcode_26.3.app/Contents/Developer/usr/bin/xcodebuild -project HamsterAges.xcodeproj -scheme HamsterAges -destination "generic/platform=iOS Simulator" -derivedDataPath build-release -configuration Release CODE_SIGNING_ALLOWED=NO build

Build settings from command line:
    CODE_SIGNING_ALLOWED = NO

Resolve Package Graph

Fetching from https://github.com/googleads/swift-package-manager-google-mobile-ads.git (cached)

Fetching from https://github.com/googleads/swift-package-manager-google-user-messaging-platform.git (cached)

Creating working copy of package ‘swift-package-manager-google-user-messaging-platform’

Creating working copy of package ‘swift-package-manager-google-mobile-ads’

Checking out 3.1.0 of package ‘swift-package-manager-google-user-messaging-platform’

Checking out 13.11.0 of package ‘swift-package-manager-google-mobile-ads’


Resolved source packages:
  GoogleUserMessagingPlatform: https://github.com/googleads/swift-package-manager-google-user-messaging-platform.git @ 3.1.0
  GoogleMobileAds: https://github.com/googleads/swift-package-manager-google-mobile-ads.git @ 13.11.0

ComputePackagePrebuildTargetDependencyGraph

Prepare packages

CreateBuildRequest

SendProjectDescription

CreateBuildOperation

ComputeTargetDependencyGraph
note: Building targets in dependency order
note: Target dependency graph (5 targets)
    Target 'HamsterAges' in project 'HamsterAges'
        ➜ Explicit dependency on target 'GoogleMobileAds' in project 'GoogleMobileAds'
    Target 'GoogleMobileAds' in project 'GoogleMobileAds'
        ➜ Explicit dependency on target 'GoogleMobileAdsTarget' in project 'GoogleMobileAds'
        ➜ Explicit dependency on target 'GoogleUserMessagingPlatform' in project 'GoogleUserMessagingPlatform'
    Target 'GoogleMobileAdsTarget' in project 'GoogleMobileAds'
        ➜ Explicit dependency on target 'GoogleUserMessagingPlatform' in project 'GoogleUserMessagingPlatform'
    Target 'GoogleUserMessagingPlatform' in project 'GoogleUserMessagingPlatform'
        ➜ Explicit dependency on target 'UserMessagingPlatformTarget' in project 'GoogleUserMessagingPlatform'
    Target 'UserMessagingPlatformTarget' in project 'GoogleUserMessagingPlatform' (no dependencies)

GatherProvisioningInputs

CreateBuildDescription

ExecuteExternalTool /Applications/Xcode_26.3.app/Contents/Developer/Toolchains/XcodeDefault.xctoolchain/usr/bin/clang -v -E -dM -isysroot /Applications/Xcode_26.3.app/Contents/Developer/Platforms/iPhoneSimulator.platform/Developer/SDKs/iPhoneSimulator26.2.sdk -x c -c /dev/null

ExecuteExternalTool /Applications/Xcode_26.3.app/Contents/Developer/Toolchains/XcodeDefault.xctoolchain/usr/bin/clang -v -E -dM -arch arm64 -isysroot /Applications/Xcode_26.3.app/Contents/Developer/Platforms/iPhoneSimulator.platform/Developer/SDKs/iPhoneSimulator26.2.sdk -x objective-c -c /dev/null

ExecuteExternalTool /Applications/Xcode_26.3.app/Contents/Developer/Toolchains/XcodeDefault.xctoolchain/usr/bin/swiftc --version

ExecuteExternalTool /Applications/Xcode_26.3.app/Contents/Developer/usr/bin/actool --print-asset-tag-combinations --output-format xml1 /Users/runner/work/hamster-ages/hamster-ages/HamsterAges/Assets.xcassets

ExecuteExternalTool /Applications/Xcode_26.3.app/Contents/Developer/usr/bin/xcstringstool compile --dry-run --output-directory /Users/runner/work/hamster-ages/hamster-ages/build-release/Build/Intermediates.noindex/HamsterAges.build/Release-iphonesimulator/HamsterAges.build /Users/runner/work/hamster-ages/hamster-ages/HamsterAges/InfoPlist.xcstrings

ExecuteExternalTool /Applications/Xcode_26.3.app/Contents/Developer/Toolchains/XcodeDefault.xctoolchain/usr/bin/clang -v -E -dM -arch arm64 -isysroot /Applications/Xcode_26.3.app/Contents/Developer/Platforms/iPhoneSimulator.platform/Developer/SDKs/iPhoneSimulator26.2.sdk -x c -c /dev/null

ExecuteExternalTool /Applications/Xcode_26.3.app/Contents/Developer/usr/bin/actool --version --output-format xml1

ExecuteExternalTool /Applications/Xcode_26.3.app/Contents/Developer/usr/bin/xcstringstool compile --dry-run --output-directory /Users/runner/work/hamster-ages/hamster-ages/build-release/Build/Intermediates.noindex/HamsterAges.build/Release-iphonesimulator/HamsterAges.build /Users/runner/work/hamster-ages/hamster-ages/HamsterAges/Localizable.xcstrings

ExecuteExternalTool /Applications/Xcode_26.3.app/Contents/Developer/Toolchains/XcodeDefault.xctoolchain/usr/bin/ld -version_details

ExecuteExternalTool /Applications/Xcode_26.3.app/Contents/Developer/Toolchains/XcodeDefault.xctoolchain/usr/bin/clang -v -E -dM -arch x86_64 -isysroot /Applications/Xcode_26.3.app/Contents/Developer/Platforms/iPhoneSimulator.platform/Developer/SDKs/iPhoneSimulator26.2.sdk -x objective-c -c /dev/null

ExecuteExternalTool /Applications/Xcode_26.3.app/Contents/Developer/Toolchains/XcodeDefault.xctoolchain/usr/bin/clang -v -E -dM -arch x86_64 -isysroot /Applications/Xcode_26.3.app/Contents/Developer/Platforms/iPhoneSimulator.platform/Developer/SDKs/iPhoneSimulator26.2.sdk -x c -c /dev/null

Build description signature: 181cbc6cabedad16b72d49f137953ad6
Build description path: /Users/runner/work/hamster-ages/hamster-ages/build-release/Build/Intermediates.noindex/XCBuildData/181cbc6cabedad16b72d49f137953ad6.xcbuilddata
ClangStatCache /Applications/Xcode_26.3.app/Contents/Developer/Toolchains/XcodeDefault.xctoolchain/usr/bin/clang-stat-cache /Applications/Xcode_26.3.app/Contents/Developer/Platforms/iPhoneSimulator.platform/Developer/SDKs/iPhoneSimulator26.2.sdk /Users/runner/work/hamster-ages/hamster-ages/build-release/SDKStatCaches.noindex/iphonesimulator26.2-23C57-dc75598d0054f22ec865fa860f139d72e244bd9a5feaf902f95f61bf06266e52.sdkstatcache
    cd /Users/runner/work/hamster-ages/hamster-ages/HamsterAges.xcodeproj
    /Applications/Xcode_26.3.app/Contents/Developer/Toolchains/XcodeDefault.xctoolchain/usr/bin/clang-stat-cache /Applications/Xcode_26.3.app/Contents/Developer/Platforms/iPhoneSimulator.platform/Developer/SDKs/iPhoneSimulator26.2.sdk -o /Users/runner/work/hamster-ages/hamster-ages/build-release/SDKStatCaches.noindex/iphonesimulator26.2-23C57-dc75598d0054f22ec865fa860f139d72e244bd9a5feaf902f95f61bf06266e52.sdkstatcache

CreateBuildDirectory /Users/runner/work/hamster-ages/hamster-ages/build-release/Build/Products
    cd /Users/runner/work/hamster-ages/hamster-ages/HamsterAges.xcodeproj
    builtin-create-build-directory /Users/runner/work/hamster-ages/hamster-ages/build-release/Build/Products

CreateBuildDirectory /Users/runner/work/hamster-ages/hamster-ages/build-release/Build/Intermediates.noindex
    cd /Users/runner/work/hamster-ages/hamster-ages/HamsterAges.xcodeproj
    builtin-create-build-directory /Users/runner/work/hamster-ages/hamster-ages/build-release/Build/Intermediates.noindex

WriteAuxiliaryFile /Users/runner/work/hamster-ages/hamster-ages/build-release/Build/Intermediates.noindex/HamsterAges.build/Release-iphonesimulator/HamsterAges-8abf440da93d54cd71606d395a94708e-VFS-iphonesimulator/all-product-headers.yaml
    cd /Users/runner/work/hamster-ages/hamster-ages/HamsterAges.xcodeproj
    write-file /Users/runner/work/hamster-ages/hamster-ages/build-release/Build/Intermediates.noindex/HamsterAges.build/Release-iphonesimulator/HamsterAges-8abf440da93d54cd71606d395a94708e-VFS-iphonesimulator/all-product-headers.yaml

CreateBuildDirectory /Users/runner/work/hamster-ages/hamster-ages/build-release/Build/Intermediates.noindex/SwiftExplicitPrecompiledModules
    cd /Users/runner/work/hamster-ages/hamster-ages/HamsterAges.xcodeproj
    builtin-create-build-directory /Users/runner/work/hamster-ages/hamster-ages/build-release/Build/Intermediates.noindex/SwiftExplicitPrecompiledModules

CreateBuildDirectory /Users/runner/work/hamster-ages/hamster-ages/build-release/Build/Products/Release-iphonesimulator
    cd /Users/runner/work/hamster-ages/hamster-ages/HamsterAges.xcodeproj
    builtin-create-build-directory /Users/runner/work/hamster-ages/hamster-ages/build-release/Build/Products/Release-iphonesimulator

CreateBuildDirectory /Users/runner/work/hamster-ages/hamster-ages/build-release/Build/Intermediates.noindex/ExplicitPrecompiledModules
    cd /Users/runner/work/hamster-ages/hamster-ages/HamsterAges.xcodeproj
    builtin-create-build-directory /Users/runner/work/hamster-ages/hamster-ages/build-release/Build/Intermediates.noindex/ExplicitPrecompiledModules

CreateBuildDirectory /Users/runner/work/hamster-ages/hamster-ages/build-release/Build/Intermediates.noindex/EagerLinkingTBDs/Release-iphonesimulator
    cd /Users/runner/work/hamster-ages/hamster-ages/HamsterAges.xcodeproj
    builtin-create-build-directory /Users/runner/work/hamster-ages/hamster-ages/build-release/Build/Intermediates.noindex/EagerLinkingTBDs/Release-iphonesimulator

CreateBuildDirectory /Users/runner/work/hamster-ages/hamster-ages/build-release/Build/Products/Release-iphonesimulator/PackageFrameworks
    cd /Users/runner/work/hamster-ages/hamster-ages/HamsterAges.xcodeproj
    builtin-create-build-directory /Users/runner/work/hamster-ages/hamster-ages/build-release/Build/Products/Release-iphonesimulator/PackageFrameworks

ProcessXCFramework /Users/runner/work/hamster-ages/hamster-ages/build-release/SourcePackages/artifacts/swift-package-manager-google-user-messaging-platform/UserMessagingPlatform/UserMessagingPlatform.xcframework /Users/runner/work/hamster-ages/hamster-ages/build-release/Build/Products/Release-iphonesimulator/UserMessagingPlatform.framework ios simulator
    cd /Users/runner/work/hamster-ages/hamster-ages/HamsterAges.xcodeproj
    builtin-process-xcframework --xcframework /Users/runner/work/hamster-ages/hamster-ages/build-release/SourcePackages/artifacts/swift-package-manager-google-user-messaging-platform/UserMessagingPlatform/UserMessagingPlatform.xcframework --platform ios --environment simulator --target-path /Users/runner/work/hamster-ages/hamster-ages/build-release/Build/Products/Release-iphonesimulator
/Users/runner/work/hamster-ages/hamster-ages/build-release/SourcePackages/artifacts/swift-package-manager-google-user-messaging-platform/UserMessagingPlatform/UserMessagingPlatform.xcframework:1:1: note: The identity of “UserMessagingPlatform.xcframework” is not recorded in your project.

ProcessXCFramework /Users/runner/work/hamster-ages/hamster-ages/build-release/SourcePackages/artifacts/swift-package-manager-google-mobile-ads/GoogleMobileAds/GoogleMobileAds.xcframework /Users/runner/work/hamster-ages/hamster-ages/build-release/Build/Products/Release-iphonesimulator/GoogleMobileAds.framework ios simulator
    cd /Users/runner/work/hamster-ages/hamster-ages/HamsterAges.xcodeproj
    builtin-process-xcframework --xcframework /Users/runner/work/hamster-ages/hamster-ages/build-release/SourcePackages/artifacts/swift-package-manager-google-mobile-ads/GoogleMobileAds/GoogleMobileAds.xcframework --platform ios --environment simulator --target-path /Users/runner/work/hamster-ages/hamster-ages/build-release/Build/Products/Release-iphonesimulator
/Users/runner/work/hamster-ages/hamster-ages/build-release/SourcePackages/artifacts/swift-package-manager-google-mobile-ads/GoogleMobileAds/GoogleMobileAds.xcframework:1:1: note: The identity of “GoogleMobileAds.xcframework” is not recorded in your project.

WriteAuxiliaryFile /Users/runner/work/hamster-ages/hamster-ages/build-release/Build/Intermediates.noindex/GoogleUserMessagingPlatform.build/Release-iphonesimulator/UserMessagingPlatformTarget.build/UserMessagingPlatformTarget.modulemap (in target 'UserMessagingPlatformTarget' from project 'GoogleUserMessagingPlatform')
    cd /Users/runner/work/hamster-ages/hamster-ages/build-release/SourcePackages/checkouts/swift-package-manager-google-user-messaging-platform
    write-file /Users/runner/work/hamster-ages/hamster-ages/build-release/Build/Intermediates.noindex/GoogleUserMessagingPlatform.build/Release-iphonesimulator/UserMessagingPlatformTarget.build/UserMessagingPlatformTarget.modulemap

WriteAuxiliaryFile /Users/runner/work/hamster-ages/hamster-ages/build-release/Build/Intermediates.noindex/GoogleUserMessagingPlatform.build/Release-iphonesimulator/UserMessagingPlatformTarget.build/UserMessagingPlatformTarget.DependencyStaticMetadataFileList (in target 'UserMessagingPlatformTarget' from project 'GoogleUserMessagingPlatform')
    cd /Users/runner/work/hamster-ages/hamster-ages/build-release/SourcePackages/checkouts/swift-package-manager-google-user-messaging-platform
    write-file /Users/runner/work/hamster-ages/hamster-ages/build-release/Build/Intermediates.noindex/GoogleUserMessagingPlatform.build/Release-iphonesimulator/UserMessagingPlatformTarget.build/UserMessagingPlatformTarget.DependencyStaticMetadataFileList

WriteAuxiliaryFile /Users/runner/work/hamster-ages/hamster-ages/build-release/Build/Intermediates.noindex/GoogleUserMessagingPlatform.build/Release-iphonesimulator/UserMessagingPlatformTarget.build/UserMessagingPlatformTarget.DependencyMetadataFileList (in target 'UserMessagingPlatformTarget' from project 'GoogleUserMessagingPlatform')
    cd /Users/runner/work/hamster-ages/hamster-ages/build-release/SourcePackages/checkouts/swift-package-manager-google-user-messaging-platform
    write-file /Users/runner/work/hamster-ages/hamster-ages/build-release/Build/Intermediates.noindex/GoogleUserMessagingPlatform.build/Release-iphonesimulator/UserMessagingPlatformTarget.build/UserMessagingPlatformTarget.DependencyMetadataFileList

WriteAuxiliaryFile /Users/runner/work/hamster-ages/hamster-ages/build-release/Build/Intermediates.noindex/GoogleUserMessagingPlatform.build/Release-iphonesimulator/UserMessagingPlatformTarget.build/Objects-normal/x86_64/e6072d4f65d7061329687fe24e3d63a7-common-args.resp (in target 'UserMessagingPlatformTarget' from project 'GoogleUserMessagingPlatform')
    cd /Users/runner/work/hamster-ages/hamster-ages/build-release/SourcePackages/checkouts/swift-package-manager-google-user-messaging-platform
    write-file /Users/runner/work/hamster-ages/hamster-ages/build-release/Build/Intermediates.noindex/GoogleUserMessagingPlatform.build/Release-iphonesimulator/UserMessagingPlatformTarget.build/Objects-normal/x86_64/e6072d4f65d7061329687fe24e3d63a7-common-args.resp
-target x86_64-apple-ios12.0-simulator -fobjc-arc -fmodules -gmodules '-fmodules-cache-path=/Users/runner/work/hamster-ages/hamster-ages/build-release/ModuleCache.noindex' '-fmodule-name=UserMessagingPlatformTarget' -fpascal-strings -Os -DSWIFT_PACKAGE '-DOBJC_OLD_DISPATCH_PROTOTYPES=1' -isysroot /Applications/Xcode_26.3.app/Contents/Developer/Platforms/iPhoneSimulator.platform/Developer/SDKs/iPhoneSimulator26.2.sdk -fasm-blocks -g '-fobjc-abi-version=2' -fobjc-legacy-dispatch -I/Users/runner/work/hamster-ages/hamster-ages/build-release/Build/Products/Release-iphonesimulator/include -I/Users/runner/work/hamster-ages/hamster-ages/build-release/SourcePackages/checkouts/swift-package-manager-google-user-messaging-platform/UserMessagingPlatformTarget/include -I/Users/runner/work/hamster-ages/hamster-ages/build-release/Build/Intermediates.noindex/GoogleUserMessagingPlatform.build/Release-iphonesimulator/UserMessagingPlatformTarget.build/DerivedSources-normal/x86_64 -I/Users/runner/work/hamster-ages/hamster-ages/build-release/Build/Intermediates.noindex/GoogleUserMessagingPlatform.build/Release-iphonesimulator/UserMessagingPlatformTarget.build/DerivedSources/x86_64 -I/Users/runner/work/hamster-ages/hamster-ages/build-release/Build/Intermediates.noindex/GoogleUserMessagingPlatform.build/Release-iphonesimulator/UserMessagingPlatformTarget.build/DerivedSources -F/Users/runner/work/hamster-ages/hamster-ages/build-release/Build/Products/Release-iphonesimulator -iframework /Applications/Xcode_26.3.app/Contents/Developer/Platforms/iPhoneSimulator.platform/Developer/Library/Frameworks -iframework /Applications/Xcode_26.3.app/Contents/Developer/Platforms/iPhoneSimulator.platform/Developer/SDKs/iPhoneSimulator26.2.sdk/Developer/Library/Frameworks -DXcode

WriteAuxiliaryFile /Users/runner/work/hamster-ages/hamster-ages/build-release/Build/Intermediates.noindex/GoogleUserMessagingPlatform.build/Release-iphonesimulator/UserMessagingPlatformTarget.build/Objects-normal/x86_64/UserMessagingPlatformTarget.LinkFileList (in target 'UserMessagingPlatformTarget' from project 'GoogleUserMessagingPlatform')
    cd /Users/runner/work/hamster-ages/hamster-ages/build-release/SourcePackages/checkouts/swift-package-manager-google-user-messaging-platform
    write-file /Users/runner/work/hamster-ages/hamster-ages/build-release/Build/Intermediates.noindex/GoogleUserMessagingPlatform.build/Release-iphonesimulator/UserMessagingPlatformTarget.build/Objects-normal/x86_64/UserMessagingPlatformTarget.LinkFileList

WriteAuxiliaryFile /Users/runner/work/hamster-ages/hamster-ages/build-release/Build/Intermediates.noindex/GoogleUserMessagingPlatform.build/Release-iphonesimulator/UserMessagingPlatformTarget.build/Objects-normal/arm64/e6072d4f65d7061329687fe24e3d63a7-common-args.resp (in target 'UserMessagingPlatformTarget' from project 'GoogleUserMessagingPlatform')
    cd /Users/runner/work/hamster-ages/hamster-ages/build-release/SourcePackages/checkouts/swift-package-manager-google-user-messaging-platform
    write-file /Users/runner/work/hamster-ages/hamster-ages/build-release/Build/Intermediates.noindex/GoogleUserMessagingPlatform.build/Release-iphonesimulator/UserMessagingPlatformTarget.build/Objects-normal/arm64/e6072d4f65d7061329687fe24e3d63a7-common-args.resp
-target arm64-apple-ios12.0-simulator -fobjc-arc -fmodules -gmodules '-fmodules-cache-path=/Users/runner/work/hamster-ages/hamster-ages/build-release/ModuleCache.noindex' '-fmodule-name=UserMessagingPlatformTarget' -fpascal-strings -Os -DSWIFT_PACKAGE '-DOBJC_OLD_DISPATCH_PROTOTYPES=1' -isysroot /Applications/Xcode_26.3.app/Contents/Developer/Platforms/iPhoneSimulator.platform/Developer/SDKs/iPhoneSimulator26.2.sdk -g '-fobjc-abi-version=2' -fobjc-legacy-dispatch -I/Users/runner/work/hamster-ages/hamster-ages/build-release/Build/Products/Release-iphonesimulator/include -I/Users/runner/work/hamster-ages/hamster-ages/build-release/SourcePackages/checkouts/swift-package-manager-google-user-messaging-platform/UserMessagingPlatformTarget/include -I/Users/runner/work/hamster-ages/hamster-ages/build-release/Build/Intermediates.noindex/GoogleUserMessagingPlatform.build/Release-iphonesimulator/UserMessagingPlatformTarget.build/DerivedSources-normal/arm64 -I/Users/runner/work/hamster-ages/hamster-ages/build-release/Build/Intermediates.noindex/GoogleUserMessagingPlatform.build/Release-iphonesimulator/UserMessagingPlatformTarget.build/DerivedSources/arm64 -I/Users/runner/work/hamster-ages/hamster-ages/build-release/Build/Intermediates.noindex/GoogleUserMessagingPlatform.build/Release-iphonesimulator/UserMessagingPlatformTarget.build/DerivedSources -F/Users/runner/work/hamster-ages/hamster-ages/build-release/Build/Products/Release-iphonesimulator -iframework /Applications/Xcode_26.3.app/Contents/Developer/Platforms/iPhoneSimulator.platform/Developer/Library/Frameworks -iframework /Applications/Xcode_26.3.app/Contents/Developer/Platforms/iPhoneSimulator.platform/Developer/SDKs/iPhoneSimulator26.2.sdk/Developer/Library/Frameworks -DXcode

WriteAuxiliaryFile /Users/runner/work/hamster-ages/hamster-ages/build-release/Build/Intermediates.noindex/GoogleUserMessagingPlatform.build/Release-iphonesimulator/UserMessagingPlatformTarget.build/Objects-normal/arm64/UserMessagingPlatformTarget.LinkFileList (in target 'UserMessagingPlatformTarget' from project 'GoogleUserMessagingPlatform')
    cd /Users/runner/work/hamster-ages/hamster-ages/build-release/SourcePackages/checkouts/swift-package-manager-google-user-messaging-platform
    write-file /Users/runner/work/hamster-ages/hamster-ages/build-release/Build/Intermediates.noindex/GoogleUserMessagingPlatform.build/Release-iphonesimulator/UserMessagingPlatformTarget.build/Objects-normal/arm64/UserMessagingPlatformTarget.LinkFileList

Copy /Users/runner/work/hamster-ages/hamster-ages/build-release/Build/Intermediates.noindex/GeneratedModuleMaps-iphonesimulator/UserMessagingPlatformTarget.modulemap /Users/runner/work/hamster-ages/hamster-ages/build-release/Build/Intermediates.noindex/GoogleUserMessagingPlatform.build/Release-iphonesimulator/UserMessagingPlatformTarget.build/UserMessagingPlatformTarget.modulemap (in target 'UserMessagingPlatformTarget' from project 'GoogleUserMessagingPlatform')
    cd /Users/runner/work/hamster-ages/hamster-ages/build-release/SourcePackages/checkouts/swift-package-manager-google-user-messaging-platform
    builtin-copy -exclude .DS_Store -exclude CVS -exclude .svn -exclude .git -exclude .hg -strip-unsigned-binaries -strip-deterministic -strip-tool /Applications/Xcode_26.3.app/Contents/Developer/Toolchains/XcodeDefault.xctoolchain/usr/bin/strip -resolve-src-symlinks /Users/runner/work/hamster-ages/hamster-ages/build-release/Build/Intermediates.noindex/GoogleUserMessagingPlatform.build/Release-iphonesimulator/UserMessagingPlatformTarget.build/UserMessagingPlatformTarget.modulemap /Users/runner/work/hamster-ages/hamster-ages/build-release/Build/Intermediates.noindex/GeneratedModuleMaps-iphonesimulator

WriteAuxiliaryFile /Users/runner/work/hamster-ages/hamster-ages/build-release/Build/Intermediates.noindex/HamsterAges.build/Release-iphonesimulator/HamsterAges.build/Objects-normal/x86_64/HamsterAges_const_extract_protocols.json (in target 'HamsterAges' from project 'HamsterAges')
    cd /Users/runner/work/hamster-ages/hamster-ages
    write-file /Users/runner/work/hamster-ages/hamster-ages/build-release/Build/Intermediates.noindex/HamsterAges.build/Release-iphonesimulator/HamsterAges.build/Objects-normal/x86_64/HamsterAges_const_extract_protocols.json

WriteAuxiliaryFile /Users/runner/work/hamster-ages/hamster-ages/build-release/Build/Intermediates.noindex/HamsterAges.build/Release-iphonesimulator/HamsterAges.build/Objects-normal/x86_64/HamsterAges.SwiftFileList (in target 'HamsterAges' from project 'HamsterAges')
    cd /Users/runner/work/hamster-ages/hamster-ages
    write-file /Users/runner/work/hamster-ages/hamster-ages/build-release/Build/Intermediates.noindex/HamsterAges.build/Release-iphonesimulator/HamsterAges.build/Objects-normal/x86_64/HamsterAges.SwiftFileList

WriteAuxiliaryFile /Users/runner/work/hamster-ages/hamster-ages/build-release/Build/Intermediates.noindex/HamsterAges.build/Release-iphonesimulator/HamsterAges.build/Objects-normal/x86_64/HamsterAges.SwiftConstValuesFileList (in target 'HamsterAges' from project 'HamsterAges')
    cd /Users/runner/work/hamster-ages/hamster-ages
    write-file /Users/runner/work/hamster-ages/hamster-ages/build-release/Build/Intermediates.noindex/HamsterAges.build/Release-iphonesimulator/HamsterAges.build/Objects-normal/x86_64/HamsterAges.SwiftConstValuesFileList

WriteAuxiliaryFile /Users/runner/work/hamster-ages/hamster-ages/build-release/Build/Intermediates.noindex/HamsterAges.build/Release-iphonesimulator/HamsterAges.build/Objects-normal/x86_64/HamsterAges.LinkFileList (in target 'HamsterAges' from project 'HamsterAges')
    cd /Users/runner/work/hamster-ages/hamster-ages
    write-file /Users/runner/work/hamster-ages/hamster-ages/build-release/Build/Intermediates.noindex/HamsterAges.build/Release-iphonesimulator/HamsterAges.build/Objects-normal/x86_64/HamsterAges.LinkFileList

WriteAuxiliaryFile /Users/runner/work/hamster-ages/hamster-ages/build-release/Build/Intermediates.noindex/HamsterAges.build/Release-iphonesimulator/HamsterAges.build/Objects-normal/x86_64/HamsterAges-OutputFileMap.json (in target 'HamsterAges' from project 'HamsterAges')
    cd /Users/runner/work/hamster-ages/hamster-ages
    write-file /Users/runner/work/hamster-ages/hamster-ages/build-release/Build/Intermediates.noindex/HamsterAges.build/Release-iphonesimulator/HamsterAges.build/Objects-normal/x86_64/HamsterAges-OutputFileMap.json

WriteAuxiliaryFile /Users/runner/work/hamster-ages/hamster-ages/build-release/Build/Intermediates.noindex/HamsterAges.build/Release-iphonesimulator/HamsterAges.build/Objects-normal/arm64/HamsterAges_const_extract_protocols.json (in target 'HamsterAges' from project 'HamsterAges')
    cd /Users/runner/work/hamster-ages/hamster-ages
    write-file /Users/runner/work/hamster-ages/hamster-ages/build-release/Build/Intermediates.noindex/HamsterAges.build/Release-iphonesimulator/HamsterAges.build/Objects-normal/arm64/HamsterAges_const_extract_protocols.json

WriteAuxiliaryFile /Users/runner/work/hamster-ages/hamster-ages/build-release/Build/Intermediates.noindex/HamsterAges.build/Release-iphonesimulator/HamsterAges.build/Objects-normal/arm64/HamsterAges.SwiftFileList (in target 'HamsterAges' from project 'HamsterAges')
    cd /Users/runner/work/hamster-ages/hamster-ages
    write-file /Users/runner/work/hamster-ages/hamster-ages/build-release/Build/Intermediates.noindex/HamsterAges.build/Release-iphonesimulator/HamsterAges.build/Objects-normal/arm64/HamsterAges.SwiftFileList

WriteAuxiliaryFile /Users/runner/work/hamster-ages/hamster-ages/build-release/Build/Intermediates.noindex/HamsterAges.build/Release-iphonesimulator/HamsterAges.build/Objects-normal/arm64/HamsterAges.SwiftConstValuesFileList (in target 'HamsterAges' from project 'HamsterAges')
    cd /Users/runner/work/hamster-ages/hamster-ages
    write-file /Users/runner/work/hamster-ages/hamster-ages/build-release/Build/Intermediates.noindex/HamsterAges.build/Release-iphonesimulator/HamsterAges.build/Objects-normal/arm64/HamsterAges.SwiftConstValuesFileList

WriteAuxiliaryFile /Users/runner/work/hamster-ages/hamster-ages/build-release/Build/Intermediates.noindex/HamsterAges.build/Release-iphonesimulator/HamsterAges.build/Objects-normal/arm64/HamsterAges.LinkFileList (in target 'HamsterAges' from project 'HamsterAges')
    cd /Users/runner/work/hamster-ages/hamster-ages
    write-file /Users/runner/work/hamster-ages/hamster-ages/build-release/Build/Intermediates.noindex/HamsterAges.build/Release-iphonesimulator/HamsterAges.build/Objects-normal/arm64/HamsterAges.LinkFileList

WriteAuxiliaryFile /Users/runner/work/hamster-ages/hamster-ages/build-release/Build/Intermediates.noindex/HamsterAges.build/Release-iphonesimulator/HamsterAges.build/Objects-normal/arm64/HamsterAges-OutputFileMap.json (in target 'HamsterAges' from project 'HamsterAges')
    cd /Users/runner/work/hamster-ages/hamster-ages
    write-file /Users/runner/work/hamster-ages/hamster-ages/build-release/Build/Intermediates.noindex/HamsterAges.build/Release-iphonesimulator/HamsterAges.build/Objects-normal/arm64/HamsterAges-OutputFileMap.json

WriteAuxiliaryFile /Users/runner/work/hamster-ages/hamster-ages/build-release/Build/Intermediates.noindex/HamsterAges.build/Release-iphonesimulator/HamsterAges.build/HamsterAges.hmap (in target 'HamsterAges' from project 'HamsterAges')
    cd /Users/runner/work/hamster-ages/hamster-ages
    write-file /Users/runner/work/hamster-ages/hamster-ages/build-release/Build/Intermediates.noindex/HamsterAges.build/Release-iphonesimulator/HamsterAges.build/HamsterAges.hmap

WriteAuxiliaryFile /Users/runner/work/hamster-ages/hamster-ages/build-release/Build/Intermediates.noindex/HamsterAges.build/Release-iphonesimulator/HamsterAges.build/HamsterAges.DependencyStaticMetadataFileList (in target 'HamsterAges' from project 'HamsterAges')
    cd /Users/runner/work/hamster-ages/hamster-ages
    write-file /Users/runner/work/hamster-ages/hamster-ages/build-release/Build/Intermediates.noindex/HamsterAges.build/Release-iphonesimulator/HamsterAges.build/HamsterAges.DependencyStaticMetadataFileList

WriteAuxiliaryFile /Users/runner/work/hamster-ages/hamster-ages/build-release/Build/Intermediates.noindex/HamsterAges.build/Release-iphonesimulator/HamsterAges.build/HamsterAges.DependencyMetadataFileList (in target 'HamsterAges' from project 'HamsterAges')
    cd /Users/runner/work/hamster-ages/hamster-ages
    write-file /Users/runner/work/hamster-ages/hamster-ages/build-release/Build/Intermediates.noindex/HamsterAges.build/Release-iphonesimulator/HamsterAges.build/HamsterAges.DependencyMetadataFileList

WriteAuxiliaryFile /Users/runner/work/hamster-ages/hamster-ages/build-release/Build/Intermediates.noindex/HamsterAges.build/Release-iphonesimulator/HamsterAges.build/HamsterAges-project-headers.hmap (in target 'HamsterAges' from project 'HamsterAges')
    cd /Users/runner/work/hamster-ages/hamster-ages
    write-file /Users/runner/work/hamster-ages/hamster-ages/build-release/Build/Intermediates.noindex/HamsterAges.build/Release-iphonesimulator/HamsterAges.build/HamsterAges-project-headers.hmap

WriteAuxiliaryFile /Users/runner/work/hamster-ages/hamster-ages/build-release/Build/Intermediates.noindex/HamsterAges.build/Release-iphonesimulator/HamsterAges.build/HamsterAges-own-target-headers.hmap (in target 'HamsterAges' from project 'HamsterAges')
    cd /Users/runner/work/hamster-ages/hamster-ages
    write-file /Users/runner/work/hamster-ages/hamster-ages/build-release/Build/Intermediates.noindex/HamsterAges.build/Release-iphonesimulator/HamsterAges.build/HamsterAges-own-target-headers.hmap

WriteAuxiliaryFile /Users/runner/work/hamster-ages/hamster-ages/build-release/Build/Intermediates.noindex/HamsterAges.build/Release-iphonesimulator/HamsterAges.build/HamsterAges-generated-files.hmap (in target 'HamsterAges' from project 'HamsterAges')
    cd /Users/runner/work/hamster-ages/hamster-ages
    write-file /Users/runner/work/hamster-ages/hamster-ages/build-release/Build/Intermediates.noindex/HamsterAges.build/Release-iphonesimulator/HamsterAges.build/HamsterAges-generated-files.hmap

WriteAuxiliaryFile /Users/runner/work/hamster-ages/hamster-ages/build-release/Build/Intermediates.noindex/HamsterAges.build/Release-iphonesimulator/HamsterAges.build/HamsterAges-all-target-headers.hmap (in target 'HamsterAges' from project 'HamsterAges')
    cd /Users/runner/work/hamster-ages/hamster-ages
    write-file /Users/runner/work/hamster-ages/hamster-ages/build-release/Build/Intermediates.noindex/HamsterAges.build/Release-iphonesimulator/HamsterAges.build/HamsterAges-all-target-headers.hmap

WriteAuxiliaryFile /Users/runner/work/hamster-ages/hamster-ages/build-release/Build/Intermediates.noindex/HamsterAges.build/Release-iphonesimulator/HamsterAges.build/HamsterAges-all-non-framework-target-headers.hmap (in target 'HamsterAges' from project 'HamsterAges')
    cd /Users/runner/work/hamster-ages/hamster-ages
    write-file /Users/runner/work/hamster-ages/hamster-ages/build-release/Build/Intermediates.noindex/HamsterAges.build/Release-iphonesimulator/HamsterAges.build/HamsterAges-all-non-framework-target-headers.hmap

WriteAuxiliaryFile /Users/runner/work/hamster-ages/hamster-ages/build-release/Build/Intermediates.noindex/GoogleMobileAds.build/Release-iphonesimulator/GoogleMobileAdsTarget.build/Objects-normal/x86_64/GoogleMobileAdsTarget_const_extract_protocols.json (in target 'GoogleMobileAdsTarget' from project 'GoogleMobileAds')
    cd /Users/runner/work/hamster-ages/hamster-ages/build-release/SourcePackages/checkouts/swift-package-manager-google-mobile-ads
    write-file /Users/runner/work/hamster-ages/hamster-ages/build-release/Build/Intermediates.noindex/GoogleMobileAds.build/Release-iphonesimulator/GoogleMobileAdsTarget.build/Objects-normal/x86_64/GoogleMobileAdsTarget_const_extract_protocols.json

WriteAuxiliaryFile /Users/runner/work/hamster-ages/hamster-ages/build-release/Build/Intermediates.noindex/GoogleMobileAds.build/Release-iphonesimulator/GoogleMobileAdsTarget.build/Objects-normal/x86_64/GoogleMobileAdsTarget.SwiftFileList (in target 'GoogleMobileAdsTarget' from project 'GoogleMobileAds')
    cd /Users/runner/work/hamster-ages/hamster-ages/build-release/SourcePackages/checkouts/swift-package-manager-google-mobile-ads
    write-file /Users/runner/work/hamster-ages/hamster-ages/build-release/Build/Intermediates.noindex/GoogleMobileAds.build/Release-iphonesimulator/GoogleMobileAdsTarget.build/Objects-normal/x86_64/GoogleMobileAdsTarget.SwiftFileList

WriteAuxiliaryFile /Users/runner/work/hamster-ages/hamster-ages/build-release/Build/Intermediates.noindex/GoogleMobileAds.build/Release-iphonesimulator/GoogleMobileAdsTarget.build/Objects-normal/x86_64/GoogleMobileAdsTarget.SwiftConstValuesFileList (in target 'GoogleMobileAdsTarget' from project 'GoogleMobileAds')
    cd /Users/runner/work/hamster-ages/hamster-ages/build-release/SourcePackages/checkouts/swift-package-manager-google-mobile-ads
    write-file /Users/runner/work/hamster-ages/hamster-ages/build-release/Build/Intermediates.noindex/GoogleMobileAds.build/Release-iphonesimulator/GoogleMobileAdsTarget.build/Objects-normal/x86_64/GoogleMobileAdsTarget.SwiftConstValuesFileList

WriteAuxiliaryFile /Users/runner/work/hamster-ages/hamster-ages/build-release/Build/Intermediates.noindex/GoogleMobileAds.build/Release-iphonesimulator/GoogleMobileAdsTarget.build/Objects-normal/x86_64/GoogleMobileAdsTarget.LinkFileList (in target 'GoogleMobileAdsTarget' from project 'GoogleMobileAds')
    cd /Users/runner/work/hamster-ages/hamster-ages/build-release/SourcePackages/checkouts/swift-package-manager-google-mobile-ads
    write-file /Users/runner/work/hamster-ages/hamster-ages/build-release/Build/Intermediates.noindex/GoogleMobileAds.build/Release-iphonesimulator/GoogleMobileAdsTarget.build/Objects-normal/x86_64/GoogleMobileAdsTarget.LinkFileList

WriteAuxiliaryFile /Users/runner/work/hamster-ages/hamster-ages/build-release/Build/Intermediates.noindex/GoogleMobileAds.build/Release-iphonesimulator/GoogleMobileAdsTarget.build/Objects-normal/x86_64/GoogleMobileAdsTarget-OutputFileMap.json (in target 'GoogleMobileAdsTarget' from project 'GoogleMobileAds')
    cd /Users/runner/work/hamster-ages/hamster-ages/build-release/SourcePackages/checkouts/swift-package-manager-google-mobile-ads
    write-file /Users/runner/work/hamster-ages/hamster-ages/build-release/Build/Intermediates.noindex/GoogleMobileAds.build/Release-iphonesimulator/GoogleMobileAdsTarget.build/Objects-normal/x86_64/GoogleMobileAdsTarget-OutputFileMap.json

WriteAuxiliaryFile /Users/runner/work/hamster-ages/hamster-ages/build-release/Build/Intermediates.noindex/GoogleMobileAds.build/Release-iphonesimulator/GoogleMobileAdsTarget.build/Objects-normal/arm64/GoogleMobileAdsTarget_const_extract_protocols.json (in target 'GoogleMobileAdsTarget' from project 'GoogleMobileAds')
    cd /Users/runner/work/hamster-ages/hamster-ages/build-release/SourcePackages/checkouts/swift-package-manager-google-mobile-ads
    write-file /Users/runner/work/hamster-ages/hamster-ages/build-release/Build/Intermediates.noindex/GoogleMobileAds.build/Release-iphonesimulator/GoogleMobileAdsTarget.build/Objects-normal/arm64/GoogleMobileAdsTarget_const_extract_protocols.json

WriteAuxiliaryFile /Users/runner/work/hamster-ages/hamster-ages/build-release/Build/Intermediates.noindex/GoogleMobileAds.build/Release-iphonesimulator/GoogleMobileAdsTarget.build/Objects-normal/arm64/GoogleMobileAdsTarget.SwiftFileList (in target 'GoogleMobileAdsTarget' from project 'GoogleMobileAds')
    cd /Users/runner/work/hamster-ages/hamster-ages/build-release/SourcePackages/checkouts/swift-package-manager-google-mobile-ads
    write-file /Users/runner/work/hamster-ages/hamster-ages/build-release/Build/Intermediates.noindex/GoogleMobileAds.build/Release-iphonesimulator/GoogleMobileAdsTarget.build/Objects-normal/arm64/GoogleMobileAdsTarget.SwiftFileList

WriteAuxiliaryFile /Users/runner/work/hamster-ages/hamster-ages/build-release/Build/Intermediates.noindex/GoogleMobileAds.build/Release-iphonesimulator/GoogleMobileAdsTarget.build/Objects-normal/arm64/GoogleMobileAdsTarget.SwiftConstValuesFileList (in target 'GoogleMobileAdsTarget' from project 'GoogleMobileAds')
    cd /Users/runner/work/hamster-ages/hamster-ages/build-release/SourcePackages/checkouts/swift-package-manager-google-mobile-ads
    write-file /Users/runner/work/hamster-ages/hamster-ages/build-release/Build/Intermediates.noindex/GoogleMobileAds.build/Release-iphonesimulator/GoogleMobileAdsTarget.build/Objects-normal/arm64/GoogleMobileAdsTarget.SwiftConstValuesFileList

WriteAuxiliaryFile /Users/runner/work/hamster-ages/hamster-ages/build-release/Build/Intermediates.noindex/GoogleMobileAds.build/Release-iphonesimulator/GoogleMobileAdsTarget.build/Objects-normal/arm64/GoogleMobileAdsTarget.LinkFileList (in target 'GoogleMobileAdsTarget' from project 'GoogleMobileAds')
    cd /Users/runner/work/hamster-ages/hamster-ages/build-release/SourcePackages/checkouts/swift-package-manager-google-mobile-ads
    write-file /Users/runner/work/hamster-ages/hamster-ages/build-release/Build/Intermediates.noindex/GoogleMobileAds.build/Release-iphonesimulator/GoogleMobileAdsTarget.build/Objects-normal/arm64/GoogleMobileAdsTarget.LinkFileList

WriteAuxiliaryFile /Users/runner/work/hamster-ages/hamster-ages/build-release/Build/Intermediates.noindex/GoogleMobileAds.build/Release-iphonesimulator/GoogleMobileAdsTarget.build/Objects-normal/arm64/GoogleMobileAdsTarget-OutputFileMap.json (in target 'GoogleMobileAdsTarget' from project 'GoogleMobileAds')
    cd /Users/runner/work/hamster-ages/hamster-ages/build-release/SourcePackages/checkouts/swift-package-manager-google-mobile-ads
    write-file /Users/runner/work/hamster-ages/hamster-ages/build-release/Build/Intermediates.noindex/GoogleMobileAds.build/Release-iphonesimulator/GoogleMobileAdsTarget.build/Objects-normal/arm64/GoogleMobileAdsTarget-OutputFileMap.json

WriteAuxiliaryFile /Users/runner/work/hamster-ages/hamster-ages/build-release/Build/Intermediates.noindex/GoogleMobileAds.build/Release-iphonesimulator/GoogleMobileAdsTarget.build/GoogleMobileAdsTarget.modulemap (in target 'GoogleMobileAdsTarget' from project 'GoogleMobileAds')
    cd /Users/runner/work/hamster-ages/hamster-ages/build-release/SourcePackages/checkouts/swift-package-manager-google-mobile-ads
    write-file /Users/runner/work/hamster-ages/hamster-ages/build-release/Build/Intermediates.noindex/GoogleMobileAds.build/Release-iphonesimulator/GoogleMobileAdsTarget.build/GoogleMobileAdsTarget.modulemap

WriteAuxiliaryFile /Users/runner/work/hamster-ages/hamster-ages/build-release/Build/Intermediates.noindex/GoogleMobileAds.build/Release-iphonesimulator/GoogleMobileAdsTarget.build/GoogleMobileAdsTarget.DependencyStaticMetadataFileList (in target 'GoogleMobileAdsTarget' from project 'GoogleMobileAds')
    cd /Users/runner/work/hamster-ages/hamster-ages/build-release/SourcePackages/checkouts/swift-package-manager-google-mobile-ads
    write-file /Users/runner/work/hamster-ages/hamster-ages/build-release/Build/Intermediates.noindex/GoogleMobileAds.build/Release-iphonesimulator/GoogleMobileAdsTarget.build/GoogleMobileAdsTarget.DependencyStaticMetadataFileList

WriteAuxiliaryFile /Users/runner/work/hamster-ages/hamster-ages/build-release/Build/Intermediates.noindex/GoogleMobileAds.build/Release-iphonesimulator/GoogleMobileAdsTarget.build/GoogleMobileAdsTarget.DependencyMetadataFileList (in target 'GoogleMobileAdsTarget' from project 'GoogleMobileAds')
    cd /Users/runner/work/hamster-ages/hamster-ages/build-release/SourcePackages/checkouts/swift-package-manager-google-mobile-ads
    write-file /Users/runner/work/hamster-ages/hamster-ages/build-release/Build/Intermediates.noindex/GoogleMobileAds.build/Release-iphonesimulator/GoogleMobileAdsTarget.build/GoogleMobileAdsTarget.DependencyMetadataFileList

Copy /Users/runner/work/hamster-ages/hamster-ages/build-release/Build/Intermediates.noindex/GeneratedModuleMaps-iphonesimulator/GoogleMobileAdsTarget.modulemap /Users/runner/work/hamster-ages/hamster-ages/build-release/Build/Intermediates.noindex/GoogleMobileAds.build/Release-iphonesimulator/GoogleMobileAdsTarget.build/GoogleMobileAdsTarget.modulemap (in target 'GoogleMobileAdsTarget' from project 'GoogleMobileAds')
    cd /Users/runner/work/hamster-ages/hamster-ages/build-release/SourcePackages/checkouts/swift-package-manager-google-mobile-ads
    builtin-copy -exclude .DS_Store -exclude CVS -exclude .svn -exclude .git -exclude .hg -strip-unsigned-binaries -strip-deterministic -strip-tool /Applications/Xcode_26.3.app/Contents/Developer/Toolchains/XcodeDefault.xctoolchain/usr/bin/strip -resolve-src-symlinks /Users/runner/work/hamster-ages/hamster-ages/build-release/Build/Intermediates.noindex/GoogleMobileAds.build/Release-iphonesimulator/GoogleMobileAdsTarget.build/GoogleMobileAdsTarget.modulemap /Users/runner/work/hamster-ages/hamster-ages/build-release/Build/Intermediates.noindex/GeneratedModuleMaps-iphonesimulator

MkDir /Users/runner/work/hamster-ages/hamster-ages/build-release/Build/Products/Release-iphonesimulator/HamsterAges.app/Frameworks (in target 'HamsterAges' from project 'HamsterAges')
    cd /Users/runner/work/hamster-ages/hamster-ages
    /bin/mkdir -p /Users/runner/work/hamster-ages/hamster-ages/build-release/Build/Products/Release-iphonesimulator/HamsterAges.app/Frameworks

MkDir /Users/runner/work/hamster-ages/hamster-ages/build-release/Build/Products/Release-iphonesimulator/HamsterAges.app (in target 'HamsterAges' from project 'HamsterAges')
    cd /Users/runner/work/hamster-ages/hamster-ages
    /bin/mkdir -p /Users/runner/work/hamster-ages/hamster-ages/build-release/Build/Products/Release-iphonesimulator/HamsterAges.app

ScanDependencies /Users/runner/work/hamster-ages/hamster-ages/build-release/Build/Intermediates.noindex/GoogleUserMessagingPlatform.build/Release-iphonesimulator/UserMessagingPlatformTarget.build/Objects-normal/arm64/placeholder.o /Users/runner/work/hamster-ages/hamster-ages/build-release/SourcePackages/checkouts/swift-package-manager-google-user-messaging-platform/UserMessagingPlatformTarget/placeholder.m normal arm64 objective-c com.apple.compilers.llvm.clang.1_0.compiler (in target 'UserMessagingPlatformTarget' from project 'GoogleUserMessagingPlatform')
    cd /Users/runner/work/hamster-ages/hamster-ages/HamsterAges.xcodeproj
    
    Using response file: /Users/runner/work/hamster-ages/hamster-ages/build-release/Build/Intermediates.noindex/GoogleUserMessagingPlatform.build/Release-iphonesimulator/UserMessagingPlatformTarget.build/Objects-normal/arm64/e6072d4f65d7061329687fe24e3d63a7-common-args.resp
    
    builtin-ScanDependencies -o /Users/runner/work/hamster-ages/hamster-ages/build-release/Build/Intermediates.noindex/GoogleUserMessagingPlatform.build/Release-iphonesimulator/UserMessagingPlatformTarget.build/Objects-normal/arm64/placeholder.o.scan -- /Applications/Xcode_26.3.app/Contents/Developer/Toolchains/XcodeDefault.xctoolchain/usr/bin/clang -x objective-c -ivfsstatcache /Users/runner/work/hamster-ages/hamster-ages/build-release/SDKStatCaches.noindex/iphonesimulator26.2-23C57-dc75598d0054f22ec865fa860f139d72e244bd9a5feaf902f95f61bf06266e52.sdkstatcache -fmessage-length\=0 -fdiagnostics-show-note-include-stack -fmacro-backtrace-limit\=0 -fno-color-diagnostics -fmodules-prune-interval\=86400 -fmodules-prune-after\=345600 -fbuild-session-file\=/Users/runner/work/hamster-ages/hamster-ages/build-release/ModuleCache.noindex/Session.modulevalidation -fmodules-validate-once-per-build-session -Wnon-modular-include-in-framework-module -Werror\=non-modular-include-in-framework-module -Wno-trigraphs -Wno-missing-field-initializers -Wno-missing-prototypes -Wno-return-type -Wno-implicit-atomic-properties -Wno-objc-interface-ivars -Wno-arc-repeated-use-of-weak -Wno-missing-braces -Wparentheses -Wswitch -Wno-unused-function -Wno-unused-label -Wno-unused-parameter -Wno-unused-variable -Wunused-value -Wno-empty-body -Wno-uninitialized -Wno-unknown-pragmas -w -Wno-shadow -Wno-four-char-constants -Wno-conversion -Wno-constant-conversion -Wno-int-conversion -Wno-bool-conversion -Wno-enum-conversion -Wno-float-conversion -Wno-non-literal-null-conversion -Wno-objc-literal-conversion -Wshorten-64-to-32 -Wpointer-sign -Wno-newline-eof -Wno-selector -Wno-strict-selector-match -Wno-undeclared-selector -Wno-deprecated-implementations -Wno-implicit-fallthrough -fstrict-aliasing -Wprotocol -Wdeprecated-declarations -Wno-sign-conversion -Wno-infinite-recursion -Wno-comma -Wno-block-capture-autoreleasing -Wno-strict-prototypes -Wno-semicolon-before-method-body @/Users/runner/work/hamster-ages/hamster-ages/build-release/Build/Intermediates.noindex/GoogleUserMessagingPlatform.build/Release-iphonesimulator/UserMessagingPlatformTarget.build/Objects-normal/arm64/e6072d4f65d7061329687fe24e3d63a7-common-args.resp -MMD -MT dependencies -MF /Users/runner/work/hamster-ages/hamster-ages/build-release/Build/Intermediates.noindex/GoogleUserMessagingPlatform.build/Release-iphonesimulator/UserMessagingPlatformTarget.build/Objects-normal/arm64/placeholder.d --serialize-diagnostics /Users/runner/work/hamster-ages/hamster-ages/build-release/Build/Intermediates.noindex/GoogleUserMessagingPlatform.build/Release-iphonesimulator/UserMessagingPlatformTarget.build/Objects-normal/arm64/placeholder.dia -c /Users/runner/work/hamster-ages/hamster-ages/build-release/SourcePackages/checkouts/swift-package-manager-google-user-messaging-platform/UserMessagingPlatformTarget/placeholder.m -o /Users/runner/work/hamster-ages/hamster-ages/build-release/Build/Intermediates.noindex/GoogleUserMessagingPlatform.build/Release-iphonesimulator/UserMessagingPlatformTarget.build/Objects-normal/arm64/placeholder.o

ScanDependencies /Users/runner/work/hamster-ages/hamster-ages/build-release/Build/Intermediates.noindex/GoogleUserMessagingPlatform.build/Release-iphonesimulator/UserMessagingPlatformTarget.build/Objects-normal/x86_64/placeholder.o /Users/runner/work/hamster-ages/hamster-ages/build-release/SourcePackages/checkouts/swift-package-manager-google-user-messaging-platform/UserMessagingPlatformTarget/placeholder.m normal x86_64 objective-c com.apple.compilers.llvm.clang.1_0.compiler (in target 'UserMessagingPlatformTarget' from project 'GoogleUserMessagingPlatform')
    cd /Users/runner/work/hamster-ages/hamster-ages/HamsterAges.xcodeproj
    
    Using response file: /Users/runner/work/hamster-ages/hamster-ages/build-release/Build/Intermediates.noindex/GoogleUserMessagingPlatform.build/Release-iphonesimulator/UserMessagingPlatformTarget.build/Objects-normal/x86_64/e6072d4f65d7061329687fe24e3d63a7-common-args.resp
    
    builtin-ScanDependencies -o /Users/runner/work/hamster-ages/hamster-ages/build-release/Build/Intermediates.noindex/GoogleUserMessagingPlatform.build/Release-iphonesimulator/UserMessagingPlatformTarget.build/Objects-normal/x86_64/placeholder.o.scan -- /Applications/Xcode_26.3.app/Contents/Developer/Toolchains/XcodeDefault.xctoolchain/usr/bin/clang -x objective-c -ivfsstatcache /Users/runner/work/hamster-ages/hamster-ages/build-release/SDKStatCaches.noindex/iphonesimulator26.2-23C57-dc75598d0054f22ec865fa860f139d72e244bd9a5feaf902f95f61bf06266e52.sdkstatcache -fmessage-length\=0 -fdiagnostics-show-note-include-stack -fmacro-backtrace-limit\=0 -fno-color-diagnostics -fmodules-prune-interval\=86400 -fmodules-prune-after\=345600 -fbuild-session-file\=/Users/runner/work/hamster-ages/hamster-ages/build-release/ModuleCache.noindex/Session.modulevalidation -fmodules-validate-once-per-build-session -Wnon-modular-include-in-framework-module -Werror\=non-modular-include-in-framework-module -Wno-trigraphs -Wno-missing-field-initializers -Wno-missing-prototypes -Wno-return-type -Wno-implicit-atomic-properties -Wno-objc-interface-ivars -Wno-arc-repeated-use-of-weak -Wno-missing-braces -Wparentheses -Wswitch -Wno-unused-function -Wno-unused-label -Wno-unused-parameter -Wno-unused-variable -Wunused-value -Wno-empty-body -Wno-uninitialized -Wno-unknown-pragmas -w -Wno-shadow -Wno-four-char-constants -Wno-conversion -Wno-constant-conversion -Wno-int-conversion -Wno-bool-conversion -Wno-enum-conversion -Wno-float-conversion -Wno-non-literal-null-conversion -Wno-objc-literal-conversion -Wshorten-64-to-32 -Wpointer-sign -Wno-newline-eof -Wno-selector -Wno-strict-selector-match -Wno-undeclared-selector -Wno-deprecated-implementations -Wno-implicit-fallthrough -fstrict-aliasing -Wprotocol -Wdeprecated-declarations -Wno-sign-conversion -Wno-infinite-recursion -Wno-comma -Wno-block-capture-autoreleasing -Wno-strict-prototypes -Wno-semicolon-before-method-body @/Users/runner/work/hamster-ages/hamster-ages/build-release/Build/Intermediates.noindex/GoogleUserMessagingPlatform.build/Release-iphonesimulator/UserMessagingPlatformTarget.build/Objects-normal/x86_64/e6072d4f65d7061329687fe24e3d63a7-common-args.resp -MMD -MT dependencies -MF /Users/runner/work/hamster-ages/hamster-ages/build-release/Build/Intermediates.noindex/GoogleUserMessagingPlatform.build/Release-iphonesimulator/UserMessagingPlatformTarget.build/Objects-normal/x86_64/placeholder.d --serialize-diagnostics /Users/runner/work/hamster-ages/hamster-ages/build-release/Build/Intermediates.noindex/GoogleUserMessagingPlatform.build/Release-iphonesimulator/UserMessagingPlatformTarget.build/Objects-normal/x86_64/placeholder.dia -c /Users/runner/work/hamster-ages/hamster-ages/build-release/SourcePackages/checkouts/swift-package-manager-google-user-messaging-platform/UserMessagingPlatformTarget/placeholder.m -o /Users/runner/work/hamster-ages/hamster-ages/build-release/Build/Intermediates.noindex/GoogleUserMessagingPlatform.build/Release-iphonesimulator/UserMessagingPlatformTarget.build/Objects-normal/x86_64/placeholder.o

SwiftDriver GoogleMobileAdsTarget normal x86_64 com.apple.xcode.tools.swift.compiler (in target 'GoogleMobileAdsTarget' from project 'GoogleMobileAds')
    cd /Users/runner/work/hamster-ages/hamster-ages/HamsterAges.xcodeproj
    builtin-SwiftDriver -- /Applications/Xcode_26.3.app/Contents/Developer/Toolchains/XcodeDefault.xctoolchain/usr/bin/swiftc -module-name GoogleMobileAdsTarget -O -whole-module-optimization -enforce-exclusivity\=checked @/Users/runner/work/hamster-ages/hamster-ages/build-release/Build/Intermediates.noindex/GoogleMobileAds.build/Release-iphonesimulator/GoogleMobileAdsTarget.build/Objects-normal/x86_64/GoogleMobileAdsTarget.SwiftFileList -DSWIFT_PACKAGE -DSWIFT_MODULE_RESOURCE_BUNDLE_UNAVAILABLE -Xcc -fmodule-map-file\=/Users/runner/work/hamster-ages/hamster-ages/build-release/Build/Intermediates.noindex/GeneratedModuleMaps-iphonesimulator/UserMessagingPlatformTarget.modulemap -DXcode -plugin-path /Applications/Xcode_26.3.app/Contents/Developer/Toolchains/XcodeDefault.xctoolchain/usr/lib/swift/host/plugins/testing -enable-experimental-feature DebugDescriptionMacro -sdk /Applications/Xcode_26.3.app/Contents/Developer/Platforms/iPhoneSimulator.platform/Developer/SDKs/iPhoneSimulator26.2.sdk -target x86_64-apple-ios13.0-simulator -g -module-cache-path /Users/runner/work/hamster-ages/hamster-ages/build-release/ModuleCache.noindex -Xfrontend -serialize-debugging-options -suppress-warnings -swift-version 5 -I /Users/runner/work/hamster-ages/hamster-ages/build-release/Build/Products/Release-iphonesimulator -Isystem /Applications/Xcode_26.3.app/Contents/Developer/Platforms/iPhoneSimulator.platform/Developer/usr/lib -F /Users/runner/work/hamster-ages/hamster-ages/build-release/Build/Products/Release-iphonesimulator/PackageFrameworks -F /Users/runner/work/hamster-ages/hamster-ages/build-release/Build/Products/Release-iphonesimulator -F /Applications/Xcode_26.3.app/Contents/Developer/Platforms/iPhoneSimulator.platform/Developer/Library/Frameworks -F /Applications/Xcode_26.3.app/Contents/Developer/Platforms/iPhoneSimulator.platform/Developer/SDKs/iPhoneSimulator26.2.sdk/Developer/Library/Frameworks -parse-as-library -c -num-threads 3 -Xcc -ivfsstatcache -Xcc /Users/runner/work/hamster-ages/hamster-ages/build-release/SDKStatCaches.noindex/iphonesimulator26.2-23C57-dc75598d0054f22ec865fa860f139d72e244bd9a5feaf902f95f61bf06266e52.sdkstatcache -output-file-map /Users/runner/work/hamster-ages/hamster-ages/build-release/Build/Intermediates.noindex/GoogleMobileAds.build/Release-iphonesimulator/GoogleMobileAdsTarget.build/Objects-normal/x86_64/GoogleMobileAdsTarget-OutputFileMap.json -use-frontend-parseable-output -save-temps -no-color-diagnostics -explicit-module-build -module-cache-path /Users/runner/work/hamster-ages/hamster-ages/build-release/Build/Intermediates.noindex/SwiftExplicitPrecompiledModules -clang-scanner-module-cache-path /Users/runner/work/hamster-ages/hamster-ages/build-release/ModuleCache.noindex -sdk-module-cache-path /Users/runner/work/hamster-ages/hamster-ages/build-release/ModuleCache.noindex -serialize-diagnostics -emit-dependencies -emit-module -emit-module-path /Users/runner/work/hamster-ages/hamster-ages/build-release/Build/Intermediates.noindex/GoogleMobileAds.build/Release-iphonesimulator/GoogleMobileAdsTarget.build/Objects-normal/x86_64/GoogleMobileAdsTarget.swiftmodule -validate-clang-modules-once -clang-build-session-file /Users/runner/work/hamster-ages/hamster-ages/build-release/ModuleCache.noindex/Session.modulevalidation -Xcc -I/Users/runner/work/hamster-ages/hamster-ages/build-release/Build/Intermediates.noindex/GoogleMobileAds.build/Release-iphonesimulator/GoogleMobileAdsTarget.build/swift-overrides.hmap -emit-const-values -Xfrontend -const-gather-protocols-file -Xfrontend /Users/runner/work/hamster-ages/hamster-ages/build-release/Build/Intermediates.noindex/GoogleMobileAds.build/Release-iphonesimulator/GoogleMobileAdsTarget.build/Objects-normal/x86_64/GoogleMobileAdsTarget_const_extract_protocols.json -Xcc -I/Users/runner/work/hamster-ages/hamster-ages/build-release/SourcePackages/checkouts/swift-package-manager-google-user-messaging-platform/UserMessagingPlatformTarget/include -Xcc -I/Users/runner/work/hamster-ages/hamster-ages/build-release/Build/Products/Release-iphonesimulator/include -Xcc -I/Users/runner/work/hamster-ages/hamster-ages/build-release/Build/Intermediates.noindex/GoogleMobileAds.build/Release-iphonesimulator/GoogleMobileAdsTarget.build/DerivedSources-normal/x86_64 -Xcc -I/Users/runner/work/hamster-ages/hamster-ages/build-release/Build/Intermediates.noindex/GoogleMobileAds.build/Release-iphonesimulator/GoogleMobileAdsTarget.build/DerivedSources/x86_64 -Xcc -I/Users/runner/work/hamster-ages/hamster-ages/build-release/Build/Intermediates.noindex/GoogleMobileAds.build/Release-iphonesimulator/GoogleMobileAdsTarget.build/DerivedSources -Xcc -DSWIFT_PACKAGE -emit-objc-header -emit-objc-header-path /Users/runner/work/hamster-ages/hamster-ages/build-release/Build/Intermediates.noindex/GoogleMobileAds.build/Release-iphonesimulator/GoogleMobileAdsTarget.build/Objects-normal/x86_64/GoogleMobileAdsTarget-Swift.h -working-directory /Users/runner/work/hamster-ages/hamster-ages/HamsterAges.xcodeproj -no-emit-module-separately-wmo

SwiftDriver GoogleMobileAdsTarget normal arm64 com.apple.xcode.tools.swift.compiler (in target 'GoogleMobileAdsTarget' from project 'GoogleMobileAds')
    cd /Users/runner/work/hamster-ages/hamster-ages/HamsterAges.xcodeproj
    builtin-SwiftDriver -- /Applications/Xcode_26.3.app/Contents/Developer/Toolchains/XcodeDefault.xctoolchain/usr/bin/swiftc -module-name GoogleMobileAdsTarget -O -whole-module-optimization -enforce-exclusivity\=checked @/Users/runner/work/hamster-ages/hamster-ages/build-release/Build/Intermediates.noindex/GoogleMobileAds.build/Release-iphonesimulator/GoogleMobileAdsTarget.build/Objects-normal/arm64/GoogleMobileAdsTarget.SwiftFileList -DSWIFT_PACKAGE -DSWIFT_MODULE_RESOURCE_BUNDLE_UNAVAILABLE -Xcc -fmodule-map-file\=/Users/runner/work/hamster-ages/hamster-ages/build-release/Build/Intermediates.noindex/GeneratedModuleMaps-iphonesimulator/UserMessagingPlatformTarget.modulemap -DXcode -plugin-path /Applications/Xcode_26.3.app/Contents/Developer/Toolchains/XcodeDefault.xctoolchain/usr/lib/swift/host/plugins/testing -enable-experimental-feature DebugDescriptionMacro -sdk /Applications/Xcode_26.3.app/Contents/Developer/Platforms/iPhoneSimulator.platform/Developer/SDKs/iPhoneSimulator26.2.sdk -target arm64-apple-ios13.0-simulator -g -module-cache-path /Users/runner/work/hamster-ages/hamster-ages/build-release/ModuleCache.noindex -Xfrontend -serialize-debugging-options -suppress-warnings -swift-version 5 -I /Users/runner/work/hamster-ages/hamster-ages/build-release/Build/Products/Release-iphonesimulator -Isystem /Applications/Xcode_26.3.app/Contents/Developer/Platforms/iPhoneSimulator.platform/Developer/usr/lib -F /Users/runner/work/hamster-ages/hamster-ages/build-release/Build/Products/Release-iphonesimulator/PackageFrameworks -F /Users/runner/work/hamster-ages/hamster-ages/build-release/Build/Products/Release-iphonesimulator -F /Applications/Xcode_26.3.app/Contents/Developer/Platforms/iPhoneSimulator.platform/Developer/Library/Frameworks -F /Applications/Xcode_26.3.app/Contents/Developer/Platforms/iPhoneSimulator.platform/Developer/SDKs/iPhoneSimulator26.2.sdk/Developer/Library/Frameworks -parse-as-library -c -num-threads 3 -Xcc -ivfsstatcache -Xcc /Users/runner/work/hamster-ages/hamster-ages/build-release/SDKStatCaches.noindex/iphonesimulator26.2-23C57-dc75598d0054f22ec865fa860f139d72e244bd9a5feaf902f95f61bf06266e52.sdkstatcache -output-file-map /Users/runner/work/hamster-ages/hamster-ages/build-release/Build/Intermediates.noindex/GoogleMobileAds.build/Release-iphonesimulator/GoogleMobileAdsTarget.build/Objects-normal/arm64/GoogleMobileAdsTarget-OutputFileMap.json -use-frontend-parseable-output -save-temps -no-color-diagnostics -explicit-module-build -module-cache-path /Users/runner/work/hamster-ages/hamster-ages/build-release/Build/Intermediates.noindex/SwiftExplicitPrecompiledModules -clang-scanner-module-cache-path /Users/runner/work/hamster-ages/hamster-ages/build-release/ModuleCache.noindex -sdk-module-cache-path /Users/runner/work/hamster-ages/hamster-ages/build-release/ModuleCache.noindex -serialize-diagnostics -emit-dependencies -emit-module -emit-module-path /Users/runner/work/hamster-ages/hamster-ages/build-release/Build/Intermediates.noindex/GoogleMobileAds.build/Release-iphonesimulator/GoogleMobileAdsTarget.build/Objects-normal/arm64/GoogleMobileAdsTarget.swiftmodule -validate-clang-modules-once -clang-build-session-file /Users/runner/work/hamster-ages/hamster-ages/build-release/ModuleCache.noindex/Session.modulevalidation -Xcc -I/Users/runner/work/hamster-ages/hamster-ages/build-release/Build/Intermediates.noindex/GoogleMobileAds.build/Release-iphonesimulator/GoogleMobileAdsTarget.build/swift-overrides.hmap -emit-const-values -Xfrontend -const-gather-protocols-file -Xfrontend /Users/runner/work/hamster-ages/hamster-ages/build-release/Build/Intermediates.noindex/GoogleMobileAds.build/Release-iphonesimulator/GoogleMobileAdsTarget.build/Objects-normal/arm64/GoogleMobileAdsTarget_const_extract_protocols.json -Xcc -I/Users/runner/work/hamster-ages/hamster-ages/build-release/SourcePackages/checkouts/swift-package-manager-google-user-messaging-platform/UserMessagingPlatformTarget/include -Xcc -I/Users/runner/work/hamster-ages/hamster-ages/build-release/Build/Products/Release-iphonesimulator/include -Xcc -I/Users/runner/work/hamster-ages/hamster-ages/build-release/Build/Intermediates.noindex/GoogleMobileAds.build/Release-iphonesimulator/GoogleMobileAdsTarget.build/DerivedSources-normal/arm64 -Xcc -I/Users/runner/work/hamster-ages/hamster-ages/build-release/Build/Intermediates.noindex/GoogleMobileAds.build/Release-iphonesimulator/GoogleMobileAdsTarget.build/DerivedSources/arm64 -Xcc -I/Users/runner/work/hamster-ages/hamster-ages/build-release/Build/Intermediates.noindex/GoogleMobileAds.build/Release-iphonesimulator/GoogleMobileAdsTarget.build/DerivedSources -Xcc -DSWIFT_PACKAGE -emit-objc-header -emit-objc-header-path /Users/runner/work/hamster-ages/hamster-ages/build-release/Build/Intermediates.noindex/GoogleMobileAds.build/Release-iphonesimulator/GoogleMobileAdsTarget.build/Objects-normal/arm64/GoogleMobileAdsTarget-Swift.h -working-directory /Users/runner/work/hamster-ages/hamster-ages/HamsterAges.xcodeproj -no-emit-module-separately-wmo

CompileC /Users/runner/work/hamster-ages/hamster-ages/build-release/Build/Intermediates.noindex/GoogleUserMessagingPlatform.build/Release-iphonesimulator/UserMessagingPlatformTarget.build/Objects-normal/x86_64/placeholder.o /Users/runner/work/hamster-ages/hamster-ages/build-release/SourcePackages/checkouts/swift-package-manager-google-user-messaging-platform/UserMessagingPlatformTarget/placeholder.m normal x86_64 objective-c com.apple.compilers.llvm.clang.1_0.compiler (in target 'UserMessagingPlatformTarget' from project 'GoogleUserMessagingPlatform')
    cd /Users/runner/work/hamster-ages/hamster-ages/HamsterAges.xcodeproj
    
    Using response file: /Users/runner/work/hamster-ages/hamster-ages/build-release/Build/Intermediates.noindex/GoogleUserMessagingPlatform.build/Release-iphonesimulator/UserMessagingPlatformTarget.build/Objects-normal/x86_64/e6072d4f65d7061329687fe24e3d63a7-common-args.resp
    
    /Applications/Xcode_26.3.app/Contents/Developer/Toolchains/XcodeDefault.xctoolchain/usr/bin/clang -x objective-c -ivfsstatcache /Users/runner/work/hamster-ages/hamster-ages/build-release/SDKStatCaches.noindex/iphonesimulator26.2-23C57-dc75598d0054f22ec865fa860f139d72e244bd9a5feaf902f95f61bf06266e52.sdkstatcache -fmessage-length\=0 -fdiagnostics-show-note-include-stack -fmacro-backtrace-limit\=0 -fno-color-diagnostics -fmodules-prune-interval\=86400 -fmodules-prune-after\=345600 -fbuild-session-file\=/Users/runner/work/hamster-ages/hamster-ages/build-release/ModuleCache.noindex/Session.modulevalidation -fmodules-validate-once-per-build-session -Wnon-modular-include-in-framework-module -Werror\=non-modular-include-in-framework-module -Wno-trigraphs -Wno-missing-field-initializers -Wno-missing-prototypes -Wno-return-type -Wno-implicit-atomic-properties -Wno-objc-interface-ivars -Wno-arc-repeated-use-of-weak -Wno-missing-braces -Wparentheses -Wswitch -Wno-unused-function -Wno-unused-label -Wno-unused-parameter -Wno-unused-variable -Wunused-value -Wno-empty-body -Wno-uninitialized -Wno-unknown-pragmas -w -Wno-shadow -Wno-four-char-constants -Wno-conversion -Wno-constant-conversion -Wno-int-conversion -Wno-bool-conversion -Wno-enum-conversion -Wno-float-conversion -Wno-non-literal-null-conversion -Wno-objc-literal-conversion -Wshorten-64-to-32 -Wpointer-sign -Wno-newline-eof -Wno-selector -Wno-strict-selector-match -Wno-undeclared-selector -Wno-deprecated-implementations -Wno-implicit-fallthrough -fstrict-aliasing -Wprotocol -Wdeprecated-declarations -Wno-sign-conversion -Wno-infinite-recursion -Wno-comma -Wno-block-capture-autoreleasing -Wno-strict-prototypes -Wno-semicolon-before-method-body @/Users/runner/work/hamster-ages/hamster-ages/build-release/Build/Intermediates.noindex/GoogleUserMessagingPlatform.build/Release-iphonesimulator/UserMessagingPlatformTarget.build/Objects-normal/x86_64/e6072d4f65d7061329687fe24e3d63a7-common-args.resp -MMD -MT dependencies -MF /Users/runner/work/hamster-ages/hamster-ages/build-release/Build/Intermediates.noindex/GoogleUserMessagingPlatform.build/Release-iphonesimulator/UserMessagingPlatformTarget.build/Objects-normal/x86_64/placeholder.d --serialize-diagnostics /Users/runner/work/hamster-ages/hamster-ages/build-release/Build/Intermediates.noindex/GoogleUserMessagingPlatform.build/Release-iphonesimulator/UserMessagingPlatformTarget.build/Objects-normal/x86_64/placeholder.dia -c /Users/runner/work/hamster-ages/hamster-ages/build-release/SourcePackages/checkouts/swift-package-manager-google-user-messaging-platform/UserMessagingPlatformTarget/placeholder.m -o /Users/runner/work/hamster-ages/hamster-ages/build-release/Build/Intermediates.noindex/GoogleUserMessagingPlatform.build/Release-iphonesimulator/UserMessagingPlatformTarget.build/Objects-normal/x86_64/placeholder.o

CompileC /Users/runner/work/hamster-ages/hamster-ages/build-release/Build/Intermediates.noindex/GoogleUserMessagingPlatform.build/Release-iphonesimulator/UserMessagingPlatformTarget.build/Objects-normal/arm64/placeholder.o /Users/runner/work/hamster-ages/hamster-ages/build-release/SourcePackages/checkouts/swift-package-manager-google-user-messaging-platform/UserMessagingPlatformTarget/placeholder.m normal arm64 objective-c com.apple.compilers.llvm.clang.1_0.compiler (in target 'UserMessagingPlatformTarget' from project 'GoogleUserMessagingPlatform')
    cd /Users/runner/work/hamster-ages/hamster-ages/HamsterAges.xcodeproj
    
    Using response file: /Users/runner/work/hamster-ages/hamster-ages/build-release/Build/Intermediates.noindex/GoogleUserMessagingPlatform.build/Release-iphonesimulator/UserMessagingPlatformTarget.build/Objects-normal/arm64/e6072d4f65d7061329687fe24e3d63a7-common-args.resp
    
    /Applications/Xcode_26.3.app/Contents/Developer/Toolchains/XcodeDefault.xctoolchain/usr/bin/clang -x objective-c -ivfsstatcache /Users/runner/work/hamster-ages/hamster-ages/build-release/SDKStatCaches.noindex/iphonesimulator26.2-23C57-dc75598d0054f22ec865fa860f139d72e244bd9a5feaf902f95f61bf06266e52.sdkstatcache -fmessage-length\=0 -fdiagnostics-show-note-include-stack -fmacro-backtrace-limit\=0 -fno-color-diagnostics -fmodules-prune-interval\=86400 -fmodules-prune-after\=345600 -fbuild-session-file\=/Users/runner/work/hamster-ages/hamster-ages/build-release/ModuleCache.noindex/Session.modulevalidation -fmodules-validate-once-per-build-session -Wnon-modular-include-in-framework-module -Werror\=non-modular-include-in-framework-module -Wno-trigraphs -Wno-missing-field-initializers -Wno-missing-prototypes -Wno-return-type -Wno-implicit-atomic-properties -Wno-objc-interface-ivars -Wno-arc-repeated-use-of-weak -Wno-missing-braces -Wparentheses -Wswitch -Wno-unused-function -Wno-unused-label -Wno-unused-parameter -Wno-unused-variable -Wunused-value -Wno-empty-body -Wno-uninitialized -Wno-unknown-pragmas -w -Wno-shadow -Wno-four-char-constants -Wno-conversion -Wno-constant-conversion -Wno-int-conversion -Wno-bool-conversion -Wno-enum-conversion -Wno-float-conversion -Wno-non-literal-null-conversion -Wno-objc-literal-conversion -Wshorten-64-to-32 -Wpointer-sign -Wno-newline-eof -Wno-selector -Wno-strict-selector-match -Wno-undeclared-selector -Wno-deprecated-implementations -Wno-implicit-fallthrough -fstrict-aliasing -Wprotocol -Wdeprecated-declarations -Wno-sign-conversion -Wno-infinite-recursion -Wno-comma -Wno-block-capture-autoreleasing -Wno-strict-prototypes -Wno-semicolon-before-method-body @/Users/runner/work/hamster-ages/hamster-ages/build-release/Build/Intermediates.noindex/GoogleUserMessagingPlatform.build/Release-iphonesimulator/UserMessagingPlatformTarget.build/Objects-normal/arm64/e6072d4f65d7061329687fe24e3d63a7-common-args.resp -MMD -MT dependencies -MF /Users/runner/work/hamster-ages/hamster-ages/build-release/Build/Intermediates.noindex/GoogleUserMessagingPlatform.build/Release-iphonesimulator/UserMessagingPlatformTarget.build/Objects-normal/arm64/placeholder.d --serialize-diagnostics /Users/runner/work/hamster-ages/hamster-ages/build-release/Build/Intermediates.noindex/GoogleUserMessagingPlatform.build/Release-iphonesimulator/UserMessagingPlatformTarget.build/Objects-normal/arm64/placeholder.dia -c /Users/runner/work/hamster-ages/hamster-ages/build-release/SourcePackages/checkouts/swift-package-manager-google-user-messaging-platform/UserMessagingPlatformTarget/placeholder.m -o /Users/runner/work/hamster-ages/hamster-ages/build-release/Build/Intermediates.noindex/GoogleUserMessagingPlatform.build/Release-iphonesimulator/UserMessagingPlatformTarget.build/Objects-normal/arm64/placeholder.o

Ld /Users/runner/work/hamster-ages/hamster-ages/build-release/Build/Intermediates.noindex/GoogleUserMessagingPlatform.build/Release-iphonesimulator/UserMessagingPlatformTarget.build/Objects-normal/x86_64/Binary/UserMessagingPlatformTarget.o normal x86_64 (in target 'UserMessagingPlatformTarget' from project 'GoogleUserMessagingPlatform')
    cd /Users/runner/work/hamster-ages/hamster-ages/build-release/SourcePackages/checkouts/swift-package-manager-google-user-messaging-platform
    /Applications/Xcode_26.3.app/Contents/Developer/Toolchains/XcodeDefault.xctoolchain/usr/bin/clang -Xlinker -reproducible -target x86_64-apple-ios12.0-simulator -r -isysroot /Applications/Xcode_26.3.app/Contents/Developer/Platforms/iPhoneSimulator.platform/Developer/SDKs/iPhoneSimulator26.2.sdk -Os -w -L/Users/runner/work/hamster-ages/hamster-ages/build-release/Build/Intermediates.noindex/EagerLinkingTBDs/Release-iphonesimulator -L/Users/runner/work/hamster-ages/hamster-ages/build-release/Build/Products/Release-iphonesimulator -L/Applications/Xcode_26.3.app/Contents/Developer/Platforms/iPhoneSimulator.platform/Developer/usr/lib -F/Users/runner/work/hamster-ages/hamster-ages/build-release/Build/Intermediates.noindex/EagerLinkingTBDs/Release-iphonesimulator -F/Users/runner/work/hamster-ages/hamster-ages/build-release/Build/Products/Release-iphonesimulator -iframework /Applications/Xcode_26.3.app/Contents/Developer/Platforms/iPhoneSimulator.platform/Developer/Library/Frameworks -iframework /Applications/Xcode_26.3.app/Contents/Developer/Platforms/iPhoneSimulator.platform/Developer/SDKs/iPhoneSimulator26.2.sdk/Developer/Library/Frameworks -filelist /Users/runner/work/hamster-ages/hamster-ages/build-release/Build/Intermediates.noindex/GoogleUserMessagingPlatform.build/Release-iphonesimulator/UserMessagingPlatformTarget.build/Objects-normal/x86_64/UserMessagingPlatformTarget.LinkFileList -nostdlib -Xlinker -object_path_lto -Xlinker /Users/runner/work/hamster-ages/hamster-ages/build-release/Build/Intermediates.noindex/GoogleUserMessagingPlatform.build/Release-iphonesimulator/UserMessagingPlatformTarget.build/Objects-normal/x86_64/UserMessagingPlatformTarget_lto.o -Xlinker -objc_abi_version -Xlinker 2 -Xlinker -dependency_info -Xlinker /Users/runner/work/hamster-ages/hamster-ages/build-release/Build/Intermediates.noindex/GoogleUserMessagingPlatform.build/Release-iphonesimulator/UserMessagingPlatformTarget.build/Objects-normal/x86_64/UserMessagingPlatformTarget_dependency_info.dat -fobjc-arc -fobjc-link-runtime -o /Users/runner/work/hamster-ages/hamster-ages/build-release/Build/Intermediates.noindex/GoogleUserMessagingPlatform.build/Release-iphonesimulator/UserMessagingPlatformTarget.build/Objects-normal/x86_64/Binary/UserMessagingPlatformTarget.o

SwiftExplicitDependencyGeneratePcm arm64 /Users/runner/work/hamster-ages/hamster-ages/build-release/ModuleCache.noindex/_SwiftConcurrencyShims-3E13MIW28KZ7SYO23XO3SELS8.pcm

SwiftExplicitDependencyGeneratePcm x86_64 /Users/runner/work/hamster-ages/hamster-ages/build-release/ModuleCache.noindex/SwiftShims-EJ0HQDL8BFKEG0DYU0VYODHE9.pcm

Ld /Users/runner/work/hamster-ages/hamster-ages/build-release/Build/Intermediates.noindex/GoogleUserMessagingPlatform.build/Release-iphonesimulator/UserMessagingPlatformTarget.build/Objects-normal/arm64/Binary/UserMessagingPlatformTarget.o normal arm64 (in target 'UserMessagingPlatformTarget' from project 'GoogleUserMessagingPlatform')
    cd /Users/runner/work/hamster-ages/hamster-ages/build-release/SourcePackages/checkouts/swift-package-manager-google-user-messaging-platform
    /Applications/Xcode_26.3.app/Contents/Developer/Toolchains/XcodeDefault.xctoolchain/usr/bin/clang -Xlinker -reproducible -target arm64-apple-ios12.0-simulator -r -isysroot /Applications/Xcode_26.3.app/Contents/Developer/Platforms/iPhoneSimulator.platform/Developer/SDKs/iPhoneSimulator26.2.sdk -Os -w -L/Users/runner/work/hamster-ages/hamster-ages/build-release/Build/Intermediates.noindex/EagerLinkingTBDs/Release-iphonesimulator -L/Users/runner/work/hamster-ages/hamster-ages/build-release/Build/Products/Release-iphonesimulator -L/Applications/Xcode_26.3.app/Contents/Developer/Platforms/iPhoneSimulator.platform/Developer/usr/lib -F/Users/runner/work/hamster-ages/hamster-ages/build-release/Build/Intermediates.noindex/EagerLinkingTBDs/Release-iphonesimulator -F/Users/runner/work/hamster-ages/hamster-ages/build-release/Build/Products/Release-iphonesimulator -iframework /Applications/Xcode_26.3.app/Contents/Developer/Platforms/iPhoneSimulator.platform/Developer/Library/Frameworks -iframework /Applications/Xcode_26.3.app/Contents/Developer/Platforms/iPhoneSimulator.platform/Developer/SDKs/iPhoneSimulator26.2.sdk/Developer/Library/Frameworks -filelist /Users/runner/work/hamster-ages/hamster-ages/build-release/Build/Intermediates.noindex/GoogleUserMessagingPlatform.build/Release-iphonesimulator/UserMessagingPlatformTarget.build/Objects-normal/arm64/UserMessagingPlatformTarget.LinkFileList -nostdlib -Xlinker -object_path_lto -Xlinker /Users/runner/work/hamster-ages/hamster-ages/build-release/Build/Intermediates.noindex/GoogleUserMessagingPlatform.build/Release-iphonesimulator/UserMessagingPlatformTarget.build/Objects-normal/arm64/UserMessagingPlatformTarget_lto.o -Xlinker -objc_abi_version -Xlinker 2 -Xlinker -dependency_info -Xlinker /Users/runner/work/hamster-ages/hamster-ages/build-release/Build/Intermediates.noindex/GoogleUserMessagingPlatform.build/Release-iphonesimulator/UserMessagingPlatformTarget.build/Objects-normal/arm64/UserMessagingPlatformTarget_dependency_info.dat -fobjc-arc -fobjc-link-runtime -o /Users/runner/work/hamster-ages/hamster-ages/build-release/Build/Intermediates.noindex/GoogleUserMessagingPlatform.build/Release-iphonesimulator/UserMessagingPlatformTarget.build/Objects-normal/arm64/Binary/UserMessagingPlatformTarget.o

SwiftExplicitDependencyGeneratePcm arm64 /Users/runner/work/hamster-ages/hamster-ages/build-release/ModuleCache.noindex/SwiftShims-61I1K95NXLJUXAEP5U9R1VMI4.pcm

CreateUniversalBinary /Users/runner/work/hamster-ages/hamster-ages/build-release/Build/Products/Release-iphonesimulator/UserMessagingPlatformTarget.o normal arm64\ x86_64 (in target 'UserMessagingPlatformTarget' from project 'GoogleUserMessagingPlatform')
    cd /Users/runner/work/hamster-ages/hamster-ages/build-release/SourcePackages/checkouts/swift-package-manager-google-user-messaging-platform
    /Applications/Xcode_26.3.app/Contents/Developer/Toolchains/XcodeDefault.xctoolchain/usr/bin/lipo -create /Users/runner/work/hamster-ages/hamster-ages/build-release/Build/Intermediates.noindex/GoogleUserMessagingPlatform.build/Release-iphonesimulator/UserMessagingPlatformTarget.build/Objects-normal/arm64/Binary/UserMessagingPlatformTarget.o /Users/runner/work/hamster-ages/hamster-ages/build-release/Build/Intermediates.noindex/GoogleUserMessagingPlatform.build/Release-iphonesimulator/UserMessagingPlatformTarget.build/Objects-normal/x86_64/Binary/UserMessagingPlatformTarget.o -output /Users/runner/work/hamster-ages/hamster-ages/build-release/Build/Products/Release-iphonesimulator/UserMessagingPlatformTarget.o

SwiftExplicitDependencyGeneratePcm x86_64 /Users/runner/work/hamster-ages/hamster-ages/build-release/ModuleCache.noindex/_SwiftConcurrencyShims-6FBO7XNQJG4ZIHHKUSHH3082V.pcm

SwiftDriver\ Compilation GoogleMobileAdsTarget normal x86_64 com.apple.xcode.tools.swift.compiler (in target 'GoogleMobileAdsTarget' from project 'GoogleMobileAds')
    cd /Users/runner/work/hamster-ages/hamster-ages/HamsterAges.xcodeproj
    builtin-Swift-Compilation -- /Applications/Xcode_26.3.app/Contents/Developer/Toolchains/XcodeDefault.xctoolchain/usr/bin/swiftc -module-name GoogleMobileAdsTarget -O -whole-module-optimization -enforce-exclusivity\=checked @/Users/runner/work/hamster-ages/hamster-ages/build-release/Build/Intermediates.noindex/GoogleMobileAds.build/Release-iphonesimulator/GoogleMobileAdsTarget.build/Objects-normal/x86_64/GoogleMobileAdsTarget.SwiftFileList -DSWIFT_PACKAGE -DSWIFT_MODULE_RESOURCE_BUNDLE_UNAVAILABLE -Xcc -fmodule-map-file\=/Users/runner/work/hamster-ages/hamster-ages/build-release/Build/Intermediates.noindex/GeneratedModuleMaps-iphonesimulator/UserMessagingPlatformTarget.modulemap -DXcode -plugin-path /Applications/Xcode_26.3.app/Contents/Developer/Toolchains/XcodeDefault.xctoolchain/usr/lib/swift/host/plugins/testing -enable-experimental-feature DebugDescriptionMacro -sdk /Applications/Xcode_26.3.app/Contents/Developer/Platforms/iPhoneSimulator.platform/Developer/SDKs/iPhoneSimulator26.2.sdk -target x86_64-apple-ios13.0-simulator -g -module-cache-path /Users/runner/work/hamster-ages/hamster-ages/build-release/ModuleCache.noindex -Xfrontend -serialize-debugging-options -suppress-warnings -swift-version 5 -I /Users/runner/work/hamster-ages/hamster-ages/build-release/Build/Products/Release-iphonesimulator -Isystem /Applications/Xcode_26.3.app/Contents/Developer/Platforms/iPhoneSimulator.platform/Developer/usr/lib -F /Users/runner/work/hamster-ages/hamster-ages/build-release/Build/Products/Release-iphonesimulator/PackageFrameworks -F /Users/runner/work/hamster-ages/hamster-ages/build-release/Build/Products/Release-iphonesimulator -F /Applications/Xcode_26.3.app/Contents/Developer/Platforms/iPhoneSimulator.platform/Developer/Library/Frameworks -F /Applications/Xcode_26.3.app/Contents/Developer/Platforms/iPhoneSimulator.platform/Developer/SDKs/iPhoneSimulator26.2.sdk/Developer/Library/Frameworks -parse-as-library -c -num-threads 3 -Xcc -ivfsstatcache -Xcc /Users/runner/work/hamster-ages/hamster-ages/build-release/SDKStatCaches.noindex/iphonesimulator26.2-23C57-dc75598d0054f22ec865fa860f139d72e244bd9a5feaf902f95f61bf06266e52.sdkstatcache -output-file-map /Users/runner/work/hamster-ages/hamster-ages/build-release/Build/Intermediates.noindex/GoogleMobileAds.build/Release-iphonesimulator/GoogleMobileAdsTarget.build/Objects-normal/x86_64/GoogleMobileAdsTarget-OutputFileMap.json -use-frontend-parseable-output -save-temps -no-color-diagnostics -explicit-module-build -module-cache-path /Users/runner/work/hamster-ages/hamster-ages/build-release/Build/Intermediates.noindex/SwiftExplicitPrecompiledModules -clang-scanner-module-cache-path /Users/runner/work/hamster-ages/hamster-ages/build-release/ModuleCache.noindex -sdk-module-cache-path /Users/runner/work/hamster-ages/hamster-ages/build-release/ModuleCache.noindex -serialize-diagnostics -emit-dependencies -emit-module -emit-module-path /Users/runner/work/hamster-ages/hamster-ages/build-release/Build/Intermediates.noindex/GoogleMobileAds.build/Release-iphonesimulator/GoogleMobileAdsTarget.build/Objects-normal/x86_64/GoogleMobileAdsTarget.swiftmodule -validate-clang-modules-once -clang-build-session-file /Users/runner/work/hamster-ages/hamster-ages/build-release/ModuleCache.noindex/Session.modulevalidation -Xcc -I/Users/runner/work/hamster-ages/hamster-ages/build-release/Build/Intermediates.noindex/GoogleMobileAds.build/Release-iphonesimulator/GoogleMobileAdsTarget.build/swift-overrides.hmap -emit-const-values -Xfrontend -const-gather-protocols-file -Xfrontend /Users/runner/work/hamster-ages/hamster-ages/build-release/Build/Intermediates.noindex/GoogleMobileAds.build/Release-iphonesimulator/GoogleMobileAdsTarget.build/Objects-normal/x86_64/GoogleMobileAdsTarget_const_extract_protocols.json -Xcc -I/Users/runner/work/hamster-ages/hamster-ages/build-release/SourcePackages/checkouts/swift-package-manager-google-user-messaging-platform/UserMessagingPlatformTarget/include -Xcc -I/Users/runner/work/hamster-ages/hamster-ages/build-release/Build/Products/Release-iphonesimulator/include -Xcc -I/Users/runner/work/hamster-ages/hamster-ages/build-release/Build/Intermediates.noindex/GoogleMobileAds.build/Release-iphonesimulator/GoogleMobileAdsTarget.build/DerivedSources-normal/x86_64 -Xcc -I/Users/runner/work/hamster-ages/hamster-ages/build-release/Build/Intermediates.noindex/GoogleMobileAds.build/Release-iphonesimulator/GoogleMobileAdsTarget.build/DerivedSources/x86_64 -Xcc -I/Users/runner/work/hamster-ages/hamster-ages/build-release/Build/Intermediates.noindex/GoogleMobileAds.build/Release-iphonesimulator/GoogleMobileAdsTarget.build/DerivedSources -Xcc -DSWIFT_PACKAGE -emit-objc-header -emit-objc-header-path /Users/runner/work/hamster-ages/hamster-ages/build-release/Build/Intermediates.noindex/GoogleMobileAds.build/Release-iphonesimulator/GoogleMobileAdsTarget.build/Objects-normal/x86_64/GoogleMobileAdsTarget-Swift.h -working-directory /Users/runner/work/hamster-ages/hamster-ages/HamsterAges.xcodeproj -no-emit-module-separately-wmo

SwiftDriver\ Compilation GoogleMobileAdsTarget normal arm64 com.apple.xcode.tools.swift.compiler (in target 'GoogleMobileAdsTarget' from project 'GoogleMobileAds')
    cd /Users/runner/work/hamster-ages/hamster-ages/HamsterAges.xcodeproj
    builtin-Swift-Compilation -- /Applications/Xcode_26.3.app/Contents/Developer/Toolchains/XcodeDefault.xctoolchain/usr/bin/swiftc -module-name GoogleMobileAdsTarget -O -whole-module-optimization -enforce-exclusivity\=checked @/Users/runner/work/hamster-ages/hamster-ages/build-release/Build/Intermediates.noindex/GoogleMobileAds.build/Release-iphonesimulator/GoogleMobileAdsTarget.build/Objects-normal/arm64/GoogleMobileAdsTarget.SwiftFileList -DSWIFT_PACKAGE -DSWIFT_MODULE_RESOURCE_BUNDLE_UNAVAILABLE -Xcc -fmodule-map-file\=/Users/runner/work/hamster-ages/hamster-ages/build-release/Build/Intermediates.noindex/GeneratedModuleMaps-iphonesimulator/UserMessagingPlatformTarget.modulemap -DXcode -plugin-path /Applications/Xcode_26.3.app/Contents/Developer/Toolchains/XcodeDefault.xctoolchain/usr/lib/swift/host/plugins/testing -enable-experimental-feature DebugDescriptionMacro -sdk /Applications/Xcode_26.3.app/Contents/Developer/Platforms/iPhoneSimulator.platform/Developer/SDKs/iPhoneSimulator26.2.sdk -target arm64-apple-ios13.0-simulator -g -module-cache-path /Users/runner/work/hamster-ages/hamster-ages/build-release/ModuleCache.noindex -Xfrontend -serialize-debugging-options -suppress-warnings -swift-version 5 -I /Users/runner/work/hamster-ages/hamster-ages/build-release/Build/Products/Release-iphonesimulator -Isystem /Applications/Xcode_26.3.app/Contents/Developer/Platforms/iPhoneSimulator.platform/Developer/usr/lib -F /Users/runner/work/hamster-ages/hamster-ages/build-release/Build/Products/Release-iphonesimulator/PackageFrameworks -F /Users/runner/work/hamster-ages/hamster-ages/build-release/Build/Products/Release-iphonesimulator -F /Applications/Xcode_26.3.app/Contents/Developer/Platforms/iPhoneSimulator.platform/Developer/Library/Frameworks -F /Applications/Xcode_26.3.app/Contents/Developer/Platforms/iPhoneSimulator.platform/Developer/SDKs/iPhoneSimulator26.2.sdk/Developer/Library/Frameworks -parse-as-library -c -num-threads 3 -Xcc -ivfsstatcache -Xcc /Users/runner/work/hamster-ages/hamster-ages/build-release/SDKStatCaches.noindex/iphonesimulator26.2-23C57-dc75598d0054f22ec865fa860f139d72e244bd9a5feaf902f95f61bf06266e52.sdkstatcache -output-file-map /Users/runner/work/hamster-ages/hamster-ages/build-release/Build/Intermediates.noindex/GoogleMobileAds.build/Release-iphonesimulator/GoogleMobileAdsTarget.build/Objects-normal/arm64/GoogleMobileAdsTarget-OutputFileMap.json -use-frontend-parseable-output -save-temps -no-color-diagnostics -explicit-module-build -module-cache-path /Users/runner/work/hamster-ages/hamster-ages/build-release/Build/Intermediates.noindex/SwiftExplicitPrecompiledModules -clang-scanner-module-cache-path /Users/runner/work/hamster-ages/hamster-ages/build-release/ModuleCache.noindex -sdk-module-cache-path /Users/runner/work/hamster-ages/hamster-ages/build-release/ModuleCache.noindex -serialize-diagnostics -emit-dependencies -emit-module -emit-module-path /Users/runner/work/hamster-ages/hamster-ages/build-release/Build/Intermediates.noindex/GoogleMobileAds.build/Release-iphonesimulator/GoogleMobileAdsTarget.build/Objects-normal/arm64/GoogleMobileAdsTarget.swiftmodule -validate-clang-modules-once -clang-build-session-file /Users/runner/work/hamster-ages/hamster-ages/build-release/ModuleCache.noindex/Session.modulevalidation -Xcc -I/Users/runner/work/hamster-ages/hamster-ages/build-release/Build/Intermediates.noindex/GoogleMobileAds.build/Release-iphonesimulator/GoogleMobileAdsTarget.build/swift-overrides.hmap -emit-const-values -Xfrontend -const-gather-protocols-file -Xfrontend /Users/runner/work/hamster-ages/hamster-ages/build-release/Build/Intermediates.noindex/GoogleMobileAds.build/Release-iphonesimulator/GoogleMobileAdsTarget.build/Objects-normal/arm64/GoogleMobileAdsTarget_const_extract_protocols.json -Xcc -I/Users/runner/work/hamster-ages/hamster-ages/build-release/SourcePackages/checkouts/swift-package-manager-google-user-messaging-platform/UserMessagingPlatformTarget/include -Xcc -I/Users/runner/work/hamster-ages/hamster-ages/build-release/Build/Products/Release-iphonesimulator/include -Xcc -I/Users/runner/work/hamster-ages/hamster-ages/build-release/Build/Intermediates.noindex/GoogleMobileAds.build/Release-iphonesimulator/GoogleMobileAdsTarget.build/DerivedSources-normal/arm64 -Xcc -I/Users/runner/work/hamster-ages/hamster-ages/build-release/Build/Intermediates.noindex/GoogleMobileAds.build/Release-iphonesimulator/GoogleMobileAdsTarget.build/DerivedSources/arm64 -Xcc -I/Users/runner/work/hamster-ages/hamster-ages/build-release/Build/Intermediates.noindex/GoogleMobileAds.build/Release-iphonesimulator/GoogleMobileAdsTarget.build/DerivedSources -Xcc -DSWIFT_PACKAGE -emit-objc-header -emit-objc-header-path /Users/runner/work/hamster-ages/hamster-ages/build-release/Build/Intermediates.noindex/GoogleMobileAds.build/Release-iphonesimulator/GoogleMobileAdsTarget.build/Objects-normal/arm64/GoogleMobileAdsTarget-Swift.h -working-directory /Users/runner/work/hamster-ages/hamster-ages/HamsterAges.xcodeproj -no-emit-module-separately-wmo

RegisterExecutionPolicyException /Users/runner/work/hamster-ages/hamster-ages/build-release/Build/Products/Release-iphonesimulator/UserMessagingPlatformTarget.o (in target 'UserMessagingPlatformTarget' from project 'GoogleUserMessagingPlatform')
    cd /Users/runner/work/hamster-ages/hamster-ages/build-release/SourcePackages/checkouts/swift-package-manager-google-user-messaging-platform
    builtin-RegisterExecutionPolicyException /Users/runner/work/hamster-ages/hamster-ages/build-release/Build/Products/Release-iphonesimulator/UserMessagingPlatformTarget.o

SwiftCompile normal x86_64 Compiling\ placeholder.swift /Users/runner/work/hamster-ages/hamster-ages/build-release/SourcePackages/checkouts/swift-package-manager-google-mobile-ads/GoogleMobileAdsTarget/placeholder.swift /Applications/Xcode_26.3.app/Contents/Developer/Toolchains/XcodeDefault.xctoolchain/usr/lib/swift/iphonesimulator/prebuilt-modules/26.2/_StringProcessing.swiftmodule/x86_64-apple-ios-simulator.swiftmodule /Applications/Xcode_26.3.app/Contents/Developer/Toolchains/XcodeDefault.xctoolchain/usr/lib/swift/iphonesimulator/prebuilt-modules/26.2/Swift.swiftmodule/x86_64-apple-ios-simulator.swiftmodule /Applications/Xcode_26.3.app/Contents/Developer/Toolchains/XcodeDefault.xctoolchain/usr/lib/swift/iphonesimulator/prebuilt-modules/26.2/_Concurrency.swiftmodule/x86_64-apple-ios-simulator.swiftmodule /Users/runner/work/hamster-ages/hamster-ages/build-release/ModuleCache.noindex/SwiftShims-EJ0HQDL8BFKEG0DYU0VYODHE9.pcm /Users/runner/work/hamster-ages/hamster-ages/build-release/ModuleCache.noindex/_SwiftConcurrencyShims-6FBO7XNQJG4ZIHHKUSHH3082V.pcm /Users/runner/work/hamster-ages/hamster-ages/build-release/Build/Intermediates.noindex/GoogleMobileAds.build/Release-iphonesimulator/GoogleMobileAdsTarget.build/Objects-normal/x86_64/GoogleMobileAdsTarget-dependencies-2.json (in target 'GoogleMobileAdsTarget' from project 'GoogleMobileAds')

SwiftCompile normal x86_64 /Users/runner/work/hamster-ages/hamster-ages/build-release/SourcePackages/checkouts/swift-package-manager-google-mobile-ads/GoogleMobileAdsTarget/placeholder.swift (in target 'GoogleMobileAdsTarget' from project 'GoogleMobileAds')
    cd /Users/runner/work/hamster-ages/hamster-ages/HamsterAges.xcodeproj
    

SwiftCompile normal arm64 Compiling\ placeholder.swift /Users/runner/work/hamster-ages/hamster-ages/build-release/SourcePackages/checkouts/swift-package-manager-google-mobile-ads/GoogleMobileAdsTarget/placeholder.swift /Applications/Xcode_26.3.app/Contents/Developer/Toolchains/XcodeDefault.xctoolchain/usr/lib/swift/iphonesimulator/prebuilt-modules/26.2/Swift.swiftmodule/arm64-apple-ios-simulator.swiftmodule /Applications/Xcode_26.3.app/Contents/Developer/Toolchains/XcodeDefault.xctoolchain/usr/lib/swift/iphonesimulator/prebuilt-modules/26.2/_Concurrency.swiftmodule/arm64-apple-ios-simulator.swiftmodule /Applications/Xcode_26.3.app/Contents/Developer/Toolchains/XcodeDefault.xctoolchain/usr/lib/swift/iphonesimulator/prebuilt-modules/26.2/_StringProcessing.swiftmodule/arm64-apple-ios-simulator.swiftmodule /Users/runner/work/hamster-ages/hamster-ages/build-release/ModuleCache.noindex/SwiftShims-61I1K95NXLJUXAEP5U9R1VMI4.pcm /Users/runner/work/hamster-ages/hamster-ages/build-release/ModuleCache.noindex/_SwiftConcurrencyShims-3E13MIW28KZ7SYO23XO3SELS8.pcm /Users/runner/work/hamster-ages/hamster-ages/build-release/Build/Intermediates.noindex/GoogleMobileAds.build/Release-iphonesimulator/GoogleMobileAdsTarget.build/Objects-normal/arm64/GoogleMobileAdsTarget-dependencies-1.json (in target 'GoogleMobileAdsTarget' from project 'GoogleMobileAds')
SwiftCompile normal arm64 /Users/runner/work/hamster-ages/hamster-ages/build-release/SourcePackages/checkouts/swift-package-manager-google-mobile-ads/GoogleMobileAdsTarget/placeholder.swift (in target 'GoogleMobileAdsTarget' from project 'GoogleMobileAds')
    cd /Users/runner/work/hamster-ages/hamster-ages/HamsterAges.xcodeproj
    

SwiftDriverJobDiscovery normal x86_64 Compiling placeholder.swift (in target 'GoogleMobileAdsTarget' from project 'GoogleMobileAds')

SwiftDriver\ Compilation\ Requirements GoogleMobileAdsTarget normal x86_64 com.apple.xcode.tools.swift.compiler (in target 'GoogleMobileAdsTarget' from project 'GoogleMobileAds')
    cd /Users/runner/work/hamster-ages/hamster-ages/HamsterAges.xcodeproj
    builtin-Swift-Compilation-Requirements -- /Applications/Xcode_26.3.app/Contents/Developer/Toolchains/XcodeDefault.xctoolchain/usr/bin/swiftc -module-name GoogleMobileAdsTarget -O -whole-module-optimization -enforce-exclusivity\=checked @/Users/runner/work/hamster-ages/hamster-ages/build-release/Build/Intermediates.noindex/GoogleMobileAds.build/Release-iphonesimulator/GoogleMobileAdsTarget.build/Objects-normal/x86_64/GoogleMobileAdsTarget.SwiftFileList -DSWIFT_PACKAGE -DSWIFT_MODULE_RESOURCE_BUNDLE_UNAVAILABLE -Xcc -fmodule-map-file\=/Users/runner/work/hamster-ages/hamster-ages/build-release/Build/Intermediates.noindex/GeneratedModuleMaps-iphonesimulator/UserMessagingPlatformTarget.modulemap -DXcode -plugin-path /Applications/Xcode_26.3.app/Contents/Developer/Toolchains/XcodeDefault.xctoolchain/usr/lib/swift/host/plugins/testing -enable-experimental-feature DebugDescriptionMacro -sdk /Applications/Xcode_26.3.app/Contents/Developer/Platforms/iPhoneSimulator.platform/Developer/SDKs/iPhoneSimulator26.2.sdk -target x86_64-apple-ios13.0-simulator -g -module-cache-path /Users/runner/work/hamster-ages/hamster-ages/build-release/ModuleCache.noindex -Xfrontend -serialize-debugging-options -suppress-warnings -swift-version 5 -I /Users/runner/work/hamster-ages/hamster-ages/build-release/Build/Products/Release-iphonesimulator -Isystem /Applications/Xcode_26.3.app/Contents/Developer/Platforms/iPhoneSimulator.platform/Developer/usr/lib -F /Users/runner/work/hamster-ages/hamster-ages/build-release/Build/Products/Release-iphonesimulator/PackageFrameworks -F /Users/runner/work/hamster-ages/hamster-ages/build-release/Build/Products/Release-iphonesimulator -F /Applications/Xcode_26.3.app/Contents/Developer/Platforms/iPhoneSimulator.platform/Developer/Library/Frameworks -F /Applications/Xcode_26.3.app/Contents/Developer/Platforms/iPhoneSimulator.platform/Developer/SDKs/iPhoneSimulator26.2.sdk/Developer/Library/Frameworks -parse-as-library -c -num-threads 3 -Xcc -ivfsstatcache -Xcc /Users/runner/work/hamster-ages/hamster-ages/build-release/SDKStatCaches.noindex/iphonesimulator26.2-23C57-dc75598d0054f22ec865fa860f139d72e244bd9a5feaf902f95f61bf06266e52.sdkstatcache -output-file-map /Users/runner/work/hamster-ages/hamster-ages/build-release/Build/Intermediates.noindex/GoogleMobileAds.build/Release-iphonesimulator/GoogleMobileAdsTarget.build/Objects-normal/x86_64/GoogleMobileAdsTarget-OutputFileMap.json -use-frontend-parseable-output -save-temps -no-color-diagnostics -explicit-module-build -module-cache-path /Users/runner/work/hamster-ages/hamster-ages/build-release/Build/Intermediates.noindex/SwiftExplicitPrecompiledModules -clang-scanner-module-cache-path /Users/runner/work/hamster-ages/hamster-ages/build-release/ModuleCache.noindex -sdk-module-cache-path /Users/runner/work/hamster-ages/hamster-ages/build-release/ModuleCache.noindex -serialize-diagnostics -emit-dependencies -emit-module -emit-module-path /Users/runner/work/hamster-ages/hamster-ages/build-release/Build/Intermediates.noindex/GoogleMobileAds.build/Release-iphonesimulator/GoogleMobileAdsTarget.build/Objects-normal/x86_64/GoogleMobileAdsTarget.swiftmodule -validate-clang-modules-once -clang-build-session-file /Users/runner/work/hamster-ages/hamster-ages/build-release/ModuleCache.noindex/Session.modulevalidation -Xcc -I/Users/runner/work/hamster-ages/hamster-ages/build-release/Build/Intermediates.noindex/GoogleMobileAds.build/Release-iphonesimulator/GoogleMobileAdsTarget.build/swift-overrides.hmap -emit-const-values -Xfrontend -const-gather-protocols-file -Xfrontend /Users/runner/work/hamster-ages/hamster-ages/build-release/Build/Intermediates.noindex/GoogleMobileAds.build/Release-iphonesimulator/GoogleMobileAdsTarget.build/Objects-normal/x86_64/GoogleMobileAdsTarget_const_extract_protocols.json -Xcc -I/Users/runner/work/hamster-ages/hamster-ages/build-release/SourcePackages/checkouts/swift-package-manager-google-user-messaging-platform/UserMessagingPlatformTarget/include -Xcc -I/Users/runner/work/hamster-ages/hamster-ages/build-release/Build/Products/Release-iphonesimulator/include -Xcc -I/Users/runner/work/hamster-ages/hamster-ages/build-release/Build/Intermediates.noindex/GoogleMobileAds.build/Release-iphonesimulator/GoogleMobileAdsTarget.build/DerivedSources-normal/x86_64 -Xcc -I/Users/runner/work/hamster-ages/hamster-ages/build-release/Build/Intermediates.noindex/GoogleMobileAds.build/Release-iphonesimulator/GoogleMobileAdsTarget.build/DerivedSources/x86_64 -Xcc -I/Users/runner/work/hamster-ages/hamster-ages/build-release/Build/Intermediates.noindex/GoogleMobileAds.build/Release-iphonesimulator/GoogleMobileAdsTarget.build/DerivedSources -Xcc -DSWIFT_PACKAGE -emit-objc-header -emit-objc-header-path /Users/runner/work/hamster-ages/hamster-ages/build-release/Build/Intermediates.noindex/GoogleMobileAds.build/Release-iphonesimulator/GoogleMobileAdsTarget.build/Objects-normal/x86_64/GoogleMobileAdsTarget-Swift.h -working-directory /Users/runner/work/hamster-ages/hamster-ages/HamsterAges.xcodeproj -no-emit-module-separately-wmo

Copy /Users/runner/work/hamster-ages/hamster-ages/build-release/Build/Products/Release-iphonesimulator/GoogleMobileAdsTarget.swiftmodule/x86_64-apple-ios-simulator.swiftmodule /Users/runner/work/hamster-ages/hamster-ages/build-release/Build/Intermediates.noindex/GoogleMobileAds.build/Release-iphonesimulator/GoogleMobileAdsTarget.build/Objects-normal/x86_64/GoogleMobileAdsTarget.swiftmodule (in target 'GoogleMobileAdsTarget' from project 'GoogleMobileAds')
    cd /Users/runner/work/hamster-ages/hamster-ages/build-release/SourcePackages/checkouts/swift-package-manager-google-mobile-ads
    builtin-copy -exclude .DS_Store -exclude CVS -exclude .svn -exclude .git -exclude .hg -strip-unsigned-binaries -strip-deterministic -strip-tool /Applications/Xcode_26.3.app/Contents/Developer/Toolchains/XcodeDefault.xctoolchain/usr/bin/strip -resolve-src-symlinks -rename /Users/runner/work/hamster-ages/hamster-ages/build-release/Build/Intermediates.noindex/GoogleMobileAds.build/Release-iphonesimulator/GoogleMobileAdsTarget.build/Objects-normal/x86_64/GoogleMobileAdsTarget.swiftmodule /Users/runner/work/hamster-ages/hamster-ages/build-release/Build/Products/Release-iphonesimulator/GoogleMobileAdsTarget.swiftmodule/x86_64-apple-ios-simulator.swiftmodule

Copy /Users/runner/work/hamster-ages/hamster-ages/build-release/Build/Products/Release-iphonesimulator/GoogleMobileAdsTarget.swiftmodule/x86_64-apple-ios-simulator.swiftdoc /Users/runner/work/hamster-ages/hamster-ages/build-release/Build/Intermediates.noindex/GoogleMobileAds.build/Release-iphonesimulator/GoogleMobileAdsTarget.build/Objects-normal/x86_64/GoogleMobileAdsTarget.swiftdoc (in target 'GoogleMobileAdsTarget' from project 'GoogleMobileAds')
    cd /Users/runner/work/hamster-ages/hamster-ages/build-release/SourcePackages/checkouts/swift-package-manager-google-mobile-ads
    builtin-copy -exclude .DS_Store -exclude CVS -exclude .svn -exclude .git -exclude .hg -strip-unsigned-binaries -strip-deterministic -strip-tool /Applications/Xcode_26.3.app/Contents/Developer/Toolchains/XcodeDefault.xctoolchain/usr/bin/strip -resolve-src-symlinks -rename /Users/runner/work/hamster-ages/hamster-ages/build-release/Build/Intermediates.noindex/GoogleMobileAds.build/Release-iphonesimulator/GoogleMobileAdsTarget.build/Objects-normal/x86_64/GoogleMobileAdsTarget.swiftdoc /Users/runner/work/hamster-ages/hamster-ages/build-release/Build/Products/Release-iphonesimulator/GoogleMobileAdsTarget.swiftmodule/x86_64-apple-ios-simulator.swiftdoc

Copy /Users/runner/work/hamster-ages/hamster-ages/build-release/Build/Products/Release-iphonesimulator/GoogleMobileAdsTarget.swiftmodule/x86_64-apple-ios-simulator.abi.json /Users/runner/work/hamster-ages/hamster-ages/build-release/Build/Intermediates.noindex/GoogleMobileAds.build/Release-iphonesimulator/GoogleMobileAdsTarget.build/Objects-normal/x86_64/GoogleMobileAdsTarget.abi.json (in target 'GoogleMobileAdsTarget' from project 'GoogleMobileAds')
    cd /Users/runner/work/hamster-ages/hamster-ages/build-release/SourcePackages/checkouts/swift-package-manager-google-mobile-ads
    builtin-copy -exclude .DS_Store -exclude CVS -exclude .svn -exclude .git -exclude .hg -strip-unsigned-binaries -strip-deterministic -strip-tool /Applications/Xcode_26.3.app/Contents/Developer/Toolchains/XcodeDefault.xctoolchain/usr/bin/strip -resolve-src-symlinks -rename /Users/runner/work/hamster-ages/hamster-ages/build-release/Build/Intermediates.noindex/GoogleMobileAds.build/Release-iphonesimulator/GoogleMobileAdsTarget.build/Objects-normal/x86_64/GoogleMobileAdsTarget.abi.json /Users/runner/work/hamster-ages/hamster-ages/build-release/Build/Products/Release-iphonesimulator/GoogleMobileAdsTarget.swiftmodule/x86_64-apple-ios-simulator.abi.json

SwiftDriverJobDiscovery normal arm64 Compiling placeholder.swift (in target 'GoogleMobileAdsTarget' from project 'GoogleMobileAds')

Copy /Users/runner/work/hamster-ages/hamster-ages/build-release/Build/Products/Release-iphonesimulator/GoogleMobileAdsTarget.swiftmodule/Project/x86_64-apple-ios-simulator.swiftsourceinfo /Users/runner/work/hamster-ages/hamster-ages/build-release/Build/Intermediates.noindex/GoogleMobileAds.build/Release-iphonesimulator/GoogleMobileAdsTarget.build/Objects-normal/x86_64/GoogleMobileAdsTarget.swiftsourceinfo (in target 'GoogleMobileAdsTarget' from project 'GoogleMobileAds')
    cd /Users/runner/work/hamster-ages/hamster-ages/build-release/SourcePackages/checkouts/swift-package-manager-google-mobile-ads
    builtin-copy -exclude .DS_Store -exclude CVS -exclude .svn -exclude .git -exclude .hg -strip-unsigned-binaries -strip-deterministic -strip-tool /Applications/Xcode_26.3.app/Contents/Developer/Toolchains/XcodeDefault.xctoolchain/usr/bin/strip -resolve-src-symlinks -rename /Users/runner/work/hamster-ages/hamster-ages/build-release/Build/Intermediates.noindex/GoogleMobileAds.build/Release-iphonesimulator/GoogleMobileAdsTarget.build/Objects-normal/x86_64/GoogleMobileAdsTarget.swiftsourceinfo /Users/runner/work/hamster-ages/hamster-ages/build-release/Build/Products/Release-iphonesimulator/GoogleMobileAdsTarget.swiftmodule/Project/x86_64-apple-ios-simulator.swiftsourceinfo

SwiftDriver\ Compilation\ Requirements GoogleMobileAdsTarget normal arm64 com.apple.xcode.tools.swift.compiler (in target 'GoogleMobileAdsTarget' from project 'GoogleMobileAds')
    cd /Users/runner/work/hamster-ages/hamster-ages/HamsterAges.xcodeproj
    builtin-Swift-Compilation-Requirements -- /Applications/Xcode_26.3.app/Contents/Developer/Toolchains/XcodeDefault.xctoolchain/usr/bin/swiftc -module-name GoogleMobileAdsTarget -O -whole-module-optimization -enforce-exclusivity\=checked @/Users/runner/work/hamster-ages/hamster-ages/build-release/Build/Intermediates.noindex/GoogleMobileAds.build/Release-iphonesimulator/GoogleMobileAdsTarget.build/Objects-normal/arm64/GoogleMobileAdsTarget.SwiftFileList -DSWIFT_PACKAGE -DSWIFT_MODULE_RESOURCE_BUNDLE_UNAVAILABLE -Xcc -fmodule-map-file\=/Users/runner/work/hamster-ages/hamster-ages/build-release/Build/Intermediates.noindex/GeneratedModuleMaps-iphonesimulator/UserMessagingPlatformTarget.modulemap -DXcode -plugin-path /Applications/Xcode_26.3.app/Contents/Developer/Toolchains/XcodeDefault.xctoolchain/usr/lib/swift/host/plugins/testing -enable-experimental-feature DebugDescriptionMacro -sdk /Applications/Xcode_26.3.app/Contents/Developer/Platforms/iPhoneSimulator.platform/Developer/SDKs/iPhoneSimulator26.2.sdk -target arm64-apple-ios13.0-simulator -g -module-cache-path /Users/runner/work/hamster-ages/hamster-ages/build-release/ModuleCache.noindex -Xfrontend -serialize-debugging-options -suppress-warnings -swift-version 5 -I /Users/runner/work/hamster-ages/hamster-ages/build-release/Build/Products/Release-iphonesimulator -Isystem /Applications/Xcode_26.3.app/Contents/Developer/Platforms/iPhoneSimulator.platform/Developer/usr/lib -F /Users/runner/work/hamster-ages/hamster-ages/build-release/Build/Products/Release-iphonesimulator/PackageFrameworks -F /Users/runner/work/hamster-ages/hamster-ages/build-release/Build/Products/Release-iphonesimulator -F /Applications/Xcode_26.3.app/Contents/Developer/Platforms/iPhoneSimulator.platform/Developer/Library/Frameworks -F /Applications/Xcode_26.3.app/Contents/Developer/Platforms/iPhoneSimulator.platform/Developer/SDKs/iPhoneSimulator26.2.sdk/Developer/Library/Frameworks -parse-as-library -c -num-threads 3 -Xcc -ivfsstatcache -Xcc /Users/runner/work/hamster-ages/hamster-ages/build-release/SDKStatCaches.noindex/iphonesimulator26.2-23C57-dc75598d0054f22ec865fa860f139d72e244bd9a5feaf902f95f61bf06266e52.sdkstatcache -output-file-map /Users/runner/work/hamster-ages/hamster-ages/build-release/Build/Intermediates.noindex/GoogleMobileAds.build/Release-iphonesimulator/GoogleMobileAdsTarget.build/Objects-normal/arm64/GoogleMobileAdsTarget-OutputFileMap.json -use-frontend-parseable-output -save-temps -no-color-diagnostics -explicit-module-build -module-cache-path /Users/runner/work/hamster-ages/hamster-ages/build-release/Build/Intermediates.noindex/SwiftExplicitPrecompiledModules -clang-scanner-module-cache-path /Users/runner/work/hamster-ages/hamster-ages/build-release/ModuleCache.noindex -sdk-module-cache-path /Users/runner/work/hamster-ages/hamster-ages/build-release/ModuleCache.noindex -serialize-diagnostics -emit-dependencies -emit-module -emit-module-path /Users/runner/work/hamster-ages/hamster-ages/build-release/Build/Intermediates.noindex/GoogleMobileAds.build/Release-iphonesimulator/GoogleMobileAdsTarget.build/Objects-normal/arm64/GoogleMobileAdsTarget.swiftmodule -validate-clang-modules-once -clang-build-session-file /Users/runner/work/hamster-ages/hamster-ages/build-release/ModuleCache.noindex/Session.modulevalidation -Xcc -I/Users/runner/work/hamster-ages/hamster-ages/build-release/Build/Intermediates.noindex/GoogleMobileAds.build/Release-iphonesimulator/GoogleMobileAdsTarget.build/swift-overrides.hmap -emit-const-values -Xfrontend -const-gather-protocols-file -Xfrontend /Users/runner/work/hamster-ages/hamster-ages/build-release/Build/Intermediates.noindex/GoogleMobileAds.build/Release-iphonesimulator/GoogleMobileAdsTarget.build/Objects-normal/arm64/GoogleMobileAdsTarget_const_extract_protocols.json -Xcc -I/Users/runner/work/hamster-ages/hamster-ages/build-release/SourcePackages/checkouts/swift-package-manager-google-user-messaging-platform/UserMessagingPlatformTarget/include -Xcc -I/Users/runner/work/hamster-ages/hamster-ages/build-release/Build/Products/Release-iphonesimulator/include -Xcc -I/Users/runner/work/hamster-ages/hamster-ages/build-release/Build/Intermediates.noindex/GoogleMobileAds.build/Release-iphonesimulator/GoogleMobileAdsTarget.build/DerivedSources-normal/arm64 -Xcc -I/Users/runner/work/hamster-ages/hamster-ages/build-release/Build/Intermediates.noindex/GoogleMobileAds.build/Release-iphonesimulator/GoogleMobileAdsTarget.build/DerivedSources/arm64 -Xcc -I/Users/runner/work/hamster-ages/hamster-ages/build-release/Build/Intermediates.noindex/GoogleMobileAds.build/Release-iphonesimulator/GoogleMobileAdsTarget.build/DerivedSources -Xcc -DSWIFT_PACKAGE -emit-objc-header -emit-objc-header-path /Users/runner/work/hamster-ages/hamster-ages/build-release/Build/Intermediates.noindex/GoogleMobileAds.build/Release-iphonesimulator/GoogleMobileAdsTarget.build/Objects-normal/arm64/GoogleMobileAdsTarget-Swift.h -working-directory /Users/runner/work/hamster-ages/hamster-ages/HamsterAges.xcodeproj -no-emit-module-separately-wmo

SwiftMergeGeneratedHeaders /Users/runner/work/hamster-ages/hamster-ages/build-release/Build/Intermediates.noindex/GeneratedModuleMaps-iphonesimulator/GoogleMobileAdsTarget-Swift.h /Users/runner/work/hamster-ages/hamster-ages/build-release/Build/Intermediates.noindex/GoogleMobileAds.build/Release-iphonesimulator/GoogleMobileAdsTarget.build/Objects-normal/arm64/GoogleMobileAdsTarget-Swift.h /Users/runner/work/hamster-ages/hamster-ages/build-release/Build/Intermediates.noindex/GoogleMobileAds.build/Release-iphonesimulator/GoogleMobileAdsTarget.build/Objects-normal/x86_64/GoogleMobileAdsTarget-Swift.h (in target 'GoogleMobileAdsTarget' from project 'GoogleMobileAds')
    cd /Users/runner/work/hamster-ages/hamster-ages/build-release/SourcePackages/checkouts/swift-package-manager-google-mobile-ads
    builtin-swiftHeaderTool -arch arm64 /Users/runner/work/hamster-ages/hamster-ages/build-release/Build/Intermediates.noindex/GoogleMobileAds.build/Release-iphonesimulator/GoogleMobileAdsTarget.build/Objects-normal/arm64/GoogleMobileAdsTarget-Swift.h -arch x86_64 /Users/runner/work/hamster-ages/hamster-ages/build-release/Build/Intermediates.noindex/GoogleMobileAds.build/Release-iphonesimulator/GoogleMobileAdsTarget.build/Objects-normal/x86_64/GoogleMobileAdsTarget-Swift.h -o /Users/runner/work/hamster-ages/hamster-ages/build-release/Build/Intermediates.noindex/GeneratedModuleMaps-iphonesimulator/GoogleMobileAdsTarget-Swift.h

Copy /Users/runner/work/hamster-ages/hamster-ages/build-release/Build/Products/Release-iphonesimulator/GoogleMobileAdsTarget.swiftmodule/arm64-apple-ios-simulator.swiftmodule /Users/runner/work/hamster-ages/hamster-ages/build-release/Build/Intermediates.noindex/GoogleMobileAds.build/Release-iphonesimulator/GoogleMobileAdsTarget.build/Objects-normal/arm64/GoogleMobileAdsTarget.swiftmodule (in target 'GoogleMobileAdsTarget' from project 'GoogleMobileAds')
    cd /Users/runner/work/hamster-ages/hamster-ages/build-release/SourcePackages/checkouts/swift-package-manager-google-mobile-ads
    builtin-copy -exclude .DS_Store -exclude CVS -exclude .svn -exclude .git -exclude .hg -strip-unsigned-binaries -strip-deterministic -strip-tool /Applications/Xcode_26.3.app/Contents/Developer/Toolchains/XcodeDefault.xctoolchain/usr/bin/strip -resolve-src-symlinks -rename /Users/runner/work/hamster-ages/hamster-ages/build-release/Build/Intermediates.noindex/GoogleMobileAds.build/Release-iphonesimulator/GoogleMobileAdsTarget.build/Objects-normal/arm64/GoogleMobileAdsTarget.swiftmodule /Users/runner/work/hamster-ages/hamster-ages/build-release/Build/Products/Release-iphonesimulator/GoogleMobileAdsTarget.swiftmodule/arm64-apple-ios-simulator.swiftmodule

Copy /Users/runner/work/hamster-ages/hamster-ages/build-release/Build/Products/Release-iphonesimulator/GoogleMobileAdsTarget.swiftmodule/arm64-apple-ios-simulator.swiftdoc /Users/runner/work/hamster-ages/hamster-ages/build-release/Build/Intermediates.noindex/GoogleMobileAds.build/Release-iphonesimulator/GoogleMobileAdsTarget.build/Objects-normal/arm64/GoogleMobileAdsTarget.swiftdoc (in target 'GoogleMobileAdsTarget' from project 'GoogleMobileAds')
    cd /Users/runner/work/hamster-ages/hamster-ages/build-release/SourcePackages/checkouts/swift-package-manager-google-mobile-ads
    builtin-copy -exclude .DS_Store -exclude CVS -exclude .svn -exclude .git -exclude .hg -strip-unsigned-binaries -strip-deterministic -strip-tool /Applications/Xcode_26.3.app/Contents/Developer/Toolchains/XcodeDefault.xctoolchain/usr/bin/strip -resolve-src-symlinks -rename /Users/runner/work/hamster-ages/hamster-ages/build-release/Build/Intermediates.noindex/GoogleMobileAds.build/Release-iphonesimulator/GoogleMobileAdsTarget.build/Objects-normal/arm64/GoogleMobileAdsTarget.swiftdoc /Users/runner/work/hamster-ages/hamster-ages/build-release/Build/Products/Release-iphonesimulator/GoogleMobileAdsTarget.swiftmodule/arm64-apple-ios-simulator.swiftdoc

Copy /Users/runner/work/hamster-ages/hamster-ages/build-release/Build/Products/Release-iphonesimulator/GoogleMobileAdsTarget.swiftmodule/arm64-apple-ios-simulator.abi.json /Users/runner/work/hamster-ages/hamster-ages/build-release/Build/Intermediates.noindex/GoogleMobileAds.build/Release-iphonesimulator/GoogleMobileAdsTarget.build/Objects-normal/arm64/GoogleMobileAdsTarget.abi.json (in target 'GoogleMobileAdsTarget' from project 'GoogleMobileAds')
    cd /Users/runner/work/hamster-ages/hamster-ages/build-release/SourcePackages/checkouts/swift-package-manager-google-mobile-ads
    builtin-copy -exclude .DS_Store -exclude CVS -exclude .svn -exclude .git -exclude .hg -strip-unsigned-binaries -strip-deterministic -strip-tool /Applications/Xcode_26.3.app/Contents/Developer/Toolchains/XcodeDefault.xctoolchain/usr/bin/strip -resolve-src-symlinks -rename /Users/runner/work/hamster-ages/hamster-ages/build-release/Build/Intermediates.noindex/GoogleMobileAds.build/Release-iphonesimulator/GoogleMobileAdsTarget.build/Objects-normal/arm64/GoogleMobileAdsTarget.abi.json /Users/runner/work/hamster-ages/hamster-ages/build-release/Build/Products/Release-iphonesimulator/GoogleMobileAdsTarget.swiftmodule/arm64-apple-ios-simulator.abi.json

Copy /Users/runner/work/hamster-ages/hamster-ages/build-release/Build/Products/Release-iphonesimulator/GoogleMobileAdsTarget.swiftmodule/Project/arm64-apple-ios-simulator.swiftsourceinfo /Users/runner/work/hamster-ages/hamster-ages/build-release/Build/Intermediates.noindex/GoogleMobileAds.build/Release-iphonesimulator/GoogleMobileAdsTarget.build/Objects-normal/arm64/GoogleMobileAdsTarget.swiftsourceinfo (in target 'GoogleMobileAdsTarget' from project 'GoogleMobileAds')
    cd /Users/runner/work/hamster-ages/hamster-ages/build-release/SourcePackages/checkouts/swift-package-manager-google-mobile-ads
    builtin-copy -exclude .DS_Store -exclude CVS -exclude .svn -exclude .git -exclude .hg -strip-unsigned-binaries -strip-deterministic -strip-tool /Applications/Xcode_26.3.app/Contents/Developer/Toolchains/XcodeDefault.xctoolchain/usr/bin/strip -resolve-src-symlinks -rename /Users/runner/work/hamster-ages/hamster-ages/build-release/Build/Intermediates.noindex/GoogleMobileAds.build/Release-iphonesimulator/GoogleMobileAdsTarget.build/Objects-normal/arm64/GoogleMobileAdsTarget.swiftsourceinfo /Users/runner/work/hamster-ages/hamster-ages/build-release/Build/Products/Release-iphonesimulator/GoogleMobileAdsTarget.swiftmodule/Project/arm64-apple-ios-simulator.swiftsourceinfo

Ld /Users/runner/work/hamster-ages/hamster-ages/build-release/Build/Intermediates.noindex/GoogleMobileAds.build/Release-iphonesimulator/GoogleMobileAdsTarget.build/Objects-normal/x86_64/Binary/GoogleMobileAdsTarget.o normal x86_64 (in target 'GoogleMobileAdsTarget' from project 'GoogleMobileAds')
    cd /Users/runner/work/hamster-ages/hamster-ages/build-release/SourcePackages/checkouts/swift-package-manager-google-mobile-ads
    /Applications/Xcode_26.3.app/Contents/Developer/Toolchains/XcodeDefault.xctoolchain/usr/bin/clang -Xlinker -reproducible -target x86_64-apple-ios13.0-simulator -r -isysroot /Applications/Xcode_26.3.app/Contents/Developer/Platforms/iPhoneSimulator.platform/Developer/SDKs/iPhoneSimulator26.2.sdk -Os -w -L/Users/runner/work/hamster-ages/hamster-ages/build-release/Build/Intermediates.noindex/EagerLinkingTBDs/Release-iphonesimulator -L/Users/runner/work/hamster-ages/hamster-ages/build-release/Build/Products/Release-iphonesimulator -L/Applications/Xcode_26.3.app/Contents/Developer/Platforms/iPhoneSimulator.platform/Developer/usr/lib -F/Users/runner/work/hamster-ages/hamster-ages/build-release/Build/Intermediates.noindex/EagerLinkingTBDs/Release-iphonesimulator -F/Users/runner/work/hamster-ages/hamster-ages/build-release/Build/Products/Release-iphonesimulator/PackageFrameworks -F/Users/runner/work/hamster-ages/hamster-ages/build-release/Build/Products/Release-iphonesimulator -iframework /Applications/Xcode_26.3.app/Contents/Developer/Platforms/iPhoneSimulator.platform/Developer/Library/Frameworks -iframework /Applications/Xcode_26.3.app/Contents/Developer/Platforms/iPhoneSimulator.platform/Developer/SDKs/iPhoneSimulator26.2.sdk/Developer/Library/Frameworks -filelist /Users/runner/work/hamster-ages/hamster-ages/build-release/Build/Intermediates.noindex/GoogleMobileAds.build/Release-iphonesimulator/GoogleMobileAdsTarget.build/Objects-normal/x86_64/GoogleMobileAdsTarget.LinkFileList -nostdlib -Xlinker -object_path_lto -Xlinker /Users/runner/work/hamster-ages/hamster-ages/build-release/Build/Intermediates.noindex/GoogleMobileAds.build/Release-iphonesimulator/GoogleMobileAdsTarget.build/Objects-normal/x86_64/GoogleMobileAdsTarget_lto.o -Xlinker -objc_abi_version -Xlinker 2 -Xlinker -dependency_info -Xlinker /Users/runner/work/hamster-ages/hamster-ages/build-release/Build/Intermediates.noindex/GoogleMobileAds.build/Release-iphonesimulator/GoogleMobileAdsTarget.build/Objects-normal/x86_64/GoogleMobileAdsTarget_dependency_info.dat -fobjc-link-runtime -L/Applications/Xcode_26.3.app/Contents/Developer/Toolchains/XcodeDefault.xctoolchain/usr/lib/swift/iphonesimulator -L/usr/lib/swift -Xlinker -add_ast_path -Xlinker /Users/runner/work/hamster-ages/hamster-ages/build-release/Build/Intermediates.noindex/GoogleMobileAds.build/Release-iphonesimulator/GoogleMobileAdsTarget.build/Objects-normal/x86_64/GoogleMobileAdsTarget.swiftmodule @/Users/runner/work/hamster-ages/hamster-ages/build-release/Build/Intermediates.noindex/GoogleMobileAds.build/Release-iphonesimulator/GoogleMobileAdsTarget.build/Objects-normal/x86_64/GoogleMobileAdsTarget-linker-args.resp -o /Users/runner/work/hamster-ages/hamster-ages/build-release/Build/Intermediates.noindex/GoogleMobileAds.build/Release-iphonesimulator/GoogleMobileAdsTarget.build/Objects-normal/x86_64/Binary/GoogleMobileAdsTarget.o

Ld /Users/runner/work/hamster-ages/hamster-ages/build-release/Build/Intermediates.noindex/GoogleMobileAds.build/Release-iphonesimulator/GoogleMobileAdsTarget.build/Objects-normal/arm64/Binary/GoogleMobileAdsTarget.o normal arm64 (in target 'GoogleMobileAdsTarget' from project 'GoogleMobileAds')
    cd /Users/runner/work/hamster-ages/hamster-ages/build-release/SourcePackages/checkouts/swift-package-manager-google-mobile-ads
    /Applications/Xcode_26.3.app/Contents/Developer/Toolchains/XcodeDefault.xctoolchain/usr/bin/clang -Xlinker -reproducible -target arm64-apple-ios13.0-simulator -r -isysroot /Applications/Xcode_26.3.app/Contents/Developer/Platforms/iPhoneSimulator.platform/Developer/SDKs/iPhoneSimulator26.2.sdk -Os -w -L/Users/runner/work/hamster-ages/hamster-ages/build-release/Build/Intermediates.noindex/EagerLinkingTBDs/Release-iphonesimulator -L/Users/runner/work/hamster-ages/hamster-ages/build-release/Build/Products/Release-iphonesimulator -L/Applications/Xcode_26.3.app/Contents/Developer/Platforms/iPhoneSimulator.platform/Developer/usr/lib -F/Users/runner/work/hamster-ages/hamster-ages/build-release/Build/Intermediates.noindex/EagerLinkingTBDs/Release-iphonesimulator -F/Users/runner/work/hamster-ages/hamster-ages/build-release/Build/Products/Release-iphonesimulator/PackageFrameworks -F/Users/runner/work/hamster-ages/hamster-ages/build-release/Build/Products/Release-iphonesimulator -iframework /Applications/Xcode_26.3.app/Contents/Developer/Platforms/iPhoneSimulator.platform/Developer/Library/Frameworks -iframework /Applications/Xcode_26.3.app/Contents/Developer/Platforms/iPhoneSimulator.platform/Developer/SDKs/iPhoneSimulator26.2.sdk/Developer/Library/Frameworks -filelist /Users/runner/work/hamster-ages/hamster-ages/build-release/Build/Intermediates.noindex/GoogleMobileAds.build/Release-iphonesimulator/GoogleMobileAdsTarget.build/Objects-normal/arm64/GoogleMobileAdsTarget.LinkFileList -nostdlib -Xlinker -object_path_lto -Xlinker /Users/runner/work/hamster-ages/hamster-ages/build-release/Build/Intermediates.noindex/GoogleMobileAds.build/Release-iphonesimulator/GoogleMobileAdsTarget.build/Objects-normal/arm64/GoogleMobileAdsTarget_lto.o -Xlinker -objc_abi_version -Xlinker 2 -Xlinker -dependency_info -Xlinker /Users/runner/work/hamster-ages/hamster-ages/build-release/Build/Intermediates.noindex/GoogleMobileAds.build/Release-iphonesimulator/GoogleMobileAdsTarget.build/Objects-normal/arm64/GoogleMobileAdsTarget_dependency_info.dat -fobjc-link-runtime -L/Applications/Xcode_26.3.app/Contents/Developer/Toolchains/XcodeDefault.xctoolchain/usr/lib/swift/iphonesimulator -L/usr/lib/swift -Xlinker -add_ast_path -Xlinker /Users/runner/work/hamster-ages/hamster-ages/build-release/Build/Intermediates.noindex/GoogleMobileAds.build/Release-iphonesimulator/GoogleMobileAdsTarget.build/Objects-normal/arm64/GoogleMobileAdsTarget.swiftmodule @/Users/runner/work/hamster-ages/hamster-ages/build-release/Build/Intermediates.noindex/GoogleMobileAds.build/Release-iphonesimulator/GoogleMobileAdsTarget.build/Objects-normal/arm64/GoogleMobileAdsTarget-linker-args.resp -o /Users/runner/work/hamster-ages/hamster-ages/build-release/Build/Intermediates.noindex/GoogleMobileAds.build/Release-iphonesimulator/GoogleMobileAdsTarget.build/Objects-normal/arm64/Binary/GoogleMobileAdsTarget.o

MkDir /Users/runner/work/hamster-ages/hamster-ages/build-release/Build/Intermediates.noindex/HamsterAges.build/Release-iphonesimulator/HamsterAges.build/assetcatalog_output/unthinned (in target 'HamsterAges' from project 'HamsterAges')
    cd /Users/runner/work/hamster-ages/hamster-ages
    /bin/mkdir -p /Users/runner/work/hamster-ages/hamster-ages/build-release/Build/Intermediates.noindex/HamsterAges.build/Release-iphonesimulator/HamsterAges.build/assetcatalog_output/unthinned

MkDir /Users/runner/work/hamster-ages/hamster-ages/build-release/Build/Intermediates.noindex/HamsterAges.build/Release-iphonesimulator/HamsterAges.build/assetcatalog_output/thinned (in target 'HamsterAges' from project 'HamsterAges')
    cd /Users/runner/work/hamster-ages/hamster-ages
    /bin/mkdir -p /Users/runner/work/hamster-ages/hamster-ages/build-release/Build/Intermediates.noindex/HamsterAges.build/Release-iphonesimulator/HamsterAges.build/assetcatalog_output/thinned

GenerateAssetSymbols /Users/runner/work/hamster-ages/hamster-ages/HamsterAges/Assets.xcassets (in target 'HamsterAges' from project 'HamsterAges')
    cd /Users/runner/work/hamster-ages/hamster-ages
    /Applications/Xcode_26.3.app/Contents/Developer/usr/bin/actool /Users/runner/work/hamster-ages/hamster-ages/HamsterAges/Assets.xcassets --compile /Users/runner/work/hamster-ages/hamster-ages/build-release/Build/Products/Release-iphonesimulator/HamsterAges.app --output-format human-readable-text --notices --warnings --export-dependency-info /Users/runner/work/hamster-ages/hamster-ages/build-release/Build/Intermediates.noindex/HamsterAges.build/Release-iphonesimulator/HamsterAges.build/assetcatalog_dependencies --output-partial-info-plist /Users/runner/work/hamster-ages/hamster-ages/build-release/Build/Intermediates.noindex/HamsterAges.build/Release-iphonesimulator/HamsterAges.build/assetcatalog_generated_info.plist --app-icon AppIcon --accent-color AccentColor --compress-pngs --enable-on-demand-resources YES --development-region en --target-device iphone --target-device ipad --minimum-deployment-target 18.0 --platform iphonesimulator --bundle-identifier com.valkhim.hamsterages --generate-swift-asset-symbols /Users/runner/work/hamster-ages/hamster-ages/build-release/Build/Intermediates.noindex/HamsterAges.build/Release-iphonesimulator/HamsterAges.build/DerivedSources/GeneratedAssetSymbols.swift --generate-objc-asset-symbols /Users/runner/work/hamster-ages/hamster-ages/build-release/Build/Intermediates.noindex/HamsterAges.build/Release-iphonesimulator/HamsterAges.build/DerivedSources/GeneratedAssetSymbols.h --generate-asset-symbol-index /Users/runner/work/hamster-ages/hamster-ages/build-release/Build/Intermediates.noindex/HamsterAges.build/Release-iphonesimulator/HamsterAges.build/DerivedSources/GeneratedAssetSymbols-Index.plist
/* com.apple.actool.compilation-results */
/Users/runner/work/hamster-ages/hamster-ages/build-release/Build/Intermediates.noindex/HamsterAges.build/Release-iphonesimulator/HamsterAges.build/DerivedSources/GeneratedAssetSymbols-Index.plist
/Users/runner/work/hamster-ages/hamster-ages/build-release/Build/Intermediates.noindex/HamsterAges.build/Release-iphonesimulator/HamsterAges.build/DerivedSources/GeneratedAssetSymbols.h
/Users/runner/work/hamster-ages/hamster-ages/build-release/Build/Intermediates.noindex/HamsterAges.build/Release-iphonesimulator/HamsterAges.build/DerivedSources/GeneratedAssetSymbols.swift


CompileAssetCatalogVariant thinned /Users/runner/work/hamster-ages/hamster-ages/build-release/Build/Products/Release-iphonesimulator/HamsterAges.app /Users/runner/work/hamster-ages/hamster-ages/HamsterAges/Assets.xcassets (in target 'HamsterAges' from project 'HamsterAges')
    cd /Users/runner/work/hamster-ages/hamster-ages
    /Applications/Xcode_26.3.app/Contents/Developer/usr/bin/actool /Users/runner/work/hamster-ages/hamster-ages/HamsterAges/Assets.xcassets --compile /Users/runner/work/hamster-ages/hamster-ages/build-release/Build/Intermediates.noindex/HamsterAges.build/Release-iphonesimulator/HamsterAges.build/assetcatalog_output/thinned --output-format human-readable-text --notices --warnings --export-dependency-info /Users/runner/work/hamster-ages/hamster-ages/build-release/Build/Intermediates.noindex/HamsterAges.build/Release-iphonesimulator/HamsterAges.build/assetcatalog_dependencies_thinned --output-partial-info-plist /Users/runner/work/hamster-ages/hamster-ages/build-release/Build/Intermediates.noindex/HamsterAges.build/Release-iphonesimulator/HamsterAges.build/assetcatalog_generated_info.plist_thinned --app-icon AppIcon --accent-color AccentColor --compress-pngs --enable-on-demand-resources YES --development-region en --target-device iphone --target-device ipad --minimum-deployment-target 18.0 --platform iphonesimulator
/* com.apple.actool.compilation-results */
/Users/runner/work/hamster-ages/hamster-ages/build-release/Build/Intermediates.noindex/HamsterAges.build/Release-iphonesimulator/HamsterAges.build/assetcatalog_generated_info.plist_thinned
/Users/runner/work/hamster-ages/hamster-ages/build-release/Build/Intermediates.noindex/HamsterAges.build/Release-iphonesimulator/HamsterAges.build/assetcatalog_output/thinned/AppIcon60x60@2x.png
/Users/runner/work/hamster-ages/hamster-ages/build-release/Build/Intermediates.noindex/HamsterAges.build/Release-iphonesimulator/HamsterAges.build/assetcatalog_output/thinned/AppIcon76x76@2x~ipad.png
/Users/runner/work/hamster-ages/hamster-ages/build-release/Build/Intermediates.noindex/HamsterAges.build/Release-iphonesimulator/HamsterAges.build/assetcatalog_output/thinned/Assets.car


SwiftDriver HamsterAges normal x86_64 com.apple.xcode.tools.swift.compiler (in target 'HamsterAges' from project 'HamsterAges')
    cd /Users/runner/work/hamster-ages/hamster-ages
    builtin-SwiftDriver -- /Applications/Xcode_26.3.app/Contents/Developer/Toolchains/XcodeDefault.xctoolchain/usr/bin/swiftc -module-name HamsterAges -O -whole-module-optimization -enforce-exclusivity\=checked @/Users/runner/work/hamster-ages/hamster-ages/build-release/Build/Intermediates.noindex/HamsterAges.build/Release-iphonesimulator/HamsterAges.build/Objects-normal/x86_64/HamsterAges.SwiftFileList -Xcc -fmodule-map-file\=/Users/runner/work/hamster-ages/hamster-ages/build-release/Build/Intermediates.noindex/GeneratedModuleMaps-iphonesimulator/UserMessagingPlatformTarget.modulemap -enable-bare-slash-regex -enable-upcoming-feature DisableOutwardActorInference -enable-upcoming-feature InferSendableFromCaptures -enable-upcoming-feature GlobalActorIsolatedTypesUsability -enable-upcoming-feature InferIsolatedConformances -enable-upcoming-feature NonisolatedNonsendingByDefault -enable-experimental-feature DebugDescriptionMacro -sdk /Applications/Xcode_26.3.app/Contents/Developer/Platforms/iPhoneSimulator.platform/Developer/SDKs/iPhoneSimulator26.2.sdk -target x86_64-apple-ios18.0-simulator -g -module-cache-path /Users/runner/work/hamster-ages/hamster-ages/build-release/ModuleCache.noindex -Xfrontend -serialize-debugging-options -swift-version 5 -I /Users/runner/work/hamster-ages/hamster-ages/build-release/Build/Products/Release-iphonesimulator -F /Users/runner/work/hamster-ages/hamster-ages/build-release/Build/Products/Release-iphonesimulator/PackageFrameworks -F /Users/runner/work/hamster-ages/hamster-ages/build-release/Build/Products/Release-iphonesimulator/PackageFrameworks -F /Users/runner/work/hamster-ages/hamster-ages/build-release/Build/Products/Release-iphonesimulator -emit-localized-strings -emit-localized-strings-path /Users/runner/work/hamster-ages/hamster-ages/build-release/Build/Intermediates.noindex/HamsterAges.build/Release-iphonesimulator/HamsterAges.build/Objects-normal/x86_64 -c -num-threads 3 -Xcc -ivfsstatcache -Xcc /Users/runner/work/hamster-ages/hamster-ages/build-release/SDKStatCaches.noindex/iphonesimulator26.2-23C57-dc75598d0054f22ec865fa860f139d72e244bd9a5feaf902f95f61bf06266e52.sdkstatcache -output-file-map /Users/runner/work/hamster-ages/hamster-ages/build-release/Build/Intermediates.noindex/HamsterAges.build/Release-iphonesimulator/HamsterAges.build/Objects-normal/x86_64/HamsterAges-OutputFileMap.json -use-frontend-parseable-output -save-temps -no-color-diagnostics -explicit-module-build -module-cache-path /Users/runner/work/hamster-ages/hamster-ages/build-release/Build/Intermediates.noindex/SwiftExplicitPrecompiledModules -clang-scanner-module-cache-path /Users/runner/work/hamster-ages/hamster-ages/build-release/ModuleCache.noindex -sdk-module-cache-path /Users/runner/work/hamster-ages/hamster-ages/build-release/ModuleCache.noindex -serialize-diagnostics -emit-dependencies -emit-module -emit-module-path /Users/runner/work/hamster-ages/hamster-ages/build-release/Build/Intermediates.noindex/HamsterAges.build/Release-iphonesimulator/HamsterAges.build/Objects-normal/x86_64/HamsterAges.swiftmodule -validate-clang-modules-once -clang-build-session-file /Users/runner/work/hamster-ages/hamster-ages/build-release/ModuleCache.noindex/Session.modulevalidation -Xcc -I/Users/runner/work/hamster-ages/hamster-ages/build-release/Build/Intermediates.noindex/HamsterAges.build/Release-iphonesimulator/HamsterAges.build/swift-overrides.hmap -emit-const-values -Xfrontend -const-gather-protocols-file -Xfrontend /Users/runner/work/hamster-ages/hamster-ages/build-release/Build/Intermediates.noindex/HamsterAges.build/Release-iphonesimulator/HamsterAges.build/Objects-normal/x86_64/HamsterAges_const_extract_protocols.json -Xcc -iquote -Xcc /Users/runner/work/hamster-ages/hamster-ages/build-release/Build/Intermediates.noindex/HamsterAges.build/Release-iphonesimulator/HamsterAges.build/HamsterAges-generated-files.hmap -Xcc -I/Users/runner/work/hamster-ages/hamster-ages/build-release/Build/Intermediates.noindex/HamsterAges.build/Release-iphonesimulator/HamsterAges.build/HamsterAges-own-target-headers.hmap -Xcc -I/Users/runner/work/hamster-ages/hamster-ages/build-release/Build/Intermediates.noindex/HamsterAges.build/Release-iphonesimulator/HamsterAges.build/HamsterAges-all-non-framework-target-headers.hmap -Xcc -ivfsoverlay -Xcc /Users/runner/work/hamster-ages/hamster-ages/build-release/Build/Intermediates.noindex/HamsterAges.build/Release-iphonesimulator/HamsterAges-8abf440da93d54cd71606d395a94708e-VFS-iphonesimulator/all-product-headers.yaml -Xcc -iquote -Xcc /Users/runner/work/hamster-ages/hamster-ages/build-release/Build/Intermediates.noindex/HamsterAges.build/Release-iphonesimulator/HamsterAges.build/HamsterAges-project-headers.hmap -Xcc -I/Users/runner/work/hamster-ages/hamster-ages/build-release/SourcePackages/checkouts/swift-package-manager-google-user-messaging-platform/UserMessagingPlatformTarget/include -Xcc -I/Users/runner/work/hamster-ages/hamster-ages/build-release/Build/Products/Release-iphonesimulator/include -Xcc -I/Users/runner/work/hamster-ages/hamster-ages/build-release/Build/Intermediates.noindex/HamsterAges.build/Release-iphonesimulator/HamsterAges.build/DerivedSources-normal/x86_64 -Xcc -I/Users/runner/work/hamster-ages/hamster-ages/build-release/Build/Intermediates.noindex/HamsterAges.build/Release-iphonesimulator/HamsterAges.build/DerivedSources/x86_64 -Xcc -I/Users/runner/work/hamster-ages/hamster-ages/build-release/Build/Intermediates.noindex/HamsterAges.build/Release-iphonesimulator/HamsterAges.build/DerivedSources -emit-objc-header -emit-objc-header-path /Users/runner/work/hamster-ages/hamster-ages/build-release/Build/Intermediates.noindex/HamsterAges.build/Release-iphonesimulator/HamsterAges.build/Objects-normal/x86_64/HamsterAges-Swift.h -working-directory /Users/runner/work/hamster-ages/hamster-ages -no-emit-module-separately-wmo

SwiftDriver HamsterAges normal arm64 com.apple.xcode.tools.swift.compiler (in target 'HamsterAges' from project 'HamsterAges')
    cd /Users/runner/work/hamster-ages/hamster-ages
    builtin-SwiftDriver -- /Applications/Xcode_26.3.app/Contents/Developer/Toolchains/XcodeDefault.xctoolchain/usr/bin/swiftc -module-name HamsterAges -O -whole-module-optimization -enforce-exclusivity\=checked @/Users/runner/work/hamster-ages/hamster-ages/build-release/Build/Intermediates.noindex/HamsterAges.build/Release-iphonesimulator/HamsterAges.build/Objects-normal/arm64/HamsterAges.SwiftFileList -Xcc -fmodule-map-file\=/Users/runner/work/hamster-ages/hamster-ages/build-release/Build/Intermediates.noindex/GeneratedModuleMaps-iphonesimulator/UserMessagingPlatformTarget.modulemap -enable-bare-slash-regex -enable-upcoming-feature DisableOutwardActorInference -enable-upcoming-feature InferSendableFromCaptures -enable-upcoming-feature GlobalActorIsolatedTypesUsability -enable-upcoming-feature InferIsolatedConformances -enable-upcoming-feature NonisolatedNonsendingByDefault -enable-experimental-feature DebugDescriptionMacro -sdk /Applications/Xcode_26.3.app/Contents/Developer/Platforms/iPhoneSimulator.platform/Developer/SDKs/iPhoneSimulator26.2.sdk -target arm64-apple-ios18.0-simulator -g -module-cache-path /Users/runner/work/hamster-ages/hamster-ages/build-release/ModuleCache.noindex -Xfrontend -serialize-debugging-options -swift-version 5 -I /Users/runner/work/hamster-ages/hamster-ages/build-release/Build/Products/Release-iphonesimulator -F /Users/runner/work/hamster-ages/hamster-ages/build-release/Build/Products/Release-iphonesimulator/PackageFrameworks -F /Users/runner/work/hamster-ages/hamster-ages/build-release/Build/Products/Release-iphonesimulator/PackageFrameworks -F /Users/runner/work/hamster-ages/hamster-ages/build-release/Build/Products/Release-iphonesimulator -emit-localized-strings -emit-localized-strings-path /Users/runner/work/hamster-ages/hamster-ages/build-release/Build/Intermediates.noindex/HamsterAges.build/Release-iphonesimulator/HamsterAges.build/Objects-normal/arm64 -c -num-threads 3 -Xcc -ivfsstatcache -Xcc /Users/runner/work/hamster-ages/hamster-ages/build-release/SDKStatCaches.noindex/iphonesimulator26.2-23C57-dc75598d0054f22ec865fa860f139d72e244bd9a5feaf902f95f61bf06266e52.sdkstatcache -output-file-map /Users/runner/work/hamster-ages/hamster-ages/build-release/Build/Intermediates.noindex/HamsterAges.build/Release-iphonesimulator/HamsterAges.build/Objects-normal/arm64/HamsterAges-OutputFileMap.json -use-frontend-parseable-output -save-temps -no-color-diagnostics -explicit-module-build -module-cache-path /Users/runner/work/hamster-ages/hamster-ages/build-release/Build/Intermediates.noindex/SwiftExplicitPrecompiledModules -clang-scanner-module-cache-path /Users/runner/work/hamster-ages/hamster-ages/build-release/ModuleCache.noindex -sdk-module-cache-path /Users/runner/work/hamster-ages/hamster-ages/build-release/ModuleCache.noindex -serialize-diagnostics -emit-dependencies -emit-module -emit-module-path /Users/runner/work/hamster-ages/hamster-ages/build-release/Build/Intermediates.noindex/HamsterAges.build/Release-iphonesimulator/HamsterAges.build/Objects-normal/arm64/HamsterAges.swiftmodule -validate-clang-modules-once -clang-build-session-file /Users/runner/work/hamster-ages/hamster-ages/build-release/ModuleCache.noindex/Session.modulevalidation -Xcc -I/Users/runner/work/hamster-ages/hamster-ages/build-release/Build/Intermediates.noindex/HamsterAges.build/Release-iphonesimulator/HamsterAges.build/swift-overrides.hmap -emit-const-values -Xfrontend -const-gather-protocols-file -Xfrontend /Users/runner/work/hamster-ages/hamster-ages/build-release/Build/Intermediates.noindex/HamsterAges.build/Release-iphonesimulator/HamsterAges.build/Objects-normal/arm64/HamsterAges_const_extract_protocols.json -Xcc -iquote -Xcc /Users/runner/work/hamster-ages/hamster-ages/build-release/Build/Intermediates.noindex/HamsterAges.build/Release-iphonesimulator/HamsterAges.build/HamsterAges-generated-files.hmap -Xcc -I/Users/runner/work/hamster-ages/hamster-ages/build-release/Build/Intermediates.noindex/HamsterAges.build/Release-iphonesimulator/HamsterAges.build/HamsterAges-own-target-headers.hmap -Xcc -I/Users/runner/work/hamster-ages/hamster-ages/build-release/Build/Intermediates.noindex/HamsterAges.build/Release-iphonesimulator/HamsterAges.build/HamsterAges-all-non-framework-target-headers.hmap -Xcc -ivfsoverlay -Xcc /Users/runner/work/hamster-ages/hamster-ages/build-release/Build/Intermediates.noindex/HamsterAges.build/Release-iphonesimulator/HamsterAges-8abf440da93d54cd71606d395a94708e-VFS-iphonesimulator/all-product-headers.yaml -Xcc -iquote -Xcc /Users/runner/work/hamster-ages/hamster-ages/build-release/Build/Intermediates.noindex/HamsterAges.build/Release-iphonesimulator/HamsterAges.build/HamsterAges-project-headers.hmap -Xcc -I/Users/runner/work/hamster-ages/hamster-ages/build-release/SourcePackages/checkouts/swift-package-manager-google-user-messaging-platform/UserMessagingPlatformTarget/include -Xcc -I/Users/runner/work/hamster-ages/hamster-ages/build-release/Build/Products/Release-iphonesimulator/include -Xcc -I/Users/runner/work/hamster-ages/hamster-ages/build-release/Build/Intermediates.noindex/HamsterAges.build/Release-iphonesimulator/HamsterAges.build/DerivedSources-normal/arm64 -Xcc -I/Users/runner/work/hamster-ages/hamster-ages/build-release/Build/Intermediates.noindex/HamsterAges.build/Release-iphonesimulator/HamsterAges.build/DerivedSources/arm64 -Xcc -I/Users/runner/work/hamster-ages/hamster-ages/build-release/Build/Intermediates.noindex/HamsterAges.build/Release-iphonesimulator/HamsterAges.build/DerivedSources -emit-objc-header -emit-objc-header-path /Users/runner/work/hamster-ages/hamster-ages/build-release/Build/Intermediates.noindex/HamsterAges.build/Release-iphonesimulator/HamsterAges.build/Objects-normal/arm64/HamsterAges-Swift.h -working-directory /Users/runner/work/hamster-ages/hamster-ages -no-emit-module-separately-wmo

CreateUniversalBinary /Users/runner/work/hamster-ages/hamster-ages/build-release/Build/Products/Release-iphonesimulator/GoogleMobileAdsTarget.o normal arm64\ x86_64 (in target 'GoogleMobileAdsTarget' from project 'GoogleMobileAds')
    cd /Users/runner/work/hamster-ages/hamster-ages/build-release/SourcePackages/checkouts/swift-package-manager-google-mobile-ads
    /Applications/Xcode_26.3.app/Contents/Developer/Toolchains/XcodeDefault.xctoolchain/usr/bin/lipo -create /Users/runner/work/hamster-ages/hamster-ages/build-release/Build/Intermediates.noindex/GoogleMobileAds.build/Release-iphonesimulator/GoogleMobileAdsTarget.build/Objects-normal/arm64/Binary/GoogleMobileAdsTarget.o /Users/runner/work/hamster-ages/hamster-ages/build-release/Build/Intermediates.noindex/GoogleMobileAds.build/Release-iphonesimulator/GoogleMobileAdsTarget.build/Objects-normal/x86_64/Binary/GoogleMobileAdsTarget.o -output /Users/runner/work/hamster-ages/hamster-ages/build-release/Build/Products/Release-iphonesimulator/GoogleMobileAdsTarget.o

SwiftDriver\ Compilation HamsterAges normal x86_64 com.apple.xcode.tools.swift.compiler (in target 'HamsterAges' from project 'HamsterAges')
    cd /Users/runner/work/hamster-ages/hamster-ages
    builtin-Swift-Compilation -- /Applications/Xcode_26.3.app/Contents/Developer/Toolchains/XcodeDefault.xctoolchain/usr/bin/swiftc -module-name HamsterAges -O -whole-module-optimization -enforce-exclusivity\=checked @/Users/runner/work/hamster-ages/hamster-ages/build-release/Build/Intermediates.noindex/HamsterAges.build/Release-iphonesimulator/HamsterAges.build/Objects-normal/x86_64/HamsterAges.SwiftFileList -Xcc -fmodule-map-file\=/Users/runner/work/hamster-ages/hamster-ages/build-release/Build/Intermediates.noindex/GeneratedModuleMaps-iphonesimulator/UserMessagingPlatformTarget.modulemap -enable-bare-slash-regex -enable-upcoming-feature DisableOutwardActorInference -enable-upcoming-feature InferSendableFromCaptures -enable-upcoming-feature GlobalActorIsolatedTypesUsability -enable-upcoming-feature InferIsolatedConformances -enable-upcoming-feature NonisolatedNonsendingByDefault -enable-experimental-feature DebugDescriptionMacro -sdk /Applications/Xcode_26.3.app/Contents/Developer/Platforms/iPhoneSimulator.platform/Developer/SDKs/iPhoneSimulator26.2.sdk -target x86_64-apple-ios18.0-simulator -g -module-cache-path /Users/runner/work/hamster-ages/hamster-ages/build-release/ModuleCache.noindex -Xfrontend -serialize-debugging-options -swift-version 5 -I /Users/runner/work/hamster-ages/hamster-ages/build-release/Build/Products/Release-iphonesimulator -F /Users/runner/work/hamster-ages/hamster-ages/build-release/Build/Products/Release-iphonesimulator/PackageFrameworks -F /Users/runner/work/hamster-ages/hamster-ages/build-release/Build/Products/Release-iphonesimulator/PackageFrameworks -F /Users/runner/work/hamster-ages/hamster-ages/build-release/Build/Products/Release-iphonesimulator -emit-localized-strings -emit-localized-strings-path /Users/runner/work/hamster-ages/hamster-ages/build-release/Build/Intermediates.noindex/HamsterAges.build/Release-iphonesimulator/HamsterAges.build/Objects-normal/x86_64 -c -num-threads 3 -Xcc -ivfsstatcache -Xcc /Users/runner/work/hamster-ages/hamster-ages/build-release/SDKStatCaches.noindex/iphonesimulator26.2-23C57-dc75598d0054f22ec865fa860f139d72e244bd9a5feaf902f95f61bf06266e52.sdkstatcache -output-file-map /Users/runner/work/hamster-ages/hamster-ages/build-release/Build/Intermediates.noindex/HamsterAges.build/Release-iphonesimulator/HamsterAges.build/Objects-normal/x86_64/HamsterAges-OutputFileMap.json -use-frontend-parseable-output -save-temps -no-color-diagnostics -explicit-module-build -module-cache-path /Users/runner/work/hamster-ages/hamster-ages/build-release/Build/Intermediates.noindex/SwiftExplicitPrecompiledModules -clang-scanner-module-cache-path /Users/runner/work/hamster-ages/hamster-ages/build-release/ModuleCache.noindex -sdk-module-cache-path /Users/runner/work/hamster-ages/hamster-ages/build-release/ModuleCache.noindex -serialize-diagnostics -emit-dependencies -emit-module -emit-module-path /Users/runner/work/hamster-ages/hamster-ages/build-release/Build/Intermediates.noindex/HamsterAges.build/Release-iphonesimulator/HamsterAges.build/Objects-normal/x86_64/HamsterAges.swiftmodule -validate-clang-modules-once -clang-build-session-file /Users/runner/work/hamster-ages/hamster-ages/build-release/ModuleCache.noindex/Session.modulevalidation -Xcc -I/Users/runner/work/hamster-ages/hamster-ages/build-release/Build/Intermediates.noindex/HamsterAges.build/Release-iphonesimulator/HamsterAges.build/swift-overrides.hmap -emit-const-values -Xfrontend -const-gather-protocols-file -Xfrontend /Users/runner/work/hamster-ages/hamster-ages/build-release/Build/Intermediates.noindex/HamsterAges.build/Release-iphonesimulator/HamsterAges.build/Objects-normal/x86_64/HamsterAges_const_extract_protocols.json -Xcc -iquote -Xcc /Users/runner/work/hamster-ages/hamster-ages/build-release/Build/Intermediates.noindex/HamsterAges.build/Release-iphonesimulator/HamsterAges.build/HamsterAges-generated-files.hmap -Xcc -I/Users/runner/work/hamster-ages/hamster-ages/build-release/Build/Intermediates.noindex/HamsterAges.build/Release-iphonesimulator/HamsterAges.build/HamsterAges-own-target-headers.hmap -Xcc -I/Users/runner/work/hamster-ages/hamster-ages/build-release/Build/Intermediates.noindex/HamsterAges.build/Release-iphonesimulator/HamsterAges.build/HamsterAges-all-non-framework-target-headers.hmap -Xcc -ivfsoverlay -Xcc /Users/runner/work/hamster-ages/hamster-ages/build-release/Build/Intermediates.noindex/HamsterAges.build/Release-iphonesimulator/HamsterAges-8abf440da93d54cd71606d395a94708e-VFS-iphonesimulator/all-product-headers.yaml -Xcc -iquote -Xcc /Users/runner/work/hamster-ages/hamster-ages/build-release/Build/Intermediates.noindex/HamsterAges.build/Release-iphonesimulator/HamsterAges.build/HamsterAges-project-headers.hmap -Xcc -I/Users/runner/work/hamster-ages/hamster-ages/build-release/SourcePackages/checkouts/swift-package-manager-google-user-messaging-platform/UserMessagingPlatformTarget/include -Xcc -I/Users/runner/work/hamster-ages/hamster-ages/build-release/Build/Products/Release-iphonesimulator/include -Xcc -I/Users/runner/work/hamster-ages/hamster-ages/build-release/Build/Intermediates.noindex/HamsterAges.build/Release-iphonesimulator/HamsterAges.build/DerivedSources-normal/x86_64 -Xcc -I/Users/runner/work/hamster-ages/hamster-ages/build-release/Build/Intermediates.noindex/HamsterAges.build/Release-iphonesimulator/HamsterAges.build/DerivedSources/x86_64 -Xcc -I/Users/runner/work/hamster-ages/hamster-ages/build-release/Build/Intermediates.noindex/HamsterAges.build/Release-iphonesimulator/HamsterAges.build/DerivedSources -emit-objc-header -emit-objc-header-path /Users/runner/work/hamster-ages/hamster-ages/build-release/Build/Intermediates.noindex/HamsterAges.build/Release-iphonesimulator/HamsterAges.build/Objects-normal/x86_64/HamsterAges-Swift.h -working-directory /Users/runner/work/hamster-ages/hamster-ages -no-emit-module-separately-wmo

SwiftExplicitDependencyGeneratePcm x86_64 /Users/runner/work/hamster-ages/hamster-ages/build-release/ModuleCache.noindex/_AvailabilityInternal-22JJOQMG6DMQJCKYJKKUITTBR.pcm

SwiftExplicitDependencyGeneratePcm x86_64 /Users/runner/work/hamster-ages/hamster-ages/build-release/ModuleCache.noindex/_Builtin_stddef-D7QOF9OEVMLEAIKIYDX6KDEV3.pcm

SwiftExplicitDependencyGeneratePcm arm64 /Users/runner/work/hamster-ages/hamster-ages/build-release/ModuleCache.noindex/SwiftShims-BUG05HUNZPA3A0TSLQR1DTRTO.pcm

SwiftExplicitDependencyGeneratePcm arm64 /Users/runner/work/hamster-ages/hamster-ages/build-release/ModuleCache.noindex/_Builtin_stdbool-48O0041IHB4Z9GVFJMJDTBF0C.pcm

SwiftExplicitDependencyGeneratePcm arm64 /Users/runner/work/hamster-ages/hamster-ages/build-release/ModuleCache.noindex/ptrauth-9OIGV67Y8FPOZ0HANIC7O41C2.pcm

SwiftExplicitDependencyGeneratePcm arm64 /Users/runner/work/hamster-ages/hamster-ages/build-release/ModuleCache.noindex/_AvailabilityInternal-5PVG74J0IF17FM76J2U9SKOY0.pcm

SwiftExplicitDependencyGeneratePcm x86_64 /Users/runner/work/hamster-ages/hamster-ages/build-release/ModuleCache.noindex/ptrcheck-4F68HH778P6I2MBAJHRAY7AME.pcm

SwiftExplicitDependencyGeneratePcm x86_64 /Users/runner/work/hamster-ages/hamster-ages/build-release/ModuleCache.noindex/ptrauth-5A04BK3QDCH128GS1ZLJZ9VTU.pcm

SwiftExplicitDependencyGeneratePcm arm64 /Users/runner/work/hamster-ages/hamster-ages/build-release/ModuleCache.noindex/_Builtin_stdarg-1HTOSG16QT9599YGVLD19ONYA.pcm

SwiftExplicitDependencyGeneratePcm arm64 /Users/runner/work/hamster-ages/hamster-ages/build-release/ModuleCache.noindex/_Builtin_float-7L0TLSHP4RJSU3B4DBQE8PB0I.pcm

SwiftExplicitDependencyGeneratePcm x86_64 /Users/runner/work/hamster-ages/hamster-ages/build-release/ModuleCache.noindex/SwiftShims-4RJKKFXB2PVZPEWGY5EJYXNPD.pcm

SwiftExplicitDependencyGeneratePcm x86_64 /Users/runner/work/hamster-ages/hamster-ages/build-release/ModuleCache.noindex/_Builtin_stdarg-8PWRO9M1LWK0GOLGNU7DXJU3P.pcm

SwiftExplicitDependencyGeneratePcm arm64 /Users/runner/work/hamster-ages/hamster-ages/build-release/ModuleCache.noindex/_Builtin_stddef-9Z4CNRJIWKRSBQV0QWQ4R0L6A.pcm

SwiftExplicitDependencyGeneratePcm x86_64 /Users/runner/work/hamster-ages/hamster-ages/build-release/ModuleCache.noindex/_Builtin_stdbool-1E598EVB1EV3GB94XD4BL9IHJ.pcm

SwiftExplicitDependencyGeneratePcm x86_64 /Users/runner/work/hamster-ages/hamster-ages/build-release/ModuleCache.noindex/_SwiftConcurrencyShims-7YB5DW2G4MNGRHXA906ID3NCA.pcm

SwiftExplicitDependencyGeneratePcm x86_64 /Users/runner/work/hamster-ages/hamster-ages/build-release/ModuleCache.noindex/DeveloperToolsSupport-AADN1FX9JYX6HZUGXOQEGD5SY.pcm

SwiftExplicitDependencyGeneratePcm x86_64 /Users/runner/work/hamster-ages/hamster-ages/build-release/ModuleCache.noindex/_StoreKit_SwiftUI-KFLCOZTCWTPJZRNRBEKW244P.pcm

SwiftExplicitDependencyGeneratePcm arm64 /Users/runner/work/hamster-ages/hamster-ages/build-release/ModuleCache.noindex/_SwiftConcurrencyShims-EBTGNNRG1LTF4FZG0NBNQTB0N.pcm

SwiftExplicitDependencyGeneratePcm arm64 /Users/runner/work/hamster-ages/hamster-ages/build-release/ModuleCache.noindex/_StoreKit_SwiftUI-73YK8RISPJ9VY81LVS3DQYM7G.pcm

SwiftExplicitDependencyGeneratePcm x86_64 /Users/runner/work/hamster-ages/hamster-ages/build-release/ModuleCache.noindex/_DarwinFoundation1-8N6R05SO24W093CA0SQI8WQ8U.pcm

SwiftExplicitDependencyGeneratePcm arm64 /Users/runner/work/hamster-ages/hamster-ages/build-release/ModuleCache.noindex/ptrcheck-7P3A5FIIGD1XIG4H91NCOJ8YS.pcm

SwiftExplicitDependencyGeneratePcm x86_64 /Users/runner/work/hamster-ages/hamster-ages/build-release/ModuleCache.noindex/_Builtin_float-14SFL3QGHITC6AO4X20YSJOF.pcm

SwiftExplicitDependencyGeneratePcm x86_64 /Users/runner/work/hamster-ages/hamster-ages/build-release/ModuleCache.noindex/_Builtin_limits-36A4T28UVO5IGIAPN1KOUO8XL.pcm

SwiftExplicitDependencyGeneratePcm arm64 /Users/runner/work/hamster-ages/hamster-ages/build-release/ModuleCache.noindex/_DarwinFoundation1-4Z1ZYSOW37DMEPM1Y071UDMRG.pcm

SwiftExplicitDependencyGeneratePcm x86_64 /Users/runner/work/hamster-ages/hamster-ages/build-release/ModuleCache.noindex/_DarwinFoundation2-EOFSPZF1HZO3NVPIVAFX9MC0Z.pcm

SwiftExplicitDependencyGeneratePcm x86_64 /Users/runner/work/hamster-ages/hamster-ages/build-release/ModuleCache.noindex/ExtensionFoundation-55KP8O2SXIMT5H1R3ZW0KO3S.pcm

SwiftExplicitDependencyGeneratePcm arm64 /Users/runner/work/hamster-ages/hamster-ages/build-release/ModuleCache.noindex/_DarwinFoundation2-MSN2RE5S7C351GI55AKYBUW6.pcm

SwiftExplicitDependencyGeneratePcm x86_64 /Users/runner/work/hamster-ages/hamster-ages/build-release/ModuleCache.noindex/sys_types-30V09B4WZI9G8C6YGJ2OHGJJQ.pcm

SwiftExplicitDependencyGeneratePcm x86_64 /Users/runner/work/hamster-ages/hamster-ages/build-release/ModuleCache.noindex/_Builtin_stdint-2WGPQPU4EBNP2CBWYGXX39ZA8.pcm

SwiftExplicitDependencyGeneratePcm arm64 /Users/runner/work/hamster-ages/hamster-ages/build-release/ModuleCache.noindex/_Builtin_limits-88X414JVRVDD6LYG1AYFYFXEB.pcm

SwiftExplicitDependencyGeneratePcm arm64 /Users/runner/work/hamster-ages/hamster-ages/build-release/ModuleCache.noindex/sys_types-8Q5JJGW5SUIQ3QGNHJJJADKK8.pcm

SwiftExplicitDependencyGeneratePcm x86_64 /Users/runner/work/hamster-ages/hamster-ages/build-release/ModuleCache.noindex/_DarwinFoundation3-95LLFW3LRC7SBRWHLI3QD0AW1.pcm

SwiftExplicitDependencyGeneratePcm x86_64 /Users/runner/work/hamster-ages/hamster-ages/build-release/ModuleCache.noindex/_Builtin_stdatomic-4RX9UBHHCCLF2S22SPQX35OUF.pcm

SwiftExplicitDependencyGeneratePcm arm64 /Users/runner/work/hamster-ages/hamster-ages/build-release/ModuleCache.noindex/ExtensionFoundation-5DWBZYY0IGQOIAPVXGBXMSOVD.pcm

SwiftExplicitDependencyGeneratePcm x86_64 /Users/runner/work/hamster-ages/hamster-ages/build-release/ModuleCache.noindex/_Builtin_tgmath-V66KALYOWY20R2KLIDZ3JQHK.pcm

SwiftExplicitDependencyGeneratePcm x86_64 /Users/runner/work/hamster-ages/hamster-ages/build-release/ModuleCache.noindex/_Builtin_intrinsics-5BSIY4BNA82X8CC9UOVLAD5UG.pcm

SwiftExplicitDependencyGeneratePcm x86_64 /Users/runner/work/hamster-ages/hamster-ages/build-release/ModuleCache.noindex/_Builtin_inttypes-MQASYZ0ZHITGJWIPVFYHELDG.pcm

SwiftExplicitDependencyGeneratePcm arm64 /Users/runner/work/hamster-ages/hamster-ages/build-release/ModuleCache.noindex/_Builtin_stdint-3RTH6GR0MJG5PZP9ZKNGZWQQ4.pcm

SwiftExplicitDependencyGeneratePcm x86_64 /Users/runner/work/hamster-ages/hamster-ages/build-release/ModuleCache.noindex/Darwin-EQMGT8U8GAXTXPWTQLOPVRJ5Y.pcm

SwiftExplicitDependencyGeneratePcm arm64 /Users/runner/work/hamster-ages/hamster-ages/build-release/ModuleCache.noindex/_DarwinFoundation3-7AY6E3OY2727YFEDF7ABBVN8Q.pcm

SwiftExplicitDependencyGeneratePcm arm64 /Users/runner/work/hamster-ages/hamster-ages/build-release/ModuleCache.noindex/_Builtin_intrinsics-67EXCE0AD3POXRCT6ZFG64UV0.pcm

SwiftExplicitDependencyGeneratePcm x86_64 /Users/runner/work/hamster-ages/hamster-ages/build-release/ModuleCache.noindex/MachO-UZNWWRSS6NJN6DI4RK5OYI0I.pcm

SwiftExplicitDependencyGeneratePcm arm64 /Users/runner/work/hamster-ages/hamster-ages/build-release/ModuleCache.noindex/_Builtin_stdatomic-7L5V8TE6ZMK1G60DQN31ACPHM.pcm

SwiftExplicitDependencyGeneratePcm x86_64 /Users/runner/work/hamster-ages/hamster-ages/build-release/ModuleCache.noindex/simd-EVRWXEVEB826RWV6H4RZ7E9MK.pcm

SwiftExplicitDependencyGeneratePcm arm64 /Users/runner/work/hamster-ages/hamster-ages/build-release/ModuleCache.noindex/_Builtin_tgmath-UIQIE7X4KULXVNEBT6YKADNI.pcm

SwiftExplicitDependencyGeneratePcm x86_64 /Users/runner/work/hamster-ages/hamster-ages/build-release/ModuleCache.noindex/ObjectiveC-AZRTN00EZDCRDOQB6Y4UDPGYE.pcm

SwiftExplicitDependencyGeneratePcm arm64 /Users/runner/work/hamster-ages/hamster-ages/build-release/ModuleCache.noindex/simd-A2DCFI9Q0FKHRBQGOTLZRRTZB.pcm

SwiftExplicitDependencyGeneratePcm x86_64 /Users/runner/work/hamster-ages/hamster-ages/build-release/ModuleCache.noindex/os_object-36XL2G5CSQP3OZO4X818RX135.pcm

SwiftExplicitDependencyGeneratePcm x86_64 /Users/runner/work/hamster-ages/hamster-ages/build-release/ModuleCache.noindex/Spatial-BFPVDAIHYOT8BEU037LMJ3W5D.pcm

SwiftExplicitDependencyGeneratePcm x86_64 /Users/runner/work/hamster-ages/hamster-ages/build-release/ModuleCache.noindex/os_workgroup-6LYZM7SVWBKFXLAAUURGV884D.pcm

SwiftExplicitDependencyGeneratePcm arm64 /Users/runner/work/hamster-ages/hamster-ages/build-release/ModuleCache.noindex/Spatial-8ZSXKKIEPD4JW17WB8TQ3TAXD.pcm

SwiftExplicitDependencyGeneratePcm x86_64 /Users/runner/work/hamster-ages/hamster-ages/build-release/ModuleCache.noindex/Dispatch-EBY0JJH7Y5WX60J5QKJ2PBXW3.pcm

SwiftExplicitDependencyGeneratePcm arm64 /Users/runner/work/hamster-ages/hamster-ages/build-release/ModuleCache.noindex/DeveloperToolsSupport-19H34FGJDXQ1ZB17PZ5NRA0D2.pcm

SwiftExplicitDependencyGeneratePcm x86_64 /Users/runner/work/hamster-ages/hamster-ages/build-release/ModuleCache.noindex/CoreFoundation-792SVLZ30GCKW5CX2WXT0T632.pcm

SwiftExplicitDependencyGeneratePcm x86_64 /Users/runner/work/hamster-ages/hamster-ages/build-release/ModuleCache.noindex/dnssd-9KZDO1D960XUHIIQAZA536UIC.pcm

SwiftExplicitDependencyGeneratePcm x86_64 /Users/runner/work/hamster-ages/hamster-ages/build-release/ModuleCache.noindex/XPC-PNZLPGMKOUTDK8I195BXN232.pcm

SwiftExplicitDependencyGeneratePcm arm64 /Users/runner/work/hamster-ages/hamster-ages/build-release/ModuleCache.noindex/_Builtin_inttypes-23PDV73ASFNT81WCKSMQVRKJ.pcm

SwiftExplicitDependencyGeneratePcm x86_64 /Users/runner/work/hamster-ages/hamster-ages/build-release/ModuleCache.noindex/Security-50ZQOPJHCHDC2F2SCJ3DJQW8W.pcm

SwiftExplicitDependencyGeneratePcm x86_64 /Users/runner/work/hamster-ages/hamster-ages/build-release/ModuleCache.noindex/CoreGraphics-6Y6WOJA1X5J9S5GWHOGNHP2OA.pcm

SwiftExplicitDependencyGeneratePcm x86_64 /Users/runner/work/hamster-ages/hamster-ages/build-release/ModuleCache.noindex/os-3RZ9GSYMVS9IFLG1YENDS45K7.pcm

SwiftExplicitDependencyGeneratePcm x86_64 /Users/runner/work/hamster-ages/hamster-ages/build-release/ModuleCache.noindex/CoreServices-CTB0R0FU9QETPC5YA8K1SLN9B.pcm

SwiftExplicitDependencyGeneratePcm x86_64 /Users/runner/work/hamster-ages/hamster-ages/build-release/ModuleCache.noindex/ImageIO-18CTAFKBHCB17CZCJEXBIKVWC.pcm

SwiftExplicitDependencyGeneratePcm x86_64 /Users/runner/work/hamster-ages/hamster-ages/build-release/ModuleCache.noindex/CoreText-3ETAVFHC14Q7T0089BC5DAL93.pcm

SwiftExplicitDependencyGeneratePcm x86_64 /Users/runner/work/hamster-ages/hamster-ages/build-release/ModuleCache.noindex/CFNetwork-299YNX4YEFLRWHOPPAGWU89W6.pcm

SwiftExplicitDependencyGeneratePcm arm64 /Users/runner/work/hamster-ages/hamster-ages/build-release/ModuleCache.noindex/Darwin-AUCCSVM177K6I3K2RBZNFC1NK.pcm

SwiftExplicitDependencyGeneratePcm x86_64 /Users/runner/work/hamster-ages/hamster-ages/build-release/ModuleCache.noindex/CoreAudioTypes-1R8MTCL4TMF5PKKPIWASVD3AS.pcm

SwiftExplicitDependencyGeneratePcm x86_64 /Users/runner/work/hamster-ages/hamster-ages/build-release/ModuleCache.noindex/Foundation-EXRSPXNW17I9J2UTPIBO062MG.pcm

SwiftExplicitDependencyGeneratePcm x86_64 /Users/runner/work/hamster-ages/hamster-ages/build-release/ModuleCache.noindex/CoreAudio-90FBDZM2SX6UABP5ELSYH2SE3.pcm

SwiftExplicitDependencyGeneratePcm arm64 /Users/runner/work/hamster-ages/hamster-ages/build-release/ModuleCache.noindex/ObjectiveC-9VA9M24QXXNZ36MKE4F3VI6KX.pcm

SwiftExplicitDependencyGeneratePcm arm64 /Users/runner/work/hamster-ages/hamster-ages/build-release/ModuleCache.noindex/MachO-6L6ZWD7SNCAP97J8GPXYHG405.pcm

SwiftExplicitDependencyGeneratePcm x86_64 /Users/runner/work/hamster-ages/hamster-ages/build-release/ModuleCache.noindex/DataDetection-EK5E86CRBHCK2ODK96V1EJNXN.pcm

SwiftExplicitDependencyGeneratePcm x86_64 /Users/runner/work/hamster-ages/hamster-ages/build-release/ModuleCache.noindex/Accessibility-CDABUZ8KIIYB757FN52YY4XNO.pcm

SwiftExplicitDependencyGeneratePcm x86_64 /Users/runner/work/hamster-ages/hamster-ages/build-release/ModuleCache.noindex/Symbols-6EWY2THNEB5MOSOPWHB7H8UAR.pcm

SwiftExplicitDependencyGeneratePcm x86_64 /Users/runner/work/hamster-ages/hamster-ages/build-release/ModuleCache.noindex/AppTrackingTransparency-20PGIFZSTZUTJUGO27GBWE459.pcm

SwiftExplicitDependencyGeneratePcm arm64 /Users/runner/work/hamster-ages/hamster-ages/build-release/ModuleCache.noindex/os_object-CIMKFM6AIC40DEOILXQIFMPB.pcm

SwiftExplicitDependencyGeneratePcm x86_64 /Users/runner/work/hamster-ages/hamster-ages/build-release/ModuleCache.noindex/OSLog-4V7D0YGFW54FEVYRMCSRU6DQI.pcm

SwiftExplicitDependencyGeneratePcm x86_64 /Users/runner/work/hamster-ages/hamster-ages/build-release/ModuleCache.noindex/ModelIO-9ZIQVXCO9PHT13TLOJHLVFEN6.pcm

SwiftExplicitDependencyGeneratePcm x86_64 /Users/runner/work/hamster-ages/hamster-ages/build-release/ModuleCache.noindex/Contacts-87YWSAYDEOB7IR9C7JZFULCA.pcm

SwiftExplicitDependencyGeneratePcm x86_64 /Users/runner/work/hamster-ages/hamster-ages/build-release/ModuleCache.noindex/UIUtilities-3XYF8QX7U6WVBB6M3PAZFCSE.pcm

SwiftExplicitDependencyGeneratePcm x86_64 /Users/runner/work/hamster-ages/hamster-ages/build-release/ModuleCache.noindex/OpenGLES-5RWPLS7MNW9I6PBS8YLRXAI13.pcm

SwiftExplicitDependencyGeneratePcm x86_64 /Users/runner/work/hamster-ages/hamster-ages/build-release/ModuleCache.noindex/UniformTypeIdentifiers-CBH79C7JH1QLNSLOGPEQFFBI7.pcm

SwiftExplicitDependencyGeneratePcm x86_64 /Users/runner/work/hamster-ages/hamster-ages/build-release/ModuleCache.noindex/CoreTransferable-6J5RC7U51B4F26KCOHQZ27B2R.pcm

SwiftExplicitDependencyGeneratePcm x86_64 /Users/runner/work/hamster-ages/hamster-ages/build-release/ModuleCache.noindex/FileProvider-7PWZYUGZGJMGH733H9DUK9FN4.pcm

SwiftExplicitDependencyGeneratePcm x86_64 /Users/runner/work/hamster-ages/hamster-ages/build-release/ModuleCache.noindex/IOSurface-6BXRFVNFW8HADSQSM7LB9WLGA.pcm

SwiftExplicitDependencyGeneratePcm x86_64 /Users/runner/work/hamster-ages/hamster-ages/build-release/ModuleCache.noindex/BackgroundAssets-1MVVBEN7PX4K29SXBNWMG8EFD.pcm

SwiftExplicitDependencyGeneratePcm x86_64 /Users/runner/work/hamster-ages/hamster-ages/build-release/ModuleCache.noindex/UserNotifications-AMW0PBGWXCJ3RBT8SRB00EFLQ.pcm

SwiftExplicitDependencyGeneratePcm x86_64 /Users/runner/work/hamster-ages/hamster-ages/build-release/ModuleCache.noindex/Metal-791OL546K3EPMGPJBVPJWMEVP.pcm

SwiftExplicitDependencyGeneratePcm x86_64 /Users/runner/work/hamster-ages/hamster-ages/build-release/ModuleCache.noindex/Network-6PQBUENOD6GD2BK5TV7P39ZO.pcm

SwiftExplicitDependencyGeneratePcm x86_64 /Users/runner/work/hamster-ages/hamster-ages/build-release/ModuleCache.noindex/LocalAuthentication-D5702JRMNXPNO685FUWSSNV9T.pcm

SwiftExplicitDependencyGeneratePcm x86_64 /Users/runner/work/hamster-ages/hamster-ages/build-release/ModuleCache.noindex/AVRouting-3J0VAYJG8TJKHCZ4V5R01QHTE.pcm

SwiftExplicitDependencyGeneratePcm x86_64 /Users/runner/work/hamster-ages/hamster-ages/build-release/ModuleCache.noindex/CoreVideo-8HHTOF6ALDKL5R8EHT8MNDF4L.pcm

SwiftExplicitDependencyGeneratePcm arm64 /Users/runner/work/hamster-ages/hamster-ages/build-release/ModuleCache.noindex/os_workgroup-5YA6MOTPWU2B3Y04Z5A8BNH2W.pcm

SwiftExplicitDependencyGeneratePcm x86_64 /Users/runner/work/hamster-ages/hamster-ages/build-release/ModuleCache.noindex/CoreData-BQ8P2A6A8LTF8PUGW23KXJ63L.pcm

SwiftExplicitDependencyGeneratePcm x86_64 /Users/runner/work/hamster-ages/hamster-ages/build-release/ModuleCache.noindex/CoreMedia-5ZVORIX4AX5JWM9EYSDDCVKWU.pcm

SwiftExplicitDependencyGeneratePcm arm64 /Users/runner/work/hamster-ages/hamster-ages/build-release/ModuleCache.noindex/Dispatch-837RSP0L6FOHB22LW722P408G.pcm

SwiftExplicitDependencyGeneratePcm x86_64 /Users/runner/work/hamster-ages/hamster-ages/build-release/ModuleCache.noindex/QuartzCore-CM8987B5GBWREKIX35A53LEWA.pcm

SwiftExplicitDependencyGeneratePcm x86_64 /Users/runner/work/hamster-ages/hamster-ages/build-release/ModuleCache.noindex/CoreImage-79YVWNO7PSK5XVPRQZWISK6WU.pcm

SwiftExplicitDependencyGeneratePcm arm64 /Users/runner/work/hamster-ages/hamster-ages/build-release/ModuleCache.noindex/CoreFoundation-7JOKYQEOP78KHWRY0HSJUL2LQ.pcm

SwiftExplicitDependencyGeneratePcm arm64 /Users/runner/work/hamster-ages/hamster-ages/build-release/ModuleCache.noindex/dnssd-6EC8XJ1VPZCXTL4CXNL023QI5.pcm

SwiftExplicitDependencyGeneratePcm x86_64 /Users/runner/work/hamster-ages/hamster-ages/build-release/ModuleCache.noindex/SwiftUICore-5B5L89JWEZWD0NZUWCRJCMK8L.pcm

SwiftExplicitDependencyGeneratePcm arm64 /Users/runner/work/hamster-ages/hamster-ages/build-release/ModuleCache.noindex/XPC-CGQIIZ2B6VHUTQNZN36URAOIY.pcm

SwiftExplicitDependencyGeneratePcm x86_64 /Users/runner/work/hamster-ages/hamster-ages/build-release/ModuleCache.noindex/UIKit-AL0H4TAD2UN28OPFDTJJH2Y60.pcm

SwiftExplicitDependencyGeneratePcm x86_64 /Users/runner/work/hamster-ages/hamster-ages/build-release/ModuleCache.noindex/CoreMIDI-CQS7B86FE6EX6HMRR96WONR8D.pcm

SwiftExplicitDependencyGeneratePcm arm64 /Users/runner/work/hamster-ages/hamster-ages/build-release/ModuleCache.noindex/CFNetwork-D10GX8NWEWNXP1C21DEXH9EX0.pcm

SwiftExplicitDependencyGeneratePcm arm64 /Users/runner/work/hamster-ages/hamster-ages/build-release/ModuleCache.noindex/CoreServices-AVO39NQRRKTMXJYDI9TC5A5OM.pcm

SwiftExplicitDependencyGeneratePcm arm64 /Users/runner/work/hamster-ages/hamster-ages/build-release/ModuleCache.noindex/CoreGraphics-6DHN8NXI5MKI9A97EUY2AVBLJ.pcm

SwiftExplicitDependencyGeneratePcm x86_64 /Users/runner/work/hamster-ages/hamster-ages/build-release/ModuleCache.noindex/AudioToolbox-DOWLH7N8OW7F7Z8ITD4REZ2HN.pcm

SwiftExplicitDependencyGeneratePcm arm64 /Users/runner/work/hamster-ages/hamster-ages/build-release/ModuleCache.noindex/CoreAudioTypes-EGSM8OQZC8PQB3N8TP8DXSZ9M.pcm

SwiftExplicitDependencyGeneratePcm arm64 /Users/runner/work/hamster-ages/hamster-ages/build-release/ModuleCache.noindex/CoreText-64XIEFL7VL3JH4JTM1V5GI9AS.pcm

SwiftExplicitDependencyGeneratePcm arm64 /Users/runner/work/hamster-ages/hamster-ages/build-release/ModuleCache.noindex/ImageIO-V4Q6ZVVLPLPN2Y1RNKNTNHMB.pcm

SwiftExplicitDependencyGeneratePcm x86_64 /Users/runner/work/hamster-ages/hamster-ages/build-release/ModuleCache.noindex/AVFAudio-57WKVOB0T5JZVIPKQO7WD6CD9.pcm

SwiftExplicitDependencyGeneratePcm arm64 /Users/runner/work/hamster-ages/hamster-ages/build-release/ModuleCache.noindex/Security-BJYVYOYY527SVFQ8L5TPZH2FN.pcm

SwiftExplicitDependencyGeneratePcm x86_64 /Users/runner/work/hamster-ages/hamster-ages/build-release/ModuleCache.noindex/MediaToolbox-4QD9WACQ0NLOKGSSNGLDW3UFZ.pcm

SwiftExplicitDependencyGeneratePcm arm64 /Users/runner/work/hamster-ages/hamster-ages/build-release/ModuleCache.noindex/Foundation-CPHGTV6B74OBMOQXBW2VEXN2A.pcm

SwiftExplicitDependencyGeneratePcm arm64 /Users/runner/work/hamster-ages/hamster-ages/build-release/ModuleCache.noindex/os-6E8VT7PJLI1Z7Y6IBMBWTQ1M3.pcm

SwiftExplicitDependencyGeneratePcm x86_64 /Users/runner/work/hamster-ages/hamster-ages/build-release/ModuleCache.noindex/AVFoundation-AOTMLAGAWYFWQFT6VJEFSQJC2.pcm

SwiftExplicitDependencyGeneratePcm arm64 /Users/runner/work/hamster-ages/hamster-ages/build-release/ModuleCache.noindex/CoreAudio-4DW73SE50PC4EW1CTNJS9QHTY.pcm

SwiftExplicitDependencyGeneratePcm x86_64 /Users/runner/work/hamster-ages/hamster-ages/build-release/Build/Intermediates.noindex/SwiftExplicitPrecompiledModules/UserMessagingPlatform-DYM5YY5WIM6FMBLI4W3BT2P6Y.pcm

SwiftExplicitDependencyGeneratePcm x86_64 /Users/runner/work/hamster-ages/hamster-ages/build-release/ModuleCache.noindex/GLKit-5JHB0KQQV0U46G7YSNVHWBTG.pcm

SwiftExplicitDependencyGeneratePcm arm64 /Users/runner/work/hamster-ages/hamster-ages/build-release/ModuleCache.noindex/AppTrackingTransparency-DSUKAZFEL6DLVVFR2T7RI1OCR.pcm

SwiftExplicitDependencyGeneratePcm arm64 /Users/runner/work/hamster-ages/hamster-ages/build-release/ModuleCache.noindex/Accessibility-35X586A63FYNOEAXYS50WAGQ2.pcm

SwiftExplicitDependencyGeneratePcm arm64 /Users/runner/work/hamster-ages/hamster-ages/build-release/ModuleCache.noindex/BackgroundAssets-9T9NGZ8UO2DZRRR9PG7PBZ95D.pcm

SwiftExplicitDependencyGeneratePcm x86_64 /Users/runner/work/hamster-ages/hamster-ages/build-release/ModuleCache.noindex/SceneKit-1V8XUR1T1Y05LIEMFUPHNYFL4.pcm

SwiftExplicitDependencyGeneratePcm arm64 /Users/runner/work/hamster-ages/hamster-ages/build-release/ModuleCache.noindex/UserNotifications-5AO7PNONUJCAMK9F3X5CMOZIQ.pcm

SwiftExplicitDependencyGeneratePcm x86_64 /Users/runner/work/hamster-ages/hamster-ages/build-release/ModuleCache.noindex/SpriteKit-8EX7Z8QFIWEVU799QXD81D0BR.pcm

SwiftExplicitDependencyGeneratePcm arm64 /Users/runner/work/hamster-ages/hamster-ages/build-release/ModuleCache.noindex/Contacts-3GPK9V1KAC8D4EAFNKZ5STQ1D.pcm

SwiftExplicitDependencyGeneratePcm x86_64 /Users/runner/work/hamster-ages/hamster-ages/build-release/ModuleCache.noindex/StoreKit-7IDKST0EK3NH0LDK67RI0BUDN.pcm

SwiftExplicitDependencyGeneratePcm x86_64 /Users/runner/work/hamster-ages/hamster-ages/build-release/ModuleCache.noindex/GameController-2WH36DREX05GXQR9LO4HMTX2C.pcm

SwiftExplicitDependencyGeneratePcm arm64 /Users/runner/work/hamster-ages/hamster-ages/build-release/ModuleCache.noindex/UIUtilities-4DNUP3OR8ZXM0HJYZ5R5MDO40.pcm

SwiftExplicitDependencyGeneratePcm arm64 /Users/runner/work/hamster-ages/hamster-ages/build-release/ModuleCache.noindex/CoreMIDI-BSJNRRSI3QJ72AD5OHZY7LBRX.pcm

SwiftExplicitDependencyGeneratePcm x86_64 /Users/runner/work/hamster-ages/hamster-ages/build-release/ModuleCache.noindex/WebKit-DXEJBYG1KS4ST2FGR190QREA4.pcm

SwiftExplicitDependencyGeneratePcm arm64 /Users/runner/work/hamster-ages/hamster-ages/build-release/ModuleCache.noindex/CoreData-1U8LP6YDUWMD3IGYDBHEEF7XK.pcm

SwiftExplicitDependencyGeneratePcm arm64 /Users/runner/work/hamster-ages/hamster-ages/build-release/ModuleCache.noindex/CoreTransferable-1YKN0Y1UVUEJXPMOAGVEWNRLI.pcm

SwiftExplicitDependencyGeneratePcm arm64 /Users/runner/work/hamster-ages/hamster-ages/build-release/ModuleCache.noindex/AudioToolbox-H3HMAB16RZOU81CUHMNLL10S.pcm

SwiftExplicitDependencyGeneratePcm x86_64 /Users/runner/work/hamster-ages/hamster-ages/build-release/ModuleCache.noindex/GameplayKit-6OV8M4CBJHP0MWNEMYUABH9AI.pcm

SwiftExplicitDependencyGeneratePcm arm64 /Users/runner/work/hamster-ages/hamster-ages/build-release/ModuleCache.noindex/UniformTypeIdentifiers-2ZS8M4JCDK6XTLZTX7W8HDQUF.pcm

SwiftExplicitDependencyGeneratePcm arm64 /Users/runner/work/hamster-ages/hamster-ages/build-release/ModuleCache.noindex/OpenGLES-8XNCY72TBAGXCZ2CUSKGSHPUH.pcm

SwiftExplicitDependencyGeneratePcm arm64 /Users/runner/work/hamster-ages/hamster-ages/build-release/ModuleCache.noindex/IOSurface-1DD1M9XHQ2PDYKZL78W9YFE6T.pcm

SwiftExplicitDependencyGeneratePcm arm64 /Users/runner/work/hamster-ages/hamster-ages/build-release/ModuleCache.noindex/FileProvider-3X6NN35L1H8DHK3QO8Z1SYOE.pcm

SwiftExplicitDependencyGeneratePcm x86_64 /Users/runner/work/hamster-ages/hamster-ages/build-release/ModuleCache.noindex/SwiftUI-C6AICIE0TUMXF53WLISFNZ39O.pcm

SwiftExplicitDependencyGeneratePcm arm64 /Users/runner/work/hamster-ages/hamster-ages/build-release/ModuleCache.noindex/Metal-2FMQR36JI33H1JRRD5AS3KONV.pcm

SwiftExplicitDependencyGeneratePcm arm64 /Users/runner/work/hamster-ages/hamster-ages/build-release/ModuleCache.noindex/OSLog-CDTD2S60VWMSO7JKVB1LDWPQM.pcm

SwiftExplicitDependencyGeneratePcm arm64 /Users/runner/work/hamster-ages/hamster-ages/build-release/ModuleCache.noindex/Network-8YE8WSTRWLOZDV18LJHVN45D4.pcm

SwiftExplicitDependencyGeneratePcm x86_64 /Users/runner/work/hamster-ages/hamster-ages/build-release/Build/Intermediates.noindex/SwiftExplicitPrecompiledModules/GoogleMobileAds-9BEZEZQ4J20I3FMQQ1H2MY8YP.pcm

SwiftExplicitDependencyGeneratePcm arm64 /Users/runner/work/hamster-ages/hamster-ages/build-release/ModuleCache.noindex/LocalAuthentication-CGPOT6QH4I9LXJTULMNRWLKX0.pcm

SwiftExplicitDependencyGeneratePcm arm64 /Users/runner/work/hamster-ages/hamster-ages/build-release/ModuleCache.noindex/AVRouting-DL2P9RDXMC5Y15C5ECDZZL6RW.pcm

SwiftExplicitDependencyGeneratePcm arm64 /Users/runner/work/hamster-ages/hamster-ages/build-release/ModuleCache.noindex/CoreVideo-3W3S32TH6P35V443JAH5RGZH6.pcm

SwiftExplicitDependencyGeneratePcm arm64 /Users/runner/work/hamster-ages/hamster-ages/build-release/ModuleCache.noindex/DataDetection-CC6XT27PMHTEQVNZWQ0MEXKOP.pcm

SwiftExplicitDependencyGeneratePcm arm64 /Users/runner/work/hamster-ages/hamster-ages/build-release/ModuleCache.noindex/Symbols-8XQTVA5D0KKDMI73RTAFIZ0BY.pcm

SwiftExplicitDependencyGeneratePcm x86_64 /Users/runner/work/hamster-ages/hamster-ages/build-release/ModuleCache.noindex/ReplayKit-DH3PUJ9HJ62OIIEA5BLW2PZGR.pcm

SwiftExplicitDependencyGeneratePcm arm64 /Users/runner/work/hamster-ages/hamster-ages/build-release/ModuleCache.noindex/ModelIO-574VY0OYMSHAMAY9O50STVY8Z.pcm

SwiftDriver\ Compilation HamsterAges normal arm64 com.apple.xcode.tools.swift.compiler (in target 'HamsterAges' from project 'HamsterAges')
    cd /Users/runner/work/hamster-ages/hamster-ages
    builtin-Swift-Compilation -- /Applications/Xcode_26.3.app/Contents/Developer/Toolchains/XcodeDefault.xctoolchain/usr/bin/swiftc -module-name HamsterAges -O -whole-module-optimization -enforce-exclusivity\=checked @/Users/runner/work/hamster-ages/hamster-ages/build-release/Build/Intermediates.noindex/HamsterAges.build/Release-iphonesimulator/HamsterAges.build/Objects-normal/arm64/HamsterAges.SwiftFileList -Xcc -fmodule-map-file\=/Users/runner/work/hamster-ages/hamster-ages/build-release/Build/Intermediates.noindex/GeneratedModuleMaps-iphonesimulator/UserMessagingPlatformTarget.modulemap -enable-bare-slash-regex -enable-upcoming-feature DisableOutwardActorInference -enable-upcoming-feature InferSendableFromCaptures -enable-upcoming-feature GlobalActorIsolatedTypesUsability -enable-upcoming-feature InferIsolatedConformances -enable-upcoming-feature NonisolatedNonsendingByDefault -enable-experimental-feature DebugDescriptionMacro -sdk /Applications/Xcode_26.3.app/Contents/Developer/Platforms/iPhoneSimulator.platform/Developer/SDKs/iPhoneSimulator26.2.sdk -target arm64-apple-ios18.0-simulator -g -module-cache-path /Users/runner/work/hamster-ages/hamster-ages/build-release/ModuleCache.noindex -Xfrontend -serialize-debugging-options -swift-version 5 -I /Users/runner/work/hamster-ages/hamster-ages/build-release/Build/Products/Release-iphonesimulator -F /Users/runner/work/hamster-ages/hamster-ages/build-release/Build/Products/Release-iphonesimulator/PackageFrameworks -F /Users/runner/work/hamster-ages/hamster-ages/build-release/Build/Products/Release-iphonesimulator/PackageFrameworks -F /Users/runner/work/hamster-ages/hamster-ages/build-release/Build/Products/Release-iphonesimulator -emit-localized-strings -emit-localized-strings-path /Users/runner/work/hamster-ages/hamster-ages/build-release/Build/Intermediates.noindex/HamsterAges.build/Release-iphonesimulator/HamsterAges.build/Objects-normal/arm64 -c -num-threads 3 -Xcc -ivfsstatcache -Xcc /Users/runner/work/hamster-ages/hamster-ages/build-release/SDKStatCaches.noindex/iphonesimulator26.2-23C57-dc75598d0054f22ec865fa860f139d72e244bd9a5feaf902f95f61bf06266e52.sdkstatcache -output-file-map /Users/runner/work/hamster-ages/hamster-ages/build-release/Build/Intermediates.noindex/HamsterAges.build/Release-iphonesimulator/HamsterAges.build/Objects-normal/arm64/HamsterAges-OutputFileMap.json -use-frontend-parseable-output -save-temps -no-color-diagnostics -explicit-module-build -module-cache-path /Users/runner/work/hamster-ages/hamster-ages/build-release/Build/Intermediates.noindex/SwiftExplicitPrecompiledModules -clang-scanner-module-cache-path /Users/runner/work/hamster-ages/hamster-ages/build-release/ModuleCache.noindex -sdk-module-cache-path /Users/runner/work/hamster-ages/hamster-ages/build-release/ModuleCache.noindex -serialize-diagnostics -emit-dependencies -emit-module -emit-module-path /Users/runner/work/hamster-ages/hamster-ages/build-release/Build/Intermediates.noindex/HamsterAges.build/Release-iphonesimulator/HamsterAges.build/Objects-normal/arm64/HamsterAges.swiftmodule -validate-clang-modules-once -clang-build-session-file /Users/runner/work/hamster-ages/hamster-ages/build-release/ModuleCache.noindex/Session.modulevalidation -Xcc -I/Users/runner/work/hamster-ages/hamster-ages/build-release/Build/Intermediates.noindex/HamsterAges.build/Release-iphonesimulator/HamsterAges.build/swift-overrides.hmap -emit-const-values -Xfrontend -const-gather-protocols-file -Xfrontend /Users/runner/work/hamster-ages/hamster-ages/build-release/Build/Intermediates.noindex/HamsterAges.build/Release-iphonesimulator/HamsterAges.build/Objects-normal/arm64/HamsterAges_const_extract_protocols.json -Xcc -iquote -Xcc /Users/runner/work/hamster-ages/hamster-ages/build-release/Build/Intermediates.noindex/HamsterAges.build/Release-iphonesimulator/HamsterAges.build/HamsterAges-generated-files.hmap -Xcc -I/Users/runner/work/hamster-ages/hamster-ages/build-release/Build/Intermediates.noindex/HamsterAges.build/Release-iphonesimulator/HamsterAges.build/HamsterAges-own-target-headers.hmap -Xcc -I/Users/runner/work/hamster-ages/hamster-ages/build-release/Build/Intermediates.noindex/HamsterAges.build/Release-iphonesimulator/HamsterAges.build/HamsterAges-all-non-framework-target-headers.hmap -Xcc -ivfsoverlay -Xcc /Users/runner/work/hamster-ages/hamster-ages/build-release/Build/Intermediates.noindex/HamsterAges.build/Release-iphonesimulator/HamsterAges-8abf440da93d54cd71606d395a94708e-VFS-iphonesimulator/all-product-headers.yaml -Xcc -iquote -Xcc /Users/runner/work/hamster-ages/hamster-ages/build-release/Build/Intermediates.noindex/HamsterAges.build/Release-iphonesimulator/HamsterAges.build/HamsterAges-project-headers.hmap -Xcc -I/Users/runner/work/hamster-ages/hamster-ages/build-release/SourcePackages/checkouts/swift-package-manager-google-user-messaging-platform/UserMessagingPlatformTarget/include -Xcc -I/Users/runner/work/hamster-ages/hamster-ages/build-release/Build/Products/Release-iphonesimulator/include -Xcc -I/Users/runner/work/hamster-ages/hamster-ages/build-release/Build/Intermediates.noindex/HamsterAges.build/Release-iphonesimulator/HamsterAges.build/DerivedSources-normal/arm64 -Xcc -I/Users/runner/work/hamster-ages/hamster-ages/build-release/Build/Intermediates.noindex/HamsterAges.build/Release-iphonesimulator/HamsterAges.build/DerivedSources/arm64 -Xcc -I/Users/runner/work/hamster-ages/hamster-ages/build-release/Build/Intermediates.noindex/HamsterAges.build/Release-iphonesimulator/HamsterAges.build/DerivedSources -emit-objc-header -emit-objc-header-path /Users/runner/work/hamster-ages/hamster-ages/build-release/Build/Intermediates.noindex/HamsterAges.build/Release-iphonesimulator/HamsterAges.build/Objects-normal/arm64/HamsterAges-Swift.h -working-directory /Users/runner/work/hamster-ages/hamster-ages -no-emit-module-separately-wmo

SwiftExplicitDependencyGeneratePcm arm64 /Users/runner/work/hamster-ages/hamster-ages/build-release/ModuleCache.noindex/QuartzCore-2VQUIMCSMNK1JHFPPPNHS1B1H.pcm

SwiftExplicitDependencyGeneratePcm arm64 /Users/runner/work/hamster-ages/hamster-ages/build-release/ModuleCache.noindex/CoreMedia-1QPH5CYONJN93E486QAIBTP5C.pcm

SwiftExplicitDependencyGeneratePcm x86_64 /Users/runner/work/hamster-ages/hamster-ages/build-release/ModuleCache.noindex/GameKit-6KNCBL2RNF7MON8E156IEYENY.pcm

SwiftExplicitDependencyGeneratePcm arm64 /Users/runner/work/hamster-ages/hamster-ages/build-release/ModuleCache.noindex/CoreImage-F2JE6ZNJ43K8GZXYFT59Q7W6J.pcm

SwiftExplicitDependencyGeneratePcm arm64 /Users/runner/work/hamster-ages/hamster-ages/build-release/ModuleCache.noindex/SwiftUICore-AZ3GVU1VF65VZIU4C3SQT59HS.pcm

SwiftExplicitDependencyGeneratePcm arm64 /Users/runner/work/hamster-ages/hamster-ages/build-release/ModuleCache.noindex/AVFAudio-3DT3CCY87790Z432DFBZ0AQ3T.pcm

SwiftExplicitDependencyGeneratePcm arm64 /Users/runner/work/hamster-ages/hamster-ages/build-release/ModuleCache.noindex/MediaToolbox-J3632V80FUU0JO29S0QU0Q6B.pcm

SwiftExplicitDependencyGeneratePcm arm64 /Users/runner/work/hamster-ages/hamster-ages/build-release/ModuleCache.noindex/UIKit-BXRLQ3U7UA70MV7B7DCTL3S1F.pcm

SwiftCompile normal x86_64 Compiling\ HamsterAgesApp.swift,\ ArtFactory.swift,\ BattleController.swift,\ BattleScene.swift,\ Tutorial.swift,\ BalanceHarness.swift,\ BattleAI.swift,\ BattleSimulation.swift,\ Cards.swift,\ GameConfig.swift,\ L10n.swift,\ Rats.swift,\ Variants.swift,\ Generals.swift,\ Pass.swift,\ Progress.swift,\ Quests.swift,\ RemoteConfig.swift,\ AdMob.swift,\ Analytics.swift,\ GameCenter.swift,\ Music.swift,\ Notifications.swift,\ Review.swift,\ Services.swift,\ Sound.swift,\ Store.swift,\ BattlePrepView.swift,\ BattleView.swift,\ CampaignMapView.swift,\ DebugArtSheet.swift,\ GeneralsView.swift,\ HomeView.swift,\ PassView.swift,\ QuestsView.swift,\ SettingsView.swift,\ ShopView.swift,\ Theme.swift,\ GeneratedAssetSymbols.swift /Users/runner/work/hamster-ages/hamster-ages/HamsterAges/App/HamsterAgesApp.swift /Users/runner/work/hamster-ages/hamster-ages/HamsterAges/Battle/ArtFactory.swift /Users/runner/work/hamster-ages/hamster-ages/HamsterAges/Battle/BattleController.swift /Users/runner/work/hamster-ages/hamster-ages/HamsterAges/Battle/BattleScene.swift /Users/runner/work/hamster-ages/hamster-ages/HamsterAges/Battle/Tutorial.swift /Users/runner/work/hamster-ages/hamster-ages/HamsterAges/Core/BalanceHarness.swift /Users/runner/work/hamster-ages/hamster-ages/HamsterAges/Core/BattleAI.swift /Users/runner/work/hamster-ages/hamster-ages/HamsterAges/Core/BattleSimulation.swift /Users/runner/work/hamster-ages/hamster-ages/HamsterAges/Core/Cards.swift /Users/runner/work/hamster-ages/hamster-ages/HamsterAges/Core/GameConfig.swift /Users/runner/work/hamster-ages/hamster-ages/HamsterAges/Core/L10n.swift /Users/runner/work/hamster-ages/hamster-ages/HamsterAges/Core/Rats.swift /Users/runner/work/hamster-ages/hamster-ages/HamsterAges/Core/Variants.swift /Users/runner/work/hamster-ages/hamster-ages/HamsterAges/Meta/Generals.swift /Users/runner/work/hamster-ages/hamster-ages/HamsterAges/Meta/Pass.swift /Users/runner/work/hamster-ages/hamster-ages/HamsterAges/Meta/Progress.swift /Users/runner/work/hamster-ages/hamster-ages/HamsterAges/Meta/Quests.swift /Users/runner/work/hamster-ages/hamster-ages/HamsterAges/Meta/RemoteConfig.swift /Users/runner/work/hamster-ages/hamster-ages/HamsterAges/Services/AdMob.swift /Users/runner/work/hamster-ages/hamster-ages/HamsterAges/Services/Analytics.swift /Users/runner/work/hamster-ages/hamster-ages/HamsterAges/Services/GameCenter.swift /Users/runner/work/hamster-ages/hamster-ages/HamsterAges/Services/Music.swift /Users/runner/work/hamster-ages/hamster-ages/HamsterAges/Services/Notifications.swift /Users/runner/work/hamster-ages/hamster-ages/HamsterAges/Services/Review.swift /Users/runner/work/hamster-ages/hamster-ages/HamsterAges/Services/Services.swift /Users/runner/work/hamster-ages/hamster-ages/HamsterAges/Services/Sound.swift /Users/runner/work/hamster-ages/hamster-ages/HamsterAges/Services/Store.swift /Users/runner/work/hamster-ages/hamster-ages/HamsterAges/UI/BattlePrepView.swift /Users/runner/work/hamster-ages/hamster-ages/HamsterAges/UI/BattleView.swift /Users/runner/work/hamster-ages/hamster-ages/HamsterAges/UI/CampaignMapView.swift /Users/runner/work/hamster-ages/hamster-ages/HamsterAges/UI/DebugArtSheet.swift /Users/runner/work/hamster-ages/hamster-ages/HamsterAges/UI/GeneralsView.swift /Users/runner/work/hamster-ages/hamster-ages/HamsterAges/UI/HomeView.swift /Users/runner/work/hamster-ages/hamster-ages/HamsterAges/UI/PassView.swift /Users/runner/work/hamster-ages/hamster-ages/HamsterAges/UI/QuestsView.swift /Users/runner/work/hamster-ages/hamster-ages/HamsterAges/UI/SettingsView.swift /Users/runner/work/hamster-ages/hamster-ages/HamsterAges/UI/ShopView.swift /Users/runner/work/hamster-ages/hamster-ages/HamsterAges/UI/Theme.swift /Users/runner/work/hamster-ages/hamster-ages/build-release/Build/Intermediates.noindex/HamsterAges.build/Release-iphonesimulator/HamsterAges.build/DerivedSources/GeneratedAssetSymbols.swift /Applications/Xcode_26.3.app/Contents/Developer/Toolchains/XcodeDefault.xctoolchain/usr/lib/swift/iphonesimulator/prebuilt-modules/26.2/Foundation.swiftmodule/x86_64-apple-ios-simulator.swiftmodule /Applications/Xcode_26.3.app/Contents/Developer/Toolchains/XcodeDefault.xctoolchain/usr/lib/swift/iphonesimulator/prebuilt-modules/26.2/Observation.swiftmodule/x86_64-apple-ios-simulator.swiftmodule /Applications/Xcode_26.3.app/Contents/Developer/Toolchains/XcodeDefault.xctoolchain/usr/lib/swift/iphonesimulator/prebuilt-modules/26.2/CoreData.swiftmodule/x86_64-apple-ios-simulator.swiftmodule /Applications/Xcode_26.3.app/Contents/Developer/Toolchains/XcodeDefault.xctoolchain/usr/lib/swift/iphonesimulator/prebuilt-modules/26.2/CoreMedia.swiftmodule/x86_64-apple-ios-simulator.swiftmodule /Applications/Xcode_26.3.app/Contents/Developer/Toolchains/XcodeDefault.xctoolchain/usr/lib/swift/iphonesimulator/prebuilt-modules/26.2/Distributed.swiftmodule/x86_64-apple-ios-simulator.swiftmodule /Applications/Xcode_26.3.app/Contents/Developer/Toolchains/XcodeDefault.xctoolchain/usr/lib/swift/iphonesimulator/prebuilt-modules/26.2/ObjectiveC.swiftmodule/x86_64-apple-ios-simulator.swiftmodule /Applications/Xcode_26.3.app/Contents/Developer/Toolchains/XcodeDefault.xctoolchain/usr/lib/swift/iphonesimulator/prebuilt-modules/26.2/simd.swiftmodule/x86_64-apple-ios-simulator.swiftmodule /Applications/Xcode_26.3.app/Contents/Developer/Toolchains/XcodeDefault.xctoolchain/usr/lib/swift/iphonesimulator/prebuilt-modules/26.2/UIKit.swiftmodule/x86_64-apple-ios-simulator.swiftmodule /Applications/Xcode_26.3.app/Contents/Developer/Toolchains/XcodeDefault.xctoolchain/usr/lib/swift/iphonesimulator/prebuilt-modules/26.2/AudioToolbox.swiftmodule/x86_64-apple-ios-simulator.swiftmodule /Applications/Xcode_26.3.app/Contents/Developer/Toolchains/XcodeDefault.xctoolchain/usr/lib/swift/iphonesimulator/prebuilt-modules/26.2/_SpriteKit_SwiftUI.swiftmodule/x86_64-apple-ios-simulator.swiftmodule /Applications/Xcode_26.3.app/Contents/Developer/Toolchains/XcodeDefault.xctoolchain/usr/lib/swift/iphonesimulator/prebuilt-modules/26.2/CryptoKit.swiftmodule/x86_64-apple-ios-simulator.swiftmodule /Applications/Xcode_26.3.app/Contents/Developer/Toolchains/XcodeDefault.xctoolchain/usr/lib/swift/iphonesimulator/prebuilt-modules/26.2/AVFoundation.swiftmodule/x86_64-apple-ios-simulator.swiftmodule /Applications/Xcode_26.3.app/Contents/Developer/Toolchains/XcodeDefault.xctoolchain/usr/lib/swift/iphonesimulator/prebuilt-modules/26.2/GameKit.swiftmodule/x86_64-apple-ios-simulator.swiftmodule /Applications/Xcode_26.3.app/Contents/Developer/Toolchains/XcodeDefault.xctoolchain/usr/lib/swift/iphonesimulator/prebuilt-modules/26.2/GLKit.swiftmodule/x86_64-apple-ios-simulator.swiftmodule /Applications/Xcode_26.3.app/Contents/Developer/Toolchains/XcodeDefault.xctoolchain/usr/lib/swift/iphonesimulator/prebuilt-modules/26.2/CoreImage.swiftmodule/x86_64-apple-ios-simulator.swiftmodule /Applications/Xcode_26.3.app/Contents/Developer/Toolchains/XcodeDefault.xctoolchain/usr/lib/swift/iphonesimulator/prebuilt-modules/26.2/FileProvider.swiftmodule/x86_64-apple-ios-simulator.swiftmodule /Applications/Xcode_26.3.app/Contents/Developer/Toolchains/XcodeDefault.xctoolchain/usr/lib/swift/iphonesimulator/prebuilt-modules/26.2/DeveloperToolsSupport.swiftmodule/x86_64-apple-ios-simulator.swiftmodule /Applications/Xcode_26.3.app/Contents/Developer/Toolchains/XcodeDefault.xctoolchain/usr/lib/swift/iphonesimulator/prebuilt-modules/26.2/_Concurrency.swiftmodule/x86_64-apple-ios-simulator.swiftmodule /Applications/Xcode_26.3.app/Contents/Developer/Toolchains/XcodeDefault.xctoolchain/usr/lib/swift/iphonesimulator/prebuilt-modules/26.2/CoreVideo.swiftmodule/x86_64-apple-ios-simulator.swiftmodule /Applications/Xcode_26.3.app/Contents/Developer/Toolchains/XcodeDefault.xctoolchain/usr/lib/swift/iphonesimulator/prebuilt-modules/26.2/Synchronization.swiftmodule/x86_64-apple-ios-simulator.swiftmodule /Applications/Xcode_26.3.app/Contents/Developer/Toolchains/XcodeDefault.xctoolchain/usr/lib/swift/iphonesimulator/prebuilt-modules/26.2/Dispatch.swiftmodule/x86_64-apple-ios-simulator.swiftmodule /Applications/Xcode_26.3.app/Contents/Developer/Toolchains/XcodeDefault.xctoolchain/usr/lib/swift/iphonesimulator/prebuilt-modules/26.2/os.swiftmodule/x86_64-apple-ios-simulator.swiftmodule /Applications/Xcode_26.3.app/Contents/Developer/Toolchains/XcodeDefault.xctoolchain/usr/lib/swift/iphonesimulator/prebuilt-modules/26.2/Accessibility.swiftmodule/x86_64-apple-ios-simulator.swiftmodule /Applications/Xcode_26.3.app/Contents/Developer/Toolchains/XcodeDefault.xctoolchain/usr/lib/swift/iphonesimulator/prebuilt-modules/26.2/ExtensionFoundation.swiftmodule/x86_64-apple-ios-simulator.swiftmodule /Applications/Xcode_26.3.app/Contents/Developer/Toolchains/XcodeDefault.xctoolchain/usr/lib/swift/iphonesimulator/prebuilt-modules/26.2/CoreAudio.swiftmodule/x86_64-apple-ios-simulator.swiftmodule /Applications/Xcode_26.3.app/Contents/Developer/Toolchains/XcodeDefault.xctoolchain/usr/lib/swift/iphonesimulator/prebuilt-modules/26.2/GameplayKit.swiftmodule/x86_64-apple-ios-simulator.swiftmodule /Applications/Xcode_26.3.app/Contents/Developer/Toolchains/XcodeDefault.xctoolchain/usr/lib/swift/iphonesimulator/prebuilt-modules/26.2/LocalAuthentication.swiftmodule/x86_64-apple-ios-simulator.swiftmodule /Applications/Xcode_26.3.app/Contents/Developer/Toolchains/XcodeDefault.xctoolchain/usr/lib/swift/iphonesimulator/prebuilt-modules/26.2/_StoreKit_SwiftUI.swiftmodule/x86_64-apple-ios-simulator.swiftmodule /Applications/Xcode_26.3.app/Contents/Developer/Toolchains/XcodeDefault.xctoolchain/usr/lib/swift/iphonesimulator/prebuilt-modules/26.2/Symbols.swiftmodule/x86_64-apple-ios-simulator.swiftmodule /Applications/Xcode_26.3.app/Contents/Developer/Toolchains/XcodeDefault.xctoolchain/usr/lib/swift/iphonesimulator/prebuilt-modules/26.2/Combine.swiftmodule/x86_64-apple-ios-simulator.swiftmodule /Applications/Xcode_26.3.app/Contents/Developer/Toolchains/XcodeDefault.xctoolchain/usr/lib/swift/iphonesimulator/prebuilt-modules/26.2/Swift.swiftmodule/x86_64-apple-ios-simulator.swiftmodule /Applications/Xcode_26.3.app/Contents/Developer/Toolchains/XcodeDefault.xctoolchain/usr/lib/swift/iphonesimulator/prebuilt-modules/26.2/CoreFoundation.swiftmodule/x86_64-apple-ios-simulator.swiftmodule /Applications/Xcode_26.3.app/Contents/Developer/Toolchains/XcodeDefault.xctoolchain/usr/lib/swift/iphonesimulator/prebuilt-modules/26.2/_DarwinFoundation1.swiftmodule/x86_64-apple-ios-simulator.swiftmodule /Applications/Xcode_26.3.app/Contents/Developer/Toolchains/XcodeDefault.xctoolchain/usr/lib/swift/iphonesimulator/prebuilt-modules/26.2/CoreText.swiftmodule/x86_64-apple-ios-simulator.swiftmodule /Applications/Xcode_26.3.app/Contents/Developer/Toolchains/XcodeDefault.xctoolchain/usr/lib/swift/iphonesimulator/prebuilt-modules/26.2/ModelIO.swiftmodule/x86_64-apple-ios-simulator.swiftmodule /Applications/Xcode_26.3.app/Contents/Developer/Toolchains/XcodeDefault.xctoolchain/usr/lib/swift/iphonesimulator/prebuilt-modules/26.2/DataDetection.swiftmodule/x86_64-apple-ios-simulator.swiftmodule /Applications/Xcode_26.3.app/Contents/Developer/Toolchains/XcodeDefault.xctoolchain/usr/lib/swift/iphonesimulator/prebuilt-modules/26.2/SwiftUICore.swiftmodule/x86_64-apple-ios-simulator.swiftmodule /Applications/Xcode_26.3.app/Contents/Developer/Toolchains/XcodeDefault.xctoolchain/usr/lib/swift/iphonesimulator/prebuilt-modules/26.2/Contacts.swiftmodule/x86_64-apple-ios-simulator.swiftmodule /Applications/Xcode_26.3.app/Contents/Developer/Toolchains/XcodeDefault.xctoolchain/usr/lib/swift/iphonesimulator/prebuilt-modules/26.2/System.swiftmodule/x86_64-apple-ios-simulator.swiftmodule /Applications/Xcode_26.3.app/Contents/Developer/Toolchains/XcodeDefault.xctoolchain/usr/lib/swift/iphonesimulator/prebuilt-modules/26.2/SceneKit.swiftmodule/x86_64-apple-ios-simulator.swiftmodule /Applications/Xcode_26.3.app/Contents/Developer/Toolchains/XcodeDefault.xctoolchain/usr/lib/swift/iphonesimulator/prebuilt-modules/26.2/_DarwinFoundation3.swiftmodule/x86_64-apple-ios-simulator.swiftmodule /Applications/Xcode_26.3.app/Contents/Developer/Toolchains/XcodeDefault.xctoolchain/usr/lib/swift/iphonesimulator/prebuilt-modules/26.2/_DarwinFoundation2.swiftmodule/x86_64-apple-ios-simulator.swiftmodule /Applications/Xcode_26.3.app/Contents/Developer/Toolchains/XcodeDefault.xctoolchain/usr/lib/swift/iphonesimulator/prebuilt-modules/26.2/XPC.swiftmodule/x86_64-apple-ios-simulator.swiftmodule /Applications/Xcode_26.3.app/Contents/Developer/Toolchains/XcodeDefault.xctoolchain/usr/lib/swift/iphonesimulator/prebuilt-modules/26.2/Darwin.swiftmodule/x86_64-apple-ios-simulator.swiftmodule /Applications/Xcode_26.3.app/Contents/Developer/Toolchains/XcodeDefault.xctoolchain/usr/lib/swift/iphonesimulator/prebuilt-modules/26.2/Spatial.swiftmodule/x86_64-apple-ios-simulator.swiftmodule /Applications/Xcode_26.3.app/Contents/Developer/Toolchains/XcodeDefault.xctoolchain/usr/lib/swift/iphonesimulator/prebuilt-modules/26.2/BackgroundAssets.swiftmodule/x86_64-apple-ios-simulator.swiftmodule /Applications/Xcode_26.3.app/Contents/Developer/Toolchains/XcodeDefault.xctoolchain/usr/lib/swift/iphonesimulator/prebuilt-modules/26.2/_Builtin_float.swiftmodule/x86_64-apple-ios-simulator.swiftmodule /Applications/Xcode_26.3.app/Contents/Developer/Toolchains/XcodeDefault.xctoolchain/usr/lib/swift/iphonesimulator/prebuilt-modules/26.2/CoreGraphics.swiftmodule/x86_64-apple-ios-simulator.swiftmodule /Applications/Xcode_26.3.app/Contents/Developer/Toolchains/XcodeDefault.xctoolchain/usr/lib/swift/iphonesimulator/prebuilt-modules/26.2/SpriteKit.swiftmodule/x86_64-apple-ios-simulator.swiftmodule /Applications/Xcode_26.3.app/Contents/Developer/Toolchains/XcodeDefault.xctoolchain/usr/lib/swift/iphonesimulator/prebuilt-modules/26.2/AVFAudio.swiftmodule/x86_64-apple-ios-simulator.swiftmodule /Applications/Xcode_26.3.app/Contents/Developer/Toolchains/XcodeDefault.xctoolchain/usr/lib/swift/iphonesimulator/prebuilt-modules/26.2/OSLog.swiftmodule/x86_64-apple-ios-simulator.swiftmodule /Applications/Xcode_26.3.app/Contents/Developer/Toolchains/XcodeDefault.xctoolchain/usr/lib/swift/iphonesimulator/prebuilt-modules/26.2/WebKit.swiftmodule/x86_64-apple-ios-simulator.swiftmodule /Applications/Xcode_26.3.app/Contents/Developer/Toolchains/XcodeDefault.xctoolchain/usr/lib/swift/iphonesimulator/prebuilt-modules/26.2/_StringProcessing.swiftmodule/x86_64-apple-ios-simulator.swiftmodule /Applications/Xcode_26.3.app/Contents/Developer/Toolchains/XcodeDefault.xctoolchain/usr/lib/swift/iphonesimulator/prebuilt-modules/26.2/SwiftUI.swiftmodule/x86_64-apple-ios-simulator.swiftmodule /Applications/Xcode_26.3.app/Contents/Developer/Toolchains/XcodeDefault.xctoolchain/usr/lib/swift/iphonesimulator/prebuilt-modules/26.2/StoreKit.swiftmodule/x86_64-apple-ios-simulator.swiftmodule /Applications/Xcode_26.3.app/Contents/Developer/Toolchains/XcodeDefault.xctoolchain/usr/lib/swift/iphonesimulator/prebuilt-modules/26.2/QuartzCore.swiftmodule/x86_64-apple-ios-simulator.swiftmodule /Applications/Xcode_26.3.app/Contents/Developer/Toolchains/XcodeDefault.xctoolchain/usr/lib/swift/iphonesimulator/prebuilt-modules/26.2/Network.swiftmodule/x86_64-apple-ios-simulator.swiftmodule /Applications/Xcode_26.3.app/Contents/Developer/Toolchains/XcodeDefault.xctoolchain/usr/lib/swift/iphonesimulator/prebuilt-modules/26.2/UniformTypeIdentifiers.swiftmodule/x86_64-apple-ios-simulator.swiftmodule /Applications/Xcode_26.3.app/Contents/Developer/Toolchains/XcodeDefault.xctoolchain/usr/lib/swift/iphonesimulator/prebuilt-modules/26.2/CoreMIDI.swiftmodule/x86_64-apple-ios-simulator.swiftmodule /Applications/Xcode_26.3.app/Contents/Developer/Toolchains/XcodeDefault.xctoolchain/usr/lib/swift/iphonesimulator/prebuilt-modules/26.2/GameController.swiftmodule/x86_64-apple-ios-simulator.swiftmodule /Applications/Xcode_26.3.app/Contents/Developer/Toolchains/XcodeDefault.xctoolchain/usr/lib/swift/iphonesimulator/prebuilt-modules/26.2/CoreTransferable.swiftmodule/x86_64-apple-ios-simulator.swiftmodule /Applications/Xcode_26.3.app/Contents/Developer/Toolchains/XcodeDefault.xctoolchain/usr/lib/swift/iphonesimulator/prebuilt-modules/26.2/Metal.swiftmodule/x86_64-apple-ios-simulator.swiftmodule /Users/runner/work/hamster-ages/hamster-ages/build-release/ModuleCache.noindex/FileProvider-7PWZYUGZGJMGH733H9DUK9FN4.pcm /Users/runner/work/hamster-ages/hamster-ages/build-release/ModuleCache.noindex/_Builtin_intrinsics-5BSIY4BNA82X8CC9UOVLAD5UG.pcm /Users/runner/work/hamster-ages/hamster-ages/build-release/ModuleCache.noindex/SwiftShims-4RJKKFXB2PVZPEWGY5EJYXNPD.pcm /Users/runner/work/hamster-ages/hamster-ages/build-release/ModuleCache.noindex/_Builtin_inttypes-MQASYZ0ZHITGJWIPVFYHELDG.pcm /Users/runner/work/hamster-ages/hamster-ages/build-release/ModuleCache.noindex/CoreGraphics-6Y6WOJA1X5J9S5GWHOGNHP2OA.pcm /Users/runner/work/hamster-ages/hamster-ages/build-release/ModuleCache.noindex/Foundation-EXRSPXNW17I9J2UTPIBO062MG.pcm /Users/runner/work/hamster-ages/hamster-ages/build-release/ModuleCache.noindex/AudioToolbox-DOWLH7N8OW7F7Z8ITD4REZ2HN.pcm /Users/runner/work/hamster-ages/hamster-ages/build-release/ModuleCache.noindex/AppTrackingTransparency-20PGIFZSTZUTJUGO27GBWE459.pcm /Users/runner/work/hamster-ages/hamster-ages/build-release/ModuleCache.noindex/GameController-2WH36DREX05GXQR9LO4HMTX2C.pcm /Users/runner/work/hamster-ages/hamster-ages/build-release/ModuleCache.noindex/ExtensionFoundation-55KP8O2SXIMT5H1R3ZW0KO3S.pcm /Users/runner/work/hamster-ages/hamster-ages/build-release/ModuleCache.noindex/Network-6PQBUENOD6GD2BK5TV7P39ZO.pcm /Users/runner/work/hamster-ages/hamster-ages/build-release/ModuleCache.noindex/GLKit-5JHB0KQQV0U46G7YSNVHWBTG.pcm /Users/runner/work/hamster-ages/hamster-ages/build-release/ModuleCache.noindex/CoreData-BQ8P2A6A8LTF8PUGW23KXJ63L.pcm /Users/runner/work/hamster-ages/hamster-ages/build-release/ModuleCache.noindex/CoreVideo-8HHTOF6ALDKL5R8EHT8MNDF4L.pcm /Users/runner/work/hamster-ages/hamster-ages/build-release/ModuleCache.noindex/Dispatch-EBY0JJH7Y5WX60J5QKJ2PBXW3.pcm /Users/runner/work/hamster-ages/hamster-ages/build-release/ModuleCache.noindex/CoreImage-79YVWNO7PSK5XVPRQZWISK6WU.pcm /Users/runner/work/hamster-ages/hamster-ages/build-release/ModuleCache.noindex/ObjectiveC-AZRTN00EZDCRDOQB6Y4UDPGYE.pcm /Users/runner/work/hamster-ages/hamster-ages/build-release/ModuleCache.noindex/simd-EVRWXEVEB826RWV6H4RZ7E9MK.pcm /Users/runner/work/hamster-ages/hamster-ages/build-release/ModuleCache.noindex/LocalAuthentication-D5702JRMNXPNO685FUWSSNV9T.pcm /Users/runner/work/hamster-ages/hamster-ages/build-release/ModuleCache.noindex/XPC-PNZLPGMKOUTDK8I195BXN232.pcm /Users/runner/work/hamster-ages/hamster-ages/build-release/ModuleCache.noindex/ptrauth-5A04BK3QDCH128GS1ZLJZ9VTU.pcm /Users/runner/work/hamster-ages/hamster-ages/build-release/ModuleCache.noindex/_SwiftConcurrencyShims-7YB5DW2G4MNGRHXA906ID3NCA.pcm /Users/runner/work/hamster-ages/hamster-ages/build-release/ModuleCache.noindex/OpenGLES-5RWPLS7MNW9I6PBS8YLRXAI13.pcm /Users/runner/work/hamster-ages/hamster-ages/build-release/ModuleCache.noindex/SwiftUICore-5B5L89JWEZWD0NZUWCRJCMK8L.pcm /Users/runner/work/hamster-ages/hamster-ages/build-release/ModuleCache.noindex/Contacts-87YWSAYDEOB7IR9C7JZFULCA.pcm /Users/runner/work/hamster-ages/hamster-ages/build-release/ModuleCache.noindex/ModelIO-9ZIQVXCO9PHT13TLOJHLVFEN6.pcm /Users/runner/work/hamster-ages/hamster-ages/build-release/ModuleCache.noindex/_Builtin_limits-36A4T28UVO5IGIAPN1KOUO8XL.pcm /Users/runner/work/hamster-ages/hamster-ages/build-release/ModuleCache.noindex/AVRouting-3J0VAYJG8TJKHCZ4V5R01QHTE.pcm /Users/runner/work/hamster-ages/hamster-ages/build-release/ModuleCache.noindex/_DarwinFoundation2-EOFSPZF1HZO3NVPIVAFX9MC0Z.pcm /Users/runner/work/hamster-ages/hamster-ages/build-release/ModuleCache.noindex/_Builtin_tgmath-V66KALYOWY20R2KLIDZ3JQHK.pcm /Users/runner/work/hamster-ages/hamster-ages/build-release/ModuleCache.noindex/CoreAudioTypes-1R8MTCL4TMF5PKKPIWASVD3AS.pcm /Users/runner/work/hamster-ages/hamster-ages/build-release/ModuleCache.noindex/AVFAudio-57WKVOB0T5JZVIPKQO7WD6CD9.pcm /Users/runner/work/hamster-ages/hamster-ages/build-release/ModuleCache.noindex/CoreMIDI-CQS7B86FE6EX6HMRR96WONR8D.pcm /Users/runner/work/hamster-ages/hamster-ages/build-release/ModuleCache.noindex/MachO-UZNWWRSS6NJN6DI4RK5OYI0I.pcm /Users/runner/work/hamster-ages/hamster-ages/build-release/Build/Intermediates.noindex/SwiftExplicitPrecompiledModules/GoogleMobileAds-9BEZEZQ4J20I3FMQQ1H2MY8YP.pcm /Users/runner/work/hamster-ages/hamster-ages/build-release/ModuleCache.noindex/_AvailabilityInternal-22JJOQMG6DMQJCKYJKKUITTBR.pcm /Users/runner/work/hamster-ages/hamster-ages/build-release/ModuleCache.noindex/ReplayKit-DH3PUJ9HJ62OIIEA5BLW2PZGR.pcm /Users/runner/work/hamster-ages/hamster-ages/build-release/ModuleCache.noindex/ptrcheck-4F68HH778P6I2MBAJHRAY7AME.pcm /Users/runner/work/hamster-ages/hamster-ages/build-release/ModuleCache.noindex/UserNotifications-AMW0PBGWXCJ3RBT8SRB00EFLQ.pcm /Users/runner/work/hamster-ages/hamster-ages/build-release/ModuleCache.noindex/CoreMedia-5ZVORIX4AX5JWM9EYSDDCVKWU.pcm /Users/runner/work/hamster-ages/hamster-ages/build-release/ModuleCache.noindex/BackgroundAssets-1MVVBEN7PX4K29SXBNWMG8EFD.pcm /Users/runner/work/hamster-ages/hamster-ages/build-release/ModuleCache.noindex/GameplayKit-6OV8M4CBJHP0MWNEMYUABH9AI.pcm /Users/runner/work/hamster-ages/hamster-ages/build-release/ModuleCache.noindex/UIKit-AL0H4TAD2UN28OPFDTJJH2Y60.pcm /Users/runner/work/hamster-ages/hamster-ages/build-release/ModuleCache.noindex/SceneKit-1V8XUR1T1Y05LIEMFUPHNYFL4.pcm /Users/runner/work/hamster-ages/hamster-ages/build-release/ModuleCache.noindex/WebKit-DXEJBYG1KS4ST2FGR190QREA4.pcm /Users/runner/work/hamster-ages/hamster-ages/build-release/ModuleCache.noindex/sys_types-30V09B4WZI9G8C6YGJ2OHGJJQ.pcm /Users/runner/work/hamster-ages/hamster-ages/build-release/ModuleCache.noindex/Darwin-EQMGT8U8GAXTXPWTQLOPVRJ5Y.pcm /Users/runner/work/hamster-ages/hamster-ages/build-release/ModuleCache.noindex/CoreFoundation-792SVLZ30GCKW5CX2WXT0T632.pcm /Users/runner/work/hamster-ages/hamster-ages/build-release/ModuleCache.noindex/os_workgroup-6LYZM7SVWBKFXLAAUURGV884D.pcm /Users/runner/work/hamster-ages/hamster-ages/build-release/ModuleCache.noindex/ImageIO-18CTAFKBHCB17CZCJEXBIKVWC.pcm /Users/runner/work/hamster-ages/hamster-ages/build-release/ModuleCache.noindex/Metal-791OL546K3EPMGPJBVPJWMEVP.pcm /Users/runner/work/hamster-ages/hamster-ages/build-release/ModuleCache.noindex/SpriteKit-8EX7Z8QFIWEVU799QXD81D0BR.pcm /Users/runner/work/hamster-ages/hamster-ages/build-release/ModuleCache.noindex/GameKit-6KNCBL2RNF7MON8E156IEYENY.pcm /Users/runner/work/hamster-ages/hamster-ages/build-release/ModuleCache.noindex/CFNetwork-299YNX4YEFLRWHOPPAGWU89W6.pcm /Users/runner/work/hamster-ages/hamster-ages/build-release/ModuleCache.noindex/StoreKit-7IDKST0EK3NH0LDK67RI0BUDN.pcm /Users/runner/work/hamster-ages/hamster-ages/build-release/ModuleCache.noindex/Spatial-BFPVDAIHYOT8BEU037LMJ3W5D.pcm /Users/runner/work/hamster-ages/hamster-ages/build-release/ModuleCache.noindex/Accessibility-CDABUZ8KIIYB757FN52YY4XNO.pcm /Users/runner/work/hamster-ages/hamster-ages/build-release/ModuleCache.noindex/UniformTypeIdentifiers-CBH79C7JH1QLNSLOGPEQFFBI7.pcm /Users/runner/work/hamster-ages/hamster-ages/build-release/ModuleCache.noindex/CoreAudio-90FBDZM2SX6UABP5ELSYH2SE3.pcm /Users/runner/work/hamster-ages/hamster-ages/build-release/ModuleCache.noindex/CoreText-3ETAVFHC14Q7T0089BC5DAL93.pcm /Users/runner/work/hamster-ages/hamster-ages/build-release/Build/Intermediates.noindex/SwiftExplicitPrecompiledModules/UserMessagingPlatform-DYM5YY5WIM6FMBLI4W3BT2P6Y.pcm /Users/runner/work/hamster-ages/hamster-ages/build-release/ModuleCache.noindex/SwiftUI-C6AICIE0TUMXF53WLISFNZ39O.pcm /Users/runner/work/hamster-ages/hamster-ages/build-release/ModuleCache.noindex/_Builtin_stdint-2WGPQPU4EBNP2CBWYGXX39ZA8.pcm /Users/runner/work/hamster-ages/hamster-ages/build-release/ModuleCache.noindex/Symbols-6EWY2THNEB5MOSOPWHB7H8UAR.pcm /Users/runner/work/hamster-ages/hamster-ages/build-release/ModuleCache.noindex/_Builtin_float-14SFL3QGHITC6AO4X20YSJOF.pcm /Users/runner/work/hamster-ages/hamster-ages/build-release/ModuleCache.noindex/OSLog-4V7D0YGFW54FEVYRMCSRU6DQI.pcm /Users/runner/work/hamster-ages/hamster-ages/build-release/ModuleCache.noindex/_Builtin_stdarg-8PWRO9M1LWK0GOLGNU7DXJU3P.pcm /Users/runner/work/hamster-ages/hamster-ages/build-release/ModuleCache.noindex/DeveloperToolsSupport-AADN1FX9JYX6HZUGXOQEGD5SY.pcm /Users/runner/work/hamster-ages/hamster-ages/build-release/ModuleCache.noindex/dnssd-9KZDO1D960XUHIIQAZA536UIC.pcm /Users/runner/work/hamster-ages/hamster-ages/build-release/ModuleCache.noindex/os-3RZ9GSYMVS9IFLG1YENDS45K7.pcm /Users/runner/work/hamster-ages/hamster-ages/build-release/ModuleCache.noindex/Security-50ZQOPJHCHDC2F2SCJ3DJQW8W.pcm /Users/runner/work/hamster-ages/hamster-ages/build-release/ModuleCache.noindex/QuartzCore-CM8987B5GBWREKIX35A53LEWA.pcm /Users/runner/work/hamster-ages/hamster-ages/build-release/ModuleCache.noindex/_DarwinFoundation3-95LLFW3LRC7SBRWHLI3QD0AW1.pcm /Users/runner/work/hamster-ages/hamster-ages/build-release/ModuleCache.noindex/_Builtin_stddef-D7QOF9OEVMLEAIKIYDX6KDEV3.pcm /Users/runner/work/hamster-ages/hamster-ages/build-release/ModuleCache.noindex/UIUtilities-3XYF8QX7U6WVBB6M3PAZFCSE.pcm /Users/runner/work/hamster-ages/hamster-ages/build-release/ModuleCache.noindex/_Builtin_stdatomic-4RX9UBHHCCLF2S22SPQX35OUF.pcm /Users/runner/work/hamster-ages/hamster-ages/build-release/ModuleCache.noindex/IOSurface-6BXRFVNFW8HADSQSM7LB9WLGA.pcm /Users/runner/work/hamster-ages/hamster-ages/build-release/ModuleCache.noindex/_DarwinFoundation1-8N6R05SO24W093CA0SQI8WQ8U.pcm /Users/runner/work/hamster-ages/hamster-ages/build-release/ModuleCache.noindex/AVFoundation-AOTMLAGAWYFWQFT6VJEFSQJC2.pcm /Users/runner/work/hamster-ages/hamster-ages/build-release/ModuleCache.noindex/DataDetection-EK5E86CRBHCK2ODK96V1EJNXN.pcm /Users/runner/work/hamster-ages/hamster-ages/build-release/ModuleCache.noindex/_StoreKit_SwiftUI-KFLCOZTCWTPJZRNRBEKW244P.pcm /Users/runner/work/hamster-ages/hamster-ages/build-release/ModuleCache.noindex/MediaToolbox-4QD9WACQ0NLOKGSSNGLDW3UFZ.pcm /Users/runner/work/hamster-ages/hamster-ages/build-release/ModuleCache.noindex/CoreTransferable-6J5RC7U51B4F26KCOHQZ27B2R.pcm /Users/runner/work/hamster-ages/hamster-ages/build-release/ModuleCache.noindex/os_object-36XL2G5CSQP3OZO4X818RX135.pcm /Users/runner/work/hamster-ages/hamster-ages/build-release/ModuleCache.noindex/_Builtin_stdbool-1E598EVB1EV3GB94XD4BL9IHJ.pcm /Users/runner/work/hamster-ages/hamster-ages/build-release/ModuleCache.noindex/CoreServices-CTB0R0FU9QETPC5YA8K1SLN9B.pcm /Users/runner/work/hamster-ages/hamster-ages/build-release/Build/Intermediates.noindex/HamsterAges.build/Release-iphonesimulator/HamsterAges.build/Objects-normal/x86_64/HamsterAges-dependencies-1.json (in target 'HamsterAges' from project 'HamsterAges')
CompileSwift normal x86_64 (in target 'HamsterAges' from project 'HamsterAges')
    cd /Users/runner/work/hamster-ages/hamster-ages
    

LinkAssetCatalog /Users/runner/work/hamster-ages/hamster-ages/HamsterAges/Assets.xcassets (in target 'HamsterAges' from project 'HamsterAges')
    cd /Users/runner/work/hamster-ages/hamster-ages
    builtin-linkAssetCatalog --thinned /Users/runner/work/hamster-ages/hamster-ages/build-release/Build/Intermediates.noindex/HamsterAges.build/Release-iphonesimulator/HamsterAges.build/assetcatalog_output/thinned --thinned-dependencies /Users/runner/work/hamster-ages/hamster-ages/build-release/Build/Intermediates.noindex/HamsterAges.build/Release-iphonesimulator/HamsterAges.build/assetcatalog_dependencies_thinned --thinned-info-plist-content /Users/runner/work/hamster-ages/hamster-ages/build-release/Build/Intermediates.noindex/HamsterAges.build/Release-iphonesimulator/HamsterAges.build/assetcatalog_generated_info.plist_thinned --unthinned /Users/runner/work/hamster-ages/hamster-ages/build-release/Build/Intermediates.noindex/HamsterAges.build/Release-iphonesimulator/HamsterAges.build/assetcatalog_output/unthinned --unthinned-dependencies /Users/runner/work/hamster-ages/hamster-ages/build-release/Build/Intermediates.noindex/HamsterAges.build/Release-iphonesimulator/HamsterAges.build/assetcatalog_dependencies_unthinned --unthinned-info-plist-content /Users/runner/work/hamster-ages/hamster-ages/build-release/Build/Intermediates.noindex/HamsterAges.build/Release-iphonesimulator/HamsterAges.build/assetcatalog_generated_info.plist_unthinned --output /Users/runner/work/hamster-ages/hamster-ages/build-release/Build/Products/Release-iphonesimulator/HamsterAges.app --plist-output /Users/runner/work/hamster-ages/hamster-ages/build-release/Build/Intermediates.noindex/HamsterAges.build/Release-iphonesimulator/HamsterAges.build/assetcatalog_generated_info.plist
note: Emplaced /Users/runner/work/hamster-ages/hamster-ages/build-release/Build/Products/Release-iphonesimulator/HamsterAges.app/AppIcon60x60@2x.png (in target 'HamsterAges' from project 'HamsterAges')
note: Emplaced /Users/runner/work/hamster-ages/hamster-ages/build-release/Build/Products/Release-iphonesimulator/HamsterAges.app/Assets.car (in target 'HamsterAges' from project 'HamsterAges')
note: Emplaced /Users/runner/work/hamster-ages/hamster-ages/build-release/Build/Products/Release-iphonesimulator/HamsterAges.app/AppIcon76x76@2x~ipad.png (in target 'HamsterAges' from project 'HamsterAges')

SwiftExplicitDependencyGeneratePcm arm64 /Users/runner/work/hamster-ages/hamster-ages/build-release/ModuleCache.noindex/AVFoundation-DWUBQM19Z0II8Q2XPUNJM2CRF.pcm

ExtractAppIntentsMetadata (in target 'GoogleMobileAdsTarget' from project 'GoogleMobileAds')
    cd /Users/runner/work/hamster-ages/hamster-ages/build-release/SourcePackages/checkouts/swift-package-manager-google-mobile-ads
    /Applications/Xcode_26.3.app/Contents/Developer/Toolchains/XcodeDefault.xctoolchain/usr/bin/appintentsmetadataprocessor --toolchain-dir /var/run/com.apple.security.cryptexd/mnt/com.apple.MobileAsset.MetalToolchain-v17.3.7003.10.QXSqED/Metal.xctoolchain --module-name GoogleMobileAdsTarget --sdk-root /Applications/Xcode_26.3.app/Contents/Developer/Platforms/iPhoneSimulator.platform/Developer/SDKs/iPhoneSimulator26.2.sdk --xcode-version 17C529 --platform-family iOS --deployment-target 13.0 --bundle-identifier swift-package-manager-google-mobile-ads.GoogleMobileAdsTarget --output /Users/runner/work/hamster-ages/hamster-ages/build-release/Build/Products/Release-iphonesimulator/GoogleMobileAdsTarget.appintents --target-triple arm64-apple-ios13.0-simulator --target-triple x86_64-apple-ios13.0-simulator --binary-file /Users/runner/work/hamster-ages/hamster-ages/build-release/Build/Products/Release-iphonesimulator/GoogleMobileAdsTarget.o --dependency-file /Users/runner/work/hamster-ages/hamster-ages/build-release/Build/Intermediates.noindex/GoogleMobileAds.build/Release-iphonesimulator/GoogleMobileAdsTarget.build/Objects-normal/arm64/GoogleMobileAdsTarget_dependency_info.dat --dependency-file /Users/runner/work/hamster-ages/hamster-ages/build-release/Build/Intermediates.noindex/GoogleMobileAds.build/Release-iphonesimulator/GoogleMobileAdsTarget.build/Objects-normal/x86_64/GoogleMobileAdsTarget_dependency_info.dat --stringsdata-file /Users/runner/work/hamster-ages/hamster-ages/build-release/Build/Intermediates.noindex/GoogleMobileAds.build/Release-iphonesimulator/GoogleMobileAdsTarget.build/Objects-normal/arm64/ExtractedAppShortcutsMetadata.stringsdata --stringsdata-file /Users/runner/work/hamster-ages/hamster-ages/build-release/Build/Intermediates.noindex/GoogleMobileAds.build/Release-iphonesimulator/GoogleMobileAdsTarget.build/Objects-normal/x86_64/ExtractedAppShortcutsMetadata.stringsdata --source-file-list /Users/runner/work/hamster-ages/hamster-ages/build-release/Build/Intermediates.noindex/GoogleMobileAds.build/Release-iphonesimulator/GoogleMobileAdsTarget.build/Objects-normal/arm64/GoogleMobileAdsTarget.SwiftFileList --source-file-list /Users/runner/work/hamster-ages/hamster-ages/build-release/Build/Intermediates.noindex/GoogleMobileAds.build/Release-iphonesimulator/GoogleMobileAdsTarget.build/Objects-normal/x86_64/GoogleMobileAdsTarget.SwiftFileList --metadata-file-list /Users/runner/work/hamster-ages/hamster-ages/build-release/Build/Intermediates.noindex/GoogleMobileAds.build/Release-iphonesimulator/GoogleMobileAdsTarget.build/GoogleMobileAdsTarget.DependencyMetadataFileList --static-metadata-file-list /Users/runner/work/hamster-ages/hamster-ages/build-release/Build/Intermediates.noindex/GoogleMobileAds.build/Release-iphonesimulator/GoogleMobileAdsTarget.build/GoogleMobileAdsTarget.DependencyStaticMetadataFileList --swift-const-vals-list /Users/runner/work/hamster-ages/hamster-ages/build-release/Build/Intermediates.noindex/GoogleMobileAds.build/Release-iphonesimulator/GoogleMobileAdsTarget.build/Objects-normal/arm64/GoogleMobileAdsTarget.SwiftConstValuesFileList --swift-const-vals-list /Users/runner/work/hamster-ages/hamster-ages/build-release/Build/Intermediates.noindex/GoogleMobileAds.build/Release-iphonesimulator/GoogleMobileAdsTarget.build/Objects-normal/x86_64/GoogleMobileAdsTarget.SwiftConstValuesFileList --force --compile-time-extraction --deployment-aware-processing --validate-assistant-intents --no-app-shortcuts-localization
2026-10-05 06:22:46.505 appintentsmetadataprocessor[3724:13997] Starting appintentsmetadataprocessor export
2026-10-05 06:22:46.622 appintentsmetadataprocessor[3724:13997] Extracted no relevant App Intents symbols, skipping writing output

SwiftExplicitDependencyGeneratePcm arm64 /Users/runner/work/hamster-ages/hamster-ages/build-release/ModuleCache.noindex/StoreKit-9RLV7LIKSOJDD7O23QPV3V7UF.pcm

SwiftExplicitDependencyGeneratePcm arm64 /Users/runner/work/hamster-ages/hamster-ages/build-release/ModuleCache.noindex/WebKit-63JYOAX7EZVX6BP6IPPLU1E2N.pcm

SwiftExplicitDependencyGeneratePcm arm64 /Users/runner/work/hamster-ages/hamster-ages/build-release/ModuleCache.noindex/ReplayKit-D5WYWWVJBL21P9ZMPB1UL8QDB.pcm

SwiftExplicitDependencyGeneratePcm arm64 /Users/runner/work/hamster-ages/hamster-ages/build-release/ModuleCache.noindex/GLKit-434N42OPOS5NI2MVB6WQ330W7.pcm

SwiftExplicitDependencyGeneratePcm arm64 /Users/runner/work/hamster-ages/hamster-ages/build-release/ModuleCache.noindex/GameController-BILQK6N6FZ75RZ32RA70PH1EY.pcm

SwiftExplicitDependencyGeneratePcm arm64 /Users/runner/work/hamster-ages/hamster-ages/build-release/Build/Intermediates.noindex/SwiftExplicitPrecompiledModules/GoogleMobileAds-BEOY7M00G6RMCJA7MZ88BLU8K.pcm

SwiftExplicitDependencyGeneratePcm arm64 /Users/runner/work/hamster-ages/hamster-ages/build-release/ModuleCache.noindex/SceneKit-CH6E7XZTS5Z38UHNOIVHSUQDB.pcm

SwiftExplicitDependencyGeneratePcm arm64 /Users/runner/work/hamster-ages/hamster-ages/build-release/ModuleCache.noindex/SpriteKit-DL8Y87F948IB4F0IJLI8XZJFD.pcm

SwiftExplicitDependencyGeneratePcm arm64 /Users/runner/work/hamster-ages/hamster-ages/build-release/ModuleCache.noindex/SwiftUI-BJOD5JPOEYWAV8LDA0FX5VC05.pcm

SwiftExplicitDependencyGeneratePcm arm64 /Users/runner/work/hamster-ages/hamster-ages/build-release/Build/Intermediates.noindex/SwiftExplicitPrecompiledModules/UserMessagingPlatform-BACKIPU84BCEMZO53XWB8HLSH.pcm

SwiftExplicitDependencyGeneratePcm arm64 /Users/runner/work/hamster-ages/hamster-ages/build-release/ModuleCache.noindex/GameplayKit-8H5MYXTFTW71UJUY2IV62NA71.pcm

RegisterExecutionPolicyException /Users/runner/work/hamster-ages/hamster-ages/build-release/Build/Products/Release-iphonesimulator/GoogleMobileAdsTarget.o (in target 'GoogleMobileAdsTarget' from project 'GoogleMobileAds')
    cd /Users/runner/work/hamster-ages/hamster-ages/build-release/SourcePackages/checkouts/swift-package-manager-google-mobile-ads
    builtin-RegisterExecutionPolicyException /Users/runner/work/hamster-ages/hamster-ages/build-release/Build/Products/Release-iphonesimulator/GoogleMobileAdsTarget.o

CpResource /Users/runner/work/hamster-ages/hamster-ages/build-release/Build/Products/Release-iphonesimulator/HamsterAges.app/PrivacyInfo.xcprivacy /Users/runner/work/hamster-ages/hamster-ages/HamsterAges/PrivacyInfo.xcprivacy (in target 'HamsterAges' from project 'HamsterAges')
    cd /Users/runner/work/hamster-ages/hamster-ages
    builtin-copy -exclude .DS_Store -exclude CVS -exclude .svn -exclude .git -exclude .hg -resolve-src-symlinks /Users/runner/work/hamster-ages/hamster-ages/HamsterAges/PrivacyInfo.xcprivacy /Users/runner/work/hamster-ages/hamster-ages/build-release/Build/Products/Release-iphonesimulator/HamsterAges.app

Copy /Users/runner/work/hamster-ages/hamster-ages/build-release/Build/Products/Release-iphonesimulator/HamsterAges.app/Frameworks/UserMessagingPlatform.framework /Users/runner/work/hamster-ages/hamster-ages/build-release/SourcePackages/artifacts/swift-package-manager-google-user-messaging-platform/UserMessagingPlatform/UserMessagingPlatform.xcframework/ios-arm64_x86_64-simulator/UserMessagingPlatform.framework (in target 'HamsterAges' from project 'HamsterAges')
    cd /Users/runner/work/hamster-ages/hamster-ages
    builtin-copy -exclude .DS_Store -exclude CVS -exclude .svn -exclude .git -exclude .hg -exclude Headers -exclude PrivateHeaders -exclude Modules -exclude \*.tbd -resolve-src-symlinks -remove-static-executable /Users/runner/work/hamster-ages/hamster-ages/build-release/SourcePackages/artifacts/swift-package-manager-google-user-messaging-platform/UserMessagingPlatform/UserMessagingPlatform.xcframework/ios-arm64_x86_64-simulator/UserMessagingPlatform.framework /Users/runner/work/hamster-ages/hamster-ages/build-release/Build/Products/Release-iphonesimulator/HamsterAges.app/Frameworks
note: Injecting stub binary into codeless framework (in target 'HamsterAges' from project 'HamsterAges')
    /Applications/Xcode_26.3.app/Contents/Developer/Toolchains/XcodeDefault.xctoolchain/usr/bin/clang -isysroot /Applications/Xcode_26.3.app/Contents/Developer/Platforms/iPhoneSimulator.platform/Developer/SDKs/iPhoneSimulator26.2.sdk -x c -c /dev/null -target arm64-apple-ios100.0-simulator -o /private/var/folders/nj/vtw8zd2j31d1gdrtntc5y4600000gn/T/swbuild.tmp.8izzIDRN/Data.noindex/arm64-apple.o
    /Applications/Xcode_26.3.app/Contents/Developer/Toolchains/XcodeDefault.xctoolchain/usr/bin/clang -isysroot /Applications/Xcode_26.3.app/Contents/Developer/Platforms/iPhoneSimulator.platform/Developer/SDKs/iPhoneSimulator26.2.sdk -dynamiclib -Xlinker -adhoc_codesign -target arm64-apple-ios100.0-simulator -o /private/var/folders/nj/vtw8zd2j31d1gdrtntc5y4600000gn/T/swbuild.tmp.8izzIDRN/Data.noindex/arm64-apple /private/var/folders/nj/vtw8zd2j31d1gdrtntc5y4600000gn/T/swbuild.tmp.8izzIDRN/Data.noindex/arm64-apple.o
    /Applications/Xcode_26.3.app/Contents/Developer/Toolchains/XcodeDefault.xctoolchain/usr/bin/clang -isysroot /Applications/Xcode_26.3.app/Contents/Developer/Platforms/iPhoneSimulator.platform/Developer/SDKs/iPhoneSimulator26.2.sdk -x c -c /dev/null -target x86_64-apple-ios100.0-simulator -o /private/var/folders/nj/vtw8zd2j31d1gdrtntc5y4600000gn/T/swbuild.tmp.8izzIDRN/Data.noindex/x86_64-apple.o
    /Applications/Xcode_26.3.app/Contents/Developer/Toolchains/XcodeDefault.xctoolchain/usr/bin/clang -isysroot /Applications/Xcode_26.3.app/Contents/Developer/Platforms/iPhoneSimulator.platform/Developer/SDKs/iPhoneSimulator26.2.sdk -dynamiclib -Xlinker -adhoc_codesign -target x86_64-apple-ios100.0-simulator -o /private/var/folders/nj/vtw8zd2j31d1gdrtntc5y4600000gn/T/swbuild.tmp.8izzIDRN/Data.noindex/x86_64-apple /private/var/folders/nj/vtw8zd2j31d1gdrtntc5y4600000gn/T/swbuild.tmp.8izzIDRN/Data.noindex/x86_64-apple.o
    /Applications/Xcode_26.3.app/Contents/Developer/Toolchains/XcodeDefault.xctoolchain/usr/bin/lipo -create -output /Users/runner/work/hamster-ages/hamster-ages/build-release/Build/Products/Release-iphonesimulator/HamsterAges.app/Frameworks/UserMessagingPlatform.framework/UserMessagingPlatform /private/var/folders/nj/vtw8zd2j31d1gdrtntc5y4600000gn/T/swbuild.tmp.8izzIDRN/Data.noindex/arm64-apple /private/var/folders/nj/vtw8zd2j31d1gdrtntc5y4600000gn/T/swbuild.tmp.8izzIDRN/Data.noindex/x86_64-apple

Copy /Users/runner/work/hamster-ages/hamster-ages/build-release/Build/Products/Release-iphonesimulator/HamsterAges.app/Frameworks/GoogleMobileAds.framework /Users/runner/work/hamster-ages/hamster-ages/build-release/SourcePackages/artifacts/swift-package-manager-google-mobile-ads/GoogleMobileAds/GoogleMobileAds.xcframework/ios-arm64_x86_64-simulator/GoogleMobileAds.framework (in target 'HamsterAges' from project 'HamsterAges')
    cd /Users/runner/work/hamster-ages/hamster-ages
    builtin-copy -exclude .DS_Store -exclude CVS -exclude .svn -exclude .git -exclude .hg -exclude Headers -exclude PrivateHeaders -exclude Modules -exclude \*.tbd -resolve-src-symlinks -remove-static-executable /Users/runner/work/hamster-ages/hamster-ages/build-release/SourcePackages/artifacts/swift-package-manager-google-mobile-ads/GoogleMobileAds/GoogleMobileAds.xcframework/ios-arm64_x86_64-simulator/GoogleMobileAds.framework /Users/runner/work/hamster-ages/hamster-ages/build-release/Build/Products/Release-iphonesimulator/HamsterAges.app/Frameworks
note: Injecting stub binary into codeless framework (in target 'HamsterAges' from project 'HamsterAges')
    /Applications/Xcode_26.3.app/Contents/Developer/Toolchains/XcodeDefault.xctoolchain/usr/bin/clang -isysroot /Applications/Xcode_26.3.app/Contents/Developer/Platforms/iPhoneSimulator.platform/Developer/SDKs/iPhoneSimulator26.2.sdk -x c -c /dev/null -target arm64-apple-ios13.0-simulator -o /private/var/folders/nj/vtw8zd2j31d1gdrtntc5y4600000gn/T/swbuild.tmp.Rfh1LKIQ/Data.noindex/arm64-apple.o
    /Applications/Xcode_26.3.app/Contents/Developer/Toolchains/XcodeDefault.xctoolchain/usr/bin/clang -isysroot /Applications/Xcode_26.3.app/Contents/Developer/Platforms/iPhoneSimulator.platform/Developer/SDKs/iPhoneSimulator26.2.sdk -dynamiclib -Xlinker -adhoc_codesign -target arm64-apple-ios13.0-simulator -o /private/var/folders/nj/vtw8zd2j31d1gdrtntc5y4600000gn/T/swbuild.tmp.Rfh1LKIQ/Data.noindex/arm64-apple /private/var/folders/nj/vtw8zd2j31d1gdrtntc5y4600000gn/T/swbuild.tmp.Rfh1LKIQ/Data.noindex/arm64-apple.o
    /Applications/Xcode_26.3.app/Contents/Developer/Toolchains/XcodeDefault.xctoolchain/usr/bin/clang -isysroot /Applications/Xcode_26.3.app/Contents/Developer/Platforms/iPhoneSimulator.platform/Developer/SDKs/iPhoneSimulator26.2.sdk -x c -c /dev/null -target x86_64-apple-ios13.0-simulator -o /private/var/folders/nj/vtw8zd2j31d1gdrtntc5y4600000gn/T/swbuild.tmp.Rfh1LKIQ/Data.noindex/x86_64-apple.o
    /Applications/Xcode_26.3.app/Contents/Developer/Toolchains/XcodeDefault.xctoolchain/usr/bin/clang -isysroot /Applications/Xcode_26.3.app/Contents/Developer/Platforms/iPhoneSimulator.platform/Developer/SDKs/iPhoneSimulator26.2.sdk -dynamiclib -Xlinker -adhoc_codesign -target x86_64-apple-ios13.0-simulator -o /private/var/folders/nj/vtw8zd2j31d1gdrtntc5y4600000gn/T/swbuild.tmp.Rfh1LKIQ/Data.noindex/x86_64-apple /private/var/folders/nj/vtw8zd2j31d1gdrtntc5y4600000gn/T/swbuild.tmp.Rfh1LKIQ/Data.noindex/x86_64-apple.o
    /Applications/Xcode_26.3.app/Contents/Developer/Toolchains/XcodeDefault.xctoolchain/usr/bin/lipo -create -output /Users/runner/work/hamster-ages/hamster-ages/build-release/Build/Products/Release-iphonesimulator/HamsterAges.app/Frameworks/GoogleMobileAds.framework/GoogleMobileAds /private/var/folders/nj/vtw8zd2j31d1gdrtntc5y4600000gn/T/swbuild.tmp.Rfh1LKIQ/Data.noindex/arm64-apple /private/var/folders/nj/vtw8zd2j31d1gdrtntc5y4600000gn/T/swbuild.tmp.Rfh1LKIQ/Data.noindex/x86_64-apple

SwiftExplicitDependencyGeneratePcm arm64 /Users/runner/work/hamster-ages/hamster-ages/build-release/ModuleCache.noindex/GameKit-DEHHQKDE217LRT2X3M88BOF3W.pcm

CompileXCStrings /Users/runner/work/hamster-ages/hamster-ages/build-release/Build/Intermediates.noindex/HamsterAges.build/Release-iphonesimulator/HamsterAges.build/ /Users/runner/work/hamster-ages/hamster-ages/HamsterAges/Localizable.xcstrings (in target 'HamsterAges' from project 'HamsterAges')
    cd /Users/runner/work/hamster-ages/hamster-ages
    /Applications/Xcode_26.3.app/Contents/Developer/usr/bin/xcstringstool compile --output-directory /Users/runner/work/hamster-ages/hamster-ages/build-release/Build/Intermediates.noindex/HamsterAges.build/Release-iphonesimulator/HamsterAges.build /Users/runner/work/hamster-ages/hamster-ages/HamsterAges/Localizable.xcstrings

ProcessInfoPlistFile /Users/runner/work/hamster-ages/hamster-ages/build-release/Build/Products/Release-iphonesimulator/HamsterAges.app/Info.plist /Users/runner/work/hamster-ages/hamster-ages/HamsterAges-Info.plist (in target 'HamsterAges' from project 'HamsterAges')
    cd /Users/runner/work/hamster-ages/hamster-ages
    builtin-infoPlistUtility /Users/runner/work/hamster-ages/hamster-ages/HamsterAges-Info.plist -producttype com.apple.product-type.application -genpkginfo /Users/runner/work/hamster-ages/hamster-ages/build-release/Build/Products/Release-iphonesimulator/HamsterAges.app/PkgInfo -expandbuildsettings -format binary -platform iphonesimulator -additionalcontentfile /Users/runner/work/hamster-ages/hamster-ages/build-release/Build/Intermediates.noindex/HamsterAges.build/Release-iphonesimulator/HamsterAges.build/assetcatalog_generated_info.plist -scanforprivacyfile /Users/runner/work/hamster-ages/hamster-ages/build-release/Build/Products/Release-iphonesimulator/HamsterAges.app/Frameworks/GoogleMobileAds.framework -scanforprivacyfile /Users/runner/work/hamster-ages/hamster-ages/build-release/Build/Products/Release-iphonesimulator/HamsterAges.app/Frameworks/UserMessagingPlatform.framework -o /Users/runner/work/hamster-ages/hamster-ages/build-release/Build/Products/Release-iphonesimulator/HamsterAges.app/Info.plist

SwiftCompile normal arm64 Compiling\ HamsterAgesApp.swift,\ ArtFactory.swift,\ BattleController.swift,\ BattleScene.swift,\ Tutorial.swift,\ BalanceHarness.swift,\ BattleAI.swift,\ BattleSimulation.swift,\ Cards.swift,\ GameConfig.swift,\ L10n.swift,\ Rats.swift,\ Variants.swift,\ Generals.swift,\ Pass.swift,\ Progress.swift,\ Quests.swift,\ RemoteConfig.swift,\ AdMob.swift,\ Analytics.swift,\ GameCenter.swift,\ Music.swift,\ Notifications.swift,\ Review.swift,\ Services.swift,\ Sound.swift,\ Store.swift,\ BattlePrepView.swift,\ BattleView.swift,\ CampaignMapView.swift,\ DebugArtSheet.swift,\ GeneralsView.swift,\ HomeView.swift,\ PassView.swift,\ QuestsView.swift,\ SettingsView.swift,\ ShopView.swift,\ Theme.swift,\ GeneratedAssetSymbols.swift /Users/runner/work/hamster-ages/hamster-ages/HamsterAges/App/HamsterAgesApp.swift /Users/runner/work/hamster-ages/hamster-ages/HamsterAges/Battle/ArtFactory.swift /Users/runner/work/hamster-ages/hamster-ages/HamsterAges/Battle/BattleController.swift /Users/runner/work/hamster-ages/hamster-ages/HamsterAges/Battle/BattleScene.swift /Users/runner/work/hamster-ages/hamster-ages/HamsterAges/Battle/Tutorial.swift /Users/runner/work/hamster-ages/hamster-ages/HamsterAges/Core/BalanceHarness.swift /Users/runner/work/hamster-ages/hamster-ages/HamsterAges/Core/BattleAI.swift /Users/runner/work/hamster-ages/hamster-ages/HamsterAges/Core/BattleSimulation.swift /Users/runner/work/hamster-ages/hamster-ages/HamsterAges/Core/Cards.swift /Users/runner/work/hamster-ages/hamster-ages/HamsterAges/Core/GameConfig.swift /Users/runner/work/hamster-ages/hamster-ages/HamsterAges/Core/L10n.swift /Users/runner/work/hamster-ages/hamster-ages/HamsterAges/Core/Rats.swift /Users/runner/work/hamster-ages/hamster-ages/HamsterAges/Core/Variants.swift /Users/runner/work/hamster-ages/hamster-ages/HamsterAges/Meta/Generals.swift /Users/runner/work/hamster-ages/hamster-ages/HamsterAges/Meta/Pass.swift /Users/runner/work/hamster-ages/hamster-ages/HamsterAges/Meta/Progress.swift /Users/runner/work/hamster-ages/hamster-ages/HamsterAges/Meta/Quests.swift /Users/runner/work/hamster-ages/hamster-ages/HamsterAges/Meta/RemoteConfig.swift /Users/runner/work/hamster-ages/hamster-ages/HamsterAges/Services/AdMob.swift /Users/runner/work/hamster-ages/hamster-ages/HamsterAges/Services/Analytics.swift /Users/runner/work/hamster-ages/hamster-ages/HamsterAges/Services/GameCenter.swift /Users/runner/work/hamster-ages/hamster-ages/HamsterAges/Services/Music.swift /Users/runner/work/hamster-ages/hamster-ages/HamsterAges/Services/Notifications.swift /Users/runner/work/hamster-ages/hamster-ages/HamsterAges/Services/Review.swift /Users/runner/work/hamster-ages/hamster-ages/HamsterAges/Services/Services.swift /Users/runner/work/hamster-ages/hamster-ages/HamsterAges/Services/Sound.swift /Users/runner/work/hamster-ages/hamster-ages/HamsterAges/Services/Store.swift /Users/runner/work/hamster-ages/hamster-ages/HamsterAges/UI/BattlePrepView.swift /Users/runner/work/hamster-ages/hamster-ages/HamsterAges/UI/BattleView.swift /Users/runner/work/hamster-ages/hamster-ages/HamsterAges/UI/CampaignMapView.swift /Users/runner/work/hamster-ages/hamster-ages/HamsterAges/UI/DebugArtSheet.swift /Users/runner/work/hamster-ages/hamster-ages/HamsterAges/UI/GeneralsView.swift /Users/runner/work/hamster-ages/hamster-ages/HamsterAges/UI/HomeView.swift /Users/runner/work/hamster-ages/hamster-ages/HamsterAges/UI/PassView.swift /Users/runner/work/hamster-ages/hamster-ages/HamsterAges/UI/QuestsView.swift /Users/runner/work/hamster-ages/hamster-ages/HamsterAges/UI/SettingsView.swift /Users/runner/work/hamster-ages/hamster-ages/HamsterAges/UI/ShopView.swift /Users/runner/work/hamster-ages/hamster-ages/HamsterAges/UI/Theme.swift /Users/runner/work/hamster-ages/hamster-ages/build-release/Build/Intermediates.noindex/HamsterAges.build/Release-iphonesimulator/HamsterAges.build/DerivedSources/GeneratedAssetSymbols.swift /Applications/Xcode_26.3.app/Contents/Developer/Toolchains/XcodeDefault.xctoolchain/usr/lib/swift/iphonesimulator/prebuilt-modules/26.2/LocalAuthentication.swiftmodule/arm64-apple-ios-simulator.swiftmodule /Applications/Xcode_26.3.app/Contents/Developer/Toolchains/XcodeDefault.xctoolchain/usr/lib/swift/iphonesimulator/prebuilt-modules/26.2/simd.swiftmodule/arm64-apple-ios-simulator.swiftmodule /Applications/Xcode_26.3.app/Contents/Developer/Toolchains/XcodeDefault.xctoolchain/usr/lib/swift/iphonesimulator/prebuilt-modules/26.2/GameplayKit.swiftmodule/arm64-apple-ios-simulator.swiftmodule /Applications/Xcode_26.3.app/Contents/Developer/Toolchains/XcodeDefault.xctoolchain/usr/lib/swift/iphonesimulator/prebuilt-modules/26.2/WebKit.swiftmodule/arm64-apple-ios-simulator.swiftmodule /Applications/Xcode_26.3.app/Contents/Developer/Toolchains/XcodeDefault.xctoolchain/usr/lib/swift/iphonesimulator/prebuilt-modules/26.2/_Concurrency.swiftmodule/arm64-apple-ios-simulator.swiftmodule /Applications/Xcode_26.3.app/Contents/Developer/Toolchains/XcodeDefault.xctoolchain/usr/lib/swift/iphonesimulator/prebuilt-modules/26.2/XPC.swiftmodule/arm64-apple-ios-simulator.swiftmodule /Applications/Xcode_26.3.app/Contents/Developer/Toolchains/XcodeDefault.xctoolchain/usr/lib/swift/iphonesimulator/prebuilt-modules/26.2/Symbols.swiftmodule/arm64-apple-ios-simulator.swiftmodule /Applications/Xcode_26.3.app/Contents/Developer/Toolchains/XcodeDefault.xctoolchain/usr/lib/swift/iphonesimulator/prebuilt-modules/26.2/_DarwinFoundation2.swiftmodule/arm64-apple-ios-simulator.swiftmodule /Applications/Xcode_26.3.app/Contents/Developer/Toolchains/XcodeDefault.xctoolchain/usr/lib/swift/iphonesimulator/prebuilt-modules/26.2/CoreFoundation.swiftmodule/arm64-apple-ios-simulator.swiftmodule /Applications/Xcode_26.3.app/Contents/Developer/Toolchains/XcodeDefault.xctoolchain/usr/lib/swift/iphonesimulator/prebuilt-modules/26.2/Dispatch.swiftmodule/arm64-apple-ios-simulator.swiftmodule /Applications/Xcode_26.3.app/Contents/Developer/Toolchains/XcodeDefault.xctoolchain/usr/lib/swift/iphonesimulator/prebuilt-modules/26.2/AVFoundation.swiftmodule/arm64-apple-ios-simulator.swiftmodule /Applications/Xcode_26.3.app/Contents/Developer/Toolchains/XcodeDefault.xctoolchain/usr/lib/swift/iphonesimulator/prebuilt-modules/26.2/_DarwinFoundation3.swiftmodule/arm64-apple-ios-simulator.swiftmodule /Applications/Xcode_26.3.app/Contents/Developer/Toolchains/XcodeDefault.xctoolchain/usr/lib/swift/iphonesimulator/prebuilt-modules/26.2/ObjectiveC.swiftmodule/arm64-apple-ios-simulator.swiftmodule /Applications/Xcode_26.3.app/Contents/Developer/Toolchains/XcodeDefault.xctoolchain/usr/lib/swift/iphonesimulator/prebuilt-modules/26.2/GameController.swiftmodule/arm64-apple-ios-simulator.swiftmodule /Applications/Xcode_26.3.app/Contents/Developer/Toolchains/XcodeDefault.xctoolchain/usr/lib/swift/iphonesimulator/prebuilt-modules/26.2/Contacts.swiftmodule/arm64-apple-ios-simulator.swiftmodule /Applications/Xcode_26.3.app/Contents/Developer/Toolchains/XcodeDefault.xctoolchain/usr/lib/swift/iphonesimulator/prebuilt-modules/26.2/_DarwinFoundation1.swiftmodule/arm64-apple-ios-simulator.swiftmodule /Applications/Xcode_26.3.app/Contents/Developer/Toolchains/XcodeDefault.xctoolchain/usr/lib/swift/iphonesimulator/prebuilt-modules/26.2/Spatial.swiftmodule/arm64-apple-ios-simulator.swiftmodule /Applications/Xcode_26.3.app/Contents/Developer/Toolchains/XcodeDefault.xctoolchain/usr/lib/swift/iphonesimulator/prebuilt-modules/26.2/OSLog.swiftmodule/arm64-apple-ios-simulator.swiftmodule /Applications/Xcode_26.3.app/Contents/Developer/Toolchains/XcodeDefault.xctoolchain/usr/lib/swift/iphonesimulator/prebuilt-modules/26.2/CryptoKit.swiftmodule/arm64-apple-ios-simulator.swiftmodule /Applications/Xcode_26.3.app/Contents/Developer/Toolchains/XcodeDefault.xctoolchain/usr/lib/swift/iphonesimulator/prebuilt-modules/26.2/SceneKit.swiftmodule/arm64-apple-ios-simulator.swiftmodule /Applications/Xcode_26.3.app/Contents/Developer/Toolchains/XcodeDefault.xctoolchain/usr/lib/swift/iphonesimulator/prebuilt-modules/26.2/_Builtin_float.swiftmodule/arm64-apple-ios-simulator.swiftmodule /Applications/Xcode_26.3.app/Contents/Developer/Toolchains/XcodeDefault.xctoolchain/usr/lib/swift/iphonesimulator/prebuilt-modules/26.2/StoreKit.swiftmodule/arm64-apple-ios-simulator.swiftmodule /Applications/Xcode_26.3.app/Contents/Developer/Toolchains/XcodeDefault.xctoolchain/usr/lib/swift/iphonesimulator/prebuilt-modules/26.2/UniformTypeIdentifiers.swiftmodule/arm64-apple-ios-simulator.swiftmodule /Applications/Xcode_26.3.app/Contents/Developer/Toolchains/XcodeDefault.xctoolchain/usr/lib/swift/iphonesimulator/prebuilt-modules/26.2/AudioToolbox.swiftmodule/arm64-apple-ios-simulator.swiftmodule /Applications/Xcode_26.3.app/Contents/Developer/Toolchains/XcodeDefault.xctoolchain/usr/lib/swift/iphonesimulator/prebuilt-modules/26.2/CoreText.swiftmodule/arm64-apple-ios-simulator.swiftmodule /Applications/Xcode_26.3.app/Contents/Developer/Toolchains/XcodeDefault.xctoolchain/usr/lib/swift/iphonesimulator/prebuilt-modules/26.2/Distributed.swiftmodule/arm64-apple-ios-simulator.swiftmodule /Applications/Xcode_26.3.app/Contents/Developer/Toolchains/XcodeDefault.xctoolchain/usr/lib/swift/iphonesimulator/prebuilt-modules/26.2/Swift.swiftmodule/arm64-apple-ios-simulator.swiftmodule /Applications/Xcode_26.3.app/Contents/Developer/Toolchains/XcodeDefault.xctoolchain/usr/lib/swift/iphonesimulator/prebuilt-modules/26.2/GameKit.swiftmodule/arm64-apple-ios-simulator.swiftmodule /Applications/Xcode_26.3.app/Contents/Developer/Toolchains/XcodeDefault.xctoolchain/usr/lib/swift/iphonesimulator/prebuilt-modules/26.2/QuartzCore.swiftmodule/arm64-apple-ios-simulator.swiftmodule /Applications/Xcode_26.3.app/Contents/Developer/Toolchains/XcodeDefault.xctoolchain/usr/lib/swift/iphonesimulator/prebuilt-modules/26.2/SwiftUICore.swiftmodule/arm64-apple-ios-simulator.swiftmodule /Applications/Xcode_26.3.app/Contents/Developer/Toolchains/XcodeDefault.xctoolchain/usr/lib/swift/iphonesimulator/prebuilt-modules/26.2/CoreMIDI.swiftmodule/arm64-apple-ios-simulator.swiftmodule /Applications/Xcode_26.3.app/Contents/Developer/Toolchains/XcodeDefault.xctoolchain/usr/lib/swift/iphonesimulator/prebuilt-modules/26.2/SpriteKit.swiftmodule/arm64-apple-ios-simulator.swiftmodule /Applications/Xcode_26.3.app/Contents/Developer/Toolchains/XcodeDefault.xctoolchain/usr/lib/swift/iphonesimulator/prebuilt-modules/26.2/CoreVideo.swiftmodule/arm64-apple-ios-simulator.swiftmodule /Applications/Xcode_26.3.app/Contents/Developer/Toolchains/XcodeDefault.xctoolchain/usr/lib/swift/iphonesimulator/prebuilt-modules/26.2/_StringProcessing.swiftmodule/arm64-apple-ios-simulator.swiftmodule /Applications/Xcode_26.3.app/Contents/Developer/Toolchains/XcodeDefault.xctoolchain/usr/lib/swift/iphonesimulator/prebuilt-modules/26.2/Synchronization.swiftmodule/arm64-apple-ios-simulator.swiftmodule /Applications/Xcode_26.3.app/Contents/Developer/Toolchains/XcodeDefault.xctoolchain/usr/lib/swift/iphonesimulator/prebuilt-modules/26.2/FileProvider.swiftmodule/arm64-apple-ios-simulator.swiftmodule /Applications/Xcode_26.3.app/Contents/Developer/Toolchains/XcodeDefault.xctoolchain/usr/lib/swift/iphonesimulator/prebuilt-modules/26.2/Accessibility.swiftmodule/arm64-apple-ios-simulator.swiftmodule /Applications/Xcode_26.3.app/Contents/Developer/Toolchains/XcodeDefault.xctoolchain/usr/lib/swift/iphonesimulator/prebuilt-modules/26.2/CoreData.swiftmodule/arm64-apple-ios-simulator.swiftmodule /Applications/Xcode_26.3.app/Contents/Developer/Toolchains/XcodeDefault.xctoolchain/usr/lib/swift/iphonesimulator/prebuilt-modules/26.2/Network.swiftmodule/arm64-apple-ios-simulator.swiftmodule /Applications/Xcode_26.3.app/Contents/Developer/Toolchains/XcodeDefault.xctoolchain/usr/lib/swift/iphonesimulator/prebuilt-modules/26.2/UIKit.swiftmodule/arm64-apple-ios-simulator.swiftmodule /Applications/Xcode_26.3.app/Contents/Developer/Toolchains/XcodeDefault.xctoolchain/usr/lib/swift/iphonesimulator/prebuilt-modules/26.2/System.swiftmodule/arm64-apple-ios-simulator.swiftmodule /Applications/Xcode_26.3.app/Contents/Developer/Toolchains/XcodeDefault.xctoolchain/usr/lib/swift/iphonesimulator/prebuilt-modules/26.2/AVFAudio.swiftmodule/arm64-apple-ios-simulator.swiftmodule /Applications/Xcode_26.3.app/Contents/Developer/Toolchains/XcodeDefault.xctoolchain/usr/lib/swift/iphonesimulator/prebuilt-modules/26.2/CoreMedia.swiftmodule/arm64-apple-ios-simulator.swiftmodule /Applications/Xcode_26.3.app/Contents/Developer/Toolchains/XcodeDefault.xctoolchain/usr/lib/swift/iphonesimulator/prebuilt-modules/26.2/SwiftUI.swiftmodule/arm64-apple-ios-simulator.swiftmodule /Applications/Xcode_26.3.app/Contents/Developer/Toolchains/XcodeDefault.xctoolchain/usr/lib/swift/iphonesimulator/prebuilt-modules/26.2/CoreImage.swiftmodule/arm64-apple-ios-simulator.swiftmodule /Applications/Xcode_26.3.app/Contents/Developer/Toolchains/XcodeDefault.xctoolchain/usr/lib/swift/iphonesimulator/prebuilt-modules/26.2/GLKit.swiftmodule/arm64-apple-ios-simulator.swiftmodule /Applications/Xcode_26.3.app/Contents/Developer/Toolchains/XcodeDefault.xctoolchain/usr/lib/swift/iphonesimulator/prebuilt-modules/26.2/DataDetection.swiftmodule/arm64-apple-ios-simulator.swiftmodule /Applications/Xcode_26.3.app/Contents/Developer/Toolchains/XcodeDefault.xctoolchain/usr/lib/swift/iphonesimulator/prebuilt-modules/26.2/_SpriteKit_SwiftUI.swiftmodule/arm64-apple-ios-simulator.swiftmodule /Applications/Xcode_26.3.app/Contents/Developer/Toolchains/XcodeDefault.xctoolchain/usr/lib/swift/iphonesimulator/prebuilt-modules/26.2/Observation.swiftmodule/arm64-apple-ios-simulator.swiftmodule /Applications/Xcode_26.3.app/Contents/Developer/Toolchains/XcodeDefault.xctoolchain/usr/lib/swift/iphonesimulator/prebuilt-modules/26.2/DeveloperToolsSupport.swiftmodule/arm64-apple-ios-simulator.swiftmodule /Applications/Xcode_26.3.app/Contents/Developer/Toolchains/XcodeDefault.xctoolchain/usr/lib/swift/iphonesimulator/prebuilt-modules/26.2/CoreAudio.swiftmodule/arm64-apple-ios-simulator.swiftmodule /Applications/Xcode_26.3.app/Contents/Developer/Toolchains/XcodeDefault.xctoolchain/usr/lib/swift/iphonesimulator/prebuilt-modules/26.2/Darwin.swiftmodule/arm64-apple-ios-simulator.swiftmodule /Applications/Xcode_26.3.app/Contents/Developer/Toolchains/XcodeDefault.xctoolchain/usr/lib/swift/iphonesimulator/prebuilt-modules/26.2/ExtensionFoundation.swiftmodule/arm64-apple-ios-simulator.swiftmodule /Applications/Xcode_26.3.app/Contents/Developer/Toolchains/XcodeDefault.xctoolchain/usr/lib/swift/iphonesimulator/prebuilt-modules/26.2/CoreTransferable.swiftmodule/arm64-apple-ios-simulator.swiftmodule /Applications/Xcode_26.3.app/Contents/Developer/Toolchains/XcodeDefault.xctoolchain/usr/lib/swift/iphonesimulator/prebuilt-modules/26.2/BackgroundAssets.swiftmodule/arm64-apple-ios-simulator.swiftmodule /Applications/Xcode_26.3.app/Contents/Developer/Toolchains/XcodeDefault.xctoolchain/usr/lib/swift/iphonesimulator/prebuilt-modules/26.2/CoreGraphics.swiftmodule/arm64-apple-ios-simulator.swiftmodule /Applications/Xcode_26.3.app/Contents/Developer/Toolchains/XcodeDefault.xctoolchain/usr/lib/swift/iphonesimulator/prebuilt-modules/26.2/Combine.swiftmodule/arm64-apple-ios-simulator.swiftmodule /Applications/Xcode_26.3.app/Contents/Developer/Toolchains/XcodeDefault.xctoolchain/usr/lib/swift/iphonesimulator/prebuilt-modules/26.2/Foundation.swiftmodule/arm64-apple-ios-simulator.swiftmodule /Applications/Xcode_26.3.app/Contents/Developer/Toolchains/XcodeDefault.xctoolchain/usr/lib/swift/iphonesimulator/prebuilt-modules/26.2/os.swiftmodule/arm64-apple-ios-simulator.swiftmodule /Applications/Xcode_26.3.app/Contents/Developer/Toolchains/XcodeDefault.xctoolchain/usr/lib/swift/iphonesimulator/prebuilt-modules/26.2/Metal.swiftmodule/arm64-apple-ios-simulator.swiftmodule /Applications/Xcode_26.3.app/Contents/Developer/Toolchains/XcodeDefault.xctoolchain/usr/lib/swift/iphonesimulator/prebuilt-modules/26.2/_StoreKit_SwiftUI.swiftmodule/arm64-apple-ios-simulator.swiftmodule /Applications/Xcode_26.3.app/Contents/Developer/Toolchains/XcodeDefault.xctoolchain/usr/lib/swift/iphonesimulator/prebuilt-modules/26.2/ModelIO.swiftmodule/arm64-apple-ios-simulator.swiftmodule /Users/runner/work/hamster-ages/hamster-ages/build-release/ModuleCache.noindex/ObjectiveC-9VA9M24QXXNZ36MKE4F3VI6KX.pcm /Users/runner/work/hamster-ages/hamster-ages/build-release/ModuleCache.noindex/_DarwinFoundation1-4Z1ZYSOW37DMEPM1Y071UDMRG.pcm /Users/runner/work/hamster-ages/hamster-ages/build-release/ModuleCache.noindex/Foundation-CPHGTV6B74OBMOQXBW2VEXN2A.pcm /Users/runner/work/hamster-ages/hamster-ages/build-release/ModuleCache.noindex/Security-BJYVYOYY527SVFQ8L5TPZH2FN.pcm /Users/runner/work/hamster-ages/hamster-ages/build-release/ModuleCache.noindex/_Builtin_tgmath-UIQIE7X4KULXVNEBT6YKADNI.pcm /Users/runner/work/hamster-ages/hamster-ages/build-release/ModuleCache.noindex/DataDetection-CC6XT27PMHTEQVNZWQ0MEXKOP.pcm /Users/runner/work/hamster-ages/hamster-ages/build-release/ModuleCache.noindex/CoreImage-F2JE6ZNJ43K8GZXYFT59Q7W6J.pcm /Users/runner/work/hamster-ages/hamster-ages/build-release/ModuleCache.noindex/_Builtin_stdbool-48O0041IHB4Z9GVFJMJDTBF0C.pcm /Users/runner/work/hamster-ages/hamster-ages/build-release/ModuleCache.noindex/GameController-BILQK6N6FZ75RZ32RA70PH1EY.pcm /Users/runner/work/hamster-ages/hamster-ages/build-release/ModuleCache.noindex/CoreMIDI-BSJNRRSI3QJ72AD5OHZY7LBRX.pcm /Users/runner/work/hamster-ages/hamster-ages/build-release/ModuleCache.noindex/CoreAudioTypes-EGSM8OQZC8PQB3N8TP8DXSZ9M.pcm /Users/runner/work/hamster-ages/hamster-ages/build-release/ModuleCache.noindex/_Builtin_stdint-3RTH6GR0MJG5PZP9ZKNGZWQQ4.pcm /Users/runner/work/hamster-ages/hamster-ages/build-release/ModuleCache.noindex/XPC-CGQIIZ2B6VHUTQNZN36URAOIY.pcm /Users/runner/work/hamster-ages/hamster-ages/build-release/ModuleCache.noindex/SwiftUICore-AZ3GVU1VF65VZIU4C3SQT59HS.pcm /Users/runner/work/hamster-ages/hamster-ages/build-release/ModuleCache.noindex/GameKit-DEHHQKDE217LRT2X3M88BOF3W.pcm /Users/runner/work/hamster-ages/hamster-ages/build-release/ModuleCache.noindex/_StoreKit_SwiftUI-73YK8RISPJ9VY81LVS3DQYM7G.pcm /Users/runner/work/hamster-ages/hamster-ages/build-release/ModuleCache.noindex/FileProvider-3X6NN35L1H8DHK3QO8Z1SYOE.pcm /Users/runner/work/hamster-ages/hamster-ages/build-release/ModuleCache.noindex/Contacts-3GPK9V1KAC8D4EAFNKZ5STQ1D.pcm /Users/runner/work/hamster-ages/hamster-ages/build-release/ModuleCache.noindex/CFNetwork-D10GX8NWEWNXP1C21DEXH9EX0.pcm /Users/runner/work/hamster-ages/hamster-ages/build-release/ModuleCache.noindex/UIUtilities-4DNUP3OR8ZXM0HJYZ5R5MDO40.pcm /Users/runner/work/hamster-ages/hamster-ages/build-release/ModuleCache.noindex/SpriteKit-DL8Y87F948IB4F0IJLI8XZJFD.pcm /Users/runner/work/hamster-ages/hamster-ages/build-release/ModuleCache.noindex/Symbols-8XQTVA5D0KKDMI73RTAFIZ0BY.pcm /Users/runner/work/hamster-ages/hamster-ages/build-release/ModuleCache.noindex/CoreMedia-1QPH5CYONJN93E486QAIBTP5C.pcm /Users/runner/work/hamster-ages/hamster-ages/build-release/ModuleCache.noindex/_Builtin_stddef-9Z4CNRJIWKRSBQV0QWQ4R0L6A.pcm /Users/runner/work/hamster-ages/hamster-ages/build-release/ModuleCache.noindex/CoreVideo-3W3S32TH6P35V443JAH5RGZH6.pcm /Users/runner/work/hamster-ages/hamster-ages/build-release/ModuleCache.noindex/os-6E8VT7PJLI1Z7Y6IBMBWTQ1M3.pcm /Users/runner/work/hamster-ages/hamster-ages/build-release/ModuleCache.noindex/os_object-CIMKFM6AIC40DEOILXQIFMPB.pcm /Users/runner/work/hamster-ages/hamster-ages/build-release/ModuleCache.noindex/UserNotifications-5AO7PNONUJCAMK9F3X5CMOZIQ.pcm /Users/runner/work/hamster-ages/hamster-ages/build-release/ModuleCache.noindex/_Builtin_stdarg-1HTOSG16QT9599YGVLD19ONYA.pcm /Users/runner/work/hamster-ages/hamster-ages/build-release/ModuleCache.noindex/Darwin-AUCCSVM177K6I3K2RBZNFC1NK.pcm /Users/runner/work/hamster-ages/hamster-ages/build-release/ModuleCache.noindex/WebKit-63JYOAX7EZVX6BP6IPPLU1E2N.pcm /Users/runner/work/hamster-ages/hamster-ages/build-release/ModuleCache.noindex/IOSurface-1DD1M9XHQ2PDYKZL78W9YFE6T.pcm /Users/runner/work/hamster-ages/hamster-ages/build-release/ModuleCache.noindex/CoreServices-AVO39NQRRKTMXJYDI9TC5A5OM.pcm /Users/runner/work/hamster-ages/hamster-ages/build-release/ModuleCache.noindex/CoreFoundation-7JOKYQEOP78KHWRY0HSJUL2LQ.pcm /Users/runner/work/hamster-ages/hamster-ages/build-release/ModuleCache.noindex/Dispatch-837RSP0L6FOHB22LW722P408G.pcm /Users/runner/work/hamster-ages/hamster-ages/build-release/ModuleCache.noindex/AppTrackingTransparency-DSUKAZFEL6DLVVFR2T7RI1OCR.pcm /Users/runner/work/hamster-ages/hamster-ages/build-release/ModuleCache.noindex/ModelIO-574VY0OYMSHAMAY9O50STVY8Z.pcm /Users/runner/work/hamster-ages/hamster-ages/build-release/ModuleCache.noindex/ptrauth-9OIGV67Y8FPOZ0HANIC7O41C2.pcm /Users/runner/work/hamster-ages/hamster-ages/build-release/ModuleCache.noindex/_DarwinFoundation2-MSN2RE5S7C351GI55AKYBUW6.pcm /Users/runner/work/hamster-ages/hamster-ages/build-release/ModuleCache.noindex/ExtensionFoundation-5DWBZYY0IGQOIAPVXGBXMSOVD.pcm /Users/runner/work/hamster-ages/hamster-ages/build-release/ModuleCache.noindex/_Builtin_limits-88X414JVRVDD6LYG1AYFYFXEB.pcm /Users/runner/work/hamster-ages/hamster-ages/build-release/ModuleCache.noindex/CoreGraphics-6DHN8NXI5MKI9A97EUY2AVBLJ.pcm /Users/runner/work/hamster-ages/hamster-ages/build-release/ModuleCache.noindex/CoreTransferable-1YKN0Y1UVUEJXPMOAGVEWNRLI.pcm /Users/runner/work/hamster-ages/hamster-ages/build-release/ModuleCache.noindex/Network-8YE8WSTRWLOZDV18LJHVN45D4.pcm /Users/runner/work/hamster-ages/hamster-ages/build-release/ModuleCache.noindex/AVFoundation-DWUBQM19Z0II8Q2XPUNJM2CRF.pcm /Users/runner/work/hamster-ages/hamster-ages/build-release/ModuleCache.noindex/AVFAudio-3DT3CCY87790Z432DFBZ0AQ3T.pcm /Users/runner/work/hamster-ages/hamster-ages/build-release/ModuleCache.noindex/ReplayKit-D5WYWWVJBL21P9ZMPB1UL8QDB.pcm /Users/runner/work/hamster-ages/hamster-ages/build-release/Build/Intermediates.noindex/SwiftExplicitPrecompiledModules/GoogleMobileAds-BEOY7M00G6RMCJA7MZ88BLU8K.pcm /Users/runner/work/hamster-ages/hamster-ages/build-release/ModuleCache.noindex/AVRouting-DL2P9RDXMC5Y15C5ECDZZL6RW.pcm /Users/runner/work/hamster-ages/hamster-ages/build-release/ModuleCache.noindex/CoreData-1U8LP6YDUWMD3IGYDBHEEF7XK.pcm /Users/runner/work/hamster-ages/hamster-ages/build-release/ModuleCache.noindex/GLKit-434N42OPOS5NI2MVB6WQ330W7.pcm /Users/runner/work/hamster-ages/hamster-ages/build-release/ModuleCache.noindex/CoreAudio-4DW73SE50PC4EW1CTNJS9QHTY.pcm /Users/runner/work/hamster-ages/hamster-ages/build-release/ModuleCache.noindex/AudioToolbox-H3HMAB16RZOU81CUHMNLL10S.pcm /Users/runner/work/hamster-ages/hamster-ages/build-release/ModuleCache.noindex/dnssd-6EC8XJ1VPZCXTL4CXNL023QI5.pcm /Users/runner/work/hamster-ages/hamster-ages/build-release/ModuleCache.noindex/MediaToolbox-J3632V80FUU0JO29S0QU0Q6B.pcm /Users/runner/work/hamster-ages/hamster-ages/build-release/ModuleCache.noindex/CoreText-64XIEFL7VL3JH4JTM1V5GI9AS.pcm /Users/runner/work/hamster-ages/hamster-ages/build-release/ModuleCache.noindex/GameplayKit-8H5MYXTFTW71UJUY2IV62NA71.pcm /Users/runner/work/hamster-ages/hamster-ages/build-release/ModuleCache.noindex/Accessibility-35X586A63FYNOEAXYS50WAGQ2.pcm /Users/runner/work/hamster-ages/hamster-ages/build-release/ModuleCache.noindex/simd-A2DCFI9Q0FKHRBQGOTLZRRTZB.pcm /Users/runner/work/hamster-ages/hamster-ages/build-release/ModuleCache.noindex/_Builtin_intrinsics-67EXCE0AD3POXRCT6ZFG64UV0.pcm /Users/runner/work/hamster-ages/hamster-ages/build-release/ModuleCache.noindex/OSLog-CDTD2S60VWMSO7JKVB1LDWPQM.pcm /Users/runner/work/hamster-ages/hamster-ages/build-release/ModuleCache.noindex/SwiftShims-BUG05HUNZPA3A0TSLQR1DTRTO.pcm /Users/runner/work/hamster-ages/hamster-ages/build-release/ModuleCache.noindex/OpenGLES-8XNCY72TBAGXCZ2CUSKGSHPUH.pcm /Users/runner/work/hamster-ages/hamster-ages/build-release/ModuleCache.noindex/MachO-6L6ZWD7SNCAP97J8GPXYHG405.pcm /Users/runner/work/hamster-ages/hamster-ages/build-release/ModuleCache.noindex/SwiftUI-BJOD5JPOEYWAV8LDA0FX5VC05.pcm /Users/runner/work/hamster-ages/hamster-ages/build-release/ModuleCache.noindex/_Builtin_float-7L0TLSHP4RJSU3B4DBQE8PB0I.pcm /Users/runner/work/hamster-ages/hamster-ages/build-release/ModuleCache.noindex/_Builtin_inttypes-23PDV73ASFNT81WCKSMQVRKJ.pcm /Users/runner/work/hamster-ages/hamster-ages/build-release/ModuleCache.noindex/BackgroundAssets-9T9NGZ8UO2DZRRR9PG7PBZ95D.pcm /Users/runner/work/hamster-ages/hamster-ages/build-release/ModuleCache.noindex/UIKit-BXRLQ3U7UA70MV7B7DCTL3S1F.pcm /Users/runner/work/hamster-ages/hamster-ages/build-release/ModuleCache.noindex/ImageIO-V4Q6ZVVLPLPN2Y1RNKNTNHMB.pcm /Users/runner/work/hamster-ages/hamster-ages/build-release/ModuleCache.noindex/Spatial-8ZSXKKIEPD4JW17WB8TQ3TAXD.pcm /Users/runner/work/hamster-ages/hamster-ages/build-release/ModuleCache.noindex/_Builtin_stdatomic-7L5V8TE6ZMK1G60DQN31ACPHM.pcm /Users/runner/work/hamster-ages/hamster-ages/build-release/ModuleCache.noindex/StoreKit-9RLV7LIKSOJDD7O23QPV3V7UF.pcm /Users/runner/work/hamster-ages/hamster-ages/build-release/ModuleCache.noindex/SceneKit-CH6E7XZTS5Z38UHNOIVHSUQDB.pcm /Users/runner/work/hamster-ages/hamster-ages/build-release/ModuleCache.noindex/os_workgroup-5YA6MOTPWU2B3Y04Z5A8BNH2W.pcm /Users/runner/work/hamster-ages/hamster-ages/build-release/ModuleCache.noindex/ptrcheck-7P3A5FIIGD1XIG4H91NCOJ8YS.pcm /Users/runner/work/hamster-ages/hamster-ages/build-release/ModuleCache.noindex/Metal-2FMQR36JI33H1JRRD5AS3KONV.pcm /Users/runner/work/hamster-ages/hamster-ages/build-release/ModuleCache.noindex/LocalAuthentication-CGPOT6QH4I9LXJTULMNRWLKX0.pcm /Users/runner/work/hamster-ages/hamster-ages/build-release/ModuleCache.noindex/_AvailabilityInternal-5PVG74J0IF17FM76J2U9SKOY0.pcm /Users/runner/work/hamster-ages/hamster-ages/build-release/ModuleCache.noindex/_DarwinFoundation3-7AY6E3OY2727YFEDF7ABBVN8Q.pcm /Users/runner/work/hamster-ages/hamster-ages/build-release/ModuleCache.noindex/sys_types-8Q5JJGW5SUIQ3QGNHJJJADKK8.pcm /Users/runner/work/hamster-ages/hamster-ages/build-release/ModuleCache.noindex/QuartzCore-2VQUIMCSMNK1JHFPPPNHS1B1H.pcm /Users/runner/work/hamster-ages/hamster-ages/build-release/ModuleCache.noindex/UniformTypeIdentifiers-2ZS8M4JCDK6XTLZTX7W8HDQUF.pcm /Users/runner/work/hamster-ages/hamster-ages/build-release/Build/Intermediates.noindex/SwiftExplicitPrecompiledModules/UserMessagingPlatform-BACKIPU84BCEMZO53XWB8HLSH.pcm /Users/runner/work/hamster-ages/hamster-ages/build-release/ModuleCache.noindex/_SwiftConcurrencyShims-EBTGNNRG1LTF4FZG0NBNQTB0N.pcm /Users/runner/work/hamster-ages/hamster-ages/build-release/ModuleCache.noindex/DeveloperToolsSupport-19H34FGJDXQ1ZB17PZ5NRA0D2.pcm /Users/runner/work/hamster-ages/hamster-ages/build-release/Build/Intermediates.noindex/HamsterAges.build/Release-iphonesimulator/HamsterAges.build/Objects-normal/arm64/HamsterAges-dependencies-2.json (in target 'HamsterAges' from project 'HamsterAges')
CompileSwift normal arm64 (in target 'HamsterAges' from project 'HamsterAges')
    cd /Users/runner/work/hamster-ages/hamster-ages
    

CompileXCStrings /Users/runner/work/hamster-ages/hamster-ages/build-release/Build/Intermediates.noindex/HamsterAges.build/Release-iphonesimulator/HamsterAges.build/ /Users/runner/work/hamster-ages/hamster-ages/HamsterAges/InfoPlist.xcstrings (in target 'HamsterAges' from project 'HamsterAges')
    cd /Users/runner/work/hamster-ages/hamster-ages
    /Applications/Xcode_26.3.app/Contents/Developer/usr/bin/xcstringstool compile --output-directory /Users/runner/work/hamster-ages/hamster-ages/build-release/Build/Intermediates.noindex/HamsterAges.build/Release-iphonesimulator/HamsterAges.build /Users/runner/work/hamster-ages/hamster-ages/HamsterAges/InfoPlist.xcstrings

CopyStringsFile /Users/runner/work/hamster-ages/hamster-ages/build-release/Build/Products/Release-iphonesimulator/HamsterAges.app/zh-Hant.lproj/Localizable.strings /Users/runner/work/hamster-ages/hamster-ages/build-release/Build/Intermediates.noindex/HamsterAges.build/Release-iphonesimulator/HamsterAges.build/zh-Hant.lproj/Localizable.strings (in target 'HamsterAges' from project 'HamsterAges')
    cd /Users/runner/work/hamster-ages/hamster-ages
    builtin-copyStrings --validate --outputencoding binary --outfilename Localizable.strings --outdir /Users/runner/work/hamster-ages/hamster-ages/build-release/Build/Products/Release-iphonesimulator/HamsterAges.app/zh-Hant.lproj -- /Users/runner/work/hamster-ages/hamster-ages/build-release/Build/Intermediates.noindex/HamsterAges.build/Release-iphonesimulator/HamsterAges.build/zh-Hant.lproj/Localizable.strings
/Users/runner/work/hamster-ages/hamster-ages/build-release/Build/Intermediates.noindex/HamsterAges.build/Release-iphonesimulator/HamsterAges.build/zh-Hant.lproj/Localizable.strings:1:1: note: detected encoding of input file as Unicode (UTF-8) (in target 'HamsterAges' from project 'HamsterAges')

CopyStringsFile /Users/runner/work/hamster-ages/hamster-ages/build-release/Build/Products/Release-iphonesimulator/HamsterAges.app/zh-Hant.lproj/InfoPlist.strings /Users/runner/work/hamster-ages/hamster-ages/build-release/Build/Intermediates.noindex/HamsterAges.build/Release-iphonesimulator/HamsterAges.build/zh-Hant.lproj/InfoPlist.strings (in target 'HamsterAges' from project 'HamsterAges')
    cd /Users/runner/work/hamster-ages/hamster-ages
    builtin-copyStrings --validate --outputencoding binary --outfilename InfoPlist.strings --outdir /Users/runner/work/hamster-ages/hamster-ages/build-release/Build/Products/Release-iphonesimulator/HamsterAges.app/zh-Hant.lproj -- /Users/runner/work/hamster-ages/hamster-ages/build-release/Build/Intermediates.noindex/HamsterAges.build/Release-iphonesimulator/HamsterAges.build/zh-Hant.lproj/InfoPlist.strings
/Users/runner/work/hamster-ages/hamster-ages/build-release/Build/Intermediates.noindex/HamsterAges.build/Release-iphonesimulator/HamsterAges.build/zh-Hant.lproj/InfoPlist.strings:1:1: note: detected encoding of input file as Unicode (UTF-8) (in target 'HamsterAges' from project 'HamsterAges')

CopyStringsFile /Users/runner/work/hamster-ages/hamster-ages/build-release/Build/Products/Release-iphonesimulator/HamsterAges.app/zh-Hans.lproj/Localizable.strings /Users/runner/work/hamster-ages/hamster-ages/build-release/Build/Intermediates.noindex/HamsterAges.build/Release-iphonesimulator/HamsterAges.build/zh-Hans.lproj/Localizable.strings (in target 'HamsterAges' from project 'HamsterAges')
    cd /Users/runner/work/hamster-ages/hamster-ages
    builtin-copyStrings --validate --outputencoding binary --outfilename Localizable.strings --outdir /Users/runner/work/hamster-ages/hamster-ages/build-release/Build/Products/Release-iphonesimulator/HamsterAges.app/zh-Hans.lproj -- /Users/runner/work/hamster-ages/hamster-ages/build-release/Build/Intermediates.noindex/HamsterAges.build/Release-iphonesimulator/HamsterAges.build/zh-Hans.lproj/Localizable.strings
/Users/runner/work/hamster-ages/hamster-ages/build-release/Build/Intermediates.noindex/HamsterAges.build/Release-iphonesimulator/HamsterAges.build/zh-Hans.lproj/Localizable.strings:1:1: note: detected encoding of input file as Unicode (UTF-8) (in target 'HamsterAges' from project 'HamsterAges')

CopyStringsFile /Users/runner/work/hamster-ages/hamster-ages/build-release/Build/Products/Release-iphonesimulator/HamsterAges.app/zh-Hans.lproj/InfoPlist.strings /Users/runner/work/hamster-ages/hamster-ages/build-release/Build/Intermediates.noindex/HamsterAges.build/Release-iphonesimulator/HamsterAges.build/zh-Hans.lproj/InfoPlist.strings (in target 'HamsterAges' from project 'HamsterAges')
    cd /Users/runner/work/hamster-ages/hamster-ages
    builtin-copyStrings --validate --outputencoding binary --outfilename InfoPlist.strings --outdir /Users/runner/work/hamster-ages/hamster-ages/build-release/Build/Products/Release-iphonesimulator/HamsterAges.app/zh-Hans.lproj -- /Users/runner/work/hamster-ages/hamster-ages/build-release/Build/Intermediates.noindex/HamsterAges.build/Release-iphonesimulator/HamsterAges.build/zh-Hans.lproj/InfoPlist.strings
/Users/runner/work/hamster-ages/hamster-ages/build-release/Build/Intermediates.noindex/HamsterAges.build/Release-iphonesimulator/HamsterAges.build/zh-Hans.lproj/InfoPlist.strings:1:1: note: detected encoding of input file as Unicode (UTF-8) (in target 'HamsterAges' from project 'HamsterAges')

CopyStringsFile /Users/runner/work/hamster-ages/hamster-ages/build-release/Build/Products/Release-iphonesimulator/HamsterAges.app/uk.lproj/Localizable.stringsdict /Users/runner/work/hamster-ages/hamster-ages/build-release/Build/Intermediates.noindex/HamsterAges.build/Release-iphonesimulator/HamsterAges.build/uk.lproj/Localizable.stringsdict (in target 'HamsterAges' from project 'HamsterAges')
    cd /Users/runner/work/hamster-ages/hamster-ages
    builtin-copyStrings --validate --outputencoding binary --outfilename Localizable.stringsdict --outdir /Users/runner/work/hamster-ages/hamster-ages/build-release/Build/Products/Release-iphonesimulator/HamsterAges.app/uk.lproj -- /Users/runner/work/hamster-ages/hamster-ages/build-release/Build/Intermediates.noindex/HamsterAges.build/Release-iphonesimulator/HamsterAges.build/uk.lproj/Localizable.stringsdict
/Users/runner/work/hamster-ages/hamster-ages/build-release/Build/Intermediates.noindex/HamsterAges.build/Release-iphonesimulator/HamsterAges.build/uk.lproj/Localizable.stringsdict:1:1: note: detected encoding of input file as Unicode (UTF-8) (in target 'HamsterAges' from project 'HamsterAges')

CopyStringsFile /Users/runner/work/hamster-ages/hamster-ages/build-release/Build/Products/Release-iphonesimulator/HamsterAges.app/uk.lproj/Localizable.strings /Users/runner/work/hamster-ages/hamster-ages/build-release/Build/Intermediates.noindex/HamsterAges.build/Release-iphonesimulator/HamsterAges.build/uk.lproj/Localizable.strings (in target 'HamsterAges' from project 'HamsterAges')
    cd /Users/runner/work/hamster-ages/hamster-ages
    builtin-copyStrings --validate --outputencoding binary --outfilename Localizable.strings --outdir /Users/runner/work/hamster-ages/hamster-ages/build-release/Build/Products/Release-iphonesimulator/HamsterAges.app/uk.lproj -- /Users/runner/work/hamster-ages/hamster-ages/build-release/Build/Intermediates.noindex/HamsterAges.build/Release-iphonesimulator/HamsterAges.build/uk.lproj/Localizable.strings
/Users/runner/work/hamster-ages/hamster-ages/build-release/Build/Intermediates.noindex/HamsterAges.build/Release-iphonesimulator/HamsterAges.build/uk.lproj/Localizable.strings:1:1: note: detected encoding of input file as Unicode (UTF-8) (in target 'HamsterAges' from project 'HamsterAges')

CopyStringsFile /Users/runner/work/hamster-ages/hamster-ages/build-release/Build/Products/Release-iphonesimulator/HamsterAges.app/uk.lproj/InfoPlist.strings /Users/runner/work/hamster-ages/hamster-ages/build-release/Build/Intermediates.noindex/HamsterAges.build/Release-iphonesimulator/HamsterAges.build/uk.lproj/InfoPlist.strings (in target 'HamsterAges' from project 'HamsterAges')
    cd /Users/runner/work/hamster-ages/hamster-ages
    builtin-copyStrings --validate --outputencoding binary --outfilename InfoPlist.strings --outdir /Users/runner/work/hamster-ages/hamster-ages/build-release/Build/Products/Release-iphonesimulator/HamsterAges.app/uk.lproj -- /Users/runner/work/hamster-ages/hamster-ages/build-release/Build/Intermediates.noindex/HamsterAges.build/Release-iphonesimulator/HamsterAges.build/uk.lproj/InfoPlist.strings
/Users/runner/work/hamster-ages/hamster-ages/build-release/Build/Intermediates.noindex/HamsterAges.build/Release-iphonesimulator/HamsterAges.build/uk.lproj/InfoPlist.strings:1:1: note: detected encoding of input file as Unicode (UTF-8) (in target 'HamsterAges' from project 'HamsterAges')

CopyStringsFile /Users/runner/work/hamster-ages/hamster-ages/build-release/Build/Products/Release-iphonesimulator/HamsterAges.app/tr.lproj/Localizable.strings /Users/runner/work/hamster-ages/hamster-ages/build-release/Build/Intermediates.noindex/HamsterAges.build/Release-iphonesimulator/HamsterAges.build/tr.lproj/Localizable.strings (in target 'HamsterAges' from project 'HamsterAges')
    cd /Users/runner/work/hamster-ages/hamster-ages
    builtin-copyStrings --validate --outputencoding binary --outfilename Localizable.strings --outdir /Users/runner/work/hamster-ages/hamster-ages/build-release/Build/Products/Release-iphonesimulator/HamsterAges.app/tr.lproj -- /Users/runner/work/hamster-ages/hamster-ages/build-release/Build/Intermediates.noindex/HamsterAges.build/Release-iphonesimulator/HamsterAges.build/tr.lproj/Localizable.strings
/Users/runner/work/hamster-ages/hamster-ages/build-release/Build/Intermediates.noindex/HamsterAges.build/Release-iphonesimulator/HamsterAges.build/tr.lproj/Localizable.strings:1:1: note: detected encoding of input file as Unicode (UTF-8) (in target 'HamsterAges' from project 'HamsterAges')

CopyStringsFile /Users/runner/work/hamster-ages/hamster-ages/build-release/Build/Products/Release-iphonesimulator/HamsterAges.app/tr.lproj/InfoPlist.strings /Users/runner/work/hamster-ages/hamster-ages/build-release/Build/Intermediates.noindex/HamsterAges.build/Release-iphonesimulator/HamsterAges.build/tr.lproj/InfoPlist.strings (in target 'HamsterAges' from project 'HamsterAges')
    cd /Users/runner/work/hamster-ages/hamster-ages
    builtin-copyStrings --validate --outputencoding binary --outfilename InfoPlist.strings --outdir /Users/runner/work/hamster-ages/hamster-ages/build-release/Build/Products/Release-iphonesimulator/HamsterAges.app/tr.lproj -- /Users/runner/work/hamster-ages/hamster-ages/build-release/Build/Intermediates.noindex/HamsterAges.build/Release-iphonesimulator/HamsterAges.build/tr.lproj/InfoPlist.strings
/Users/runner/work/hamster-ages/hamster-ages/build-release/Build/Intermediates.noindex/HamsterAges.build/Release-iphonesimulator/HamsterAges.build/tr.lproj/InfoPlist.strings:1:1: note: detected encoding of input file as Unicode (UTF-8) (in target 'HamsterAges' from project 'HamsterAges')

CopyStringsFile /Users/runner/work/hamster-ages/hamster-ages/build-release/Build/Products/Release-iphonesimulator/HamsterAges.app/pt-BR.lproj/Localizable.strings /Users/runner/work/hamster-ages/hamster-ages/build-release/Build/Intermediates.noindex/HamsterAges.build/Release-iphonesimulator/HamsterAges.build/pt-BR.lproj/Localizable.strings (in target 'HamsterAges' from project 'HamsterAges')
    cd /Users/runner/work/hamster-ages/hamster-ages
    builtin-copyStrings --validate --outputencoding binary --outfilename Localizable.strings --outdir /Users/runner/work/hamster-ages/hamster-ages/build-release/Build/Products/Release-iphonesimulator/HamsterAges.app/pt-BR.lproj -- /Users/runner/work/hamster-ages/hamster-ages/build-release/Build/Intermediates.noindex/HamsterAges.build/Release-iphonesimulator/HamsterAges.build/pt-BR.lproj/Localizable.strings
/Users/runner/work/hamster-ages/hamster-ages/build-release/Build/Intermediates.noindex/HamsterAges.build/Release-iphonesimulator/HamsterAges.build/pt-BR.lproj/Localizable.strings:1:1: note: detected encoding of input file as Unicode (UTF-8) (in target 'HamsterAges' from project 'HamsterAges')

CopyStringsFile /Users/runner/work/hamster-ages/hamster-ages/build-release/Build/Products/Release-iphonesimulator/HamsterAges.app/pt-BR.lproj/InfoPlist.strings /Users/runner/work/hamster-ages/hamster-ages/build-release/Build/Intermediates.noindex/HamsterAges.build/Release-iphonesimulator/HamsterAges.build/pt-BR.lproj/InfoPlist.strings (in target 'HamsterAges' from project 'HamsterAges')
    cd /Users/runner/work/hamster-ages/hamster-ages
    builtin-copyStrings --validate --outputencoding binary --outfilename InfoPlist.strings --outdir /Users/runner/work/hamster-ages/hamster-ages/build-release/Build/Products/Release-iphonesimulator/HamsterAges.app/pt-BR.lproj -- /Users/runner/work/hamster-ages/hamster-ages/build-release/Build/Intermediates.noindex/HamsterAges.build/Release-iphonesimulator/HamsterAges.build/pt-BR.lproj/InfoPlist.strings
/Users/runner/work/hamster-ages/hamster-ages/build-release/Build/Intermediates.noindex/HamsterAges.build/Release-iphonesimulator/HamsterAges.build/pt-BR.lproj/InfoPlist.strings:1:1: note: detected encoding of input file as Unicode (UTF-8) (in target 'HamsterAges' from project 'HamsterAges')

CopyStringsFile /Users/runner/work/hamster-ages/hamster-ages/build-release/Build/Products/Release-iphonesimulator/HamsterAges.app/ko.lproj/Localizable.strings /Users/runner/work/hamster-ages/hamster-ages/build-release/Build/Intermediates.noindex/HamsterAges.build/Release-iphonesimulator/HamsterAges.build/ko.lproj/Localizable.strings (in target 'HamsterAges' from project 'HamsterAges')
    cd /Users/runner/work/hamster-ages/hamster-ages
    builtin-copyStrings --validate --outputencoding binary --outfilename Localizable.strings --outdir /Users/runner/work/hamster-ages/hamster-ages/build-release/Build/Products/Release-iphonesimulator/HamsterAges.app/ko.lproj -- /Users/runner/work/hamster-ages/hamster-ages/build-release/Build/Intermediates.noindex/HamsterAges.build/Release-iphonesimulator/HamsterAges.build/ko.lproj/Localizable.strings
/Users/runner/work/hamster-ages/hamster-ages/build-release/Build/Intermediates.noindex/HamsterAges.build/Release-iphonesimulator/HamsterAges.build/ko.lproj/Localizable.strings:1:1: note: detected encoding of input file as Unicode (UTF-8) (in target 'HamsterAges' from project 'HamsterAges')

CopyStringsFile /Users/runner/work/hamster-ages/hamster-ages/build-release/Build/Products/Release-iphonesimulator/HamsterAges.app/ko.lproj/InfoPlist.strings /Users/runner/work/hamster-ages/hamster-ages/build-release/Build/Intermediates.noindex/HamsterAges.build/Release-iphonesimulator/HamsterAges.build/ko.lproj/InfoPlist.strings (in target 'HamsterAges' from project 'HamsterAges')
    cd /Users/runner/work/hamster-ages/hamster-ages
    builtin-copyStrings --validate --outputencoding binary --outfilename InfoPlist.strings --outdir /Users/runner/work/hamster-ages/hamster-ages/build-release/Build/Products/Release-iphonesimulator/HamsterAges.app/ko.lproj -- /Users/runner/work/hamster-ages/hamster-ages/build-release/Build/Intermediates.noindex/HamsterAges.build/Release-iphonesimulator/HamsterAges.build/ko.lproj/InfoPlist.strings
/Users/runner/work/hamster-ages/hamster-ages/build-release/Build/Intermediates.noindex/HamsterAges.build/Release-iphonesimulator/HamsterAges.build/ko.lproj/InfoPlist.strings:1:1: note: detected encoding of input file as Unicode (UTF-8) (in target 'HamsterAges' from project 'HamsterAges')

CopyStringsFile /Users/runner/work/hamster-ages/hamster-ages/build-release/Build/Products/Release-iphonesimulator/HamsterAges.app/ja.lproj/Localizable.strings /Users/runner/work/hamster-ages/hamster-ages/build-release/Build/Intermediates.noindex/HamsterAges.build/Release-iphonesimulator/HamsterAges.build/ja.lproj/Localizable.strings (in target 'HamsterAges' from project 'HamsterAges')
    cd /Users/runner/work/hamster-ages/hamster-ages
    builtin-copyStrings --validate --outputencoding binary --outfilename Localizable.strings --outdir /Users/runner/work/hamster-ages/hamster-ages/build-release/Build/Products/Release-iphonesimulator/HamsterAges.app/ja.lproj -- /Users/runner/work/hamster-ages/hamster-ages/build-release/Build/Intermediates.noindex/HamsterAges.build/Release-iphonesimulator/HamsterAges.build/ja.lproj/Localizable.strings
/Users/runner/work/hamster-ages/hamster-ages/build-release/Build/Intermediates.noindex/HamsterAges.build/Release-iphonesimulator/HamsterAges.build/ja.lproj/Localizable.strings:1:1: note: detected encoding of input file as Unicode (UTF-8) (in target 'HamsterAges' from project 'HamsterAges')

CopyStringsFile /Users/runner/work/hamster-ages/hamster-ages/build-release/Build/Products/Release-iphonesimulator/HamsterAges.app/ja.lproj/InfoPlist.strings /Users/runner/work/hamster-ages/hamster-ages/build-release/Build/Intermediates.noindex/HamsterAges.build/Release-iphonesimulator/HamsterAges.build/ja.lproj/InfoPlist.strings (in target 'HamsterAges' from project 'HamsterAges')
    cd /Users/runner/work/hamster-ages/hamster-ages
    builtin-copyStrings --validate --outputencoding binary --outfilename InfoPlist.strings --outdir /Users/runner/work/hamster-ages/hamster-ages/build-release/Build/Products/Release-iphonesimulator/HamsterAges.app/ja.lproj -- /Users/runner/work/hamster-ages/hamster-ages/build-release/Build/Intermediates.noindex/HamsterAges.build/Release-iphonesimulator/HamsterAges.build/ja.lproj/InfoPlist.strings
/Users/runner/work/hamster-ages/hamster-ages/build-release/Build/Intermediates.noindex/HamsterAges.build/Release-iphonesimulator/HamsterAges.build/ja.lproj/InfoPlist.strings:1:1: note: detected encoding of input file as Unicode (UTF-8) (in target 'HamsterAges' from project 'HamsterAges')

CopyStringsFile /Users/runner/work/hamster-ages/hamster-ages/build-release/Build/Products/Release-iphonesimulator/HamsterAges.app/it.lproj/Localizable.strings /Users/runner/work/hamster-ages/hamster-ages/build-release/Build/Intermediates.noindex/HamsterAges.build/Release-iphonesimulator/HamsterAges.build/it.lproj/Localizable.strings (in target 'HamsterAges' from project 'HamsterAges')
    cd /Users/runner/work/hamster-ages/hamster-ages
    builtin-copyStrings --validate --outputencoding binary --outfilename Localizable.strings --outdir /Users/runner/work/hamster-ages/hamster-ages/build-release/Build/Products/Release-iphonesimulator/HamsterAges.app/it.lproj -- /Users/runner/work/hamster-ages/hamster-ages/build-release/Build/Intermediates.noindex/HamsterAges.build/Release-iphonesimulator/HamsterAges.build/it.lproj/Localizable.strings
/Users/runner/work/hamster-ages/hamster-ages/build-release/Build/Intermediates.noindex/HamsterAges.build/Release-iphonesimulator/HamsterAges.build/it.lproj/Localizable.strings:1:1: note: detected encoding of input file as Unicode (UTF-8) (in target 'HamsterAges' from project 'HamsterAges')

CopyStringsFile /Users/runner/work/hamster-ages/hamster-ages/build-release/Build/Products/Release-iphonesimulator/HamsterAges.app/it.lproj/InfoPlist.strings /Users/runner/work/hamster-ages/hamster-ages/build-release/Build/Intermediates.noindex/HamsterAges.build/Release-iphonesimulator/HamsterAges.build/it.lproj/InfoPlist.strings (in target 'HamsterAges' from project 'HamsterAges')
    cd /Users/runner/work/hamster-ages/hamster-ages
    builtin-copyStrings --validate --outputencoding binary --outfilename InfoPlist.strings --outdir /Users/runner/work/hamster-ages/hamster-ages/build-release/Build/Products/Release-iphonesimulator/HamsterAges.app/it.lproj -- /Users/runner/work/hamster-ages/hamster-ages/build-release/Build/Intermediates.noindex/HamsterAges.build/Release-iphonesimulator/HamsterAges.build/it.lproj/InfoPlist.strings
/Users/runner/work/hamster-ages/hamster-ages/build-release/Build/Intermediates.noindex/HamsterAges.build/Release-iphonesimulator/HamsterAges.build/it.lproj/InfoPlist.strings:1:1: note: detected encoding of input file as Unicode (UTF-8) (in target 'HamsterAges' from project 'HamsterAges')

CopyStringsFile /Users/runner/work/hamster-ages/hamster-ages/build-release/Build/Products/Release-iphonesimulator/HamsterAges.app/fr.lproj/Localizable.strings /Users/runner/work/hamster-ages/hamster-ages/build-release/Build/Intermediates.noindex/HamsterAges.build/Release-iphonesimulator/HamsterAges.build/fr.lproj/Localizable.strings (in target 'HamsterAges' from project 'HamsterAges')
    cd /Users/runner/work/hamster-ages/hamster-ages
    builtin-copyStrings --validate --outputencoding binary --outfilename Localizable.strings --outdir /Users/runner/work/hamster-ages/hamster-ages/build-release/Build/Products/Release-iphonesimulator/HamsterAges.app/fr.lproj -- /Users/runner/work/hamster-ages/hamster-ages/build-release/Build/Intermediates.noindex/HamsterAges.build/Release-iphonesimulator/HamsterAges.build/fr.lproj/Localizable.strings
/Users/runner/work/hamster-ages/hamster-ages/build-release/Build/Intermediates.noindex/HamsterAges.build/Release-iphonesimulator/HamsterAges.build/fr.lproj/Localizable.strings:1:1: note: detected encoding of input file as Unicode (UTF-8) (in target 'HamsterAges' from project 'HamsterAges')

CopyStringsFile /Users/runner/work/hamster-ages/hamster-ages/build-release/Build/Products/Release-iphonesimulator/HamsterAges.app/fr.lproj/InfoPlist.strings /Users/runner/work/hamster-ages/hamster-ages/build-release/Build/Intermediates.noindex/HamsterAges.build/Release-iphonesimulator/HamsterAges.build/fr.lproj/InfoPlist.strings (in target 'HamsterAges' from project 'HamsterAges')
    cd /Users/runner/work/hamster-ages/hamster-ages
    builtin-copyStrings --validate --outputencoding binary --outfilename InfoPlist.strings --outdir /Users/runner/work/hamster-ages/hamster-ages/build-release/Build/Products/Release-iphonesimulator/HamsterAges.app/fr.lproj -- /Users/runner/work/hamster-ages/hamster-ages/build-release/Build/Intermediates.noindex/HamsterAges.build/Release-iphonesimulator/HamsterAges.build/fr.lproj/InfoPlist.strings
/Users/runner/work/hamster-ages/hamster-ages/build-release/Build/Intermediates.noindex/HamsterAges.build/Release-iphonesimulator/HamsterAges.build/fr.lproj/InfoPlist.strings:1:1: note: detected encoding of input file as Unicode (UTF-8) (in target 'HamsterAges' from project 'HamsterAges')

CopyStringsFile /Users/runner/work/hamster-ages/hamster-ages/build-release/Build/Products/Release-iphonesimulator/HamsterAges.app/es.lproj/Localizable.strings /Users/runner/work/hamster-ages/hamster-ages/build-release/Build/Intermediates.noindex/HamsterAges.build/Release-iphonesimulator/HamsterAges.build/es.lproj/Localizable.strings (in target 'HamsterAges' from project 'HamsterAges')
    cd /Users/runner/work/hamster-ages/hamster-ages
    builtin-copyStrings --validate --outputencoding binary --outfilename Localizable.strings --outdir /Users/runner/work/hamster-ages/hamster-ages/build-release/Build/Products/Release-iphonesimulator/HamsterAges.app/es.lproj -- /Users/runner/work/hamster-ages/hamster-ages/build-release/Build/Intermediates.noindex/HamsterAges.build/Release-iphonesimulator/HamsterAges.build/es.lproj/Localizable.strings
/Users/runner/work/hamster-ages/hamster-ages/build-release/Build/Intermediates.noindex/HamsterAges.build/Release-iphonesimulator/HamsterAges.build/es.lproj/Localizable.strings:1:1: note: detected encoding of input file as Unicode (UTF-8) (in target 'HamsterAges' from project 'HamsterAges')

CopyStringsFile /Users/runner/work/hamster-ages/hamster-ages/build-release/Build/Products/Release-iphonesimulator/HamsterAges.app/es.lproj/InfoPlist.strings /Users/runner/work/hamster-ages/hamster-ages/build-release/Build/Intermediates.noindex/HamsterAges.build/Release-iphonesimulator/HamsterAges.build/es.lproj/InfoPlist.strings (in target 'HamsterAges' from project 'HamsterAges')
    cd /Users/runner/work/hamster-ages/hamster-ages
    builtin-copyStrings --validate --outputencoding binary --outfilename InfoPlist.strings --outdir /Users/runner/work/hamster-ages/hamster-ages/build-release/Build/Products/Release-iphonesimulator/HamsterAges.app/es.lproj -- /Users/runner/work/hamster-ages/hamster-ages/build-release/Build/Intermediates.noindex/HamsterAges.build/Release-iphonesimulator/HamsterAges.build/es.lproj/InfoPlist.strings
/Users/runner/work/hamster-ages/hamster-ages/build-release/Build/Intermediates.noindex/HamsterAges.build/Release-iphonesimulator/HamsterAges.build/es.lproj/InfoPlist.strings:1:1: note: detected encoding of input file as Unicode (UTF-8) (in target 'HamsterAges' from project 'HamsterAges')

CopyStringsFile /Users/runner/work/hamster-ages/hamster-ages/build-release/Build/Products/Release-iphonesimulator/HamsterAges.app/en.lproj/Localizable.strings /Users/runner/work/hamster-ages/hamster-ages/build-release/Build/Intermediates.noindex/HamsterAges.build/Release-iphonesimulator/HamsterAges.build/en.lproj/Localizable.strings (in target 'HamsterAges' from project 'HamsterAges')
    cd /Users/runner/work/hamster-ages/hamster-ages
    builtin-copyStrings --validate --outputencoding binary --outfilename Localizable.strings --outdir /Users/runner/work/hamster-ages/hamster-ages/build-release/Build/Products/Release-iphonesimulator/HamsterAges.app/en.lproj -- /Users/runner/work/hamster-ages/hamster-ages/build-release/Build/Intermediates.noindex/HamsterAges.build/Release-iphonesimulator/HamsterAges.build/en.lproj/Localizable.strings
/Users/runner/work/hamster-ages/hamster-ages/build-release/Build/Intermediates.noindex/HamsterAges.build/Release-iphonesimulator/HamsterAges.build/en.lproj/Localizable.strings:1:1: note: detected encoding of input file as Unicode (UTF-8) (in target 'HamsterAges' from project 'HamsterAges')

CopyStringsFile /Users/runner/work/hamster-ages/hamster-ages/build-release/Build/Products/Release-iphonesimulator/HamsterAges.app/de.lproj/Localizable.strings /Users/runner/work/hamster-ages/hamster-ages/build-release/Build/Intermediates.noindex/HamsterAges.build/Release-iphonesimulator/HamsterAges.build/de.lproj/Localizable.strings (in target 'HamsterAges' from project 'HamsterAges')
    cd /Users/runner/work/hamster-ages/hamster-ages
    builtin-copyStrings --validate --outputencoding binary --outfilename Localizable.strings --outdir /Users/runner/work/hamster-ages/hamster-ages/build-release/Build/Products/Release-iphonesimulator/HamsterAges.app/de.lproj -- /Users/runner/work/hamster-ages/hamster-ages/build-release/Build/Intermediates.noindex/HamsterAges.build/Release-iphonesimulator/HamsterAges.build/de.lproj/Localizable.strings
/Users/runner/work/hamster-ages/hamster-ages/build-release/Build/Intermediates.noindex/HamsterAges.build/Release-iphonesimulator/HamsterAges.build/de.lproj/Localizable.strings:1:1: note: detected encoding of input file as Unicode (UTF-8) (in target 'HamsterAges' from project 'HamsterAges')

CopyStringsFile /Users/runner/work/hamster-ages/hamster-ages/build-release/Build/Products/Release-iphonesimulator/HamsterAges.app/de.lproj/InfoPlist.strings /Users/runner/work/hamster-ages/hamster-ages/build-release/Build/Intermediates.noindex/HamsterAges.build/Release-iphonesimulator/HamsterAges.build/de.lproj/InfoPlist.strings (in target 'HamsterAges' from project 'HamsterAges')
    cd /Users/runner/work/hamster-ages/hamster-ages
    builtin-copyStrings --validate --outputencoding binary --outfilename InfoPlist.strings --outdir /Users/runner/work/hamster-ages/hamster-ages/build-release/Build/Products/Release-iphonesimulator/HamsterAges.app/de.lproj -- /Users/runner/work/hamster-ages/hamster-ages/build-release/Build/Intermediates.noindex/HamsterAges.build/Release-iphonesimulator/HamsterAges.build/de.lproj/InfoPlist.strings
/Users/runner/work/hamster-ages/hamster-ages/build-release/Build/Intermediates.noindex/HamsterAges.build/Release-iphonesimulator/HamsterAges.build/de.lproj/InfoPlist.strings:1:1: note: detected encoding of input file as Unicode (UTF-8) (in target 'HamsterAges' from project 'HamsterAges')

SwiftDriverJobDiscovery normal x86_64 Compiling HamsterAgesApp.swift, ArtFactory.swift, BattleController.swift, BattleScene.swift, Tutorial.swift, BalanceHarness.swift, BattleAI.swift, BattleSimulation.swift, Cards.swift, GameConfig.swift, L10n.swift, Rats.swift, Variants.swift, Generals.swift, Pass.swift, Progress.swift, Quests.swift, RemoteConfig.swift, AdMob.swift, Analytics.swift, GameCenter.swift, Music.swift, Notifications.swift, Review.swift, Services.swift, Sound.swift, Store.swift, BattlePrepView.swift, BattleView.swift, CampaignMapView.swift, DebugArtSheet.swift, GeneralsView.swift, HomeView.swift, PassView.swift, QuestsView.swift, SettingsView.swift, ShopView.swift, Theme.swift, GeneratedAssetSymbols.swift (in target 'HamsterAges' from project 'HamsterAges')

SwiftDriver\ Compilation\ Requirements HamsterAges normal x86_64 com.apple.xcode.tools.swift.compiler (in target 'HamsterAges' from project 'HamsterAges')
    cd /Users/runner/work/hamster-ages/hamster-ages
    builtin-Swift-Compilation-Requirements -- /Applications/Xcode_26.3.app/Contents/Developer/Toolchains/XcodeDefault.xctoolchain/usr/bin/swiftc -module-name HamsterAges -O -whole-module-optimization -enforce-exclusivity\=checked @/Users/runner/work/hamster-ages/hamster-ages/build-release/Build/Intermediates.noindex/HamsterAges.build/Release-iphonesimulator/HamsterAges.build/Objects-normal/x86_64/HamsterAges.SwiftFileList -Xcc -fmodule-map-file\=/Users/runner/work/hamster-ages/hamster-ages/build-release/Build/Intermediates.noindex/GeneratedModuleMaps-iphonesimulator/UserMessagingPlatformTarget.modulemap -enable-bare-slash-regex -enable-upcoming-feature DisableOutwardActorInference -enable-upcoming-feature InferSendableFromCaptures -enable-upcoming-feature GlobalActorIsolatedTypesUsability -enable-upcoming-feature InferIsolatedConformances -enable-upcoming-feature NonisolatedNonsendingByDefault -enable-experimental-feature DebugDescriptionMacro -sdk /Applications/Xcode_26.3.app/Contents/Developer/Platforms/iPhoneSimulator.platform/Developer/SDKs/iPhoneSimulator26.2.sdk -target x86_64-apple-ios18.0-simulator -g -module-cache-path /Users/runner/work/hamster-ages/hamster-ages/build-release/ModuleCache.noindex -Xfrontend -serialize-debugging-options -swift-version 5 -I /Users/runner/work/hamster-ages/hamster-ages/build-release/Build/Products/Release-iphonesimulator -F /Users/runner/work/hamster-ages/hamster-ages/build-release/Build/Products/Release-iphonesimulator/PackageFrameworks -F /Users/runner/work/hamster-ages/hamster-ages/build-release/Build/Products/Release-iphonesimulator/PackageFrameworks -F /Users/runner/work/hamster-ages/hamster-ages/build-release/Build/Products/Release-iphonesimulator -emit-localized-strings -emit-localized-strings-path /Users/runner/work/hamster-ages/hamster-ages/build-release/Build/Intermediates.noindex/HamsterAges.build/Release-iphonesimulator/HamsterAges.build/Objects-normal/x86_64 -c -num-threads 3 -Xcc -ivfsstatcache -Xcc /Users/runner/work/hamster-ages/hamster-ages/build-release/SDKStatCaches.noindex/iphonesimulator26.2-23C57-dc75598d0054f22ec865fa860f139d72e244bd9a5feaf902f95f61bf06266e52.sdkstatcache -output-file-map /Users/runner/work/hamster-ages/hamster-ages/build-release/Build/Intermediates.noindex/HamsterAges.build/Release-iphonesimulator/HamsterAges.build/Objects-normal/x86_64/HamsterAges-OutputFileMap.json -use-frontend-parseable-output -save-temps -no-color-diagnostics -explicit-module-build -module-cache-path /Users/runner/work/hamster-ages/hamster-ages/build-release/Build/Intermediates.noindex/SwiftExplicitPrecompiledModules -clang-scanner-module-cache-path /Users/runner/work/hamster-ages/hamster-ages/build-release/ModuleCache.noindex -sdk-module-cache-path /Users/runner/work/hamster-ages/hamster-ages/build-release/ModuleCache.noindex -serialize-diagnostics -emit-dependencies -emit-module -emit-module-path /Users/runner/work/hamster-ages/hamster-ages/build-release/Build/Intermediates.noindex/HamsterAges.build/Release-iphonesimulator/HamsterAges.build/Objects-normal/x86_64/HamsterAges.swiftmodule -validate-clang-modules-once -clang-build-session-file /Users/runner/work/hamster-ages/hamster-ages/build-release/ModuleCache.noindex/Session.modulevalidation -Xcc -I/Users/runner/work/hamster-ages/hamster-ages/build-release/Build/Intermediates.noindex/HamsterAges.build/Release-iphonesimulator/HamsterAges.build/swift-overrides.hmap -emit-const-values -Xfrontend -const-gather-protocols-file -Xfrontend /Users/runner/work/hamster-ages/hamster-ages/build-release/Build/Intermediates.noindex/HamsterAges.build/Release-iphonesimulator/HamsterAges.build/Objects-normal/x86_64/HamsterAges_const_extract_protocols.json -Xcc -iquote -Xcc /Users/runner/work/hamster-ages/hamster-ages/build-release/Build/Intermediates.noindex/HamsterAges.build/Release-iphonesimulator/HamsterAges.build/HamsterAges-generated-files.hmap -Xcc -I/Users/runner/work/hamster-ages/hamster-ages/build-release/Build/Intermediates.noindex/HamsterAges.build/Release-iphonesimulator/HamsterAges.build/HamsterAges-own-target-headers.hmap -Xcc -I/Users/runner/work/hamster-ages/hamster-ages/build-release/Build/Intermediates.noindex/HamsterAges.build/Release-iphonesimulator/HamsterAges.build/HamsterAges-all-non-framework-target-headers.hmap -Xcc -ivfsoverlay -Xcc /Users/runner/work/hamster-ages/hamster-ages/build-release/Build/Intermediates.noindex/HamsterAges.build/Release-iphonesimulator/HamsterAges-8abf440da93d54cd71606d395a94708e-VFS-iphonesimulator/all-product-headers.yaml -Xcc -iquote -Xcc /Users/runner/work/hamster-ages/hamster-ages/build-release/Build/Intermediates.noindex/HamsterAges.build/Release-iphonesimulator/HamsterAges.build/HamsterAges-project-headers.hmap -Xcc -I/Users/runner/work/hamster-ages/hamster-ages/build-release/SourcePackages/checkouts/swift-package-manager-google-user-messaging-platform/UserMessagingPlatformTarget/include -Xcc -I/Users/runner/work/hamster-ages/hamster-ages/build-release/Build/Products/Release-iphonesimulator/include -Xcc -I/Users/runner/work/hamster-ages/hamster-ages/build-release/Build/Intermediates.noindex/HamsterAges.build/Release-iphonesimulator/HamsterAges.build/DerivedSources-normal/x86_64 -Xcc -I/Users/runner/work/hamster-ages/hamster-ages/build-release/Build/Intermediates.noindex/HamsterAges.build/Release-iphonesimulator/HamsterAges.build/DerivedSources/x86_64 -Xcc -I/Users/runner/work/hamster-ages/hamster-ages/build-release/Build/Intermediates.noindex/HamsterAges.build/Release-iphonesimulator/HamsterAges.build/DerivedSources -emit-objc-header -emit-objc-header-path /Users/runner/work/hamster-ages/hamster-ages/build-release/Build/Intermediates.noindex/HamsterAges.build/Release-iphonesimulator/HamsterAges.build/Objects-normal/x86_64/HamsterAges-Swift.h -working-directory /Users/runner/work/hamster-ages/hamster-ages -no-emit-module-separately-wmo

Copy /Users/runner/work/hamster-ages/hamster-ages/build-release/Build/Products/Release-iphonesimulator/HamsterAges.swiftmodule/x86_64-apple-ios-simulator.swiftmodule /Users/runner/work/hamster-ages/hamster-ages/build-release/Build/Intermediates.noindex/HamsterAges.build/Release-iphonesimulator/HamsterAges.build/Objects-normal/x86_64/HamsterAges.swiftmodule (in target 'HamsterAges' from project 'HamsterAges')
    cd /Users/runner/work/hamster-ages/hamster-ages
    builtin-copy -exclude .DS_Store -exclude CVS -exclude .svn -exclude .git -exclude .hg -resolve-src-symlinks -rename /Users/runner/work/hamster-ages/hamster-ages/build-release/Build/Intermediates.noindex/HamsterAges.build/Release-iphonesimulator/HamsterAges.build/Objects-normal/x86_64/HamsterAges.swiftmodule /Users/runner/work/hamster-ages/hamster-ages/build-release/Build/Products/Release-iphonesimulator/HamsterAges.swiftmodule/x86_64-apple-ios-simulator.swiftmodule

Copy /Users/runner/work/hamster-ages/hamster-ages/build-release/Build/Products/Release-iphonesimulator/HamsterAges.swiftmodule/x86_64-apple-ios-simulator.swiftdoc /Users/runner/work/hamster-ages/hamster-ages/build-release/Build/Intermediates.noindex/HamsterAges.build/Release-iphonesimulator/HamsterAges.build/Objects-normal/x86_64/HamsterAges.swiftdoc (in target 'HamsterAges' from project 'HamsterAges')
    cd /Users/runner/work/hamster-ages/hamster-ages
    builtin-copy -exclude .DS_Store -exclude CVS -exclude .svn -exclude .git -exclude .hg -resolve-src-symlinks -rename /Users/runner/work/hamster-ages/hamster-ages/build-release/Build/Intermediates.noindex/HamsterAges.build/Release-iphonesimulator/HamsterAges.build/Objects-normal/x86_64/HamsterAges.swiftdoc /Users/runner/work/hamster-ages/hamster-ages/build-release/Build/Products/Release-iphonesimulator/HamsterAges.swiftmodule/x86_64-apple-ios-simulator.swiftdoc

Copy /Users/runner/work/hamster-ages/hamster-ages/build-release/Build/Products/Release-iphonesimulator/HamsterAges.swiftmodule/x86_64-apple-ios-simulator.abi.json /Users/runner/work/hamster-ages/hamster-ages/build-release/Build/Intermediates.noindex/HamsterAges.build/Release-iphonesimulator/HamsterAges.build/Objects-normal/x86_64/HamsterAges.abi.json (in target 'HamsterAges' from project 'HamsterAges')
    cd /Users/runner/work/hamster-ages/hamster-ages
    builtin-copy -exclude .DS_Store -exclude CVS -exclude .svn -exclude .git -exclude .hg -resolve-src-symlinks -rename /Users/runner/work/hamster-ages/hamster-ages/build-release/Build/Intermediates.noindex/HamsterAges.build/Release-iphonesimulator/HamsterAges.build/Objects-normal/x86_64/HamsterAges.abi.json /Users/runner/work/hamster-ages/hamster-ages/build-release/Build/Products/Release-iphonesimulator/HamsterAges.swiftmodule/x86_64-apple-ios-simulator.abi.json

Copy /Users/runner/work/hamster-ages/hamster-ages/build-release/Build/Products/Release-iphonesimulator/HamsterAges.swiftmodule/Project/x86_64-apple-ios-simulator.swiftsourceinfo /Users/runner/work/hamster-ages/hamster-ages/build-release/Build/Intermediates.noindex/HamsterAges.build/Release-iphonesimulator/HamsterAges.build/Objects-normal/x86_64/HamsterAges.swiftsourceinfo (in target 'HamsterAges' from project 'HamsterAges')
    cd /Users/runner/work/hamster-ages/hamster-ages
    builtin-copy -exclude .DS_Store -exclude CVS -exclude .svn -exclude .git -exclude .hg -resolve-src-symlinks -rename /Users/runner/work/hamster-ages/hamster-ages/build-release/Build/Intermediates.noindex/HamsterAges.build/Release-iphonesimulator/HamsterAges.build/Objects-normal/x86_64/HamsterAges.swiftsourceinfo /Users/runner/work/hamster-ages/hamster-ages/build-release/Build/Products/Release-iphonesimulator/HamsterAges.swiftmodule/Project/x86_64-apple-ios-simulator.swiftsourceinfo

SwiftDriverJobDiscovery normal arm64 Compiling HamsterAgesApp.swift, ArtFactory.swift, BattleController.swift, BattleScene.swift, Tutorial.swift, BalanceHarness.swift, BattleAI.swift, BattleSimulation.swift, Cards.swift, GameConfig.swift, L10n.swift, Rats.swift, Variants.swift, Generals.swift, Pass.swift, Progress.swift, Quests.swift, RemoteConfig.swift, AdMob.swift, Analytics.swift, GameCenter.swift, Music.swift, Notifications.swift, Review.swift, Services.swift, Sound.swift, Store.swift, BattlePrepView.swift, BattleView.swift, CampaignMapView.swift, DebugArtSheet.swift, GeneralsView.swift, HomeView.swift, PassView.swift, QuestsView.swift, SettingsView.swift, ShopView.swift, Theme.swift, GeneratedAssetSymbols.swift (in target 'HamsterAges' from project 'HamsterAges')

SwiftDriver\ Compilation\ Requirements HamsterAges normal arm64 com.apple.xcode.tools.swift.compiler (in target 'HamsterAges' from project 'HamsterAges')
    cd /Users/runner/work/hamster-ages/hamster-ages
    builtin-Swift-Compilation-Requirements -- /Applications/Xcode_26.3.app/Contents/Developer/Toolchains/XcodeDefault.xctoolchain/usr/bin/swiftc -module-name HamsterAges -O -whole-module-optimization -enforce-exclusivity\=checked @/Users/runner/work/hamster-ages/hamster-ages/build-release/Build/Intermediates.noindex/HamsterAges.build/Release-iphonesimulator/HamsterAges.build/Objects-normal/arm64/HamsterAges.SwiftFileList -Xcc -fmodule-map-file\=/Users/runner/work/hamster-ages/hamster-ages/build-release/Build/Intermediates.noindex/GeneratedModuleMaps-iphonesimulator/UserMessagingPlatformTarget.modulemap -enable-bare-slash-regex -enable-upcoming-feature DisableOutwardActorInference -enable-upcoming-feature InferSendableFromCaptures -enable-upcoming-feature GlobalActorIsolatedTypesUsability -enable-upcoming-feature InferIsolatedConformances -enable-upcoming-feature NonisolatedNonsendingByDefault -enable-experimental-feature DebugDescriptionMacro -sdk /Applications/Xcode_26.3.app/Contents/Developer/Platforms/iPhoneSimulator.platform/Developer/SDKs/iPhoneSimulator26.2.sdk -target arm64-apple-ios18.0-simulator -g -module-cache-path /Users/runner/work/hamster-ages/hamster-ages/build-release/ModuleCache.noindex -Xfrontend -serialize-debugging-options -swift-version 5 -I /Users/runner/work/hamster-ages/hamster-ages/build-release/Build/Products/Release-iphonesimulator -F /Users/runner/work/hamster-ages/hamster-ages/build-release/Build/Products/Release-iphonesimulator/PackageFrameworks -F /Users/runner/work/hamster-ages/hamster-ages/build-release/Build/Products/Release-iphonesimulator/PackageFrameworks -F /Users/runner/work/hamster-ages/hamster-ages/build-release/Build/Products/Release-iphonesimulator -emit-localized-strings -emit-localized-strings-path /Users/runner/work/hamster-ages/hamster-ages/build-release/Build/Intermediates.noindex/HamsterAges.build/Release-iphonesimulator/HamsterAges.build/Objects-normal/arm64 -c -num-threads 3 -Xcc -ivfsstatcache -Xcc /Users/runner/work/hamster-ages/hamster-ages/build-release/SDKStatCaches.noindex/iphonesimulator26.2-23C57-dc75598d0054f22ec865fa860f139d72e244bd9a5feaf902f95f61bf06266e52.sdkstatcache -output-file-map /Users/runner/work/hamster-ages/hamster-ages/build-release/Build/Intermediates.noindex/HamsterAges.build/Release-iphonesimulator/HamsterAges.build/Objects-normal/arm64/HamsterAges-OutputFileMap.json -use-frontend-parseable-output -save-temps -no-color-diagnostics -explicit-module-build -module-cache-path /Users/runner/work/hamster-ages/hamster-ages/build-release/Build/Intermediates.noindex/SwiftExplicitPrecompiledModules -clang-scanner-module-cache-path /Users/runner/work/hamster-ages/hamster-ages/build-release/ModuleCache.noindex -sdk-module-cache-path /Users/runner/work/hamster-ages/hamster-ages/build-release/ModuleCache.noindex -serialize-diagnostics -emit-dependencies -emit-module -emit-module-path /Users/runner/work/hamster-ages/hamster-ages/build-release/Build/Intermediates.noindex/HamsterAges.build/Release-iphonesimulator/HamsterAges.build/Objects-normal/arm64/HamsterAges.swiftmodule -validate-clang-modules-once -clang-build-session-file /Users/runner/work/hamster-ages/hamster-ages/build-release/ModuleCache.noindex/Session.modulevalidation -Xcc -I/Users/runner/work/hamster-ages/hamster-ages/build-release/Build/Intermediates.noindex/HamsterAges.build/Release-iphonesimulator/HamsterAges.build/swift-overrides.hmap -emit-const-values -Xfrontend -const-gather-protocols-file -Xfrontend /Users/runner/work/hamster-ages/hamster-ages/build-release/Build/Intermediates.noindex/HamsterAges.build/Release-iphonesimulator/HamsterAges.build/Objects-normal/arm64/HamsterAges_const_extract_protocols.json -Xcc -iquote -Xcc /Users/runner/work/hamster-ages/hamster-ages/build-release/Build/Intermediates.noindex/HamsterAges.build/Release-iphonesimulator/HamsterAges.build/HamsterAges-generated-files.hmap -Xcc -I/Users/runner/work/hamster-ages/hamster-ages/build-release/Build/Intermediates.noindex/HamsterAges.build/Release-iphonesimulator/HamsterAges.build/HamsterAges-own-target-headers.hmap -Xcc -I/Users/runner/work/hamster-ages/hamster-ages/build-release/Build/Intermediates.noindex/HamsterAges.build/Release-iphonesimulator/HamsterAges.build/HamsterAges-all-non-framework-target-headers.hmap -Xcc -ivfsoverlay -Xcc /Users/runner/work/hamster-ages/hamster-ages/build-release/Build/Intermediates.noindex/HamsterAges.build/Release-iphonesimulator/HamsterAges-8abf440da93d54cd71606d395a94708e-VFS-iphonesimulator/all-product-headers.yaml -Xcc -iquote -Xcc /Users/runner/work/hamster-ages/hamster-ages/build-release/Build/Intermediates.noindex/HamsterAges.build/Release-iphonesimulator/HamsterAges.build/HamsterAges-project-headers.hmap -Xcc -I/Users/runner/work/hamster-ages/hamster-ages/build-release/SourcePackages/checkouts/swift-package-manager-google-user-messaging-platform/UserMessagingPlatformTarget/include -Xcc -I/Users/runner/work/hamster-ages/hamster-ages/build-release/Build/Products/Release-iphonesimulator/include -Xcc -I/Users/runner/work/hamster-ages/hamster-ages/build-release/Build/Intermediates.noindex/HamsterAges.build/Release-iphonesimulator/HamsterAges.build/DerivedSources-normal/arm64 -Xcc -I/Users/runner/work/hamster-ages/hamster-ages/build-release/Build/Intermediates.noindex/HamsterAges.build/Release-iphonesimulator/HamsterAges.build/DerivedSources/arm64 -Xcc -I/Users/runner/work/hamster-ages/hamster-ages/build-release/Build/Intermediates.noindex/HamsterAges.build/Release-iphonesimulator/HamsterAges.build/DerivedSources -emit-objc-header -emit-objc-header-path /Users/runner/work/hamster-ages/hamster-ages/build-release/Build/Intermediates.noindex/HamsterAges.build/Release-iphonesimulator/HamsterAges.build/Objects-normal/arm64/HamsterAges-Swift.h -working-directory /Users/runner/work/hamster-ages/hamster-ages -no-emit-module-separately-wmo

SwiftMergeGeneratedHeaders /Users/runner/work/hamster-ages/hamster-ages/build-release/Build/Intermediates.noindex/HamsterAges.build/Release-iphonesimulator/HamsterAges.build/DerivedSources/HamsterAges-Swift.h /Users/runner/work/hamster-ages/hamster-ages/build-release/Build/Intermediates.noindex/HamsterAges.build/Release-iphonesimulator/HamsterAges.build/Objects-normal/arm64/HamsterAges-Swift.h /Users/runner/work/hamster-ages/hamster-ages/build-release/Build/Intermediates.noindex/HamsterAges.build/Release-iphonesimulator/HamsterAges.build/Objects-normal/x86_64/HamsterAges-Swift.h (in target 'HamsterAges' from project 'HamsterAges')
    cd /Users/runner/work/hamster-ages/hamster-ages
    builtin-swiftHeaderTool -arch arm64 /Users/runner/work/hamster-ages/hamster-ages/build-release/Build/Intermediates.noindex/HamsterAges.build/Release-iphonesimulator/HamsterAges.build/Objects-normal/arm64/HamsterAges-Swift.h -arch x86_64 /Users/runner/work/hamster-ages/hamster-ages/build-release/Build/Intermediates.noindex/HamsterAges.build/Release-iphonesimulator/HamsterAges.build/Objects-normal/x86_64/HamsterAges-Swift.h -o /Users/runner/work/hamster-ages/hamster-ages/build-release/Build/Intermediates.noindex/HamsterAges.build/Release-iphonesimulator/HamsterAges.build/DerivedSources/HamsterAges-Swift.h

Copy /Users/runner/work/hamster-ages/hamster-ages/build-release/Build/Products/Release-iphonesimulator/HamsterAges.swiftmodule/arm64-apple-ios-simulator.swiftmodule /Users/runner/work/hamster-ages/hamster-ages/build-release/Build/Intermediates.noindex/HamsterAges.build/Release-iphonesimulator/HamsterAges.build/Objects-normal/arm64/HamsterAges.swiftmodule (in target 'HamsterAges' from project 'HamsterAges')
    cd /Users/runner/work/hamster-ages/hamster-ages
    builtin-copy -exclude .DS_Store -exclude CVS -exclude .svn -exclude .git -exclude .hg -resolve-src-symlinks -rename /Users/runner/work/hamster-ages/hamster-ages/build-release/Build/Intermediates.noindex/HamsterAges.build/Release-iphonesimulator/HamsterAges.build/Objects-normal/arm64/HamsterAges.swiftmodule /Users/runner/work/hamster-ages/hamster-ages/build-release/Build/Products/Release-iphonesimulator/HamsterAges.swiftmodule/arm64-apple-ios-simulator.swiftmodule

Copy /Users/runner/work/hamster-ages/hamster-ages/build-release/Build/Products/Release-iphonesimulator/HamsterAges.swiftmodule/arm64-apple-ios-simulator.swiftdoc /Users/runner/work/hamster-ages/hamster-ages/build-release/Build/Intermediates.noindex/HamsterAges.build/Release-iphonesimulator/HamsterAges.build/Objects-normal/arm64/HamsterAges.swiftdoc (in target 'HamsterAges' from project 'HamsterAges')
    cd /Users/runner/work/hamster-ages/hamster-ages
    builtin-copy -exclude .DS_Store -exclude CVS -exclude .svn -exclude .git -exclude .hg -resolve-src-symlinks -rename /Users/runner/work/hamster-ages/hamster-ages/build-release/Build/Intermediates.noindex/HamsterAges.build/Release-iphonesimulator/HamsterAges.build/Objects-normal/arm64/HamsterAges.swiftdoc /Users/runner/work/hamster-ages/hamster-ages/build-release/Build/Products/Release-iphonesimulator/HamsterAges.swiftmodule/arm64-apple-ios-simulator.swiftdoc

Copy /Users/runner/work/hamster-ages/hamster-ages/build-release/Build/Products/Release-iphonesimulator/HamsterAges.swiftmodule/arm64-apple-ios-simulator.abi.json /Users/runner/work/hamster-ages/hamster-ages/build-release/Build/Intermediates.noindex/HamsterAges.build/Release-iphonesimulator/HamsterAges.build/Objects-normal/arm64/HamsterAges.abi.json (in target 'HamsterAges' from project 'HamsterAges')
    cd /Users/runner/work/hamster-ages/hamster-ages
    builtin-copy -exclude .DS_Store -exclude CVS -exclude .svn -exclude .git -exclude .hg -resolve-src-symlinks -rename /Users/runner/work/hamster-ages/hamster-ages/build-release/Build/Intermediates.noindex/HamsterAges.build/Release-iphonesimulator/HamsterAges.build/Objects-normal/arm64/HamsterAges.abi.json /Users/runner/work/hamster-ages/hamster-ages/build-release/Build/Products/Release-iphonesimulator/HamsterAges.swiftmodule/arm64-apple-ios-simulator.abi.json

Copy /Users/runner/work/hamster-ages/hamster-ages/build-release/Build/Products/Release-iphonesimulator/HamsterAges.swiftmodule/Project/arm64-apple-ios-simulator.swiftsourceinfo /Users/runner/work/hamster-ages/hamster-ages/build-release/Build/Intermediates.noindex/HamsterAges.build/Release-iphonesimulator/HamsterAges.build/Objects-normal/arm64/HamsterAges.swiftsourceinfo (in target 'HamsterAges' from project 'HamsterAges')
    cd /Users/runner/work/hamster-ages/hamster-ages
    builtin-copy -exclude .DS_Store -exclude CVS -exclude .svn -exclude .git -exclude .hg -resolve-src-symlinks -rename /Users/runner/work/hamster-ages/hamster-ages/build-release/Build/Intermediates.noindex/HamsterAges.build/Release-iphonesimulator/HamsterAges.build/Objects-normal/arm64/HamsterAges.swiftsourceinfo /Users/runner/work/hamster-ages/hamster-ages/build-release/Build/Products/Release-iphonesimulator/HamsterAges.swiftmodule/Project/arm64-apple-ios-simulator.swiftsourceinfo

Ld /Users/runner/work/hamster-ages/hamster-ages/build-release/Build/Intermediates.noindex/HamsterAges.build/Release-iphonesimulator/HamsterAges.build/Objects-normal/x86_64/Binary/HamsterAges normal x86_64 (in target 'HamsterAges' from project 'HamsterAges')
    cd /Users/runner/work/hamster-ages/hamster-ages
    /Applications/Xcode_26.3.app/Contents/Developer/Toolchains/XcodeDefault.xctoolchain/usr/bin/clang -Xlinker -reproducible -target x86_64-apple-ios18.0-simulator -isysroot /Applications/Xcode_26.3.app/Contents/Developer/Platforms/iPhoneSimulator.platform/Developer/SDKs/iPhoneSimulator26.2.sdk -Os -L/Users/runner/work/hamster-ages/hamster-ages/build-release/Build/Intermediates.noindex/EagerLinkingTBDs/Release-iphonesimulator -L/Users/runner/work/hamster-ages/hamster-ages/build-release/Build/Products/Release-iphonesimulator -F/Users/runner/work/hamster-ages/hamster-ages/build-release/Build/Intermediates.noindex/EagerLinkingTBDs/Release-iphonesimulator -F/Users/runner/work/hamster-ages/hamster-ages/build-release/Build/Products/Release-iphonesimulator/PackageFrameworks -F/Users/runner/work/hamster-ages/hamster-ages/build-release/Build/Products/Release-iphonesimulator/PackageFrameworks -F/Users/runner/work/hamster-ages/hamster-ages/build-release/Build/Products/Release-iphonesimulator -filelist /Users/runner/work/hamster-ages/hamster-ages/build-release/Build/Intermediates.noindex/HamsterAges.build/Release-iphonesimulator/HamsterAges.build/Objects-normal/x86_64/HamsterAges.LinkFileList -Xlinker -rpath -Xlinker /usr/lib/swift -Xlinker -rpath -Xlinker @executable_path/Frameworks -dead_strip -Xlinker -object_path_lto -Xlinker /Users/runner/work/hamster-ages/hamster-ages/build-release/Build/Intermediates.noindex/HamsterAges.build/Release-iphonesimulator/HamsterAges.build/Objects-normal/x86_64/HamsterAges_lto.o -Xlinker -objc_abi_version -Xlinker 2 -Xlinker -dependency_info -Xlinker /Users/runner/work/hamster-ages/hamster-ages/build-release/Build/Intermediates.noindex/HamsterAges.build/Release-iphonesimulator/HamsterAges.build/Objects-normal/x86_64/HamsterAges_dependency_info.dat -fobjc-link-runtime -L/Applications/Xcode_26.3.app/Contents/Developer/Toolchains/XcodeDefault.xctoolchain/usr/lib/swift/iphonesimulator -L/usr/lib/swift -Xlinker -add_ast_path -Xlinker /Users/runner/work/hamster-ages/hamster-ages/build-release/Build/Intermediates.noindex/HamsterAges.build/Release-iphonesimulator/HamsterAges.build/Objects-normal/x86_64/HamsterAges.swiftmodule @/Users/runner/work/hamster-ages/hamster-ages/build-release/Build/Intermediates.noindex/HamsterAges.build/Release-iphonesimulator/HamsterAges.build/Objects-normal/x86_64/HamsterAges-linker-args.resp -Wl,-no_warn_duplicate_libraries -Wl,-no_warn_duplicate_libraries -framework WebKit -framework GoogleMobileAds -framework UserMessagingPlatform -o /Users/runner/work/hamster-ages/hamster-ages/build-release/Build/Intermediates.noindex/HamsterAges.build/Release-iphonesimulator/HamsterAges.build/Objects-normal/x86_64/Binary/HamsterAges -Xlinker -add_ast_path -Xlinker /Users/runner/work/hamster-ages/hamster-ages/build-release/Build/Intermediates.noindex/GoogleMobileAds.build/Release-iphonesimulator/GoogleMobileAdsTarget.build/Objects-normal/x86_64/GoogleMobileAdsTarget.swiftmodule @/Users/runner/work/hamster-ages/hamster-ages/build-release/Build/Intermediates.noindex/GoogleMobileAds.build/Release-iphonesimulator/GoogleMobileAdsTarget.build/Objects-normal/x86_64/GoogleMobileAdsTarget-linker-args.resp

Ld /Users/runner/work/hamster-ages/hamster-ages/build-release/Build/Intermediates.noindex/HamsterAges.build/Release-iphonesimulator/HamsterAges.build/Objects-normal/arm64/Binary/HamsterAges normal arm64 (in target 'HamsterAges' from project 'HamsterAges')
    cd /Users/runner/work/hamster-ages/hamster-ages
    /Applications/Xcode_26.3.app/Contents/Developer/Toolchains/XcodeDefault.xctoolchain/usr/bin/clang -Xlinker -reproducible -target arm64-apple-ios18.0-simulator -isysroot /Applications/Xcode_26.3.app/Contents/Developer/Platforms/iPhoneSimulator.platform/Developer/SDKs/iPhoneSimulator26.2.sdk -Os -L/Users/runner/work/hamster-ages/hamster-ages/build-release/Build/Intermediates.noindex/EagerLinkingTBDs/Release-iphonesimulator -L/Users/runner/work/hamster-ages/hamster-ages/build-release/Build/Products/Release-iphonesimulator -F/Users/runner/work/hamster-ages/hamster-ages/build-release/Build/Intermediates.noindex/EagerLinkingTBDs/Release-iphonesimulator -F/Users/runner/work/hamster-ages/hamster-ages/build-release/Build/Products/Release-iphonesimulator/PackageFrameworks -F/Users/runner/work/hamster-ages/hamster-ages/build-release/Build/Products/Release-iphonesimulator/PackageFrameworks -F/Users/runner/work/hamster-ages/hamster-ages/build-release/Build/Products/Release-iphonesimulator -filelist /Users/runner/work/hamster-ages/hamster-ages/build-release/Build/Intermediates.noindex/HamsterAges.build/Release-iphonesimulator/HamsterAges.build/Objects-normal/arm64/HamsterAges.LinkFileList -Xlinker -rpath -Xlinker /usr/lib/swift -Xlinker -rpath -Xlinker @executable_path/Frameworks -dead_strip -Xlinker -object_path_lto -Xlinker /Users/runner/work/hamster-ages/hamster-ages/build-release/Build/Intermediates.noindex/HamsterAges.build/Release-iphonesimulator/HamsterAges.build/Objects-normal/arm64/HamsterAges_lto.o -Xlinker -objc_abi_version -Xlinker 2 -Xlinker -dependency_info -Xlinker /Users/runner/work/hamster-ages/hamster-ages/build-release/Build/Intermediates.noindex/HamsterAges.build/Release-iphonesimulator/HamsterAges.build/Objects-normal/arm64/HamsterAges_dependency_info.dat -fobjc-link-runtime -L/Applications/Xcode_26.3.app/Contents/Developer/Toolchains/XcodeDefault.xctoolchain/usr/lib/swift/iphonesimulator -L/usr/lib/swift -Xlinker -add_ast_path -Xlinker /Users/runner/work/hamster-ages/hamster-ages/build-release/Build/Intermediates.noindex/HamsterAges.build/Release-iphonesimulator/HamsterAges.build/Objects-normal/arm64/HamsterAges.swiftmodule @/Users/runner/work/hamster-ages/hamster-ages/build-release/Build/Intermediates.noindex/HamsterAges.build/Release-iphonesimulator/HamsterAges.build/Objects-normal/arm64/HamsterAges-linker-args.resp -Wl,-no_warn_duplicate_libraries -Wl,-no_warn_duplicate_libraries -framework WebKit -framework GoogleMobileAds -framework UserMessagingPlatform -o /Users/runner/work/hamster-ages/hamster-ages/build-release/Build/Intermediates.noindex/HamsterAges.build/Release-iphonesimulator/HamsterAges.build/Objects-normal/arm64/Binary/HamsterAges -Xlinker -add_ast_path -Xlinker /Users/runner/work/hamster-ages/hamster-ages/build-release/Build/Intermediates.noindex/GoogleMobileAds.build/Release-iphonesimulator/GoogleMobileAdsTarget.build/Objects-normal/arm64/GoogleMobileAdsTarget.swiftmodule @/Users/runner/work/hamster-ages/hamster-ages/build-release/Build/Intermediates.noindex/GoogleMobileAds.build/Release-iphonesimulator/GoogleMobileAdsTarget.build/Objects-normal/arm64/GoogleMobileAdsTarget-linker-args.resp

CreateUniversalBinary /Users/runner/work/hamster-ages/hamster-ages/build-release/Build/Products/Release-iphonesimulator/HamsterAges.app/HamsterAges normal arm64\ x86_64 (in target 'HamsterAges' from project 'HamsterAges')
    cd /Users/runner/work/hamster-ages/hamster-ages
    /Applications/Xcode_26.3.app/Contents/Developer/Toolchains/XcodeDefault.xctoolchain/usr/bin/lipo -create /Users/runner/work/hamster-ages/hamster-ages/build-release/Build/Intermediates.noindex/HamsterAges.build/Release-iphonesimulator/HamsterAges.build/Objects-normal/arm64/Binary/HamsterAges /Users/runner/work/hamster-ages/hamster-ages/build-release/Build/Intermediates.noindex/HamsterAges.build/Release-iphonesimulator/HamsterAges.build/Objects-normal/x86_64/Binary/HamsterAges -output /Users/runner/work/hamster-ages/hamster-ages/build-release/Build/Products/Release-iphonesimulator/HamsterAges.app/HamsterAges

GenerateDSYMFile /Users/runner/work/hamster-ages/hamster-ages/build-release/Build/Products/Release-iphonesimulator/HamsterAges.app.dSYM /Users/runner/work/hamster-ages/hamster-ages/build-release/Build/Products/Release-iphonesimulator/HamsterAges.app/HamsterAges (in target 'HamsterAges' from project 'HamsterAges')
    cd /Users/runner/work/hamster-ages/hamster-ages
    /Applications/Xcode_26.3.app/Contents/Developer/Toolchains/XcodeDefault.xctoolchain/usr/bin/dsymutil /Users/runner/work/hamster-ages/hamster-ages/build-release/Build/Products/Release-iphonesimulator/HamsterAges.app/HamsterAges -o /Users/runner/work/hamster-ages/hamster-ages/build-release/Build/Products/Release-iphonesimulator/HamsterAges.app.dSYM

ExtractAppIntentsMetadata (in target 'HamsterAges' from project 'HamsterAges')
    cd /Users/runner/work/hamster-ages/hamster-ages
    /Applications/Xcode_26.3.app/Contents/Developer/Toolchains/XcodeDefault.xctoolchain/usr/bin/appintentsmetadataprocessor --toolchain-dir /var/run/com.apple.security.cryptexd/mnt/com.apple.MobileAsset.MetalToolchain-v17.3.7003.10.QXSqED/Metal.xctoolchain --module-name HamsterAges --sdk-root /Applications/Xcode_26.3.app/Contents/Developer/Platforms/iPhoneSimulator.platform/Developer/SDKs/iPhoneSimulator26.2.sdk --xcode-version 17C529 --platform-family iOS --deployment-target 18.0 --bundle-identifier com.valkhim.hamsterages --output /Users/runner/work/hamster-ages/hamster-ages/build-release/Build/Products/Release-iphonesimulator/HamsterAges.app --target-triple arm64-apple-ios18.0-simulator --target-triple x86_64-apple-ios18.0-simulator --binary-file /Users/runner/work/hamster-ages/hamster-ages/build-release/Build/Products/Release-iphonesimulator/HamsterAges.app/HamsterAges --dependency-file /Users/runner/work/hamster-ages/hamster-ages/build-release/Build/Intermediates.noindex/HamsterAges.build/Release-iphonesimulator/HamsterAges.build/Objects-normal/arm64/HamsterAges_dependency_info.dat --dependency-file /Users/runner/work/hamster-ages/hamster-ages/build-release/Build/Intermediates.noindex/HamsterAges.build/Release-iphonesimulator/HamsterAges.build/Objects-normal/x86_64/HamsterAges_dependency_info.dat --stringsdata-file /Users/runner/work/hamster-ages/hamster-ages/build-release/Build/Intermediates.noindex/HamsterAges.build/Release-iphonesimulator/HamsterAges.build/Objects-normal/arm64/ExtractedAppShortcutsMetadata.stringsdata --stringsdata-file /Users/runner/work/hamster-ages/hamster-ages/build-release/Build/Intermediates.noindex/HamsterAges.build/Release-iphonesimulator/HamsterAges.build/Objects-normal/x86_64/ExtractedAppShortcutsMetadata.stringsdata --source-file-list /Users/runner/work/hamster-ages/hamster-ages/build-release/Build/Intermediates.noindex/HamsterAges.build/Release-iphonesimulator/HamsterAges.build/Objects-normal/arm64/HamsterAges.SwiftFileList --source-file-list /Users/runner/work/hamster-ages/hamster-ages/build-release/Build/Intermediates.noindex/HamsterAges.build/Release-iphonesimulator/HamsterAges.build/Objects-normal/x86_64/HamsterAges.SwiftFileList --metadata-file-list /Users/runner/work/hamster-ages/hamster-ages/build-release/Build/Intermediates.noindex/HamsterAges.build/Release-iphonesimulator/HamsterAges.build/HamsterAges.DependencyMetadataFileList --static-metadata-file-list /Users/runner/work/hamster-ages/hamster-ages/build-release/Build/Intermediates.noindex/HamsterAges.build/Release-iphonesimulator/HamsterAges.build/HamsterAges.DependencyStaticMetadataFileList --swift-const-vals-list /Users/runner/work/hamster-ages/hamster-ages/build-release/Build/Intermediates.noindex/HamsterAges.build/Release-iphonesimulator/HamsterAges.build/Objects-normal/arm64/HamsterAges.SwiftConstValuesFileList --swift-const-vals-list /Users/runner/work/hamster-ages/hamster-ages/build-release/Build/Intermediates.noindex/HamsterAges.build/Release-iphonesimulator/HamsterAges.build/Objects-normal/x86_64/HamsterAges.SwiftConstValuesFileList --compile-time-extraction --deployment-aware-processing --validate-assistant-intents --no-app-shortcuts-localization
2026-10-05 06:23:38.974 appintentsmetadataprocessor[5487:18398] Starting appintentsmetadataprocessor export
2026-10-05 06:23:38.977 appintentsmetadataprocessor[5487:18398] warning: Metadata extraction skipped. No AppIntents.framework dependency found.

CopySwiftLibs /Users/runner/work/hamster-ages/hamster-ages/build-release/Build/Products/Release-iphonesimulator/HamsterAges.app (in target 'HamsterAges' from project 'HamsterAges')
    cd /Users/runner/work/hamster-ages/hamster-ages
    builtin-swiftStdLibTool --copy --verbose --scan-executable /Users/runner/work/hamster-ages/hamster-ages/build-release/Build/Products/Release-iphonesimulator/HamsterAges.app/HamsterAges --scan-folder /Users/runner/work/hamster-ages/hamster-ages/build-release/Build/Products/Release-iphonesimulator/HamsterAges.app/Frameworks --scan-folder /Users/runner/work/hamster-ages/hamster-ages/build-release/Build/Products/Release-iphonesimulator/HamsterAges.app/PlugIns --scan-folder /Users/runner/work/hamster-ages/hamster-ages/build-release/Build/Products/Release-iphonesimulator/HamsterAges.app/SystemExtensions --scan-folder /Users/runner/work/hamster-ages/hamster-ages/build-release/Build/Products/Release-iphonesimulator/HamsterAges.app/Extensions --platform iphonesimulator --toolchain /var/run/com.apple.security.cryptexd/mnt/com.apple.MobileAsset.MetalToolchain-v17.3.7003.10.QXSqED/Metal.xctoolchain --toolchain /Applications/Xcode_26.3.app/Contents/Developer/Toolchains/XcodeDefault.xctoolchain --destination /Users/runner/work/hamster-ages/hamster-ages/build-release/Build/Products/Release-iphonesimulator/HamsterAges.app/Frameworks --strip-bitcode --strip-bitcode-tool /Applications/Xcode_26.3.app/Contents/Developer/Toolchains/XcodeDefault.xctoolchain/usr/bin/bitcode_strip --emit-dependency-info /Users/runner/work/hamster-ages/hamster-ages/build-release/Build/Intermediates.noindex/HamsterAges.build/Release-iphonesimulator/HamsterAges.build/SwiftStdLibToolInputDependencies.dep --filter-for-swift-os --back-deploy-swift-span
Ignoring --strip-bitcode because --sign was not passed

AppIntentsSSUTraining (in target 'HamsterAges' from project 'HamsterAges')
    cd /Users/runner/work/hamster-ages/hamster-ages
    /Applications/Xcode_26.3.app/Contents/Developer/Toolchains/XcodeDefault.xctoolchain/usr/bin/appintentsnltrainingprocessor --infoplist-path /Users/runner/work/hamster-ages/hamster-ages/build-release/Build/Products/Release-iphonesimulator/HamsterAges.app/Info.plist --temp-dir-path /Users/runner/work/hamster-ages/hamster-ages/build-release/Build/Intermediates.noindex/HamsterAges.build/Release-iphonesimulator/HamsterAges.build/ssu --bundle-id com.valkhim.hamsterages --product-path /Users/runner/work/hamster-ages/hamster-ages/build-release/Build/Products/Release-iphonesimulator/HamsterAges.app --extracted-metadata-path /Users/runner/work/hamster-ages/hamster-ages/build-release/Build/Products/Release-iphonesimulator/HamsterAges.app/Metadata.appintents --metadata-file-list /Users/runner/work/hamster-ages/hamster-ages/build-release/Build/Intermediates.noindex/HamsterAges.build/Release-iphonesimulator/HamsterAges.build/HamsterAges.DependencyMetadataFileList --archive-ssu-assets
2026-10-05 06:23:39.007 appintentsnltrainingprocessor[5491:18409] Parsing options for appintentsnltrainingprocessor
2026-10-05 06:23:39.008 appintentsnltrainingprocessor[5491:18409] No AppShortcuts found - Skipping.

RegisterExecutionPolicyException /Users/runner/work/hamster-ages/hamster-ages/build-release/Build/Products/Release-iphonesimulator/HamsterAges.app (in target 'HamsterAges' from project 'HamsterAges')
    cd /Users/runner/work/hamster-ages/hamster-ages
    builtin-RegisterExecutionPolicyException /Users/runner/work/hamster-ages/hamster-ages/build-release/Build/Products/Release-iphonesimulator/HamsterAges.app

Validate /Users/runner/work/hamster-ages/hamster-ages/build-release/Build/Products/Release-iphonesimulator/HamsterAges.app (in target 'HamsterAges' from project 'HamsterAges')
    cd /Users/runner/work/hamster-ages/hamster-ages
    builtin-validationUtility /Users/runner/work/hamster-ages/hamster-ages/build-release/Build/Products/Release-iphonesimulator/HamsterAges.app -validate-for-store -shallow-bundle -infoplist-subpath Info.plist

Touch /Users/runner/work/hamster-ages/hamster-ages/build-release/Build/Products/Release-iphonesimulator/HamsterAges.app (in target 'HamsterAges' from project 'HamsterAges')
    cd /Users/runner/work/hamster-ages/hamster-ages
    /usr/bin/touch -c /Users/runner/work/hamster-ages/hamster-ages/build-release/Build/Products/Release-iphonesimulator/HamsterAges.app

** BUILD SUCCEEDED **

