getpwuid_r did not find a match for uid 501
Timestamp               Ty Process[PID:TID]
2026-10-05 06:36:06.016 Df HamsterAges[26356:12cf9] (SpriteKit) SKView: no drawables available for rendering. Skipping this frame.
2026-10-05 06:36:11.182 Df HamsterAges[26356:12cf9] (SpriteKit) SKView: no drawables available for rendering. Skipping this frame.
2026-10-05 06:36:16.332 Df HamsterAges[26356:12cf9] (SpriteKit) SKView: no drawables available for rendering. Skipping this frame.
2026-10-05 06:36:21.415 Df HamsterAges[26356:12cf9] (SpriteKit) SKView: no drawables available for rendering. Skipping this frame.
2026-10-05 06:36:26.649 Df HamsterAges[26356:12cf9] (SpriteKit) SKView: no drawables available for rendering. Skipping this frame.
2026-10-05 06:36:31.765 Df HamsterAges[26356:12cf9] (SpriteKit) SKView: no drawables available for rendering. Skipping this frame.
2026-10-05 06:36:36.849 Df HamsterAges[26356:12cf9] (SpriteKit) SKView: no drawables available for rendering. Skipping this frame.
2026-10-05 06:36:42.049 Df HamsterAges[26356:12cf9] (SpriteKit) SKView: no drawables available for rendering. Skipping this frame.
2026-10-05 06:36:47.232 Df HamsterAges[26356:12cf9] (SpriteKit) SKView: no drawables available for rendering. Skipping this frame.
2026-10-05 06:36:52.815 Df HamsterAges[26356:12cf9] (SpriteKit) SKView: no drawables available for rendering. Skipping this frame.
2026-10-05 06:36:58.065 Df HamsterAges[26356:12cf9] (SpriteKit) SKView: no drawables available for rendering. Skipping this frame.
2026-10-05 06:37:03.182 Df HamsterAges[26356:12cf9] (SpriteKit) SKView: no drawables available for rendering. Skipping this frame.
2026-10-05 06:37:08.365 Df HamsterAges[26356:12cf9] (SpriteKit) SKView: no drawables available for rendering. Skipping this frame.
2026-10-05 06:37:13.499 Df HamsterAges[26356:12cf9] (SpriteKit) SKView: no drawables available for rendering. Skipping this frame.
2026-10-05 06:37:16.577 E  HamsterAges[26356:12d18] [com.apple.coreaudio:AMCP]          HALC_ProxyIOContext.cpp:1623  HALC_ProxyIOContext::IOWorkLoop: skipping cycle due to overload
2026-10-05 06:37:18.666 Df HamsterAges[26356:12cf9] (SpriteKit) SKView: no drawables available for rendering. Skipping this frame.
2026-10-05 06:37:19.347 Df HamsterAges[26356:12d0b] [com.apple.CFNetwork:Default] Connection 1: cleaning up
2026-10-05 06:37:19.349 Df HamsterAges[26356:12d0b] [com.apple.network:connection] [C1 CE82FE10-C311-4CE2-A5D0-623A544654FA Hostname#49cef750:443 quic-connection, url: https://raw.githubusercontent.com/khimchuk00/hamster-ages/main/config/remote.json, definite, attribution: developer] cancel
2026-10-05 06:37:19.349 Df HamsterAges[26356:12d0b] [com.apple.network:connection] [C1 CE82FE10-C311-4CE2-A5D0-623A544654FA Hostname#49cef750:443 quic-connection, url: https://raw.githubusercontent.com/khimchuk00/hamster-ages/main/config/remote.json, definite, attribution: developer] cancelled
	[C1.1.1.1 8B565AD2-DBE7-4398-A980-B24D3BB71B6A 192.168.64.17:54029<->IPv4#39c8aa83:443]
	Connected Path: satisfied (Path is satisfied), interface: en0
	Privacy Stance: Not Eligible
	Duration: 120.128s, DNS @0.002s took 0.001s, TCP @0.004s took 0.003s, TLS 1.3 took 0.014s
	bytes in/out: 6822/1910, packets in/out: 3/6, rtt: 0.001s, retransmitted bytes: 0, out-of-order bytes: 0
	ecn packets sent/acked/marked/lost: 0/0/0/0
2026-10-05 06:37:19.351 Df HamsterAges[26356:12d0b] [com.apple.network:connection] nw_connection_report_state_with_handler_on_nw_queue [C1] reporting state cancelled
2026-10-05 06:37:19.351 Df HamsterAges[26356:12d0b] [com.apple.CFNetwork:Default] Connection 1: done
2026-10-05 06:37:20.353 E  HamsterAges[26356:12d18] [com.apple.coreaudio:AMCP]          HALC_ProxyIOContext.cpp:1623  HALC_ProxyIOContext::IOWorkLoop: skipping cycle due to overload
2026-10-05 06:37:20.355 E  HamsterAges[26356:12d18] [com.apple.coreaudio:AMCP]          HALC_ProxyIOContext.cpp:1623  HALC_ProxyIOContext::IOWorkLoop: skipping cycle due to overload
2026-10-05 06:37:23.106 E  HamsterAges[26356:12d18] [com.apple.coreaudio:AMCP]          HALC_ProxyIOContext.cpp:1623  HALC_ProxyIOContext::IOWorkLoop: skipping cycle due to overload
2026-10-05 06:37:23.782 Df HamsterAges[26356:12cf9] (SpriteKit) SKView: no drawables available for rendering. Skipping this frame.
2026-10-05 06:37:28.882 Df HamsterAges[26356:12cf9] (SpriteKit) SKView: no drawables available for rendering. Skipping this frame.
2026-10-05 06:37:33.999 Df HamsterAges[26356:12cf9] (SpriteKit) SKView: no drawables available for rendering. Skipping this frame.
2026-10-05 06:37:40.309 Df HamsterAges[27894:13eef] [com.apple.xpc:connection] [0x101504c70] activating connection: mach=true listener=false peer=false name=com.apple.cfprefsd.daemon
2026-10-05 06:37:40.312 Df HamsterAges[27894:13ebc] (libMobileGestalt.dylib) No persisted cache on this platform.
2026-10-05 06:37:40.312 Df HamsterAges[27894:13ef1] [com.apple.BoardServices:XPCErrors] [C:1] Alloc com.apple.frontboard.systemappservices
2026-10-05 06:37:40.312 Df HamsterAges[27894:13ef1] [com.apple.xpc:connection] [0x101505c00] activating connection: mach=false listener=false peer=false name=(anonymous)
2026-10-05 06:37:40.314 A  HamsterAges[27894:13eef] (CoreFoundation) Loading Preferences From User Session CFPrefsD
2026-10-05 06:37:40.328 Df HamsterAges[27894:13ebc] [com.apple.UIKit:Application] Deactivation reason added: 10; deactivation reasons: 0 -> 1024; animating application lifecycle event: 0
2026-10-05 06:37:40.329 Df HamsterAges[27894:13eee] [com.apple.UIKit:BackgroundTask] Creating new assertion because there is no existing background assertion.
2026-10-05 06:37:40.329 Df HamsterAges[27894:13eee] [com.apple.UIKit:BackgroundTask] Creating new background assertion
2026-10-05 06:37:40.329 Df HamsterAges[27894:13ebc] [com.apple.runningboard:connection] Initializing connection
2026-10-05 06:37:40.329 Df HamsterAges[27894:13ebc] [com.apple.runningboard:process] Removing all cached process handles
2026-10-05 06:37:40.329 Df HamsterAges[27894:13eee] [com.apple.UIKit:BackgroundTask] Created new background assertion <BKSProcessAssertion: 0x600002104d70>
2026-10-05 06:37:40.329 Df HamsterAges[27894:13ebc] [com.apple.BoardServices:Injection] activating monitor for service com.apple.frontboard.open
2026-10-05 06:37:40.329 Df HamsterAges[27894:13ef0] [com.apple.runningboard:connection] Sending handshake request attempt #1 to server
2026-10-05 06:37:40.330 Df HamsterAges[27894:13eee] [com.apple.runningboard:connection] Creating connection to com.apple.runningboard
2026-10-05 06:37:40.330 Df HamsterAges[27894:13eee] [com.apple.xpc:connection] [0x101306360] activating connection: mach=true listener=false peer=false name=com.apple.runningboard
2026-10-05 06:37:40.330 Df HamsterAges[27894:13ebc] [com.apple.BoardServices:Injection] activating monitor for service com.apple.frontboard.workspace-service
2026-10-05 06:37:40.331 Df HamsterAges[27894:13ebc] [com.apple.FrontBoard:Common] FBSWorkspace registering source: com.apple.frontboard.systemappservices
2026-10-05 06:37:40.332 Df HamsterAges[27894:13ef0] [com.apple.runningboard:connection] Handshake succeeded
2026-10-05 06:37:40.332 Df HamsterAges[27894:13ef0] [com.apple.runningboard:connection] Identity resolved as app<com.valkhim.hamsterages((null))>
2026-10-05 06:37:40.332 A  HamsterAges[27894:13ef1] (RunningBoardServices) didChangeInheritances
2026-10-05 06:37:40.333 Df HamsterAges[27894:13eee] [com.apple.UIKit:BackgroundTask] Incrementing reference count for background assertion <BKSProcessAssertion: 0x600002104d70>
2026-10-05 06:37:40.334 Df HamsterAges[27894:13eee] [com.apple.UIKit:BackgroundTask] Created background task <_UIBackgroundTaskInfo: 0x600001704b00>: taskID = 1, taskName = Launch Background Task for Coalescing, creationTime = 1053 (elapsed = 0).
2026-10-05 06:37:40.334 Df HamsterAges[27894:13eee] [com.apple.FrontBoard:SceneExtension] Realizing settings extension _UIApplicationSceneKeyboardSettings on FBSSceneSettings
2026-10-05 06:37:40.334 Df HamsterAges[27894:13ebc] [com.apple.FrontBoard:Common] FBSWorkspace connected to endpoint : <BSServiceConnectionEndpoint: 0x600000206e40; target: com.apple.frontboard.systemappservices; service: com.apple.frontboard.workspace-service>
2026-10-05 06:37:40.335 Df HamsterAges[27894:13ebc] [com.apple.FrontBoard:Common] <FBSWorkspaceScenesClient:0x6000030042d0 com.apple.frontboard.systemappservices> attempting immediate handshake from activate
2026-10-05 06:37:40.335 Df HamsterAges[27894:13ebc] [com.apple.FrontBoard:Common] <FBSWorkspaceScenesClient:0x6000030042d0 com.apple.frontboard.systemappservices> sent handshake
2026-10-05 06:37:40.336 Df HamsterAges[27894:13ebc] [com.apple.runningboard:general] Added observer for process assertions expiration warning: <_RBSExpirationWarningClient: 0x600000210d00>
2026-10-05 06:37:40.339 Df HamsterAges[27894:13eee] [com.apple.FrontBoard:SceneExtension] Realizing settings extension <_UISceneOcclusionSettings> on FBSSceneSettings
2026-10-05 06:37:40.340 Df HamsterAges[27894:13eee] [com.apple.FrontBoard:SceneExtension] Realizing settings extension <_UISceneInterfaceProtectionSettings> on FBSSceneSettings
2026-10-05 06:37:40.342 Df HamsterAges[27894:13eee] [com.apple.FrontBoard:SceneExtension] Realizing settings extension _UISceneLayoutPreferencesHostSettingsExtension on FBSSceneSettings
2026-10-05 06:37:40.344 Df HamsterAges[27894:13eee] [com.apple.FrontBoard:SceneExtension] Realizing settings extension _UISceneSafeAreaSettingsExtension on FBSSceneSettings
2026-10-05 06:37:40.349 Df HamsterAges[27894:13eee] [com.apple.FrontBoard:SceneExtension] Realizing settings extension _UISceneLayoutPreferenceClientSettingsExtension on FBSSceneClientSettings
2026-10-05 06:37:40.352 Df HamsterAges[27894:13eee] [com.apple.FrontBoard:SceneExtension] Realizing settings extension <_UIHomeAffordanceHostSceneSettings> on FBSSceneSettings
2026-10-05 06:37:40.353 Df HamsterAges[27894:13eee] [com.apple.FrontBoard:SceneExtension] Realizing settings extension _UISystemShellSceneHostingEnvironmentSettings on FBSSceneSettings
2026-10-05 06:37:40.354 Df HamsterAges[27894:13eee] [com.apple.FrontBoard:SceneExtension] Realizing settings extension _UISceneRenderingEnvironmentSettings on FBSSceneSettings
2026-10-05 06:37:40.356 Df HamsterAges[27894:13eee] [com.apple.FrontBoard:SceneExtension] Realizing settings extension <_UISceneRenderingEnvironmentClientSettings> on FBSSceneClientSettings
2026-10-05 06:37:40.356 Df HamsterAges[27894:13ebc] [com.apple.UIKit:UIScreen] Evaluated capturing state as 0 on <UIScreen: 0x101607790> for initial
2026-10-05 06:37:40.356 Df HamsterAges[27894:13eee] [com.apple.FrontBoard:SceneExtension] Realizing settings extension <_UISceneTransitioningHostSettings> on FBSSceneSettings
2026-10-05 06:37:40.356 Df HamsterAges[27894:13ebc] [com.apple.UIKit:UIScreen] Evaluated capturing state as 0 on <UIScreen: 0x101607790> for CADisplay KVO
2026-10-05 06:37:40.357 Df HamsterAges[27894:13eee] [com.apple.FrontBoard:SceneExtension] Realizing settings extension <_UISceneFocusSystemSettings> on FBSSceneSettings
2026-10-05 06:37:40.358 Df HamsterAges[27894:13eee] [com.apple.FrontBoard:SceneExtension] Realizing settings extension _UISceneOrientationSettingsExtension on FBSSceneSettings
2026-10-05 06:37:40.358 Df HamsterAges[27894:13eee] [com.apple.FrontBoard:SceneExtension] Realizing settings extension _UISceneOrientationClientSettingsExtension on FBSSceneClientSettings
2026-10-05 06:37:40.358 Df HamsterAges[27894:13eee] [com.apple.FrontBoard:SceneExtension] Realizing settings extension _UISceneWindowingControlClientSettings on FBSSceneClientSettings
2026-10-05 06:37:40.359 Df HamsterAges[27894:13eee] [com.apple.FrontBoard:SceneExtension] Realizing settings extension <_UISceneHostingContentSizePreferenceClientSettings> on FBSSceneClientSettings
2026-10-05 06:37:40.360 Df HamsterAges[27894:13eee] [com.apple.FrontBoard:SceneExtension] Realizing settings extension _UISceneHostingTraitCollectionPropagationSettings on FBSSceneSettings
2026-10-05 06:37:40.362 Df HamsterAges[27894:13eee] [com.apple.FrontBoard:SceneExtension] Realizing settings extension <_UISceneHostingSheetPresentationSettings> on FBSSceneSettings
2026-10-05 06:37:40.364 Df HamsterAges[27894:13ebc] [com.apple.Accessibility:AXSupportCommon] Read CategoryName: per-app = 1, category name = (null)
2026-10-05 06:37:40.364 Df HamsterAges[27894:13eee] [com.apple.FrontBoard:SceneExtension] Realizing settings extension <_UISceneHostingSheetPresentationClientSettings> on FBSSceneClientSettings
2026-10-05 06:37:40.364 Df HamsterAges[27894:13ebc] [com.apple.Accessibility:AXSupportCommon] Read CategoryName: per-app = 0, category name = (null)
2026-10-05 06:37:40.364 Df HamsterAges[27894:13eee] [com.apple.FrontBoard:SceneExtension] Realizing settings extension <_UISceneHostingEventDeferringSettings> on FBSSceneSettings
2026-10-05 06:37:40.369 Df HamsterAges[27894:13eee] [com.apple.FrontBoard:SceneExtension] Realizing settings extension <UIKit__UITypedKeyValueSceneSettings> on FBSSceneSettings
2026-10-05 06:37:40.369 Df HamsterAges[27894:13eee] [com.apple.FrontBoard:SceneExtension] Realizing settings extension <UIKit__UITypedKeyValueSceneSettings> on FBSSceneClientSettings
2026-10-05 06:37:40.369 Df HamsterAges[27894:13eee] [com.apple.FrontBoard:SceneExtension] Realizing settings extension <_UISceneHostingViewControllerPreferencePropagationClientSettings> on FBSSceneClientSettings
2026-10-05 06:37:40.370 Df HamsterAges[27894:13eee] [com.apple.FrontBoard:SceneExtension] Realizing settings extension <_UISceneZoomTransitionSettings> on FBSSceneSettings
2026-10-05 06:37:40.371 Df HamsterAges[27894:13ef1] [com.apple.FrontBoard:SceneExtension] Realizing settings extension FBSSceneSettingsCore on FBSSceneSettings
2026-10-05 06:37:40.374 Df HamsterAges[27894:13ef1] [com.apple.FrontBoard:SceneExtension] Realizing settings extension FBSSceneClientSettingsCore on FBSSceneClientSettings
2026-10-05 06:37:40.394 Df HamsterAges[27894:13ef1] [com.apple.FrontBoard:SceneExtension] UIMutableApplicationSceneSettings setting counterpart class: UIApplicationSceneSettings
2026-10-05 06:37:40.395 Df HamsterAges[27894:13ef1] [com.apple.FrontBoard:SceneExtension] UIMutableApplicationSceneClientSettings setting counterpart class: UIApplicationSceneClientSettings
2026-10-05 06:37:40.395 Df HamsterAges[27894:13ef1] [com.apple.FrontBoard:SceneExtension] Realizing settings extension FBSSceneTransitionContextCore on FBSSceneTransitionContext
2026-10-05 06:37:40.397 Df HamsterAges[27894:13ebc] [com.apple.dt.xctest:Default] Registering for test daemon availability notify post.
2026-10-05 06:37:40.398 Df HamsterAges[27894:13ebc] [com.apple.dt.xctest:Default] notify_get_state check indicated test daemon not ready.
2026-10-05 06:37:40.398 Df HamsterAges[27894:13ebc] [com.apple.dt.xctest:Default] notify_get_state check indicated test daemon not ready.
2026-10-05 06:37:40.398 Df HamsterAges[27894:13ebc] [com.apple.dt.xctest:Default] notify_get_state check indicated test daemon not ready.
2026-10-05 06:37:40.399 Df HamsterAges[27894:13ebc] [com.apple.UIKit:Application] Deactivation reason added: 11; deactivation reasons: 1024 -> 3072; animating application lifecycle event: 0
2026-10-05 06:37:40.403 Df HamsterAges[27894:13ebc] [com.apple.UIKit:Application] Deactivation reason removed: 10; deactivation reasons: 3072 -> 2048; animating application lifecycle event: 0
2026-10-05 06:37:40.404 Df HamsterAges[27894:13ebc] [com.apple.UIKit:EventBus] Event Timing Profile for Touch: not found, path="/System/Library/EventTimingProfiles/Sim.Touch.plist"
2026-10-05 06:37:40.404 Df HamsterAges[27894:13ebc] [com.apple.UIKit:EventBus] Event Timing Profile for Pencil: not found, path="/System/Library/EventTimingProfiles/Sim.Pencil.plist"
2026-10-05 06:37:40.405 Df HamsterAges[27894:13ebc] [com.apple.UIKit:UpdateScheduler] Selected display: name=LCD (PurpleMain), id=1
2026-10-05 06:37:40.411 Df HamsterAges[27894:13ebc] [com.apple.xpc:connection] [0x10150ba70] activating connection: mach=true listener=false peer=false name=com.apple.lsd.mapdb
2026-10-05 06:37:40.414 Df HamsterAges[27894:13ef1] [com.apple.FileURL:default] kExcludedFromBackupXattrName set on path: /Users/runner/Library/Developer/CoreSimulator/Devices/291E4B86-C951-41A7-8327-84BF0304D0A9/data/Containers/Data/Application/B27423C8-BF3A-4B75-AE28-417D0A9821D7/Library/Application Support/GoogleMobileAds/Settings
2026-10-05 06:37:40.417 Df HamsterAges[27894:13ef1] [com.apple.FileURL:default] kExcludedFromBackupXattrName set on path: /Users/runner/Library/Developer/CoreSimulator/Devices/291E4B86-C951-41A7-8327-84BF0304D0A9/data/Containers/Data/Application/B27423C8-BF3A-4B75-AE28-417D0A9821D7/Library/Application Support/GoogleMobileAds/storage
2026-10-05 06:37:40.417 Df HamsterAges[27894:13ef1] [com.apple.FileURL:default] kExcludedFromBackupXattrName set on path: /Users/runner/Library/Developer/CoreSimulator/Devices/291E4B86-C951-41A7-8327-84BF0304D0A9/data/Containers/Data/Application/B27423C8-BF3A-4B75-AE28-417D0A9821D7/Library/Application Support/GoogleMobileAds/AdapterSettings
2026-10-05 06:37:40.418 Df HamsterAges[27894:13ef1] [com.apple.xpc:connection] [0x10150e770] activating connection: mach=true listener=false peer=false name=com.apple.lsd.advertisingidentifiers
2026-10-05 06:37:40.425 A  HamsterAges[27894:13ef1] (libsystem_containermanager.dylib) container_system_group_path_for_identifier
2026-10-05 06:37:40.425 Df HamsterAges[27894:13ef1] [com.apple.containermanager:xpc] Requesting container lookup; class = 13, identifier = (null), group_identifier = systemgroup.com.apple.configurationprofiles, create = 1, temp = 0, euid = 501, uid = 501
2026-10-05 06:37:40.425 A  HamsterAges[27894:13ef1] (libsystem_containermanager.dylib) container_query_t
2026-10-05 06:37:40.425 Df HamsterAges[27894:13ef1] [com.apple.containermanager:xpc] Query; euid = 501, uid = 501, class = 13, identifier = [(null)](0), flags = 900000003
2026-10-05 06:37:40.436 Df HamsterAges[27894:13ef1] [com.apple.containermanager:unspecified] _container_query_get_result_at_index: success
2026-10-05 06:37:40.436 A  HamsterAges[27894:13ef1] (libsystem_containermanager.dylib) container_copy_object
2026-10-05 06:37:40.436 Df HamsterAges[27894:13ef1] [com.apple.containermanager:unspecified] container_system_group_path_for_identifier: success
2026-10-05 06:37:40.436 Df HamsterAges[27894:13ef1] [com.apple.ManagedConfiguration:MC] Got system group container path from MCM for systemgroup.com.apple.configurationprofiles: /Users/runner/Library/Developer/CoreSimulator/Devices/291E4B86-C951-41A7-8327-84BF0304D0A9/data/Containers/Shared/SystemGroup/systemgroup.com.apple.configurationprofiles
2026-10-05 06:37:40.496 Df HamsterAges[27894:13ebc] [com.apple.BoardServices:XPCErrors] [C:2] Alloc com.apple.backboard.hid-services.xpc
2026-10-05 06:37:40.496 Df HamsterAges[27894:13ebc] [com.apple.xpc:connection] [0x10130bb30] activating connection: mach=false listener=false peer=false name=(anonymous)
2026-10-05 06:37:40.497 Df HamsterAges[27894:13ef0] [com.apple.BackBoard:EventDelivery] BKSHIDEventDeliveryManager - connection activation
2026-10-05 06:37:40.504 Df HamsterAges[27894:13ebc] [com.apple.UIKit:Application] Deactivation reason added: 5; deactivation reasons: 2048 -> 2080; animating application lifecycle event: 1
2026-10-05 06:37:40.504 Df HamsterAges[27894:13ebc] [com.apple.UIKit:InterfaceStyle] Should send trait collection or coordinate space update, interface style 1 -> 1, <UIWindowScene: 0x10160e890> (12C26D1E-285E-4749-B892-E2C6EC87C227)
2026-10-05 06:37:40.508 Df HamsterAges[27894:13ebc] [com.apple.UIKit:InterfaceStyle] Not push traits update to screen for new style 1, <UIWindowScene: 0x10160e890> (12C26D1E-285E-4749-B892-E2C6EC87C227)
2026-10-05 06:37:40.510 Df HamsterAges[27894:13ebc] [com.apple.UIKit:HomeAffordanceObservation] Initializing: <_UIHomeAffordanceSceneNotifier: 0x6000029163e0>; with scene: <UIWindowScene: 0x10160e890>
2026-10-05 06:37:40.511 Df HamsterAges[27894:13ebc] [com.apple.BacklightServices:scenes] 0x600000c21530 setDelegate:<0x600000c27d80 _UIBacklightEnvironment> hasDelegate:YES for environment:sceneID:com.valkhim.hamsterages-12C26D1E-285E-4749-B892-E2C6EC87C227
2026-10-05 06:37:40.513 Df HamsterAges[27894:13ebc] [com.apple.UIKit:InterfaceStyle] Not push traits update to screen for new style 1, <UIWindowScene: 0x10160e890> (12C26D1E-285E-4749-B892-E2C6EC87C227)
2026-10-05 06:37:40.513 Df HamsterAges[27894:13ebc] [com.apple.UIKit:EventDeferring] [0x6000029164c0] Initialized with scene: <UIWindowScene: 0x10160e890>; behavior: <_UIEventDeferringBehavior_iOS: 0x600000226880>; availableForProcess: 1, systemShellManagesKeyboardFocus: 1
2026-10-05 06:37:40.517 Df HamsterAges[27894:13ef0] [com.apple.BackBoard:EventDelivery] BKSHIDEventObserver - connection activation
2026-10-05 06:37:40.517 Df HamsterAges[27894:13ebc] [com.apple.BackBoard:EventDelivery] policyStatus:<BKSHIDEventDeliveryPolicyObserver: 0x600002604b40; process scope; status: target> was:none
2026-10-05 06:37:40.517 Df HamsterAges[27894:13ebc] [com.apple.UIKit:KeyWindow] Setting default evaluation strategy for UIUserInterfaceIdiomPhone to LastOneWins
2026-10-05 06:37:40.517 Df HamsterAges[27894:13ebc] [com.apple.UIKit:KeyWindow] Scene target of keyboard event deferring environment did change: 1; scene: UIWindowScene: 0x10160e890; scene identity: com.apple.frontboard.systemappservices/FBSceneManager:sceneID%3Acom.valkhim.hamsterages-12C26D1E-285E-4749-B892-E2C6EC87C227
2026-10-05 06:37:40.517 Df HamsterAges[27894:13ebc] [com.apple.UIKit:EventDeferring] [0x6000029164c0] Scene target of event deferring environments did update: scene: 0x10160e890; current systemShellManagesKeyboardFocus: 1; systemShellManagesKeyboardFocusForScene: 1; eligibleForRecordRemoval: 1;
2026-10-05 06:37:40.517 Df HamsterAges[27894:13ebc] [com.apple.UIKit:KeyWindow] Scene became target of keyboard event deferring environment: UIWindowScene: 0x10160e890; scene identity: com.apple.frontboard.systemappservices/FBSceneManager:sceneID%3Acom.valkhim.hamsterages-12C26D1E-285E-4749-B892-E2C6EC87C227
2026-10-05 06:37:40.517 Df HamsterAges[27894:13ebc] [com.apple.UIKit:KeyWindow] Stack[KeyWindow] 0x600000c27f00: Taking no further action for migration from LastOneWins -> SystemShellManaged as there are no scenes
2026-10-05 06:37:40.517 Df HamsterAges[27894:13ebc] [com.apple.UIKit:KeyWindow] Setting default evaluation strategy for UIUserInterfaceIdiomPhone to SystemShellManaged
2026-10-05 06:37:40.518 Df HamsterAges[27894:13ebc] [com.apple.UIKit:KeyWindow] Key window needs update: 0; currentKeyWindowScene: 0x0; evaluatedKeyWindowScene: 0x10160e890; currentApplicationKeyWindow: 0x0; evaluatedApplicationKeyWindow: 0x0; reason: UIWindowScene: 0x10160e890: Window scene became target of keyboard environment
2026-10-05 06:37:40.525 Df HamsterAges[27894:13ebc] [com.apple.UIKit:InterfaceStyle] Not push traits update to screen for new style 1, <UIWindowScene: 0x10160e890> (12C26D1E-285E-4749-B892-E2C6EC87C227)
2026-10-05 06:37:40.526 Df HamsterAges[27894:13ebc] [com.apple.UIKit:InterfaceStyle] Not push traits update to screen for new style 1, <UIWindowScene: 0x10160e890> (12C26D1E-285E-4749-B892-E2C6EC87C227)
2026-10-05 06:37:40.527 Df HamsterAges[27894:13ebc] [com.apple.UIKit:InterfaceStyle] Not push traits update to screen for new style 1, <UIWindowScene: 0x10160e890> (12C26D1E-285E-4749-B892-E2C6EC87C227)
2026-10-05 06:37:40.645 Df HamsterAges[27894:13ebc] [com.apple.UIKit:Orientation] <UIWindowScene: 0x10160e890> (12C26D1E-285E-4749-B892-E2C6EC87C227) Scene updated orientation preferences: none -> ( Ll Lr )
2026-10-05 06:37:40.652 Df HamsterAges[27894:13ebc] [com.apple.UIKit:KeyWindow] Key window API is scene-level: YES
2026-10-05 06:37:40.652 Df HamsterAges[27894:13ebc] [com.apple.UIKit:KeyWindow] UIWindowScene: 0x10160e890: Window became key in scene: UIWindow: 0x101310160; contextId: 0x6C9B6177: reason: UIWindowScene: 0x10160e890: Window requested to become key in scene: 0x101310160
2026-10-05 06:37:40.652 Df HamsterAges[27894:13ebc] [com.apple.UIKit:KeyWindow] Key window needs update: 1; currentKeyWindowScene: 0x0; evaluatedKeyWindowScene: 0x10160e890; currentApplicationKeyWindow: 0x0; evaluatedApplicationKeyWindow: 0x101310160; reason: UIWindowScene: 0x10160e890: Window requested to become key in scene: 0x101310160
2026-10-05 06:37:40.652 Df HamsterAges[27894:13ebc] [com.apple.UIKit:KeyWindow] Window did become application key: UIWindow: 0x101310160; contextId: 0x6C9B6177; scene identity: com.apple.frontboard.systemappservices/FBSceneManager:sceneID%3Acom.valkhim.hamsterages-12C26D1E-285E-4749-B892-E2C6EC87C227
2026-10-05 06:37:40.652 Df HamsterAges[27894:13ebc] [com.apple.UIKit:EventDeferring] [0x6000029164c0] Begin local event deferring requested for token: 0x600002602fa0; environments: 1; reason: UIWindowScene: 0x10160e890: Begin event deferring in keyboardFocus for window: 0x101310160
2026-10-05 06:37:40.654 Df HamsterAges[27894:13ef0] [com.apple.BackBoard:EventDelivery] policyStatus:<BKSHIDEventDeliveryPolicyObserver: 0x600002604b40; token: com.apple.frontboard.systemappservices/FBSceneManager:sceneID%3Acom.valkhim.hamsterages-12C26D1E-285E-4749-B892-E2C6EC87C227; status: ancestor> was:target
2026-10-05 06:37:40.655 Df HamsterAges[27894:13ebc] [com.apple.UIKit:InterfaceStyle] Not push traits update to screen for new style 1, <UIWindowScene: 0x10160e890> (12C26D1E-285E-4749-B892-E2C6EC87C227)
2026-10-05 06:37:40.659 Df HamsterAges[27894:13ebc] [com.apple.UIKit:AppLifecycle] sceneOfRecord: sceneID: sceneID:com.valkhim.hamsterages-12C26D1E-285E-4749-B892-E2C6EC87C227  persistentID: 12C26D1E-285E-4749-B892-E2C6EC87C227
2026-10-05 06:37:40.659 Df HamsterAges[27894:13ebc] [com.apple.UIKit:Application] Ignoring already applied deactivation reason: 5; deactivation reasons: 2080
2026-10-05 06:37:40.659 Df HamsterAges[27894:13ebc] [com.apple.UIKit:Application] Deactivation reason added: 12; deactivation reasons: 2080 -> 6176; animating application lifecycle event: 1
2026-10-05 06:37:40.660 Df HamsterAges[27894:13ebc] [com.apple.UIKit:Application] Deactivation reason removed: 11; deactivation reasons: 6176 -> 4128; animating application lifecycle event: 1
2026-10-05 06:37:40.660 Df HamsterAges[27894:13ebc] [com.apple.FrontBoard:SceneExtension] Realizing settings extension <_UISceneIntelligenceSupportSettings> on FBSSceneSettings
2026-10-05 06:37:40.660 Df HamsterAges[27894:13eee] [com.apple.UIIntelligenceSupport:xpc] establishing connection to agent
2026-10-05 06:37:40.660 Df HamsterAges[27894:13ebc] [com.apple.UIKit:InterfaceStyle] Not push traits update to screen for new style 1, <UIWindowScene: 0x10160e890> (12C26D1E-285E-4749-B892-E2C6EC87C227)
2026-10-05 06:37:40.661 Df HamsterAges[27894:13eee] [com.apple.xpc:session] [0x6000021142d0] Session created.
2026-10-05 06:37:40.661 Df HamsterAges[27894:13eee] [com.apple.xpc:session] [0x6000021142d0] Session created from connection [0x10130a020]
2026-10-05 06:37:40.661 Df HamsterAges[27894:13ebc] [com.apple.UIKit:BackgroundTask] Will add backgroundTask with taskName: Persistent SceneSession Map Update, expirationHandler: <__NSGlobalBlock__: 0x1e61729e0>
2026-10-05 06:37:40.661 Df HamsterAges[27894:13ebc] [com.apple.UIKit:BackgroundTask] Reusing background assertion <BKSProcessAssertion: 0x600002104d70>
2026-10-05 06:37:40.661 Df HamsterAges[27894:13ebc] [com.apple.UIKit:BackgroundTask] Incrementing reference count for background assertion <BKSProcessAssertion: 0x600002104d70>
2026-10-05 06:37:40.662 Df HamsterAges[27894:13ebc] [com.apple.UIKit:BackgroundTask] Created background task <_UIBackgroundTaskInfo: 0x60000171c140>: taskID = 2, taskName = Persistent SceneSession Map Update, creationTime = 1054 (elapsed = 0).
2026-10-05 06:37:40.662 Df HamsterAges[27894:13eee] [com.apple.xpc:connection] [0x10130a020] activating connection: mach=true listener=false peer=false name=com.apple.uiintelligencesupport.agent
2026-10-05 06:37:40.662 Df HamsterAges[27894:13eee] [com.apple.xpc:session] [0x6000021142d0] Session activated
2026-10-05 06:37:40.686 A  HamsterAges[27894:13ebc] (CoreFoundation) Updating Key-Value Observers Of Preferences
2026-10-05 06:37:40.782 E  HamsterAges[27894:13ebc] [com.apple.kvs:Connection] Unable to find entitlement for KVS store
2026-10-05 06:37:40.783 F  HamsterAges[27894:13ebc] [com.apple.kvs:Connection] BUG IN CLIENT OF KVS: Trying to initialize NSUbiquitousKeyValueStore without a store identifier. Please specify your store identifier in the 'com.apple.developer.ubiquity-kvstore-identifier' entitlement.
2026-10-05 06:37:40.783 A  HamsterAges[27894:13ebc] (libsystem_trace.dylib) Activity for state dumps
2026-10-05 06:37:41.037 Df HamsterAges[27894:13ef0] [com.apple.xpc:connection] [0x10160fd00] activating connection: mach=true listener=false peer=false name=com.apple.fontservicesd
2026-10-05 06:37:41.204 Df HamsterAges[27894:13eee] [com.apple.UIKit:BackgroundTask] Ending background task with UIBackgroundTaskIdentifier: 2
2026-10-05 06:37:41.204 Df HamsterAges[27894:13eee] [com.apple.UIKit:BackgroundTask] Ending task with identifier 2 and description: <_UIBackgroundTaskInfo: 0x60000171c140>: taskID = 2, taskName = Persistent SceneSession Map Update, creationTime = 1054 (elapsed = 0), _expireHandler: <__NSGlobalBlock__: 0x1e61729e0>
2026-10-05 06:37:41.204 Df HamsterAges[27894:13eee] [com.apple.UIKit:BackgroundTask] Decrementing reference count for assertion <BKSProcessAssertion: 0x600002104d70> (used by background task with identifier 2: <_UIBackgroundTaskInfo: 0x60000171c140>: taskID = 2, taskName = Persistent SceneSession Map Update, creationTime = 1054 (elapsed = 0))
2026-10-05 06:37:41.251 Df HamsterAges[27894:13ebc] [com.apple.FrontBoard:SceneClient] [(FBSceneManager):sceneID:com.valkhim.hamsterages-12C26D1E-285E-4749-B892-E2C6EC87C227] Sending action(s): BLSInvalidateFrameSpecifiersAction
2026-10-05 06:37:41.253 Df HamsterAges[27894:13ebc] [com.apple.UIKit:InterfaceStyle] Not push traits update to screen for new style 1, <UIWindowScene: 0x10160e890> (12C26D1E-285E-4749-B892-E2C6EC87C227)
2026-10-05 06:37:41.254 Df HamsterAges[27894:13ebc] [com.apple.UIKit:_UIVisualStyleRegistry] Warning: no visual style classes have been registered at all.
2026-10-05 06:37:41.263 Df HamsterAges[27894:13ebc] [com.apple.network:] networkd_settings_read_from_file initialized networkd settings by reading plist directly
2026-10-05 06:37:41.263 Df HamsterAges[27894:13ebc] [com.apple.network:] networkd_settings_read_from_file initialized networkd settings by reading plist directly
2026-10-05 06:37:41.269 Df HamsterAges[27894:13ebc] [com.apple.CFNetwork:Default] Task <66A97033-0E65-4304-9CD7-DDB59FBDBCFD>.<1> resuming, timeouts(8.0, 604800.0) qos(0x21) voucher((null)) activity(00000000-0000-0000-0000-000000000000)
2026-10-05 06:37:41.270 A  HamsterAges[27894:13ebc] (CoreFoundation) Loading Preferences From User Session CFPrefsD
2026-10-05 06:37:41.281 Df HamsterAges[27894:13eef] [com.apple.CFNetwork:Default] Initializing NSHTTPCookieStorage singleton
2026-10-05 06:37:41.282 Df HamsterAges[27894:13eef] [com.apple.CFNetwork:Default] Initializing CFHTTPCookieStorage singleton
2026-10-05 06:37:41.282 Df HamsterAges[27894:13eef] [com.apple.CFNetwork:Default] Creating default cookie storage with process/bundle identifier
2026-10-05 06:37:41.283 A  HamsterAges[27894:13eef] (libsystem_containermanager.dylib) container_system_group_path_for_identifier
2026-10-05 06:37:41.284 Df HamsterAges[27894:13eef] [com.apple.containermanager:xpc] Requesting container lookup; class = 13, identifier = com.apple.nsurlsessiond, group_identifier = systemgroup.com.apple.nsurlstoragedresources, create = 1, temp = 0, euid = 501, uid = 501
2026-10-05 06:37:41.284 A  HamsterAges[27894:13eef] (libsystem_containermanager.dylib) container_query_t
2026-10-05 06:37:41.284 Df HamsterAges[27894:13eef] [com.apple.containermanager:xpc] Query; euid = 501, uid = 501, class = 13, identifier = [com.apple.nsurlsessiond](1), flags = 900000003
2026-10-05 06:37:41.285 Df HamsterAges[27894:13eef] [com.apple.containermanager:unspecified] _container_query_get_result_at_index: success
2026-10-05 06:37:41.285 A  HamsterAges[27894:13eef] (libsystem_containermanager.dylib) container_copy_object
2026-10-05 06:37:41.285 Df HamsterAges[27894:13eef] [com.apple.containermanager:unspecified] container_system_group_path_for_identifier: success
2026-10-05 06:37:41.288 Df HamsterAges[27894:13eef] [com.apple.CFNetwork:Default] Initializing AlternativeServices Storage singleton
2026-10-05 06:37:41.290 Df HamsterAges[27894:13eef] [com.apple.FileURL:default] kExcludedFromBackupXattrName set on path: /Users/runner/Library/Developer/CoreSimulator/Devices/291E4B86-C951-41A7-8327-84BF0304D0A9/data/Containers/Data/Application/B27423C8-BF3A-4B75-AE28-417D0A9821D7/Library/HTTPStorages/com.valkhim.hamsterages
2026-10-05 06:37:41.298 Df HamsterAges[27894:13eef] [com.apple.CFNetwork:Default] Connection 0: creating secure tcp or quic connection
2026-10-05 06:37:41.312 Df HamsterAges[27894:13eef] [com.apple.CFNetwork:Default] Connection 1: enabling TLS
2026-10-05 06:37:41.312 Df HamsterAges[27894:13eef] [com.apple.CFNetwork:Default] Connection 1: starting, TC(0x0)
2026-10-05 06:37:41.312 Df HamsterAges[27894:13eef] [com.apple.network:connection] [C1 9B8D306F-0177-4B2B-A9D3-D867B17757A3 Hostname#2b914e4f:443 quic-connection, url: https://raw.githubusercontent.com/khimchuk00/hamster-ages/main/config/remote.json, definite, attribution: developer, context: com.apple.CFNetwork.NSURLSession.{DC92C14D-6264-4A1D-91B3-695A1433E251}{(null)}{Y}{2}{0x0} (private), proc: 6A879243-69DF-3D44-BBA3-9BDFA1201B42, delegated upid: 0] start
2026-10-05 06:37:41.312 Df HamsterAges[27894:13eef] [com.apple.network:connection] [C1 Hostname#2b914e4f:443 initial parent-flow ((null))] event: path:start @0.000s
2026-10-05 06:37:41.315 Df HamsterAges[27894:13eef] [com.apple.network:connection] [C1 Hostname#2b914e4f:443 waiting parent-flow (satisfied (Path is satisfied), interface: en0)] event: path:satisfied @0.002s, uuid: 9E7458AF-48AD-4436-809A-AF1C3190635E
2026-10-05 06:37:41.316 Df HamsterAges[27894:13eef] [com.apple.network:connection] [C1 Hostname#2b914e4f:443 in_progress parent-flow (satisfied (Path is satisfied), interface: en0)] event: flow:start_connect @0.003s
2026-10-05 06:37:41.316 Df HamsterAges[27894:13eef] [com.apple.network:connection] nw_connection_report_state_with_handler_on_nw_queue [C1] reporting state preparing
2026-10-05 06:37:41.317 Df HamsterAges[27894:13eef] [com.apple.network:connection] [C1 Hostname#2b914e4f:443 in_progress parent-flow (satisfied (Path is satisfied), interface: en0)] event: flow:start_child @0.004s
2026-10-05 06:37:41.317 Df HamsterAges[27894:13eef] [com.apple.network:connection] [C1.1 Hostname#2b914e4f:443 initial path ((null))] event: path:start @0.004s
2026-10-05 06:37:41.317 Df HamsterAges[27894:13eef] [com.apple.network:connection] [C1.1 Hostname#2b914e4f:443 waiting path (satisfied (Path is satisfied), interface: en0)] event: path:satisfied @0.004s, uuid: 9E7458AF-48AD-4436-809A-AF1C3190635E
2026-10-05 06:37:41.317 Df HamsterAges[27894:13eef] [com.apple.network:connection] [C1.1 Hostname#2b914e4f:443 in_progress transform (satisfied (Path is satisfied), interface: en0)] event: transform:start @0.004s
2026-10-05 06:37:41.318 Df HamsterAges[27894:13eee] [com.apple.CFNetwork:Default] Garbage collection for alternative services
2026-10-05 06:37:41.319 Df HamsterAges[27894:13eef] [com.apple.network:connection] [C1.1.1 Hostname#2b914e4f:443 initial path ((null))] event: path:start @0.006s
2026-10-05 06:37:41.320 Df HamsterAges[27894:13eef] [com.apple.network:connection] [C1.1.1 Hostname#2b914e4f:443 waiting path (satisfied (Path is satisfied), interface: en0)] event: path:satisfied @0.007s, uuid: C1B9DDF7-2C47-4D8C-A13F-019538ED9EE6
2026-10-05 06:37:41.320 Df HamsterAges[27894:13eef] [com.apple.network:connection] [C1.1.1 Hostname#2b914e4f:443 in_progress resolver (satisfied (Path is satisfied), interface: en0)] event: resolver:start_dns @0.007s
2026-10-05 06:37:41.321 Df HamsterAges[27894:13eef] [com.apple.CFNetwork:Default] Task <66A97033-0E65-4304-9CD7-DDB59FBDBCFD>.<1> setting up Connection 1
2026-10-05 06:37:41.336 Df HamsterAges[27894:13eef] [com.apple.network:connection] nw_endpoint_resolver_update [C1.1.1 Hostname#2b914e4f:443 in_progress resolver (satisfied (Path is satisfied), interface: en0)] Adding endpoint handler for IPv4#47e236ec:443
2026-10-05 06:37:41.336 Df HamsterAges[27894:13eef] [com.apple.network:connection] nw_endpoint_resolver_update [C1.1.1 Hostname#2b914e4f:443 in_progress resolver (satisfied (Path is satisfied), interface: en0)] Adding endpoint handler for IPv4#f63b10e9:443
2026-10-05 06:37:41.336 Df HamsterAges[27894:13eef] [com.apple.network:connection] nw_endpoint_resolver_update [C1.1.1 Hostname#2b914e4f:443 in_progress resolver (satisfied (Path is satisfied), interface: en0)] Adding endpoint handler for IPv4#f93a2a12:443
2026-10-05 06:37:41.336 Df HamsterAges[27894:13eef] [com.apple.network:connection] nw_endpoint_resolver_update [C1.1.1 Hostname#2b914e4f:443 in_progress resolver (satisfied (Path is satisfied), interface: en0)] Adding endpoint handler for IPv4#0dbc07ce:443
2026-10-05 06:37:41.336 Df HamsterAges[27894:13eef] [com.apple.network:connection] [C1.1.1 Hostname#2b914e4f:443 in_progress resolver (satisfied (Path is satisfied), interface: en0)] event: resolver:receive_dns @0.023s
2026-10-05 06:37:41.336 Df HamsterAges[27894:13eef] [com.apple.network:connection] [C1.1.1.1 IPv4#47e236ec:443 initial path ((null))] event: path:start @0.023s
2026-10-05 06:37:41.337 Df HamsterAges[27894:13eef] [com.apple.network:connection] [C1.1.1.1 IPv4#47e236ec:443 waiting path (satisfied (Path is satisfied), interface: en0)] event: path:satisfied @0.024s, uuid: E802D4F1-6FFE-4175-B3B9-298FDC86DB80
2026-10-05 06:37:41.349 Df HamsterAges[27894:13ef5] [com.apple.UIKit:BackgroundTask] Ending background task with UIBackgroundTaskIdentifier: 1
2026-10-05 06:37:41.349 Df HamsterAges[27894:13ef5] [com.apple.UIKit:BackgroundTask] Ending task with identifier 1 and description: <_UIBackgroundTaskInfo: 0x600001704b00>: taskID = 1, taskName = Launch Background Task for Coalescing, creationTime = 1053 (elapsed = 1), _expireHandler: (null)
2026-10-05 06:37:41.349 Df HamsterAges[27894:13ef5] [com.apple.UIKit:BackgroundTask] Decrementing reference count for assertion <BKSProcessAssertion: 0x600002104d70> (used by background task with identifier 1: <_UIBackgroundTaskInfo: 0x600001704b00>: taskID = 1, taskName = Launch Background Task for Coalescing, creationTime = 1053 (elapsed = 1))
2026-10-05 06:37:41.349 Df HamsterAges[27894:13ef5] [com.apple.UIKit:BackgroundTask] Will invalidate assertion: <BKSProcessAssertion: 0x600002104d70> for task identifier: 1
2026-10-05 06:37:41.350 Df HamsterAges[27894:13eef] [com.apple.network:connection] [C1.1.1.1 IPv4#47e236ec:443 in_progress socket-flow (satisfied (Path is satisfied), interface: en0)] event: flow:start_connect @0.037s
2026-10-05 06:37:41.352 Df HamsterAges[27894:13eef] [com.apple.network:connection] nw_socket_handle_socket_event [C1.1.1.1:3] Socket received CONNECTED event
2026-10-05 06:37:41.364 Df HamsterAges[27894:13eef] [com.apple.network:connection] nw_flow_connected [C1.1.1.1 IPv4#47e236ec:443 in_progress socket-flow (satisfied (Path is satisfied), interface: en0)] Transport protocol connected (socket)
2026-10-05 06:37:41.364 Df HamsterAges[27894:13eef] [com.apple.network:connection] [C1.1.1.1 IPv4#47e236ec:443 in_progress socket-flow (satisfied (Path is satisfied), interface: en0)] event: flow:finish_transport @0.051s
2026-10-05 06:37:41.364 Df HamsterAges[27894:13eef] [com.apple.network:boringssl] boringssl_session_apply_protocol_options_for_transport_block_invoke_2(2323) [C1.1.1.1:2][0x1015438a0] TLS configured [min_version(0x0303) max_version(0x0304) name(redacted) tickets(false) false_start(false) enforce_ev(false) enforce_ats(false) ats_non_pfs_ciphersuite_allowed(false) ech(false) pqtls(true), pake(false)]
2026-10-05 06:37:41.364 Df HamsterAges[27894:13eef] [com.apple.network:boringssl] boringssl_context_info_handler(2390) [C1.1.1.1:2][0x1015438a0] Client handshake started
2026-10-05 06:37:41.364 Df HamsterAges[27894:13eef] [com.apple.network:boringssl] boringssl_context_info_handler(2407) [C1.1.1.1:2][0x1015438a0] Client handshake state: TLS client enter_early_data
2026-10-05 06:37:41.364 Df HamsterAges[27894:13eef] [com.apple.network:boringssl] boringssl_context_info_handler(2407) [C1.1.1.1:2][0x1015438a0] Client handshake state: TLS client read_server_hello
2026-10-05 06:37:41.366 Df HamsterAges[27894:13ebc] [com.apple.extensionkit:NSExtension] Class EXGetExtensionClass(void) returning EXConcreteExtension
2026-10-05 06:37:41.366 Df HamsterAges[27894:13ebc] [com.apple.xpc:connection] [0x1016679b0] activating connection: mach=true listener=false peer=false name=com.apple.pluginkit.pkd
2026-10-05 06:37:41.366 A  HamsterAges[27894:13ebc] (PlugInKit) continuous-discovery
2026-10-05 06:37:41.366 Df HamsterAges[27894:13ebc] [com.apple.PlugInKit:discovery] <PKDiscoveryDriver:0x600002623de0> created discovery driver
2026-10-05 06:37:41.367 Df HamsterAges[27894:13ebc] [com.apple.PlugInKit:discovery] [d 2C6D15FD-3283-4A4A-B1E7-D707C882252B] <PKHost:0x60000175f080> Beginning discovery for flags: 0, point: com.apple.AudioUnit
2026-10-05 06:37:41.368 Df HamsterAges[27894:13ef5] [com.apple.network:boringssl] boringssl_context_info_handler(2407) [C1.1.1.1:2][0x1015438a0] Client handshake state: TLS 1.3 client read_hello_retry_request
2026-10-05 06:37:41.368 Df HamsterAges[27894:13ef5] [com.apple.network:boringssl] boringssl_context_info_handler(2407) [C1.1.1.1:2][0x1015438a0] Client handshake state: TLS 1.3 client read_server_hello
2026-10-05 06:37:41.368 Df HamsterAges[27894:13ef5] [com.apple.network:boringssl] boringssl_context_info_handler(2407) [C1.1.1.1:2][0x1015438a0] Client handshake state: TLS 1.3 client read_encrypted_extensions
2026-10-05 06:37:41.368 Df HamsterAges[27894:13ef5] [com.apple.network:boringssl] boringssl_context_info_handler(2407) [C1.1.1.1:2][0x1015438a0] Client handshake state: TLS 1.3 client read_certificate_request
2026-10-05 06:37:41.368 Df HamsterAges[27894:13ef5] [com.apple.network:boringssl] boringssl_context_info_handler(2407) [C1.1.1.1:2][0x1015438a0] Client handshake state: TLS 1.3 client read_server_certificate
2026-10-05 06:37:41.368 Df HamsterAges[27894:13ef5] [com.apple.network:boringssl] boringssl_context_info_handler(2407) [C1.1.1.1:2][0x1015438a0] Client handshake state: TLS 1.3 client read_server_certificate_verify
2026-10-05 06:37:41.369 Df HamsterAges[27894:13ef5] [com.apple.network:boringssl] boringssl_context_evaluate_trust_async(1833) [C1.1.1.1:2][0x1015438a0] Performing external trust evaluation
2026-10-05 06:37:41.369 A  HamsterAges[27894:13ef5] (Security) SecKeyCopyPublicBytes
2026-10-05 06:37:41.369 Df HamsterAges[27894:13ef5] [com.apple.network:boringssl] boringssl_context_evaluate_trust_async_external(1818) [C1.1.1.1:2][0x1015438a0] Asyncing for external verify block
2026-10-05 06:37:41.369 Df HamsterAges[27894:13ef5] [com.apple.CFNetwork:Default] Connection 1: asked to evaluate TLS Trust
2026-10-05 06:37:41.374 Df HamsterAges[27894:13eef] [com.apple.CFNetwork:Default] Task <66A97033-0E65-4304-9CD7-DDB59FBDBCFD>.<1> auth completion disp=1 cred=0x0
2026-10-05 06:37:41.375 Df HamsterAges[27894:13eef] [com.apple.securityd:trust] (Trust 0x600003514630) No pending evals, starting
2026-10-05 06:37:41.375 A  HamsterAges[27894:13eef] (Security) SecTrustEvaluateIfNecessaryFastAsync
2026-10-05 06:37:41.376 Df HamsterAges[27894:13eef] [com.apple.securityd:keychain] System Keychain Always Supported set via feature flag to disabled
2026-10-05 06:37:41.376 Df HamsterAges[27894:13eef] [com.apple.xpc:connection] [0x101669bc0] activating connection: mach=true listener=false peer=false name=com.apple.trustd
2026-10-05 06:37:41.377 Df HamsterAges[27894:13eef] [com.apple.xpc:connection] [0x101669cd0] activating connection: mach=true listener=false peer=false name=com.apple.trustd
2026-10-05 06:37:41.377 Df HamsterAges[27894:13eef] [com.apple.securityd:trust] (Trust 0x600003514630) Completed async eval kickoff
2026-10-05 06:37:41.378 Df HamsterAges[27894:13eef] [com.apple.PlugInKit:discovery] [d 2C6D15FD-3283-4A4A-B1E7-D707C882252B] <PKHost:0x60000175f080> Completed discovery. Final # of matches: 0
2026-10-05 06:37:41.378 Df HamsterAges[27894:13ef5] [com.apple.PlugInKit:discovery] <PKDiscoveryDriver:0x600002623de0> delivering update to host (0 plugins)
2026-10-05 06:37:41.379 A  HamsterAges[27894:13ef5] (ExtensionFoundation) discovering extensions
2026-10-05 06:37:41.379 Df HamsterAges[27894:13ef5] [com.apple.extensionkit:NSExtension] discovered extensions: attributes {
    NSExtensionPointName = "com.apple.AudioUnit";
}, extensionSet {(
)}
2026-10-05 06:37:41.379 Df HamsterAges[27894:13ef5] [com.apple.PlugInKit:discovery] <PKDiscoveryDriver:0x600002623de0> installing watchers for continuous discovery
2026-10-05 06:37:41.379 A  HamsterAges[27894:13ebc] (PlugInKit) continuous-discovery
2026-10-05 06:37:41.379 Df HamsterAges[27894:13ef5] [com.apple.launchservices:appinstallation] registering for distributed notification com.apple.LaunchServices.pluginsregistered in this process
2026-10-05 06:37:41.379 Df HamsterAges[27894:13ebc] [com.apple.PlugInKit:discovery] <PKDiscoveryDriver:0x60000262cea0> created discovery driver
2026-10-05 06:37:41.379 Df HamsterAges[27894:13ef5] [com.apple.xpc:connection] [0x101532320] activating connection: mach=true listener=false peer=false name=com.apple.distributed_notifications@1v3
2026-10-05 06:37:41.380 Df HamsterAges[27894:13ebc] [com.apple.PlugInKit:discovery] [d 46FA0F24-F223-4A6D-B2E8-5A4DC42CA1EF] <PKHost:0x60000175f080> Beginning discovery for flags: 0, point: com.apple.AudioUnit-UI
2026-10-05 06:37:41.380 Df HamsterAges[27894:13ef5] [com.apple.launchservices:appinstallation] registering for distributed notification com.apple.LaunchServices.pluginsunregistered in this process
2026-10-05 06:37:41.381 Df HamsterAges[27894:13eef] [com.apple.PlugInKit:discovery] [d 46FA0F24-F223-4A6D-B2E8-5A4DC42CA1EF] <PKHost:0x60000175f080> Completed discovery. Final # of matches: 0
2026-10-05 06:37:41.381 Df HamsterAges[27894:13eef] [com.apple.PlugInKit:discovery] <PKDiscoveryDriver:0x60000262cea0> delivering update to host (0 plugins)
2026-10-05 06:37:41.381 A  HamsterAges[27894:13eef] (ExtensionFoundation) discovering extensions
2026-10-05 06:37:41.381 Df HamsterAges[27894:13eef] [com.apple.extensionkit:NSExtension] discovered extensions: attributes {
    NSExtensionPointName = "com.apple.AudioUnit-UI";
}, extensionSet {(
)}
2026-10-05 06:37:41.381 Df HamsterAges[27894:13eef] [com.apple.PlugInKit:discovery] <PKDiscoveryDriver:0x60000262cea0> installing watchers for continuous discovery
2026-10-05 06:37:41.381 A  HamsterAges[27894:13ebc] (PlugInKit) continuous-discovery
2026-10-05 06:37:41.382 Df HamsterAges[27894:13ebc] [com.apple.PlugInKit:discovery] <PKDiscoveryDriver:0x600002630000> created discovery driver
2026-10-05 06:37:41.382 Df HamsterAges[27894:13ebc] [com.apple.PlugInKit:discovery] [d BEF1F218-2B3C-49D8-92DD-67CE74123E6D] <PKHost:0x60000175f080> Beginning discovery for flags: 0, point: com.apple.AudioUnit-Speech
2026-10-05 06:37:41.382 Df HamsterAges[27894:13ef5] [com.apple.launchservices:progress] Establishing xpc connection to lsd
2026-10-05 06:37:41.382 Df HamsterAges[27894:13ef5] [com.apple.xpc:connection] [0x101532430] activating connection: mach=true listener=false peer=false name=com.apple.lsd.xpc
2026-10-05 06:37:41.383 Df HamsterAges[27894:13eee] [com.apple.launchservices:progress] Received LSWorkspaceObserverPing, xpc connection established
2026-10-05 06:37:41.385 Df HamsterAges[27894:13eef] [com.apple.PlugInKit:discovery] [d BEF1F218-2B3C-49D8-92DD-67CE74123E6D] <PKHost:0x60000175f080> Completed discovery. Final # of matches: 4
2026-10-05 06:37:41.386 Df HamsterAges[27894:13eee] [com.apple.PlugInKit:discovery] <PKDiscoveryDriver:0x600002630000> delivering update to host (4 plugins)
2026-10-05 06:37:41.386 A  HamsterAges[27894:13eee] (ExtensionFoundation) discovering extensions
2026-10-05 06:37:41.392 Df HamsterAges[27894:13eee] [com.apple.extensionkit:NSExtension] discovered extensions: attributes {
    NSExtensionPointName = "com.apple.AudioUnit-Speech";
}, extensionSet {(
    <EXConcreteExtension: 0x6000039cdd40> {id = com.apple.speech.MacinTalkFramework.MacinTalkAUSP},
    <EXConcreteExtension: 0x6000039cdc70> {id = com.apple.texttospeech.SiriAUSP},
    <EXConcreteExtension: 0x6000039c3a80> {id = com.apple.ax.KonaTTSSupport.KonaSynthesizer},
    <EXConcreteExtension: 0x6000039cde10> {id = com.apple.ax.MauiTTSSupport.MauiAUSP}
)}
2026-10-05 06:37:41.392 Df HamsterAges[27894:13eee] [com.apple.PlugInKit:discovery] <PKDiscoveryDriver:0x600002630000> installing watchers for continuous discovery
2026-10-05 06:37:41.395 Df HamsterAges[27894:13eef] [com.apple.securityd:trust] (Trust 0x600003514630) trustd returned 4
2026-10-05 06:37:41.395 Df HamsterAges[27894:13eef] [com.apple.CFNetwork:Default] System Trust Evaluation yielded status(0)
2026-10-05 06:37:41.395 Df HamsterAges[27894:13eef] [com.apple.securityd:trust] (Trust 0x60000350f910) No pending evals, starting
2026-10-05 06:37:41.395 A  HamsterAges[27894:13eef] (Security) SecTrustEvaluateIfNecessaryFastAsync
2026-10-05 06:37:41.395 Df HamsterAges[27894:13eef] [com.apple.xpc:connection] [0x10135b9f0] activating connection: mach=true listener=false peer=false name=com.apple.trustd
2026-10-05 06:37:41.395 Df HamsterAges[27894:13eef] [com.apple.securityd:trust] (Trust 0x60000350f910) Completed async eval kickoff
2026-10-05 06:37:41.396 Df HamsterAges[27894:13ebc] [com.apple.audio.caulk:alloc] Registered notify signal com.apple.caulk.alloc.rtdump (0)
2026-10-05 06:37:41.396 Df HamsterAges[27894:13eef] [com.apple.xpc:connection] [0x101669cd0] invalidated because the current process cancelled the connection by calling xpc_connection_cancel()
2026-10-05 06:37:41.400 Df HamsterAges[27894:13eef] [com.apple.securityd:trust] (Trust 0x60000350f910) trustd returned 4
2026-10-05 06:37:41.400 Df HamsterAges[27894:13eef] [com.apple.CFNetwork:Default] Connection 1: TLS Trust result 0
2026-10-05 06:37:41.400 Df HamsterAges[27894:13eef] [com.apple.network:boringssl] boringssl_context_evaluate_trust_async_external_block_invoke_3(1773) [C1.1.1.1:2][0x1015438a0] Returning from external verify block with result: true
2026-10-05 06:37:41.400 Df HamsterAges[27894:13eef] [com.apple.network:boringssl] boringssl_context_certificate_verify_callback(2014) [C1.1.1.1:2][0x1015438a0] Certificate verification result: OK
2026-10-05 06:37:41.400 Df HamsterAges[27894:13eef] [com.apple.network:boringssl] boringssl_context_info_handler(2407) [C1.1.1.1:2][0x1015438a0] Client handshake state: TLS 1.3 client read_server_finished
2026-10-05 06:37:41.400 Df HamsterAges[27894:13eef] [com.apple.network:boringssl] boringssl_context_info_handler(2407) [C1.1.1.1:2][0x1015438a0] Client handshake state: TLS 1.3 client send_end_of_early_data
2026-10-05 06:37:41.400 Df HamsterAges[27894:13eef] [com.apple.network:boringssl] boringssl_context_info_handler(2407) [C1.1.1.1:2][0x1015438a0] Client handshake state: TLS 1.3 client send_client_encrypted_extensions
2026-10-05 06:37:41.400 Df HamsterAges[27894:13eef] [com.apple.network:boringssl] boringssl_context_info_handler(2407) [C1.1.1.1:2][0x1015438a0] Client handshake state: TLS 1.3 client send_client_certificate
2026-10-05 06:37:41.400 Df HamsterAges[27894:13eef] [com.apple.network:boringssl] boringssl_context_info_handler(2407) [C1.1.1.1:2][0x1015438a0] Client handshake state: TLS 1.3 client complete_second_flight
2026-10-05 06:37:41.401 Df HamsterAges[27894:13eef] [com.apple.network:boringssl] boringssl_context_info_handler(2407) [C1.1.1.1:2][0x1015438a0] Client handshake state: TLS 1.3 client done
2026-10-05 06:37:41.401 Df HamsterAges[27894:13eef] [com.apple.network:boringssl] boringssl_context_info_handler(2407) [C1.1.1.1:2][0x1015438a0] Client handshake state: TLS client finish_client_handshake
2026-10-05 06:37:41.401 Df HamsterAges[27894:13eef] [com.apple.network:boringssl] boringssl_context_info_handler(2407) [C1.1.1.1:2][0x1015438a0] Client handshake state: TLS client done
2026-10-05 06:37:41.401 Df HamsterAges[27894:13eef] [com.apple.network:boringssl] boringssl_context_info_handler(2396) [C1.1.1.1:2][0x1015438a0] Client handshake done
2026-10-05 06:37:41.402 A  HamsterAges[27894:13eef] (Security) SecKeyCopyPublicBytes
2026-10-05 06:37:41.402 Df HamsterAges[27894:13eef] [com.apple.network:boringssl] nw_protocol_boringssl_signal_connected(895) [C1.1.1.1:2][0x1015438a0] TLS connected [server(0) version(0x0304) ciphersuite(TLS_AES_128_GCM_SHA256) group(0x11ec) signature_alg(0x0804) alpn(h2) resumed(0) offered_ticket(0) in_early_data(0) early_data_accepted(0) false_started(0) ocsp_received(0) sct_received(0) connect_time(38ms) flight_time(4ms) rtt(4ms) write_stalls(0) read_stalls(2) pake(0x0000)]
2026-10-05 06:37:41.402 Df HamsterAges[27894:13eef] [com.apple.network:connection] nw_flow_connected [C1.1.1.1 IPv4#47e236ec:443 in_progress socket-flow (satisfied (Path is satisfied), interface: en0)] Output protocol connected (CFNetworkConnection-1054810437)
2026-10-05 06:37:41.402 Df HamsterAges[27894:13ebc] [com.apple.avfaudio:avae]      AVAudioIONodeImpl.mm:235   Engine@0x600003703cc0: associating with audio session (0x0), error -10879
2026-10-05 06:37:41.402 Df HamsterAges[27894:13eef] [com.apple.network:connection] [C1.1.1.1 IPv4#47e236ec:443 ready socket-flow (satisfied (Path is satisfied), interface: en0)] event: flow:child_finish_connect @0.089s
2026-10-05 06:37:41.402 Df HamsterAges[27894:13eef] [com.apple.network:connection] [C1.1.1 Hostname#2b914e4f:443 ready resolver (satisfied (Path is satisfied), interface: en0)] event: flow:child_finish_connect @0.089s
2026-10-05 06:37:41.402 Df HamsterAges[27894:13eef] [com.apple.network:connection] [C1.1 Hostname#2b914e4f:443 ready transform (satisfied (Path is satisfied), interface: en0)] event: flow:child_finish_connect @0.089s
2026-10-05 06:37:41.403 Df HamsterAges[27894:13eef] [com.apple.network:connection] nw_flow_connected [C1 IPv4#47e236ec:443 in_progress parent-flow (satisfied (Path is satisfied), interface: en0)] Output protocol connected (endpoint_flow)
2026-10-05 06:37:41.403 Df HamsterAges[27894:13eef] [com.apple.network:connection] [C1 IPv4#47e236ec:443 ready parent-flow (satisfied (Path is satisfied), interface: en0)] event: flow:finish_connect @0.090s
2026-10-05 06:37:41.403 Df HamsterAges[27894:13ebc] [com.apple.coreaudio:aurioc]            AURemoteIO.cpp:1130  AURemoteIO@0x1018ef040: set kAudioOutputUnitProperty_OutputChannelLayout.  Layout = tag=0x0, 0 channel descriptions [], err = 0
2026-10-05 06:37:41.403 Df HamsterAges[27894:13eef] [com.apple.network:connection] nw_connection_report_state_with_handler_on_nw_queue [C1] reporting state ready
2026-10-05 06:37:41.403 A  HamsterAges[27894:13eef] (Security) SecKeyCopyPublicBytes
2026-10-05 06:37:41.404 Df HamsterAges[27894:13eef] [com.apple.xpc:connection] [0x10135b9f0] invalidated because the current process cancelled the connection by calling xpc_connection_cancel()
2026-10-05 06:37:41.404 Df HamsterAges[27894:13eef] [com.apple.CFNetwork:Default] Connection 1: connected successfully
2026-10-05 06:37:41.404 Df HamsterAges[27894:13eef] [com.apple.CFNetwork:Default] Connection 1: TLS handshake complete
2026-10-05 06:37:41.405 Df HamsterAges[27894:13eef] [com.apple.CFNetwork:Default] Connection 1: ready C(N) E(N)
2026-10-05 06:37:41.405 Df HamsterAges[27894:13eef] [com.apple.network:connection] [C1] event: client:connection_reused @0.092s
2026-10-05 06:37:41.408 Df HamsterAges[27894:13eef] [com.apple.network:connection] nw_protocol_socket_notify [C1.1.1.1:3] nw_protocol_notification_type_connection_idle is false
2026-10-05 06:37:41.408 E  HamsterAges[27894:13eef] [com.apple.network:connection] nw_socket_set_connection_idle [C1.1.1.1:3] setsockopt SO_CONNECTION_IDLE failed [42: Protocol not available]
2026-10-05 06:37:41.415 Df HamsterAges[27894:13eef] [com.apple.CFNetwork:Default] Task <66A97033-0E65-4304-9CD7-DDB59FBDBCFD>.<1> now using Connection 1
2026-10-05 06:37:41.416 Df HamsterAges[27894:13eef] [com.apple.CFNetwork:Default] Task <66A97033-0E65-4304-9CD7-DDB59FBDBCFD>.<1> sent request, body N 0
2026-10-05 06:37:41.421 Df HamsterAges[27894:13eef] [com.apple.CFNetwork:Default] Task <66A97033-0E65-4304-9CD7-DDB59FBDBCFD>.<1> received response, status 200 content K
2026-10-05 06:37:41.422 Df HamsterAges[27894:13eef] [com.apple.CFNetwork:Default] Task <66A97033-0E65-4304-9CD7-DDB59FBDBCFD>.<1> done using Connection 1
2026-10-05 06:37:41.422 Df HamsterAges[27894:13eef] [com.apple.network:connection] [C1] event: client:connection_idle @0.109s
2026-10-05 06:37:41.422 Df HamsterAges[27894:13eef] [com.apple.network:connection] nw_protocol_socket_notify [C1.1.1.1:3] nw_protocol_notification_type_connection_idle is true
2026-10-05 06:37:41.422 E  HamsterAges[27894:13eef] [com.apple.network:connection] nw_socket_set_connection_idle [C1.1.1.1:3] setsockopt SO_CONNECTION_IDLE failed [42: Protocol not available]
2026-10-05 06:37:41.429 Df HamsterAges[27894:13eef] [com.apple.CFNetwork:Default] Task <66A97033-0E65-4304-9CD7-DDB59FBDBCFD>.<1> response ended
2026-10-05 06:37:41.437 Df HamsterAges[27894:13eef] [com.apple.CFNetwork:Summary] Task <66A97033-0E65-4304-9CD7-DDB59FBDBCFD>.<1> summary for task success {transaction_duration_ms=160, response_status=200, connection=1, protocol="h2", domain_lookup_duration_ms=16, connect_duration_ms=53, secure_connection_duration_ms=38, private_relay=false, request_start_ms=139, request_duration_ms=0, response_start_ms=145, response_duration_ms=8, request_bytes=150, request_throughput_kbps=4510, response_bytes=736, response_throughput_kbps=688, cache_hit=false}
2026-10-05 06:37:41.437 Df HamsterAges[27894:13eef] [com.apple.CoreAnalytics:client] No XPC connection in Simulator
2026-10-05 06:37:41.438 Df HamsterAges[27894:13ef2] [com.apple.CFNetwork:Default] Task <66A97033-0E65-4304-9CD7-DDB59FBDBCFD>.<1> finished successfully
2026-10-05 06:37:41.456 Df HamsterAges[27894:13eee] (CoreAudio)   HALPlugInManagement.cpp:443    HALPlugInManagement::RegisterPlugIns: loading in-process plug-ins
2026-10-05 06:37:41.457 E  HamsterAges[27894:13eee] [com.apple.CFBundle:plugin] AddInstanceForFactory: No factory registered for id <CFUUID 0x6000002b43a0> F8BB1C28-BAE8-11D6-9C31-00039315CD46
2026-10-05 06:37:41.461 A  HamsterAges[27894:13f35] (RunningBoardServices) didChangeInheritances
2026-10-05 06:37:41.482 Df HamsterAges[27894:13eee] [com.apple.coreaudio:ddagg]        AggregateDevice.mm:887   Creating DefaultDeviceAggregate
2026-10-05 06:37:41.495 Df HamsterAges[27894:13eee] [com.apple.coreaudio:ddagg]        AggregateDevice.mm:688   Built valid aggregate 109
2026-10-05 06:37:41.496 Df HamsterAges[27894:13eee] [com.apple.coreaudio:aqme]           AQMixEngine.cpp:733   AQMEDevice (0x101548588) has neither a defaultOutStreamClient nor a defaultInStreamClient
2026-10-05 06:37:41.496 Df HamsterAges[27894:13ef5] [com.apple.coreaudio:aqme]              AQIONode.cpp:693   client <RemoteIOClient@0x1018ef600(@0x1018ef818); output; [27894]> is NOT Now Playing eligible
2026-10-05 06:37:41.497 Df HamsterAges[27894:13eee] [com.apple.coreaudio:EnhanceDialogueProcessor] EnhanceDialogueProcessor.cpp:226   EnhanceDialogueProcessor() - Product does not support Enhance Dialogue
2026-10-05 06:37:41.497 Df HamsterAges[27894:13eee] [com.apple.coreaudio:EnhanceDialogueProcessor] EnhanceDialogueProcessor.cpp:226   EnhanceDialogueProcessor() - Product does not support Enhance Dialogue
2026-10-05 06:37:41.497 Df HamsterAges[27894:13eee] [com.apple.coreaudio:AudioConverter]        ACv2Workarounds.mm:51    com.valkhim.hamsterages: fix84702776_86723525_86479548_89800354_SinglePacketDesc: false
2026-10-05 06:37:41.497 Df HamsterAges[27894:13ef5] [com.apple.coreaudio:aurios]        RemoteIOServer.cpp:1872  rio@0x1018ef818 spatialization disabled.  layout = tag=0x0, 0 channel descriptions [], format =  2 ch,      0 Hz, Float32, deinterleaved
2026-10-05 06:37:41.497 Df HamsterAges[27894:13eee] [com.apple.audio.caulk:alloc] Registered notify signal com.apple.caulk.alloc.audiodump (0)
2026-10-05 06:37:41.498 Df HamsterAges[27894:13eee] [com.apple.coreaudio:AudioConverter]        AudioConverter.cpp:1067  Created a new in process converter -> 0x600000c6edf0, from  2 ch,  48000 Hz, Float32, deinterleaved to  2 ch,  48000 Hz, Float32, interleaved
2026-10-05 06:37:41.514 Df HamsterAges[27894:13ef5] [com.apple.coreaudio:aqme]          RemoteIOServer.h:101   rio@0x1018ef600 Got output layout from io node or spatialized client: tag=0x0, 2 channel descriptions [L, R]
2026-10-05 06:37:41.514 Df HamsterAges[27894:13ef5] [com.apple.coreaudio:aurios]        RemoteIOServer.cpp:1581  SetLoudnessFromLM(): ->
2026-10-05 06:37:41.514 Df HamsterAges[27894:13ef5] [com.apple.coreaudio:aurios]        RemoteIOServer.cpp:1620  SetLoudnessFromLM(): is CoreAudioServices/LoudnessManager enabled? yes
2026-10-05 06:37:41.514 Df HamsterAges[27894:13ef5] [com.apple.coreaudio:aurios]        RemoteIOServer.cpp:1623  SetLoudnessFromLM(): is CoreAudioServices/LoudnessManagerV2 enabled? yes
2026-10-05 06:37:41.515 Df HamsterAges[27894:13ef5] [com.apple.coreaudio:aurios]        RemoteIOServer.cpp:1626  SetLoudnessFromLM(): is CoreAudioServices/lm-disable-hardware-check on? no
2026-10-05 06:37:41.515 Df HamsterAges[27894:13ef5] [com.apple.coreaudio:aurios]        RemoteIOServer.cpp:1629  SetLoudnessFromLM(): is hardware supported? no
2026-10-05 06:37:41.515 Df HamsterAges[27894:13ef5] [com.apple.coreaudio:aurios]        RemoteIOServer.cpp:1641  SetLoudnessFromLM(): hardware not supported, Loudness Manager disabled
2026-10-05 06:37:41.515 Df HamsterAges[27894:13ebc] [com.apple.coreaudio:AudioConverter]        AudioConverter.cpp:1067  Created a new in process converter -> 0x600000c66010, from  2 ch,      0 Hz, Float32, deinterleaved to  2 ch,  48000 Hz, Float32, deinterleaved
2026-10-05 06:37:41.515 Df HamsterAges[27894:13ebc] [com.apple.coreaudio:AudioConverter]        AudioConverter.cpp:1317  AudioConverter -> 0x600000c66010: The in-process GetProperty call returned 1886547824 for property 1936876385 with size 4.
2026-10-05 06:37:41.515 Df HamsterAges[27894:13ebc] [com.apple.coreaudio:AudioConverter]        AudioConverter.cpp:1317  AudioConverter -> 0x600000c66010: The in-process GetProperty call returned 1886547824 for property 1936876401 with size 4.
2026-10-05 06:37:41.515 Df HamsterAges[27894:13f31] [com.apple.coreaudio:AudioConverter] AudioConverter -> 0x600000c66010: The in-process SetProperty call returned 1886547824 for property 1886547309 with size 4.
2026-10-05 06:37:41.515 Df HamsterAges[27894:13ebc] [com.apple.coreaudio:AudioConverter]        AudioConverter.cpp:1317  AudioConverter -> 0x600000c66010: The in-process GetProperty call returned 1886547824 for property 1886546285 with size 8.
2026-10-05 06:37:41.515 Df HamsterAges[27894:13ef5] [com.apple.coreaudio:SpatialMgr] SpatializationManager.cpp:1459  Could not load preset file, invalid model/product name!
2026-10-05 06:37:41.515 Df HamsterAges[27894:13ef5] [com.apple.coreaudio:aqme]        MEMixerChannel.cpp:3254  2-channel audiovisual content is NOT eligible for spatialization
2026-10-05 06:37:41.515 Df HamsterAges[27894:13ebc] [com.apple.coreaudio:aurioc]            AURemoteIO.cpp:1741  Stopping AURemoteIO(0x1018ef040)
2026-10-05 06:37:41.516 Df HamsterAges[27894:13ef5] [com.apple.coreaudio:aqme]  MEDeviceStreamClient.cpp:245   AQME Default-InputOutput: client starting: <CA_UISoundClientBase@0x101547d80>; running count now 1
2026-10-05 06:37:41.516 Df HamsterAges[27894:13ef5] [com.apple.coreaudio:aqme]            AQMEIO_HAL.cpp:2849  FetchAndLogFrameSize starting IO deviceID=109, frame size is 512
2026-10-05 06:37:41.526 Df HamsterAges[27894:13ef5] [com.apple.coreaudio:aqme]            AQMEIO_HAL.cpp:2818  aqmeio@0x1040c8a18, device 109 (iOSSimulatorAudioDevice-27894-0), AudioDeviceStart (err 0)
2026-10-05 06:37:42.225 Df HamsterAges[27894:13ebc] [com.apple.coreaudio:as_client] AVAudioSessionImpl_Simulator.mm:111   Set volume on device 85 to 0.60
2026-10-05 06:37:42.225 Df HamsterAges[27894:13ebc] [com.apple.coreaudio:as_client] AVAudioSessionImpl_Simulator.mm:111   Set volume on device 85 to 0.60
2026-10-05 06:37:42.227 Df HamsterAges[27894:13ebc] [com.apple.coreaudio:ddagg]        AggregateDevice.mm:1008  PrimarySessionActiveWithInputEnabled 0 -> 0
2026-10-05 06:37:42.227 Df HamsterAges[27894:13ebc] [com.apple.avfaudio:avae]          AVAudioEngine.mm:1182  Engine@0x60000000b140: start, was running 0
2026-10-05 06:37:42.227 Df HamsterAges[27894:13ebc] [com.apple.coreaudio:aurioc]            AURemoteIO.cpp:1130  AURemoteIO@0x1018ef040: set kAudioOutputUnitProperty_OutputChannelLayout.  Layout = tag=0x650002, err = 0
2026-10-05 06:37:42.228 Df HamsterAges[27894:13ef0] [com.apple.coreaudio:aqme]              AQIONode.cpp:693   client <RemoteIOClient@0x1018ef600(@0x1018ef818); output; [27894]> is NOT Now Playing eligible
2026-10-05 06:37:42.228 Df HamsterAges[27894:13ef0] [com.apple.coreaudio:aurios]        RemoteIOServer.cpp:1872  rio@0x1018ef818 spatialization disabled.  layout = tag=0x650002, format =  2 ch,  44100 Hz, Float32, deinterleaved
2026-10-05 06:37:42.228 Df HamsterAges[27894:13ef0] [com.apple.coreaudio:aqme]          RemoteIOServer.h:101   rio@0x1018ef600 Got output layout from io node or spatialized client: tag=0x0, 2 channel descriptions [L, R]
2026-10-05 06:37:42.228 Df HamsterAges[27894:13ef0] [com.apple.coreaudio:aurios]        RemoteIOServer.cpp:1581  SetLoudnessFromLM(): ->
2026-10-05 06:37:42.229 Df HamsterAges[27894:13ef0] [com.apple.coreaudio:aurios]        RemoteIOServer.cpp:1620  SetLoudnessFromLM(): is CoreAudioServices/LoudnessManager enabled? yes
2026-10-05 06:37:42.229 Df HamsterAges[27894:13ef0] [com.apple.coreaudio:aurios]        RemoteIOServer.cpp:1623  SetLoudnessFromLM(): is CoreAudioServices/LoudnessManagerV2 enabled? yes
2026-10-05 06:37:42.229 Df HamsterAges[27894:13ef0] [com.apple.coreaudio:aurios]        RemoteIOServer.cpp:1626  SetLoudnessFromLM(): is CoreAudioServices/lm-disable-hardware-check on? no
2026-10-05 06:37:42.229 Df HamsterAges[27894:13ef0] [com.apple.coreaudio:aurios]        RemoteIOServer.cpp:1629  SetLoudnessFromLM(): is hardware supported? no
2026-10-05 06:37:42.229 Df HamsterAges[27894:13ef0] [com.apple.coreaudio:aurios]        RemoteIOServer.cpp:1641  SetLoudnessFromLM(): hardware not supported, Loudness Manager disabled
2026-10-05 06:37:42.229 Df HamsterAges[27894:13ebc] [com.apple.coreaudio:AudioConverter]        AudioConverter.cpp:1067  Created a new in process converter -> 0x600000c74090, from  2 ch,  44100 Hz, Float32, deinterleaved to  2 ch,  48000 Hz, Float32, deinterleaved
2026-10-05 06:37:42.229 Df HamsterAges[27894:13ebc] [com.apple.coreaudio:AudioConverter]        AudioConverter.cpp:1317  AudioConverter -> 0x600000c74090: The in-process GetProperty call returned 1886547824 for property 1936876385 with size 4.
2026-10-05 06:37:42.230 Df HamsterAges[27894:13ebc] [com.apple.coreaudio:aurioc]            AURemoteIO.cpp:1741  Stopping AURemoteIO(0x1018ef040)
2026-10-05 06:37:42.230 Df HamsterAges[27894:13ebc] [com.apple.coreaudio:aurioc]            AURemoteIO.cpp:1130  AURemoteIO@0x1018ef040: set kAudioOutputUnitProperty_OutputChannelLayout.  Layout = tag=0x650002, err = 0
2026-10-05 06:37:42.230 Df HamsterAges[27894:13ef0] [com.apple.coreaudio:aqme]              AQIONode.cpp:693   client <RemoteIOClient@0x1018ef600(@0x1018ef818); output; [27894]> is NOT Now Playing eligible
2026-10-05 06:37:42.230 Df HamsterAges[27894:13ef0] [com.apple.coreaudio:aurios]        RemoteIOServer.cpp:1872  rio@0x1018ef818 spatialization disabled.  layout = tag=0x650002, format =  2 ch,  48000 Hz, Float32, deinterleaved
2026-10-05 06:37:42.230 Df HamsterAges[27894:13ef0] [com.apple.coreaudio:aqme]          RemoteIOServer.h:101   rio@0x1018ef600 Got output layout from io node or spatialized client: tag=0x0, 2 channel descriptions [L, R]
2026-10-05 06:37:42.230 Df HamsterAges[27894:13ef0] [com.apple.coreaudio:aurios]        RemoteIOServer.cpp:1581  SetLoudnessFromLM(): ->
2026-10-05 06:37:42.231 Df HamsterAges[27894:13ef0] [com.apple.coreaudio:aurios]        RemoteIOServer.cpp:1620  SetLoudnessFromLM(): is CoreAudioServices/LoudnessManager enabled? yes
2026-10-05 06:37:42.231 Df HamsterAges[27894:13ef0] [com.apple.coreaudio:aurios]        RemoteIOServer.cpp:1623  SetLoudnessFromLM(): is CoreAudioServices/LoudnessManagerV2 enabled? yes
2026-10-05 06:37:42.231 Df HamsterAges[27894:13ef0] [com.apple.coreaudio:aurios]        RemoteIOServer.cpp:1626  SetLoudnessFromLM(): is CoreAudioServices/lm-disable-hardware-check on? no
2026-10-05 06:37:42.231 Df HamsterAges[27894:13ef0] [com.apple.coreaudio:aurios]        RemoteIOServer.cpp:1629  SetLoudnessFromLM(): is hardware supported? no
2026-10-05 06:37:42.231 Df HamsterAges[27894:13ef0] [com.apple.coreaudio:aurios]        RemoteIOServer.cpp:1641  SetLoudnessFromLM(): hardware not supported, Loudness Manager disabled
2026-10-05 06:37:42.231 Df HamsterAges[27894:13ebc] [com.apple.coreaudio:aurioc]            AURemoteIO.cpp:1741  Stopping AURemoteIO(0x1018ef040)
2026-10-05 06:37:42.232 Df HamsterAges[27894:13ebc] [com.apple.coreaudio:aurioc]            AURemoteIO.cpp:1130  AURemoteIO@0x1018ef040: set kAudioOutputUnitProperty_OutputChannelLayout.  Layout = tag=0x650002, err = 0
2026-10-05 06:37:42.232 Df HamsterAges[27894:13ef0] [com.apple.coreaudio:aqme]              AQIONode.cpp:693   client <RemoteIOClient@0x1018ef600(@0x1018ef818); output; [27894]> is NOT Now Playing eligible
2026-10-05 06:37:42.232 Df HamsterAges[27894:13ef0] [com.apple.coreaudio:aurios]        RemoteIOServer.cpp:1872  rio@0x1018ef818 spatialization disabled.  layout = tag=0x650002, format =  2 ch,  48000 Hz, Float32, deinterleaved
2026-10-05 06:37:42.232 Df HamsterAges[27894:13ef0] [com.apple.coreaudio:aqme]          RemoteIOServer.h:101   rio@0x1018ef600 Got output layout from io node or spatialized client: tag=0x0, 2 channel descriptions [L, R]
2026-10-05 06:37:42.232 Df HamsterAges[27894:13ef0] [com.apple.coreaudio:aurios]        RemoteIOServer.cpp:1581  SetLoudnessFromLM(): ->
2026-10-05 06:37:42.232 Df HamsterAges[27894:13ef0] [com.apple.coreaudio:aurios]        RemoteIOServer.cpp:1620  SetLoudnessFromLM(): is CoreAudioServices/LoudnessManager enabled? yes
2026-10-05 06:37:42.232 Df HamsterAges[27894:13ef0] [com.apple.coreaudio:aurios]        RemoteIOServer.cpp:1623  SetLoudnessFromLM(): is CoreAudioServices/LoudnessManagerV2 enabled? yes
2026-10-05 06:37:42.232 Df HamsterAges[27894:13ef0] [com.apple.coreaudio:aurios]        RemoteIOServer.cpp:1626  SetLoudnessFromLM(): is CoreAudioServices/lm-disable-hardware-check on? no
2026-10-05 06:37:42.232 Df HamsterAges[27894:13ef0] [com.apple.coreaudio:aurios]        RemoteIOServer.cpp:1629  SetLoudnessFromLM(): is hardware supported? no
2026-10-05 06:37:42.232 Df HamsterAges[27894:13ef0] [com.apple.coreaudio:aurios]        RemoteIOServer.cpp:1641  SetLoudnessFromLM(): hardware not supported, Loudness Manager disabled
2026-10-05 06:37:42.233 Df HamsterAges[27894:13ebc] [com.apple.coreaudio:aurioc]            AURemoteIO.cpp:1666  Starting AURemoteIO(0x1018ef040)
output client:  2 ch,  48000 Hz, Float32, deinterleaved, output HW:  2 ch,  48000 Hz, Float32, deinterleaved
input client:   2 ch,      0 Hz, Float32, deinterleaved, input HW:   2 ch,      0 Hz, Float32, deinterleaved
2026-10-05 06:37:42.233 Df HamsterAges[27894:13ef0] [com.apple.coreaudio:aqme]            AQMEIO_HAL.cpp:1079  fetched workgroup 0x6000017696c0
2026-10-05 06:37:42.233 Df HamsterAges[27894:13ef0] [com.apple.coreaudio:auext]        AUOOPWorkgroups.mm:30    AUOOPWorkgroupManager: AddRemoteIOWorkgroup called with token 114253825.
2026-10-05 06:37:42.234 Df HamsterAges[27894:13ef0] [com.apple.coreaudio:auext]        AUOOPWorkgroups.mm:66    AUOOPWorkgroupManager: mutating workgroups.
2026-10-05 06:37:42.234 Df HamsterAges[27894:13ebc] [com.apple.coreaudio:aurioc]            AURemoteIO.cpp:1727  workgroup port 0x15107
2026-10-05 06:37:42.234 Df HamsterAges[27894:13f4d] [com.apple.coreaudio:auext]        AUOOPWorkgroups.mm:30    AUOOPWorkgroupManager: AddRemoteIOWorkgroup called with token 114253824.
2026-10-05 06:37:42.234 Df HamsterAges[27894:13f4d] [com.apple.coreaudio:auext]        AUOOPWorkgroups.mm:66    AUOOPWorkgroupManager: mutating workgroups.
2026-10-05 06:37:42.235 Df HamsterAges[27894:13ef0] [com.apple.coreaudio:aqme]              AQIONode.cpp:693   client <RemoteIOClient@0x1018ef600(@0x1018ef818); output; [27894]> is NOT Now Playing eligible
2026-10-05 06:37:42.235 Df HamsterAges[27894:13ef0] [com.apple.coreaudio:aqme]  MEDeviceStreamClient.cpp:245   AQME Default-InputOutput: client starting: <RemoteIOClient@0x1018ef600(@0x1018ef818); output; [27894]>; running count now 2
2026-10-05 06:37:42.312 E  HamsterAges[27894:13ebc] [com.apple.UIKit:UIFocus] _TtC18_SpriteKit_SwiftUIP33_4A29C38A751B2448A1E2FA85CDDEAA5324SpriteKitViewCoordinator implements focusItemsInRect: - caching for linear focus movement is limited as long as this view is on screen.
2026-10-05 06:37:42.339 Df HamsterAges[27894:13ebc] [com.apple.xpc:connection] [0x10166d000] activating connection: mach=true listener=false peer=false name=com.apple.metal.simulator
2026-10-05 06:37:42.341 Df HamsterAges[27894:13ebc] [com.apple.xpc:connection] [0x10166d130] activating connection: mach=true listener=false peer=false name=com.apple.metal.simulator
2026-10-05 06:37:42.342 Df HamsterAges[27894:13ebc] [com.apple.xpc:connection] [0x101350990] activating connection: mach=true listener=false peer=false name=com.apple.metal.simulator
2026-10-05 06:37:43.297 Df HamsterAges[27894:13ebc] [com.apple.FrontBoard:SceneClient] [(FBSceneManager):sceneID:com.valkhim.hamsterages-12C26D1E-285E-4749-B892-E2C6EC87C227] Sending action(s): BLSInvalidateFrameSpecifiersAction
2026-10-05 06:37:43.347 Df HamsterAges[27894:13ebc] [com.apple.xpc:connection] [0x101337330] activating connection: mach=true listener=false peer=false name=com.apple.IOSurface.Remote
2026-10-05 06:37:43.477 Df HamsterAges[27894:13ebc] [com.apple.network:activity] Create activity from XPC object <nw_activity 50:1 [83922F2D-76E5-4C24-B210-A1FCE9B76678] (reporting strategy default)>
2026-10-05 06:37:43.477 Df HamsterAges[27894:13ebc] [com.apple.network:activity] Create activity from XPC object <nw_activity 50:2 [271A32E1-347B-475E-BD3C-BF72692AA53B] (reporting strategy default)>
2026-10-05 06:37:43.477 Df HamsterAges[27894:13ebc] [com.apple.network:activity] Set activity <nw_activity 50:1 [83922F2D-76E5-4C24-B210-A1FCE9B76678] (reporting strategy default)> as the global parent
2026-10-05 06:37:43.477 Df HamsterAges[27894:13ebc] [com.apple.UIKit:UpdateScheduler] Target list changed: <CADisplay:LCD PurpleMain>
2026-10-05 06:37:43.479 Df HamsterAges[27894:13ebc] [com.apple.UIKit:AppLifecycle] sceneOfRecord: sceneID: sceneID:com.valkhim.hamsterages-12C26D1E-285E-4749-B892-E2C6EC87C227  persistentID: 12C26D1E-285E-4749-B892-E2C6EC87C227
2026-10-05 06:37:43.479 Df HamsterAges[27894:13ebc] [com.apple.UIKit:InterfaceStyle] Should not send trait collection or coordinate space update, interface style 2 -> 2, <UIWindowScene: 0x10160e890> (12C26D1E-285E-4749-B892-E2C6EC87C227)
2026-10-05 06:37:43.482 A  HamsterAges[27894:13ef5] (RunningBoardServices) didChangeInheritances
2026-10-05 06:37:43.486 Df HamsterAges[27894:13ef5] [com.apple.network:] -[NWConcrete_nw_resolver initWithEndpoint:parameters:path:log_str:] [R1] created for Hostname#e539e0fa:0 using: generic, attribution: developer
2026-10-05 06:37:43.486 Df HamsterAges[27894:13eee] [com.apple.network:] nw_resolver_set_update_handler_block_invoke [R1] started
2026-10-05 06:37:43.486 Df HamsterAges[27894:13ef5] [com.apple.network:path] nw_path_evaluator_start [1924F303-D484-405E-9A73-F7E79AAF7804 Hostname#e539e0fa:0 generic, attribution: developer]
	path: satisfied (Path is satisfied), interface: en0
2026-10-05 06:37:43.507 A  HamsterAges[27894:13ef2] (RunningBoardServices) didChangeInheritances
2026-10-05 06:37:43.533 Df HamsterAges[27894:13ef5] [com.apple.xpc:connection] [0x10152a1c0] activating connection: mach=true listener=false peer=false name=com.apple.commcenter.coretelephony.xpc
2026-10-05 06:37:43.533 Df HamsterAges[27894:13ef5] [com.apple.xpc:connection] [0x10152a1c0] failed to do a bootstrap look-up: xpc_error=[3: No such process]
2026-10-05 06:37:43.533 Df HamsterAges[27894:13ef5] [com.apple.xpc:connection] [0x10152a1c0] invalidated after a failed init
2026-10-05 06:37:43.533 Df HamsterAges[27894:13eee] [com.apple.CoreTelephony:Client] Connection has been invalidated
2026-10-05 06:37:43.535 Df HamsterAges[27894:13ef5] [com.apple.xpc:connection] [0x101664e50] activating connection: mach=true listener=false peer=false name=com.apple.commcenter.coretelephony.xpc
2026-10-05 06:37:43.536 Df HamsterAges[27894:13ef5] [com.apple.xpc:connection] [0x101664e50] failed to do a bootstrap look-up: xpc_error=[3: No such process]
2026-10-05 06:37:43.536 Df HamsterAges[27894:13ef5] [com.apple.xpc:connection] [0x101664e50] invalidated after a failed init
2026-10-05 06:37:43.539 Df HamsterAges[27894:13ef5] [com.apple.CoreTelephony:Client] Sending selectors to server: (null)
2026-10-05 06:37:43.542 Df HamsterAges[27894:13eee] [com.apple.CoreTelephony:Client] Connection has been invalidated
2026-10-05 06:37:43.543 E  HamsterAges[27894:13eee] [com.apple.CoreTelephony:Client] Updating selectors failed with: Error Domain=NSCocoaErrorDomain Code=4099 "The connection to service named com.apple.commcenter.coretelephony.xpc was invalidated: Connection init failed at lookup with error 3 - No such process." UserInfo={NSDebugDescription=The connection to service named com.apple.commcenter.coretelephony.xpc was invalidated: Connection init failed at lookup with error 3 - No such process.}
2026-10-05 06:37:43.544 E  HamsterAges[27894:13ef5] [com.apple.CoreTelephony:Client] Synchronous remote object proxy returned error: Error Domain=NSCocoaErrorDomain Code=4099 "The connection to service named com.apple.commcenter.coretelephony.xpc was invalidated: Connection init failed at lookup with error 3 - No such process." UserInfo={NSDebugDescription=The connection to service named com.apple.commcenter.coretelephony.xpc was invalidated: Connection init failed at lookup with error 3 - No such process.}
2026-10-05 06:37:43.544 Df HamsterAges[27894:13ef5] [com.apple.xpc:connection] [0x1013537e0] activating connection: mach=true listener=false peer=false name=com.apple.commcenter.coretelephony.xpc
2026-10-05 06:37:43.544 Df HamsterAges[27894:13ef5] [com.apple.xpc:connection] [0x1013537e0] failed to do a bootstrap look-up: xpc_error=[3: No such process]
2026-10-05 06:37:43.544 Df HamsterAges[27894:13ef5] [com.apple.xpc:connection] [0x1013537e0] invalidated after a failed init
2026-10-05 06:37:43.544 Df HamsterAges[27894:13ef5] [com.apple.CoreTelephony:Client] Sending selectors to server: (null)
2026-10-05 06:37:43.544 Df HamsterAges[27894:13eee] [com.apple.CoreTelephony:Client] Connection has been invalidated
2026-10-05 06:37:43.545 E  HamsterAges[27894:13eee] [com.apple.CoreTelephony:Client] Updating selectors failed with: Error Domain=NSCocoaErrorDomain Code=4099 "The connection to service named com.apple.commcenter.coretelephony.xpc was invalidated: Connection init failed at lookup with error 3 - No such process." UserInfo={NSDebugDescription=The connection to service named com.apple.commcenter.coretelephony.xpc was invalidated: Connection init failed at lookup with error 3 - No such process.}
2026-10-05 06:37:43.545 E  HamsterAges[27894:13ef5] [com.apple.CoreTelephony:Client] Synchronous remote object proxy returned error: Error Domain=NSCocoaErrorDomain Code=4099 "The connection to service named com.apple.commcenter.coretelephony.xpc was invalidated: Connection init failed at lookup with error 3 - No such process." UserInfo={NSDebugDescription=The connection to service named com.apple.commcenter.coretelephony.xpc was invalidated: Connection init failed at lookup with error 3 - No such process.}
2026-10-05 06:37:43.551 Df HamsterAges[27894:13ef5] [com.apple.xpc:connection] [0x1013537e0] activating connection: mach=true listener=false peer=false name=com.apple.commcenter.coretelephony.xpc
2026-10-05 06:37:43.552 Df HamsterAges[27894:13ef5] [com.apple.xpc:connection] [0x1013537e0] failed to do a bootstrap look-up: xpc_error=[3: No such process]
2026-10-05 06:37:43.552 Df HamsterAges[27894:13ef5] [com.apple.xpc:connection] [0x1013537e0] invalidated after a failed init
2026-10-05 06:37:43.552 Df HamsterAges[27894:13ef5] [com.apple.CoreTelephony:Client] Sending selectors to server: (
    "regDataModeChanged:dataMode:",
    "carrierBundleChange:",
    "currentDataServiceDescriptorChanged:"
)
2026-10-05 06:37:43.558 Df HamsterAges[27894:13ef5] [com.apple.CoreTelephony:Client] Sending selectors to server: (
    "regDataModeChanged:dataMode:",
    "carrierBundleChange:",
    "currentDataServiceDescriptorChanged:"
)
2026-10-05 06:37:43.558 Df HamsterAges[27894:13ef5] [com.apple.CoreTelephony:Client] Connection has been invalidated
2026-10-05 06:37:43.558 E  HamsterAges[27894:13ef5] [com.apple.CoreTelephony:Client] Updating selectors failed with: Error Domain=NSCocoaErrorDomain Code=4099 "The connection to service named com.apple.commcenter.coretelephony.xpc was invalidated: Connection init failed at lookup with error 3 - No such process." UserInfo={NSDebugDescription=The connection to service named com.apple.commcenter.coretelephony.xpc was invalidated: Connection init failed at lookup with error 3 - No such process.}
2026-10-05 06:37:43.558 E  HamsterAges[27894:13ef5] [com.apple.CoreTelephony:Client] Updating selectors after delegate addition failed with: Error Domain=NSCocoaErrorDomain Code=4099 "The connection to service named com.apple.commcenter.coretelephony.xpc was invalidated: Connection init failed at lookup with error 3 - No such process." UserInfo={NSDebugDescription=The connection to service named com.apple.commcenter.coretelephony.xpc was invalidated: Connection init failed at lookup with error 3 - No such process.}
2026-10-05 06:37:43.657 Df HamsterAges[27894:13ebc] [com.apple.UIKit:EventDeferring] [0x6000029164c0] Scene target of event deferring environments did update: scene: 0x10160e890; current systemShellManagesKeyboardFocus: 1; systemShellManagesKeyboardFocusForScene: 1; eligibleForRecordRemoval: 1;
2026-10-05 06:37:43.657 Df HamsterAges[27894:13ebc] [com.apple.UIKit:KeyWindow] Scene became target of keyboard event deferring environment: UIWindowScene: 0x10160e890; scene identity: com.apple.frontboard.systemappservices/FBSceneManager:sceneID%3Acom.valkhim.hamsterages-12C26D1E-285E-4749-B892-E2C6EC87C227
2026-10-05 06:37:43.658 Sd HamsterAges[27894:0] (79E72B83-2384-3A91-8EE7-4315E85E9A91) IOHIDManager State
{
    DispatchQueue = 0;
    RunLoop = 1;
    createOptions = 0;
    isOpen = 0;
    openOptions = 0;
}
2026-10-05 06:37:43.701 Df HamsterAges[27894:13ebc] [com.apple.Accessibility:AXCommon] Read Per-App on Init: Smart invert = (null)
2026-10-05 06:37:43.706 A  HamsterAges[27894:13ef5] (StoreKit) StoreKit/Products_SK2
2026-10-05 06:37:43.714 A  HamsterAges[27894:13ef2] (RunningBoardServices) didChangeInheritances
2026-10-05 06:37:43.717 Df HamsterAges[27894:13ebc] [com.apple.coreaudio:as_client] AVAudioSessionImpl_Simulator.mm:111   Set volume on device 85 to 0.60
2026-10-05 06:37:43.718 Df HamsterAges[27894:13ebc] [com.apple.avfaudio:avae]      AVAudioIONodeImpl.mm:235   Engine@0x60000375f780: associating with audio session (0x0), error -10879
2026-10-05 06:37:43.718 Df HamsterAges[27894:13ebc] [com.apple.coreaudio:aurioc]            AURemoteIO.cpp:1130  AURemoteIO@0x101834240: set kAudioOutputUnitProperty_OutputChannelLayout.  Layout = tag=0x0, 0 channel descriptions [], err = 0
2026-10-05 06:37:43.729 Df HamsterAges[27894:13ef5] [com.apple.xpc:connection] [0x101665a90] activating connection: mach=true listener=false peer=false name=com.apple.storekitd
2026-10-05 06:37:43.730 Df HamsterAges[27894:13eee] [com.apple.coreaudio:aqme]              AQIONode.cpp:693   client <RemoteIOClient@0x102070a00(@0x102070c18); output; [27894]> is NOT Now Playing eligible
2026-10-05 06:37:43.731 Df HamsterAges[27894:13eee] [com.apple.coreaudio:aurios]        RemoteIOServer.cpp:1872  rio@0x102070c18 spatialization disabled.  layout = tag=0x0, 0 channel descriptions [], format =  2 ch,      0 Hz, Float32, deinterleaved
2026-10-05 06:37:43.731 Df HamsterAges[27894:13eee] [com.apple.coreaudio:aqme]          RemoteIOServer.h:101   rio@0x102070a00 Got output layout from io node or spatialized client: tag=0x0, 2 channel descriptions [L, R]
2026-10-05 06:37:43.734 Df HamsterAges[27894:13eee] [com.apple.coreaudio:aurios]        RemoteIOServer.cpp:1581  SetLoudnessFromLM(): ->
2026-10-05 06:37:43.734 Df HamsterAges[27894:13eee] [com.apple.coreaudio:aurios]        RemoteIOServer.cpp:1620  SetLoudnessFromLM(): is CoreAudioServices/LoudnessManager enabled? yes
2026-10-05 06:37:43.735 Df HamsterAges[27894:13eee] [com.apple.coreaudio:aurios]        RemoteIOServer.cpp:1623  SetLoudnessFromLM(): is CoreAudioServices/LoudnessManagerV2 enabled? yes
2026-10-05 06:37:43.735 Df HamsterAges[27894:13eee] [com.apple.coreaudio:aurios]        RemoteIOServer.cpp:1626  SetLoudnessFromLM(): is CoreAudioServices/lm-disable-hardware-check on? no
2026-10-05 06:37:43.735 Df HamsterAges[27894:13eee] [com.apple.coreaudio:aurios]        RemoteIOServer.cpp:1629  SetLoudnessFromLM(): is hardware supported? no
2026-10-05 06:37:43.735 Df HamsterAges[27894:13eee] [com.apple.coreaudio:aurios]        RemoteIOServer.cpp:1641  SetLoudnessFromLM(): hardware not supported, Loudness Manager disabled
2026-10-05 06:37:43.736 Df HamsterAges[27894:13ebc] [com.apple.coreaudio:AudioConverter]        AudioConverter.cpp:1067  Created a new in process converter -> 0x600000ca5da0, from  2 ch,      0 Hz, Float32, deinterleaved to  2 ch,  48000 Hz, Float32, deinterleaved
2026-10-05 06:37:43.736 Df HamsterAges[27894:13ebc] [com.apple.coreaudio:AudioConverter]        AudioConverter.cpp:1317  AudioConverter -> 0x600000ca5da0: The in-process GetProperty call returned 1886547824 for property 1936876385 with size 4.
2026-10-05 06:37:43.737 Df HamsterAges[27894:13ebc] [com.apple.coreaudio:AudioConverter]        AudioConverter.cpp:1317  AudioConverter -> 0x600000ca5da0: The in-process GetProperty call returned 1886547824 for property 1936876401 with size 4.
2026-10-05 06:37:43.737 Df HamsterAges[27894:13ebc] [com.apple.coreaudio:AudioConverter]        AudioConverter.cpp:1317  AudioConverter -> 0x600000ca5da0: The in-process GetProperty call returned 1886547824 for property 1886546285 with size 8.
2026-10-05 06:37:43.737 Df HamsterAges[27894:13f31] [com.apple.coreaudio:AudioConverter] AudioConverter -> 0x600000ca5da0: The in-process SetProperty call returned 1886547824 for property 1886547309 with size 4.
2026-10-05 06:37:43.737 Df HamsterAges[27894:13ebc] [com.apple.coreaudio:aurioc]            AURemoteIO.cpp:1741  Stopping AURemoteIO(0x101834240)
2026-10-05 06:37:43.870 Df HamsterAges[27894:13ebc] [com.apple.coreaudio:ddagg]        AggregateDevice.mm:1008  PrimarySessionActiveWithInputEnabled 0 -> 0
2026-10-05 06:37:43.870 Df HamsterAges[27894:13ebc] [com.apple.avfaudio:avae]          AVAudioEngine.mm:1182  Engine@0x6000000202d0: start, was running 0
2026-10-05 06:37:43.870 Df HamsterAges[27894:13ebc] [com.apple.coreaudio:aurioc]            AURemoteIO.cpp:1130  AURemoteIO@0x101834240: set kAudioOutputUnitProperty_OutputChannelLayout.  Layout = tag=0x650002, err = 0
2026-10-05 06:37:43.870 Df HamsterAges[27894:13eee] [com.apple.coreaudio:aqme]              AQIONode.cpp:693   client <RemoteIOClient@0x102070a00(@0x102070c18); output; [27894]> is NOT Now Playing eligible
2026-10-05 06:37:43.870 Df HamsterAges[27894:13eee] [com.apple.coreaudio:aurios]        RemoteIOServer.cpp:1872  rio@0x102070c18 spatialization disabled.  layout = tag=0x650002, format =  2 ch,  44100 Hz, Float32, deinterleaved
2026-10-05 06:37:43.870 Df HamsterAges[27894:13eee] [com.apple.coreaudio:aqme]          RemoteIOServer.h:101   rio@0x102070a00 Got output layout from io node or spatialized client: tag=0x0, 2 channel descriptions [L, R]
2026-10-05 06:37:43.870 Df HamsterAges[27894:13eee] [com.apple.coreaudio:aurios]        RemoteIOServer.cpp:1581  SetLoudnessFromLM(): ->
2026-10-05 06:37:43.870 Df HamsterAges[27894:13eee] [com.apple.coreaudio:aurios]        RemoteIOServer.cpp:1620  SetLoudnessFromLM(): is CoreAudioServices/LoudnessManager enabled? yes
2026-10-05 06:37:43.870 Df HamsterAges[27894:13eee] [com.apple.coreaudio:aurios]        RemoteIOServer.cpp:1623  SetLoudnessFromLM(): is CoreAudioServices/LoudnessManagerV2 enabled? yes
2026-10-05 06:37:43.870 Df HamsterAges[27894:13eee] [com.apple.coreaudio:aurios]        RemoteIOServer.cpp:1626  SetLoudnessFromLM(): is CoreAudioServices/lm-disable-hardware-check on? no
2026-10-05 06:37:43.870 Df HamsterAges[27894:13eee] [com.apple.coreaudio:aurios]        RemoteIOServer.cpp:1629  SetLoudnessFromLM(): is hardware supported? no
2026-10-05 06:37:43.870 Df HamsterAges[27894:13eee] [com.apple.coreaudio:aurios]        RemoteIOServer.cpp:1641  SetLoudnessFromLM(): hardware not supported, Loudness Manager disabled
2026-10-05 06:37:43.871 Df HamsterAges[27894:13ebc] [com.apple.coreaudio:AudioConverter]        AudioConverter.cpp:1067  Created a new in process converter -> 0x600000c9e2e0, from  2 ch,  44100 Hz, Float32, deinterleaved to  2 ch,  48000 Hz, Float32, deinterleaved
2026-10-05 06:37:43.871 Df HamsterAges[27894:13ebc] [com.apple.coreaudio:AudioConverter]        AudioConverter.cpp:1317  AudioConverter -> 0x600000c9e2e0: The in-process GetProperty call returned 1886547824 for property 1936876385 with size 4.
2026-10-05 06:37:43.871 Df HamsterAges[27894:13ebc] [com.apple.coreaudio:aurioc]            AURemoteIO.cpp:1741  Stopping AURemoteIO(0x101834240)
2026-10-05 06:37:43.872 Df HamsterAges[27894:13ebc] [com.apple.coreaudio:aurioc]            AURemoteIO.cpp:1130  AURemoteIO@0x101834240: set kAudioOutputUnitProperty_OutputChannelLayout.  Layout = tag=0x650002, err = 0
2026-10-05 06:37:43.873 Df HamsterAges[27894:13eee] [com.apple.coreaudio:aqme]              AQIONode.cpp:693   client <RemoteIOClient@0x102070a00(@0x102070c18); output; [27894]> is NOT Now Playing eligible
2026-10-05 06:37:43.873 Df HamsterAges[27894:13eee] [com.apple.coreaudio:aurios]        RemoteIOServer.cpp:1872  rio@0x102070c18 spatialization disabled.  layout = tag=0x650002, format =  2 ch,  48000 Hz, Float32, deinterleaved
2026-10-05 06:37:43.874 Df HamsterAges[27894:13eee] [com.apple.coreaudio:aqme]          RemoteIOServer.h:101   rio@0x102070a00 Got output layout from io node or spatialized client: tag=0x0, 2 channel descriptions [L, R]
2026-10-05 06:37:43.874 Df HamsterAges[27894:13eee] [com.apple.coreaudio:aurios]        RemoteIOServer.cpp:1581  SetLoudnessFromLM(): ->
2026-10-05 06:37:43.874 Df HamsterAges[27894:13eee] [com.apple.coreaudio:aurios]        RemoteIOServer.cpp:1620  SetLoudnessFromLM(): is CoreAudioServices/LoudnessManager enabled? yes
2026-10-05 06:37:43.874 Df HamsterAges[27894:13eee] [com.apple.coreaudio:aurios]        RemoteIOServer.cpp:1623  SetLoudnessFromLM(): is CoreAudioServices/LoudnessManagerV2 enabled? yes
2026-10-05 06:37:43.874 Df HamsterAges[27894:13eee] [com.apple.coreaudio:aurios]        RemoteIOServer.cpp:1626  SetLoudnessFromLM(): is CoreAudioServices/lm-disable-hardware-check on? no
2026-10-05 06:37:43.874 Df HamsterAges[27894:13eee] [com.apple.coreaudio:aurios]        RemoteIOServer.cpp:1629  SetLoudnessFromLM(): is hardware supported? no
2026-10-05 06:37:43.874 Df HamsterAges[27894:13eee] [com.apple.coreaudio:aurios]        RemoteIOServer.cpp:1641  SetLoudnessFromLM(): hardware not supported, Loudness Manager disabled
2026-10-05 06:37:43.875 Df HamsterAges[27894:13ebc] [com.apple.coreaudio:aurioc]            AURemoteIO.cpp:1741  Stopping AURemoteIO(0x101834240)
2026-10-05 06:37:43.876 Df HamsterAges[27894:13ebc] [com.apple.coreaudio:aurioc]            AURemoteIO.cpp:1130  AURemoteIO@0x101834240: set kAudioOutputUnitProperty_OutputChannelLayout.  Layout = tag=0x650002, err = 0
2026-10-05 06:37:43.876 Df HamsterAges[27894:13eee] [com.apple.coreaudio:aqme]              AQIONode.cpp:693   client <RemoteIOClient@0x102070a00(@0x102070c18); output; [27894]> is NOT Now Playing eligible
2026-10-05 06:37:43.876 Df HamsterAges[27894:13eee] [com.apple.coreaudio:aurios]        RemoteIOServer.cpp:1872  rio@0x102070c18 spatialization disabled.  layout = tag=0x650002, format =  2 ch,  48000 Hz, Float32, deinterleaved
2026-10-05 06:37:43.876 Df HamsterAges[27894:13eee] [com.apple.coreaudio:aqme]          RemoteIOServer.h:101   rio@0x102070a00 Got output layout from io node or spatialized client: tag=0x0, 2 channel descriptions [L, R]
2026-10-05 06:37:43.876 Df HamsterAges[27894:13eee] [com.apple.coreaudio:aurios]        RemoteIOServer.cpp:1581  SetLoudnessFromLM(): ->
2026-10-05 06:37:43.876 Df HamsterAges[27894:13eee] [com.apple.coreaudio:aurios]        RemoteIOServer.cpp:1620  SetLoudnessFromLM(): is CoreAudioServices/LoudnessManager enabled? yes
2026-10-05 06:37:43.876 Df HamsterAges[27894:13eee] [com.apple.coreaudio:aurios]        RemoteIOServer.cpp:1623  SetLoudnessFromLM(): is CoreAudioServices/LoudnessManagerV2 enabled? yes
2026-10-05 06:37:43.877 Df HamsterAges[27894:13eee] [com.apple.coreaudio:aurios]        RemoteIOServer.cpp:1626  SetLoudnessFromLM(): is CoreAudioServices/lm-disable-hardware-check on? no
2026-10-05 06:37:43.877 Df HamsterAges[27894:13eee] [com.apple.coreaudio:aurios]        RemoteIOServer.cpp:1629  SetLoudnessFromLM(): is hardware supported? no
2026-10-05 06:37:43.877 Df HamsterAges[27894:13eee] [com.apple.coreaudio:aurios]        RemoteIOServer.cpp:1641  SetLoudnessFromLM(): hardware not supported, Loudness Manager disabled
2026-10-05 06:37:43.878 Df HamsterAges[27894:13ebc] [com.apple.coreaudio:aurioc]            AURemoteIO.cpp:1666  Starting AURemoteIO(0x101834240)
output client:  2 ch,  48000 Hz, Float32, deinterleaved, output HW:  2 ch,  48000 Hz, Float32, deinterleaved
input client:   2 ch,      0 Hz, Float32, deinterleaved, input HW:   2 ch,      0 Hz, Float32, deinterleaved
2026-10-05 06:37:43.878 Df HamsterAges[27894:13eee] [com.apple.coreaudio:auext]        AUOOPWorkgroups.mm:30    AUOOPWorkgroupManager: AddRemoteIOWorkgroup called with token 114253834.
2026-10-05 06:37:43.878 Df HamsterAges[27894:13eee] [com.apple.coreaudio:auext]        AUOOPWorkgroups.mm:66    AUOOPWorkgroupManager: mutating workgroups.
2026-10-05 06:37:43.878 Df HamsterAges[27894:13ebc] [com.apple.coreaudio:aurioc]            AURemoteIO.cpp:1727  workgroup port 0x15107
2026-10-05 06:37:43.880 Df HamsterAges[27894:13f6d] [com.apple.coreaudio:auext]        AUOOPWorkgroups.mm:30    AUOOPWorkgroupManager: AddRemoteIOWorkgroup called with token 114253833.
2026-10-05 06:37:43.880 Df HamsterAges[27894:13f6d] [com.apple.coreaudio:auext]        AUOOPWorkgroups.mm:66    AUOOPWorkgroupManager: mutating workgroups.
2026-10-05 06:37:43.881 Df HamsterAges[27894:13eee] [com.apple.coreaudio:aqme]              AQIONode.cpp:693   client <RemoteIOClient@0x102070a00(@0x102070c18); output; [27894]> is NOT Now Playing eligible
2026-10-05 06:37:43.882 Df HamsterAges[27894:13eee] [com.apple.coreaudio:aqme]  MEDeviceStreamClient.cpp:245   AQME Default-InputOutput: client starting: <RemoteIOClient@0x102070a00(@0x102070c18); output; [27894]>; running count now 3
2026-10-05 06:37:43.910 Df HamsterAges[27894:13ebc] [com.apple.UIKit:Feedback] generator <UINotificationFeedbackGenerator: 0x600003309720> cannot play feedback <nil: 0x0> (enabled=0)
2026-10-05 06:37:43.964 Df HamsterAges[27894:13ebc] [com.apple.UIKit:AppLifecycle] sceneOfRecord: sceneID: sceneID:com.valkhim.hamsterages-12C26D1E-285E-4749-B892-E2C6EC87C227  persistentID: 12C26D1E-285E-4749-B892-E2C6EC87C227
2026-10-05 06:37:43.965 Df HamsterAges[27894:13ebc] [com.apple.UIKit:InterfaceStyle] Not push traits update to screen for new style 1, <UIWindowScene: 0x10160e890> (12C26D1E-285E-4749-B892-E2C6EC87C227)
2026-10-05 06:37:43.966 Df HamsterAges[27894:13ebc] [com.apple.FrontBoard:SceneExtension] Realizing settings extension SBUISecureRenderingSettingsExtension on FBSSceneSettings
2026-10-05 06:37:43.974 Df HamsterAges[27894:13ebc] [com.apple.UIKit:InterfaceStyle] Not push traits update to screen for new style 1, <UIWindowScene: 0x10160e890> (12C26D1E-285E-4749-B892-E2C6EC87C227)
2026-10-05 06:37:43.976 Df HamsterAges[27894:13ebc] [com.apple.UIKit:InterfaceStyle] Not push traits update to screen for new style 1, <UIWindowScene: 0x10160e890> (12C26D1E-285E-4749-B892-E2C6EC87C227)
2026-10-05 06:37:43.978 Df HamsterAges[27894:13ebc] [com.apple.UIKit:AppLifecycle] sceneOfRecord: sceneID: sceneID:com.valkhim.hamsterages-12C26D1E-285E-4749-B892-E2C6EC87C227  persistentID: 12C26D1E-285E-4749-B892-E2C6EC87C227
2026-10-05 06:37:43.978 Df HamsterAges[27894:13ebc] [com.apple.UIKit:Application] Deactivation reason removed: 12; deactivation reasons: 4128 -> 32; animating application lifecycle event: 1
2026-10-05 06:37:43.979 Df HamsterAges[27894:13ebc] [com.apple.KeyboardArbiter:Client] Send setDeactivating: N (-DeactivationReason:SuspendedEventsOnly)
2026-10-05 06:37:43.979 Df HamsterAges[27894:13ebc] [com.apple.UIKit:Application] Deactivation reason removed: 5; deactivation reasons: 32 -> 0; animating application lifecycle event: 0
2026-10-05 06:37:43.994 Df HamsterAges[27894:13ebc] [com.apple.KeyboardArbiter:Client] startConnection
2026-10-05 06:37:43.997 Df HamsterAges[27894:13ebc] [com.apple.xpc:connection] [0x1015882d0] activating connection: mach=true listener=false peer=false name=com.apple.UIKit.KeyboardManagement.hosted
2026-10-05 06:37:44.046 Df HamsterAges[27894:13ef2] [com.apple.xpc:connection] [0x101665a90] invalidated because the current process cancelled the connection by calling xpc_connection_cancel()
2026-10-05 06:37:44.046 Df HamsterAges[27894:13ef2] [com.apple.storekit:Default] AAFService connection invalidated
2026-10-05 06:37:44.071 Df HamsterAges[27894:13ebc] [com.apple.KeyboardArbiter:Client] handleKeyboardChange: set currentKeyboard:N (wasKeyboard:N)
2026-10-05 06:37:44.071 Sd HamsterAges[27894:0] (71A4AB2B-6C63-3811-A45D-80D677A41A21) UAUserActivity
UAUserActivityManager supportsActivityContinuation=YES isEnabled=YES serverPid=0 PROJECT:UserActivity-551
2026-10-05 06:37:44.078 Df HamsterAges[27894:13ebc] [com.apple.UIKit:KeyboardArbiterClientLog] isWritingToolsHandlingKeyboardTracking:Y (WT ready:Y, Arbiter ready:Y)
2026-10-05 06:37:44.117 Df HamsterAges[27894:13ebc] (SpriteKit) SKView: no drawables available for rendering. Skipping this frame.
2026-10-05 06:37:44.306 Df HamsterAges[27894:13ebc] [com.apple.network:activity] <nw_activity 50:1 [83922F2D-76E5-4C24-B210-A1FCE9B76678] (global parent) (reporting strategy default) complete (reason success)> complete with reason 2 (success), duration 5371ms
2026-10-05 06:37:44.306 Df HamsterAges[27894:13ebc] [com.apple.network:activity] <nw_activity 50:2 [271A32E1-347B-475E-BD3C-BF72692AA53B] (reporting strategy default) complete (reason success)> complete with reason 2 (success), duration 5372ms
2026-10-05 06:37:44.306 Df HamsterAges[27894:13ebc] [com.apple.network:activity] Unsetting the global parent activity <nw_activity 50:1 [83922F2D-76E5-4C24-B210-A1FCE9B76678] (global parent) (reporting strategy default) complete (reason success)>
2026-10-05 06:37:44.306 Df HamsterAges[27894:13ebc] [com.apple.network:activity] Unset the global parent activity
2026-10-05 06:37:49.420 Df HamsterAges[27964:13ffc] (libMobileGestalt.dylib) No persisted cache on this platform.
2026-10-05 06:37:49.420 Df HamsterAges[27964:1401d] [com.apple.xpc:connection] [0x101105040] activating connection: mach=true listener=false peer=false name=com.apple.cfprefsd.daemon
2026-10-05 06:37:49.422 Df HamsterAges[27964:1401f] [com.apple.BoardServices:XPCErrors] [C:1] Alloc com.apple.frontboard.systemappservices
2026-10-05 06:37:49.422 Df HamsterAges[27964:1401f] [com.apple.xpc:connection] [0x101006340] activating connection: mach=false listener=false peer=false name=(anonymous)
2026-10-05 06:37:49.427 A  HamsterAges[27964:1401e] (CoreFoundation) Loading Preferences From User Session CFPrefsD
2026-10-05 06:37:49.437 Df HamsterAges[27964:13ffc] [com.apple.UIKit:Application] Deactivation reason added: 10; deactivation reasons: 0 -> 1024; animating application lifecycle event: 0
2026-10-05 06:37:49.437 Df HamsterAges[27964:1401d] [com.apple.UIKit:BackgroundTask] Creating new assertion because there is no existing background assertion.
2026-10-05 06:37:49.437 Df HamsterAges[27964:13ffc] [com.apple.runningboard:connection] Initializing connection
2026-10-05 06:37:49.437 Df HamsterAges[27964:1401d] [com.apple.UIKit:BackgroundTask] Creating new background assertion
2026-10-05 06:37:49.437 Df HamsterAges[27964:13ffc] [com.apple.runningboard:process] Removing all cached process handles
2026-10-05 06:37:49.437 Df HamsterAges[27964:1401d] [com.apple.UIKit:BackgroundTask] Created new background assertion <BKSProcessAssertion: 0x600002106b70>
2026-10-05 06:37:49.437 Df HamsterAges[27964:13ffc] [com.apple.BoardServices:Injection] activating monitor for service com.apple.frontboard.open
2026-10-05 06:37:49.437 Df HamsterAges[27964:1401e] [com.apple.runningboard:connection] Sending handshake request attempt #1 to server
2026-10-05 06:37:49.437 Df HamsterAges[27964:13ffc] [com.apple.BoardServices:Injection] activating monitor for service com.apple.frontboard.workspace-service
2026-10-05 06:37:49.437 Df HamsterAges[27964:1401e] [com.apple.runningboard:connection] Creating connection to com.apple.runningboard
2026-10-05 06:37:49.437 Df HamsterAges[27964:1401e] [com.apple.xpc:connection] [0x100605500] activating connection: mach=true listener=false peer=false name=com.apple.runningboard
2026-10-05 06:37:49.438 Df HamsterAges[27964:13ffc] [com.apple.FrontBoard:Common] FBSWorkspace registering source: com.apple.frontboard.systemappservices
2026-10-05 06:37:49.438 A  HamsterAges[27964:14020] (RunningBoardServices) didChangeInheritances
2026-10-05 06:37:49.439 Df HamsterAges[27964:1401e] [com.apple.runningboard:connection] Handshake succeeded
2026-10-05 06:37:49.439 Df HamsterAges[27964:1401e] [com.apple.runningboard:connection] Identity resolved as app<com.valkhim.hamsterages((null))>
2026-10-05 06:37:49.440 Df HamsterAges[27964:1401d] [com.apple.UIKit:BackgroundTask] Incrementing reference count for background assertion <BKSProcessAssertion: 0x600002106b70>
2026-10-05 06:37:49.440 Df HamsterAges[27964:1401d] [com.apple.UIKit:BackgroundTask] Created background task <_UIBackgroundTaskInfo: 0x600001702780>: taskID = 1, taskName = Launch Background Task for Coalescing, creationTime = 1063 (elapsed = 0).
2026-10-05 06:37:49.440 Df HamsterAges[27964:13ffc] [com.apple.FrontBoard:Common] FBSWorkspace connected to endpoint : <BSServiceConnectionEndpoint: 0x600000201c60; target: com.apple.frontboard.systemappservices; service: com.apple.frontboard.workspace-service>
2026-10-05 06:37:49.440 Df HamsterAges[27964:1401d] [com.apple.FrontBoard:SceneExtension] Realizing settings extension _UIApplicationSceneKeyboardSettings on FBSSceneSettings
2026-10-05 06:37:49.440 Df HamsterAges[27964:13ffc] [com.apple.FrontBoard:Common] <FBSWorkspaceScenesClient:0x600003008120 com.apple.frontboard.systemappservices> attempting immediate handshake from activate
2026-10-05 06:37:49.440 Df HamsterAges[27964:13ffc] [com.apple.FrontBoard:Common] <FBSWorkspaceScenesClient:0x600003008120 com.apple.frontboard.systemappservices> sent handshake
2026-10-05 06:37:49.440 Df HamsterAges[27964:13ffc] [com.apple.runningboard:general] Added observer for process assertions expiration warning: <_RBSExpirationWarningClient: 0x600000210940>
2026-10-05 06:37:49.441 Df HamsterAges[27964:1401d] [com.apple.FrontBoard:SceneExtension] Realizing settings extension <_UISceneOcclusionSettings> on FBSSceneSettings
2026-10-05 06:37:49.442 Df HamsterAges[27964:1401d] [com.apple.FrontBoard:SceneExtension] Realizing settings extension <_UISceneInterfaceProtectionSettings> on FBSSceneSettings
2026-10-05 06:37:49.442 Df HamsterAges[27964:1401d] [com.apple.FrontBoard:SceneExtension] Realizing settings extension _UISceneLayoutPreferencesHostSettingsExtension on FBSSceneSettings
2026-10-05 06:37:49.443 Df HamsterAges[27964:1401d] [com.apple.FrontBoard:SceneExtension] Realizing settings extension _UISceneSafeAreaSettingsExtension on FBSSceneSettings
2026-10-05 06:37:49.443 Df HamsterAges[27964:1401d] [com.apple.FrontBoard:SceneExtension] Realizing settings extension _UISceneLayoutPreferenceClientSettingsExtension on FBSSceneClientSettings
2026-10-05 06:37:49.444 Df HamsterAges[27964:13ffc] [com.apple.UIKit:UIScreen] Evaluated capturing state as 0 on <UIScreen: 0x100605c40> for initial
2026-10-05 06:37:49.444 Df HamsterAges[27964:13ffc] [com.apple.UIKit:UIScreen] Evaluated capturing state as 0 on <UIScreen: 0x100605c40> for CADisplay KVO
2026-10-05 06:37:49.444 Df HamsterAges[27964:1401d] [com.apple.FrontBoard:SceneExtension] Realizing settings extension <_UIHomeAffordanceHostSceneSettings> on FBSSceneSettings
2026-10-05 06:37:49.445 Df HamsterAges[27964:1401d] [com.apple.FrontBoard:SceneExtension] Realizing settings extension _UISystemShellSceneHostingEnvironmentSettings on FBSSceneSettings
2026-10-05 06:37:49.445 Df HamsterAges[27964:1401d] [com.apple.FrontBoard:SceneExtension] Realizing settings extension _UISceneRenderingEnvironmentSettings on FBSSceneSettings
2026-10-05 06:37:49.445 Df HamsterAges[27964:1401d] [com.apple.FrontBoard:SceneExtension] Realizing settings extension <_UISceneRenderingEnvironmentClientSettings> on FBSSceneClientSettings
2026-10-05 06:37:49.445 Df HamsterAges[27964:1401d] [com.apple.FrontBoard:SceneExtension] Realizing settings extension <_UISceneTransitioningHostSettings> on FBSSceneSettings
2026-10-05 06:37:49.446 Df HamsterAges[27964:1401d] [com.apple.FrontBoard:SceneExtension] Realizing settings extension <_UISceneFocusSystemSettings> on FBSSceneSettings
2026-10-05 06:37:49.446 Df HamsterAges[27964:1401d] [com.apple.FrontBoard:SceneExtension] Realizing settings extension _UISceneOrientationSettingsExtension on FBSSceneSettings
2026-10-05 06:37:49.446 Df HamsterAges[27964:1401d] [com.apple.FrontBoard:SceneExtension] Realizing settings extension _UISceneOrientationClientSettingsExtension on FBSSceneClientSettings
2026-10-05 06:37:49.447 Df HamsterAges[27964:1401d] [com.apple.FrontBoard:SceneExtension] Realizing settings extension _UISceneWindowingControlClientSettings on FBSSceneClientSettings
2026-10-05 06:37:49.447 Df HamsterAges[27964:1401d] [com.apple.FrontBoard:SceneExtension] Realizing settings extension <_UISceneHostingContentSizePreferenceClientSettings> on FBSSceneClientSettings
2026-10-05 06:37:49.448 Df HamsterAges[27964:1401d] [com.apple.FrontBoard:SceneExtension] Realizing settings extension _UISceneHostingTraitCollectionPropagationSettings on FBSSceneSettings
2026-10-05 06:37:49.448 Df HamsterAges[27964:13ffc] [com.apple.Accessibility:AXSupportCommon] Read CategoryName: per-app = 1, category name = (null)
2026-10-05 06:37:49.448 Df HamsterAges[27964:1401d] [com.apple.FrontBoard:SceneExtension] Realizing settings extension <_UISceneHostingSheetPresentationSettings> on FBSSceneSettings
2026-10-05 06:37:49.449 Df HamsterAges[27964:1401d] [com.apple.FrontBoard:SceneExtension] Realizing settings extension <_UISceneHostingSheetPresentationClientSettings> on FBSSceneClientSettings
2026-10-05 06:37:49.449 Df HamsterAges[27964:1401d] [com.apple.FrontBoard:SceneExtension] Realizing settings extension <_UISceneHostingEventDeferringSettings> on FBSSceneSettings
2026-10-05 06:37:49.449 Df HamsterAges[27964:13ffc] [com.apple.Accessibility:AXSupportCommon] Read CategoryName: per-app = 0, category name = (null)
2026-10-05 06:37:49.449 Df HamsterAges[27964:1401d] [com.apple.FrontBoard:SceneExtension] Realizing settings extension <UIKit__UITypedKeyValueSceneSettings> on FBSSceneSettings
2026-10-05 06:37:49.449 Df HamsterAges[27964:1401d] [com.apple.FrontBoard:SceneExtension] Realizing settings extension <UIKit__UITypedKeyValueSceneSettings> on FBSSceneClientSettings
2026-10-05 06:37:49.449 Df HamsterAges[27964:1401d] [com.apple.FrontBoard:SceneExtension] Realizing settings extension <_UISceneHostingViewControllerPreferencePropagationClientSettings> on FBSSceneClientSettings
2026-10-05 06:37:49.449 Df HamsterAges[27964:1401d] [com.apple.FrontBoard:SceneExtension] Realizing settings extension <_UISceneZoomTransitionSettings> on FBSSceneSettings
2026-10-05 06:37:49.450 Df HamsterAges[27964:14023] [com.apple.FrontBoard:SceneExtension] Realizing settings extension FBSSceneSettingsCore on FBSSceneSettings
2026-10-05 06:37:49.450 Df HamsterAges[27964:14023] [com.apple.FrontBoard:SceneExtension] Realizing settings extension FBSSceneClientSettingsCore on FBSSceneClientSettings
2026-10-05 06:37:49.460 Df HamsterAges[27964:14023] [com.apple.FrontBoard:SceneExtension] UIMutableApplicationSceneSettings setting counterpart class: UIApplicationSceneSettings
2026-10-05 06:37:49.460 Df HamsterAges[27964:13ffc] [com.apple.dt.xctest:Default] Registering for test daemon availability notify post.
2026-10-05 06:37:49.460 Df HamsterAges[27964:13ffc] [com.apple.dt.xctest:Default] notify_get_state check indicated test daemon not ready.
2026-10-05 06:37:49.461 Df HamsterAges[27964:14023] [com.apple.FrontBoard:SceneExtension] UIMutableApplicationSceneClientSettings setting counterpart class: UIApplicationSceneClientSettings
2026-10-05 06:37:49.461 Df HamsterAges[27964:13ffc] [com.apple.dt.xctest:Default] notify_get_state check indicated test daemon not ready.
2026-10-05 06:37:49.461 Df HamsterAges[27964:14023] [com.apple.FrontBoard:SceneExtension] Realizing settings extension FBSSceneTransitionContextCore on FBSSceneTransitionContext
2026-10-05 06:37:49.461 Df HamsterAges[27964:13ffc] [com.apple.dt.xctest:Default] notify_get_state check indicated test daemon not ready.
2026-10-05 06:37:49.461 Df HamsterAges[27964:13ffc] [com.apple.UIKit:Application] Deactivation reason added: 11; deactivation reasons: 1024 -> 3072; animating application lifecycle event: 0
2026-10-05 06:37:49.463 Df HamsterAges[27964:13ffc] [com.apple.UIKit:Application] Deactivation reason removed: 10; deactivation reasons: 3072 -> 2048; animating application lifecycle event: 0
2026-10-05 06:37:49.463 Df HamsterAges[27964:13ffc] [com.apple.UIKit:EventBus] Event Timing Profile for Touch: not found, path="/System/Library/EventTimingProfiles/Sim.Touch.plist"
2026-10-05 06:37:49.463 Df HamsterAges[27964:13ffc] [com.apple.UIKit:EventBus] Event Timing Profile for Pencil: not found, path="/System/Library/EventTimingProfiles/Sim.Pencil.plist"
2026-10-05 06:37:49.464 Df HamsterAges[27964:13ffc] [com.apple.UIKit:UpdateScheduler] Selected display: name=LCD (PurpleMain), id=1
2026-10-05 06:37:49.464 Df HamsterAges[27964:14020] [com.apple.FileURL:default] kExcludedFromBackupXattrName set on path: /Users/runner/Library/Developer/CoreSimulator/Devices/291E4B86-C951-41A7-8327-84BF0304D0A9/data/Containers/Data/Application/B27423C8-BF3A-4B75-AE28-417D0A9821D7/Library/Application Support/GoogleMobileAds/Settings
2026-10-05 06:37:49.465 Df HamsterAges[27964:14020] [com.apple.FileURL:default] kExcludedFromBackupXattrName set on path: /Users/runner/Library/Developer/CoreSimulator/Devices/291E4B86-C951-41A7-8327-84BF0304D0A9/data/Containers/Data/Application/B27423C8-BF3A-4B75-AE28-417D0A9821D7/Library/Application Support/GoogleMobileAds/storage
2026-10-05 06:37:49.466 Df HamsterAges[27964:14020] [com.apple.FileURL:default] kExcludedFromBackupXattrName set on path: /Users/runner/Library/Developer/CoreSimulator/Devices/291E4B86-C951-41A7-8327-84BF0304D0A9/data/Containers/Data/Application/B27423C8-BF3A-4B75-AE28-417D0A9821D7/Library/Application Support/GoogleMobileAds/AdapterSettings
2026-10-05 06:37:49.467 Df HamsterAges[27964:14020] [com.apple.xpc:connection] [0x101006680] activating connection: mach=true listener=false peer=false name=com.apple.lsd.advertisingidentifiers
2026-10-05 06:37:49.468 Df HamsterAges[27964:13ffc] [com.apple.UIKit:BackgroundTask] Will add backgroundTask with taskName: Persistent SceneSession Map Update, expirationHandler: <__NSGlobalBlock__: 0x1e61729e0>
2026-10-05 06:37:49.468 Df HamsterAges[27964:13ffc] [com.apple.UIKit:BackgroundTask] Reusing background assertion <BKSProcessAssertion: 0x600002106b70>
2026-10-05 06:37:49.468 Df HamsterAges[27964:13ffc] [com.apple.UIKit:BackgroundTask] Incrementing reference count for background assertion <BKSProcessAssertion: 0x600002106b70>
2026-10-05 06:37:49.468 Df HamsterAges[27964:13ffc] [com.apple.UIKit:BackgroundTask] Created background task <_UIBackgroundTaskInfo: 0x600001715e00>: taskID = 2, taskName = Persistent SceneSession Map Update, creationTime = 1063 (elapsed = 0).
2026-10-05 06:37:49.469 Df HamsterAges[27964:13ffc] [com.apple.UIKit:Application] Deactivation reason added: 5; deactivation reasons: 2048 -> 2080; animating application lifecycle event: 1
2026-10-05 06:37:49.469 A  HamsterAges[27964:14020] (libsystem_containermanager.dylib) container_system_group_path_for_identifier
2026-10-05 06:37:49.469 Df HamsterAges[27964:14020] [com.apple.containermanager:xpc] Requesting container lookup; class = 13, identifier = (null), group_identifier = systemgroup.com.apple.configurationprofiles, create = 1, temp = 0, euid = 501, uid = 501
2026-10-05 06:37:49.469 A  HamsterAges[27964:14020] (libsystem_containermanager.dylib) container_query_t
2026-10-05 06:37:49.469 Df HamsterAges[27964:14020] [com.apple.containermanager:xpc] Query; euid = 501, uid = 501, class = 13, identifier = [(null)](0), flags = 900000003
2026-10-05 06:37:49.469 Df HamsterAges[27964:13ffc] [com.apple.UIKit:InterfaceStyle] Should send trait collection or coordinate space update, interface style 1 -> 1, <UIWindowScene: 0x10060c090> (9549A8D9-0564-4F60-9294-78B777E20885)
2026-10-05 06:37:49.471 Df HamsterAges[27964:14020] [com.apple.containermanager:unspecified] _container_query_get_result_at_index: success
2026-10-05 06:37:49.471 Df HamsterAges[27964:13ffc] [com.apple.UIKit:InterfaceStyle] Not push traits update to screen for new style 1, <UIWindowScene: 0x10060c090> (9549A8D9-0564-4F60-9294-78B777E20885)
2026-10-05 06:37:49.471 A  HamsterAges[27964:14020] (libsystem_containermanager.dylib) container_copy_object
2026-10-05 06:37:49.471 Df HamsterAges[27964:14020] [com.apple.containermanager:unspecified] container_system_group_path_for_identifier: success
2026-10-05 06:37:49.472 Df HamsterAges[27964:14020] [com.apple.ManagedConfiguration:MC] Got system group container path from MCM for systemgroup.com.apple.configurationprofiles: /Users/runner/Library/Developer/CoreSimulator/Devices/291E4B86-C951-41A7-8327-84BF0304D0A9/data/Containers/Shared/SystemGroup/systemgroup.com.apple.configurationprofiles
2026-10-05 06:37:49.472 Df HamsterAges[27964:13ffc] [com.apple.UIKit:HomeAffordanceObservation] Initializing: <_UIHomeAffordanceSceneNotifier: 0x60000290c930>; with scene: <UIWindowScene: 0x10060c090>
2026-10-05 06:37:49.472 Df HamsterAges[27964:13ffc] [com.apple.BacklightServices:scenes] 0x600000c15b60 setDelegate:<0x600000c03990 _UIBacklightEnvironment> hasDelegate:YES for environment:sceneID:com.valkhim.hamsterages-9549A8D9-0564-4F60-9294-78B777E20885
2026-10-05 06:37:49.473 Df HamsterAges[27964:13ffc] [com.apple.UIKit:InterfaceStyle] Not push traits update to screen for new style 1, <UIWindowScene: 0x10060c090> (9549A8D9-0564-4F60-9294-78B777E20885)
2026-10-05 06:37:49.473 Df HamsterAges[27964:13ffc] [com.apple.UIKit:EventDeferring] [0x600002916d10] Initialized with scene: <UIWindowScene: 0x10060c090>; behavior: <_UIEventDeferringBehavior_iOS: 0x60000021aa20>; availableForProcess: 1, systemShellManagesKeyboardFocus: 1
2026-10-05 06:37:49.473 Df HamsterAges[27964:13ffc] [com.apple.BoardServices:XPCErrors] [C:2] Alloc com.apple.backboard.hid-services.xpc
2026-10-05 06:37:49.473 Df HamsterAges[27964:13ffc] [com.apple.xpc:connection] [0x101107300] activating connection: mach=false listener=false peer=false name=(anonymous)
2026-10-05 06:37:49.474 Df HamsterAges[27964:14023] [com.apple.BackBoard:EventDelivery] BKSHIDEventObserver - connection activation
2026-10-05 06:37:49.474 Df HamsterAges[27964:13ffc] [com.apple.BackBoard:EventDelivery] policyStatus:<BKSHIDEventDeliveryPolicyObserver: 0x6000026003c0; process scope; status: target> was:none
2026-10-05 06:37:49.474 Df HamsterAges[27964:13ffc] [com.apple.UIKit:KeyWindow] Setting default evaluation strategy for UIUserInterfaceIdiomPhone to LastOneWins
2026-10-05 06:37:49.474 Df HamsterAges[27964:13ffc] [com.apple.UIKit:KeyWindow] Scene target of keyboard event deferring environment did change: 1; scene: UIWindowScene: 0x10060c090; scene identity: com.apple.frontboard.systemappservices/FBSceneManager:sceneID%3Acom.valkhim.hamsterages-9549A8D9-0564-4F60-9294-78B777E20885
2026-10-05 06:37:49.475 Df HamsterAges[27964:13ffc] [com.apple.UIKit:EventDeferring] [0x600002916d10] Scene target of event deferring environments did update: scene: 0x10060c090; current systemShellManagesKeyboardFocus: 1; systemShellManagesKeyboardFocusForScene: 1; eligibleForRecordRemoval: 1;
2026-10-05 06:37:49.475 Df HamsterAges[27964:13ffc] [com.apple.UIKit:KeyWindow] Scene became target of keyboard event deferring environment: UIWindowScene: 0x10060c090; scene identity: com.apple.frontboard.systemappservices/FBSceneManager:sceneID%3Acom.valkhim.hamsterages-9549A8D9-0564-4F60-9294-78B777E20885
2026-10-05 06:37:49.475 Df HamsterAges[27964:13ffc] [com.apple.UIKit:KeyWindow] Stack[KeyWindow] 0x600000c1ee20: Taking no further action for migration from LastOneWins -> SystemShellManaged as there are no scenes
2026-10-05 06:37:49.475 Df HamsterAges[27964:13ffc] [com.apple.UIKit:KeyWindow] Setting default evaluation strategy for UIUserInterfaceIdiomPhone to SystemShellManaged
2026-10-05 06:37:49.475 Df HamsterAges[27964:13ffc] [com.apple.UIKit:KeyWindow] Key window needs update: 0; currentKeyWindowScene: 0x0; evaluatedKeyWindowScene: 0x10060c090; currentApplicationKeyWindow: 0x0; evaluatedApplicationKeyWindow: 0x0; reason: UIWindowScene: 0x10060c090: Window scene became target of keyboard environment
2026-10-05 06:37:49.475 Df HamsterAges[27964:13ffc] [com.apple.UIKit:InterfaceStyle] Not push traits update to screen for new style 1, <UIWindowScene: 0x10060c090> (9549A8D9-0564-4F60-9294-78B777E20885)
2026-10-05 06:37:49.475 Df HamsterAges[27964:13ffc] [com.apple.UIKit:InterfaceStyle] Not push traits update to screen for new style 1, <UIWindowScene: 0x10060c090> (9549A8D9-0564-4F60-9294-78B777E20885)
2026-10-05 06:37:49.476 Df HamsterAges[27964:13ffc] [com.apple.UIKit:InterfaceStyle] Not push traits update to screen for new style 1, <UIWindowScene: 0x10060c090> (9549A8D9-0564-4F60-9294-78B777E20885)
2026-10-05 06:37:49.558 Df HamsterAges[27964:13ffc] [com.apple.UIKit:Orientation] <UIWindowScene: 0x10060c090> (9549A8D9-0564-4F60-9294-78B777E20885) Scene updated orientation preferences: none -> ( Ll Lr )
2026-10-05 06:37:49.562 Df HamsterAges[27964:13ffc] [com.apple.UIKit:KeyWindow] Key window API is scene-level: YES
2026-10-05 06:37:49.562 Df HamsterAges[27964:13ffc] [com.apple.UIKit:KeyWindow] UIWindowScene: 0x10060c090: Window became key in scene: UIWindow: 0x101012610; contextId: 0x7AFD4C4B: reason: UIWindowScene: 0x10060c090: Window requested to become key in scene: 0x101012610
2026-10-05 06:37:49.562 Df HamsterAges[27964:13ffc] [com.apple.UIKit:KeyWindow] Key window needs update: 1; currentKeyWindowScene: 0x0; evaluatedKeyWindowScene: 0x10060c090; currentApplicationKeyWindow: 0x0; evaluatedApplicationKeyWindow: 0x101012610; reason: UIWindowScene: 0x10060c090: Window requested to become key in scene: 0x101012610
2026-10-05 06:37:49.562 Df HamsterAges[27964:13ffc] [com.apple.UIKit:KeyWindow] Window did become application key: UIWindow: 0x101012610; contextId: 0x7AFD4C4B; scene identity: com.apple.frontboard.systemappservices/FBSceneManager:sceneID%3Acom.valkhim.hamsterages-9549A8D9-0564-4F60-9294-78B777E20885
2026-10-05 06:37:49.563 Df HamsterAges[27964:13ffc] [com.apple.UIKit:EventDeferring] [0x600002916d10] Begin local event deferring requested for token: 0x60000260a9a0; environments: 1; reason: UIWindowScene: 0x10060c090: Begin event deferring in keyboardFocus for window: 0x101012610
2026-10-05 06:37:49.563 Df HamsterAges[27964:14023] [com.apple.BackBoard:EventDelivery] BKSHIDEventDeliveryManager - connection activation
2026-10-05 06:37:49.564 Df HamsterAges[27964:13ffc] [com.apple.UIKit:InterfaceStyle] Not push traits update to screen for new style 1, <UIWindowScene: 0x10060c090> (9549A8D9-0564-4F60-9294-78B777E20885)
2026-10-05 06:37:49.565 Df HamsterAges[27964:13ffc] [com.apple.UIKit:AppLifecycle] sceneOfRecord: sceneID: sceneID:com.valkhim.hamsterages-9549A8D9-0564-4F60-9294-78B777E20885  persistentID: 9549A8D9-0564-4F60-9294-78B777E20885
2026-10-05 06:37:49.565 Df HamsterAges[27964:13ffc] [com.apple.UIKit:Application] Ignoring already applied deactivation reason: 5; deactivation reasons: 2080
2026-10-05 06:37:49.565 Df HamsterAges[27964:13ffc] [com.apple.UIKit:Application] Deactivation reason added: 12; deactivation reasons: 2080 -> 6176; animating application lifecycle event: 1
2026-10-05 06:37:49.565 Df HamsterAges[27964:14023] [com.apple.BackBoard:EventDelivery] policyStatus:<BKSHIDEventDeliveryPolicyObserver: 0x6000026003c0; token: com.apple.frontboard.systemappservices/FBSceneManager:sceneID%3Acom.valkhim.hamsterages-9549A8D9-0564-4F60-9294-78B777E20885; status: ancestor> was:target
2026-10-05 06:37:49.565 Df HamsterAges[27964:13ffc] [com.apple.UIKit:Application] Deactivation reason removed: 11; deactivation reasons: 6176 -> 4128; animating application lifecycle event: 1
2026-10-05 06:37:49.565 Df HamsterAges[27964:13ffc] [com.apple.FrontBoard:SceneExtension] Realizing settings extension <_UISceneIntelligenceSupportSettings> on FBSSceneSettings
2026-10-05 06:37:49.566 Df HamsterAges[27964:14020] [com.apple.UIIntelligenceSupport:xpc] establishing connection to agent
2026-10-05 06:37:49.566 Df HamsterAges[27964:14020] [com.apple.xpc:session] [0x600002108f00] Session created.
2026-10-05 06:37:49.566 Df HamsterAges[27964:14020] [com.apple.xpc:session] [0x600002108f00] Session created from connection [0x10110cb00]
2026-10-05 06:37:49.566 Df HamsterAges[27964:14020] [com.apple.xpc:connection] [0x10110cb00] activating connection: mach=true listener=false peer=false name=com.apple.uiintelligencesupport.agent
2026-10-05 06:37:49.566 Df HamsterAges[27964:14020] [com.apple.xpc:session] [0x600002108f00] Session activated
2026-10-05 06:37:49.567 Df HamsterAges[27964:13ffc] [com.apple.UIKit:InterfaceStyle] Not push traits update to screen for new style 1, <UIWindowScene: 0x10060c090> (9549A8D9-0564-4F60-9294-78B777E20885)
2026-10-05 06:37:49.570 A  HamsterAges[27964:13ffc] (CoreFoundation) Updating Key-Value Observers Of Preferences
2026-10-05 06:37:49.634 E  HamsterAges[27964:13ffc] [com.apple.kvs:Connection] Unable to find entitlement for KVS store
2026-10-05 06:37:49.635 F  HamsterAges[27964:13ffc] [com.apple.kvs:Connection] BUG IN CLIENT OF KVS: Trying to initialize NSUbiquitousKeyValueStore without a store identifier. Please specify your store identifier in the 'com.apple.developer.ubiquity-kvstore-identifier' entitlement.
2026-10-05 06:37:49.635 A  HamsterAges[27964:13ffc] (libsystem_trace.dylib) Activity for state dumps
2026-10-05 06:37:49.906 Df HamsterAges[27964:1401f] [com.apple.xpc:connection] [0x101012450] activating connection: mach=true listener=false peer=false name=com.apple.fontservicesd
2026-10-05 06:37:49.974 Df HamsterAges[27964:1401f] [com.apple.UIKit:BackgroundTask] Ending background task with UIBackgroundTaskIdentifier: 2
2026-10-05 06:37:49.974 Df HamsterAges[27964:1401f] [com.apple.UIKit:BackgroundTask] Ending task with identifier 2 and description: <_UIBackgroundTaskInfo: 0x600001715e00>: taskID = 2, taskName = Persistent SceneSession Map Update, creationTime = 1063 (elapsed = 0), _expireHandler: <__NSGlobalBlock__: 0x1e61729e0>
2026-10-05 06:37:49.974 Df HamsterAges[27964:1401f] [com.apple.UIKit:BackgroundTask] Decrementing reference count for assertion <BKSProcessAssertion: 0x600002106b70> (used by background task with identifier 2: <_UIBackgroundTaskInfo: 0x600001715e00>: taskID = 2, taskName = Persistent SceneSession Map Update, creationTime = 1063 (elapsed = 0))
2026-10-05 06:37:50.040 Df HamsterAges[27964:13ffc] [com.apple.FrontBoard:SceneClient] [(FBSceneManager):sceneID:com.valkhim.hamsterages-9549A8D9-0564-4F60-9294-78B777E20885] Sending action(s): BLSInvalidateFrameSpecifiersAction
2026-10-05 06:37:50.040 Df HamsterAges[27964:13ffc] [com.apple.UIKit:InterfaceStyle] Not push traits update to screen for new style 1, <UIWindowScene: 0x10060c090> (9549A8D9-0564-4F60-9294-78B777E20885)
2026-10-05 06:37:50.040 Df HamsterAges[27964:13ffc] [com.apple.UIKit:_UIVisualStyleRegistry] Warning: no visual style classes have been registered at all.
2026-10-05 06:37:50.042 Df HamsterAges[27964:13ffc] [com.apple.network:] networkd_settings_read_from_file initialized networkd settings by reading plist directly
2026-10-05 06:37:50.042 Df HamsterAges[27964:13ffc] [com.apple.network:] networkd_settings_read_from_file initialized networkd settings by reading plist directly
2026-10-05 06:37:50.043 Df HamsterAges[27964:13ffc] [com.apple.CFNetwork:Default] Task <9F7A2BC5-86AE-42E5-B489-8AA3739396F6>.<1> resuming, timeouts(8.0, 604800.0) qos(0x21) voucher((null)) activity(00000000-0000-0000-0000-000000000000)
2026-10-05 06:37:50.043 A  HamsterAges[27964:13ffc] (CoreFoundation) Loading Preferences From User Session CFPrefsD
2026-10-05 06:37:50.046 Df HamsterAges[27964:1401f] [com.apple.CFNetwork:Default] Initializing NSHTTPCookieStorage singleton
2026-10-05 06:37:50.047 Df HamsterAges[27964:1401f] [com.apple.CFNetwork:Default] Initializing CFHTTPCookieStorage singleton
2026-10-05 06:37:50.047 Df HamsterAges[27964:1401f] [com.apple.CFNetwork:Default] Creating default cookie storage with process/bundle identifier
2026-10-05 06:37:50.047 A  HamsterAges[27964:1401f] (libsystem_containermanager.dylib) container_system_group_path_for_identifier
2026-10-05 06:37:50.047 Df HamsterAges[27964:1401f] [com.apple.containermanager:xpc] Requesting container lookup; class = 13, identifier = com.apple.nsurlsessiond, group_identifier = systemgroup.com.apple.nsurlstoragedresources, create = 1, temp = 0, euid = 501, uid = 501
2026-10-05 06:37:50.047 A  HamsterAges[27964:1401f] (libsystem_containermanager.dylib) container_query_t
2026-10-05 06:37:50.047 Df HamsterAges[27964:1401f] [com.apple.containermanager:xpc] Query; euid = 501, uid = 501, class = 13, identifier = [com.apple.nsurlsessiond](1), flags = 900000003
2026-10-05 06:37:50.048 Df HamsterAges[27964:1401f] [com.apple.containermanager:unspecified] _container_query_get_result_at_index: success
2026-10-05 06:37:50.048 A  HamsterAges[27964:1401f] (libsystem_containermanager.dylib) container_copy_object
2026-10-05 06:37:50.048 Df HamsterAges[27964:1401f] [com.apple.containermanager:unspecified] container_system_group_path_for_identifier: success
2026-10-05 06:37:50.048 Df HamsterAges[27964:1401f] [com.apple.CFNetwork:Default] Initializing AlternativeServices Storage singleton
2026-10-05 06:37:50.048 Df HamsterAges[27964:1401f] [com.apple.FileURL:default] kExcludedFromBackupXattrName set on path: /Users/runner/Library/Developer/CoreSimulator/Devices/291E4B86-C951-41A7-8327-84BF0304D0A9/data/Containers/Data/Application/B27423C8-BF3A-4B75-AE28-417D0A9821D7/Library/HTTPStorages/com.valkhim.hamsterages
2026-10-05 06:37:50.055 Df HamsterAges[27964:1401f] [com.apple.CFNetwork:Default] Connection 0: creating secure tcp or quic connection
2026-10-05 06:37:50.057 Df HamsterAges[27964:1401f] [com.apple.CFNetwork:Default] Connection 1: enabling TLS
2026-10-05 06:37:50.057 Df HamsterAges[27964:1401f] [com.apple.CFNetwork:Default] Connection 1: starting, TC(0x0)
2026-10-05 06:37:50.058 Df HamsterAges[27964:1401f] [com.apple.network:connection] [C1 D35348FD-5EA6-4ACA-941C-5C6A5BDD3DC3 Hostname#45ff2e03:443 quic-connection, url: https://raw.githubusercontent.com/khimchuk00/hamster-ages/main/config/remote.json, definite, attribution: developer, context: com.apple.CFNetwork.NSURLSession.{B5F35C52-DC63-4AFB-B450-C1440A12EAC6}{(null)}{Y}{2}{0x0} (private), proc: 6A879243-69DF-3D44-BBA3-9BDFA1201B42, delegated upid: 0] start
2026-10-05 06:37:50.058 Df HamsterAges[27964:1401f] [com.apple.network:connection] [C1 Hostname#45ff2e03:443 initial parent-flow ((null))] event: path:start @0.000s
2026-10-05 06:37:50.061 Df HamsterAges[27964:1401f] [com.apple.network:connection] [C1 Hostname#45ff2e03:443 waiting parent-flow (satisfied (Path is satisfied), interface: en0)] event: path:satisfied @0.002s, uuid: 75DD4356-AFEF-4251-8777-CE2AF1BEFBD0
2026-10-05 06:37:50.061 Df HamsterAges[27964:1401f] [com.apple.network:connection] [C1 Hostname#45ff2e03:443 in_progress parent-flow (satisfied (Path is satisfied), interface: en0)] event: flow:start_connect @0.003s
2026-10-05 06:37:50.061 Df HamsterAges[27964:1401f] [com.apple.network:connection] nw_connection_report_state_with_handler_on_nw_queue [C1] reporting state preparing
2026-10-05 06:37:50.063 Df HamsterAges[27964:1401f] [com.apple.network:connection] [C1 Hostname#45ff2e03:443 in_progress parent-flow (satisfied (Path is satisfied), interface: en0)] event: flow:start_child @0.004s
2026-10-05 06:37:50.063 Df HamsterAges[27964:1401f] [com.apple.network:connection] [C1.1 Hostname#45ff2e03:443 initial path ((null))] event: path:start @0.004s
2026-10-05 06:37:50.063 Df HamsterAges[27964:1401f] [com.apple.network:connection] [C1.1 Hostname#45ff2e03:443 waiting path (satisfied (Path is satisfied), interface: en0)] event: path:satisfied @0.004s, uuid: 75DD4356-AFEF-4251-8777-CE2AF1BEFBD0
2026-10-05 06:37:50.063 Df HamsterAges[27964:1401f] [com.apple.network:connection] [C1.1 Hostname#45ff2e03:443 in_progress transform (satisfied (Path is satisfied), interface: en0)] event: transform:start @0.004s
2026-10-05 06:37:50.063 Df HamsterAges[27964:1401f] [com.apple.network:connection] [C1.1.1 Hostname#45ff2e03:443 initial path ((null))] event: path:start @0.004s
2026-10-05 06:37:50.063 Df HamsterAges[27964:1401f] [com.apple.network:connection] [C1.1.1 Hostname#45ff2e03:443 waiting path (satisfied (Path is satisfied), interface: en0)] event: path:satisfied @0.005s, uuid: 2D2A6E9E-A9BB-4175-946B-24FCA99C094F
2026-10-05 06:37:50.063 Df HamsterAges[27964:1401f] [com.apple.network:connection] [C1.1.1 Hostname#45ff2e03:443 in_progress resolver (satisfied (Path is satisfied), interface: en0)] event: resolver:start_dns @0.005s
2026-10-05 06:37:50.064 Df HamsterAges[27964:1401f] [com.apple.CFNetwork:Default] Task <9F7A2BC5-86AE-42E5-B489-8AA3739396F6>.<1> setting up Connection 1
2026-10-05 06:37:50.064 Df HamsterAges[27964:1401f] [com.apple.network:connection] nw_endpoint_resolver_update [C1.1.1 Hostname#45ff2e03:443 in_progress resolver (satisfied (Path is satisfied), interface: en0)] Adding endpoint handler for IPv4#c3941473:443
2026-10-05 06:37:50.064 Df HamsterAges[27964:1401f] [com.apple.network:connection] nw_endpoint_resolver_update [C1.1.1 Hostname#45ff2e03:443 in_progress resolver (satisfied (Path is satisfied), interface: en0)] Adding endpoint handler for IPv4#b4a07643:443
2026-10-05 06:37:50.064 Df HamsterAges[27964:1401f] [com.apple.network:connection] nw_endpoint_resolver_update [C1.1.1 Hostname#45ff2e03:443 in_progress resolver (satisfied (Path is satisfied), interface: en0)] Adding endpoint handler for IPv4#c028ee43:443
2026-10-05 06:37:50.064 Df HamsterAges[27964:1401f] [com.apple.network:connection] nw_endpoint_resolver_update [C1.1.1 Hostname#45ff2e03:443 in_progress resolver (satisfied (Path is satisfied), interface: en0)] Adding endpoint handler for IPv4#a6f2de0a:443
2026-10-05 06:37:50.064 Df HamsterAges[27964:1401f] [com.apple.network:connection] [C1.1.1 Hostname#45ff2e03:443 in_progress resolver (satisfied (Path is satisfied), interface: en0)] event: resolver:receive_dns @0.006s
2026-10-05 06:37:50.065 Df HamsterAges[27964:1401f] [com.apple.network:connection] [C1.1.1.1 IPv4#c3941473:443 initial path ((null))] event: path:start @0.006s
2026-10-05 06:37:50.065 Df HamsterAges[27964:1401f] [com.apple.network:connection] [C1.1.1.1 IPv4#c3941473:443 waiting path (satisfied (Path is satisfied), interface: en0)] event: path:satisfied @0.007s, uuid: 077C9EEC-0AE4-44DA-A545-D506EFE1D02B
2026-10-05 06:37:50.066 Df HamsterAges[27964:1401f] [com.apple.network:connection] [C1.1.1.1 IPv4#c3941473:443 in_progress socket-flow (satisfied (Path is satisfied), interface: en0)] event: flow:start_connect @0.007s
2026-10-05 06:37:50.068 Df HamsterAges[27964:1401e] [com.apple.CFNetwork:Default] Garbage collection for alternative services
2026-10-05 06:37:50.074 Df HamsterAges[27964:1401e] [com.apple.network:connection] nw_socket_handle_socket_event [C1.1.1.1:3] Socket received CONNECTED event
2026-10-05 06:37:50.074 Df HamsterAges[27964:1401e] [com.apple.network:connection] nw_flow_connected [C1.1.1.1 IPv4#c3941473:443 in_progress socket-flow (satisfied (Path is satisfied), interface: en0)] Transport protocol connected (socket)
2026-10-05 06:37:50.074 Df HamsterAges[27964:1401e] [com.apple.network:connection] [C1.1.1.1 IPv4#c3941473:443 in_progress socket-flow (satisfied (Path is satisfied), interface: en0)] event: flow:finish_transport @0.016s
2026-10-05 06:37:50.075 Df HamsterAges[27964:1401e] [com.apple.network:boringssl] boringssl_session_apply_protocol_options_for_transport_block_invoke_2(2323) [C1.1.1.1:2][0x101170b10] TLS configured [min_version(0x0303) max_version(0x0304) name(redacted) tickets(false) false_start(false) enforce_ev(false) enforce_ats(false) ats_non_pfs_ciphersuite_allowed(false) ech(false) pqtls(true), pake(false)]
2026-10-05 06:37:50.075 Df HamsterAges[27964:1401e] [com.apple.network:boringssl] boringssl_context_info_handler(2390) [C1.1.1.1:2][0x101170b10] Client handshake started
2026-10-05 06:37:50.075 Df HamsterAges[27964:1401e] [com.apple.network:boringssl] boringssl_context_info_handler(2407) [C1.1.1.1:2][0x101170b10] Client handshake state: TLS client enter_early_data
2026-10-05 06:37:50.075 Df HamsterAges[27964:1401e] [com.apple.network:boringssl] boringssl_context_info_handler(2407) [C1.1.1.1:2][0x101170b10] Client handshake state: TLS client read_server_hello
2026-10-05 06:37:50.083 Df HamsterAges[27964:1401e] [com.apple.network:boringssl] boringssl_context_info_handler(2407) [C1.1.1.1:2][0x101170b10] Client handshake state: TLS 1.3 client read_hello_retry_request
2026-10-05 06:37:50.092 Df HamsterAges[27964:1401e] [com.apple.network:boringssl] boringssl_context_info_handler(2407) [C1.1.1.1:2][0x101170b10] Client handshake state: TLS 1.3 client read_server_hello
2026-10-05 06:37:50.092 Df HamsterAges[27964:1401e] [com.apple.network:boringssl] boringssl_context_info_handler(2407) [C1.1.1.1:2][0x101170b10] Client handshake state: TLS 1.3 client read_encrypted_extensions
2026-10-05 06:37:50.092 Df HamsterAges[27964:1401e] [com.apple.network:boringssl] boringssl_context_info_handler(2407) [C1.1.1.1:2][0x101170b10] Client handshake state: TLS 1.3 client read_certificate_request
2026-10-05 06:37:50.092 Df HamsterAges[27964:1401e] [com.apple.network:boringssl] boringssl_context_info_handler(2407) [C1.1.1.1:2][0x101170b10] Client handshake state: TLS 1.3 client read_server_certificate
2026-10-05 06:37:50.092 Df HamsterAges[27964:1401e] [com.apple.network:boringssl] boringssl_context_info_handler(2407) [C1.1.1.1:2][0x101170b10] Client handshake state: TLS 1.3 client read_server_certificate_verify
2026-10-05 06:37:50.093 Df HamsterAges[27964:1401e] [com.apple.network:boringssl] boringssl_context_evaluate_trust_async(1833) [C1.1.1.1:2][0x101170b10] Performing external trust evaluation
2026-10-05 06:37:50.093 A  HamsterAges[27964:1401e] (Security) SecKeyCopyPublicBytes
2026-10-05 06:37:50.108 Df HamsterAges[27964:1401e] [com.apple.network:boringssl] boringssl_context_evaluate_trust_async_external(1818) [C1.1.1.1:2][0x101170b10] Asyncing for external verify block
2026-10-05 06:37:50.108 Df HamsterAges[27964:1401e] [com.apple.CFNetwork:Default] Connection 1: asked to evaluate TLS Trust
2026-10-05 06:37:50.111 Df HamsterAges[27964:1401e] [com.apple.CFNetwork:Default] Task <9F7A2BC5-86AE-42E5-B489-8AA3739396F6>.<1> auth completion disp=1 cred=0x0
2026-10-05 06:37:50.121 Df HamsterAges[27964:1401e] [com.apple.securityd:trust] (Trust 0x600003503440) No pending evals, starting
2026-10-05 06:37:50.121 A  HamsterAges[27964:1401e] (Security) SecTrustEvaluateIfNecessaryFastAsync
2026-10-05 06:37:50.122 Df HamsterAges[27964:13ffc] [com.apple.extensionkit:NSExtension] Class EXGetExtensionClass(void) returning EXConcreteExtension
2026-10-05 06:37:50.122 Df HamsterAges[27964:13ffc] [com.apple.xpc:connection] [0x1006293c0] activating connection: mach=true listener=false peer=false name=com.apple.pluginkit.pkd
2026-10-05 06:37:50.122 Df HamsterAges[27964:1401e] [com.apple.securityd:keychain] System Keychain Always Supported set via feature flag to disabled
2026-10-05 06:37:50.122 Df HamsterAges[27964:1401e] [com.apple.xpc:connection] [0x101173cc0] activating connection: mach=true listener=false peer=false name=com.apple.trustd
2026-10-05 06:37:50.122 A  HamsterAges[27964:13ffc] (PlugInKit) continuous-discovery
2026-10-05 06:37:50.122 Df HamsterAges[27964:13ffc] [com.apple.PlugInKit:discovery] <PKDiscoveryDriver:0x600002628900> created discovery driver
2026-10-05 06:37:50.122 Df HamsterAges[27964:13ffc] [com.apple.PlugInKit:discovery] [d D1495032-0FAA-42E2-8F09-1904E218B4B3] <PKHost:0x60000175a100> Beginning discovery for flags: 0, point: com.apple.AudioUnit
2026-10-05 06:37:50.122 Df HamsterAges[27964:1401e] [com.apple.xpc:connection] [0x10062af30] activating connection: mach=true listener=false peer=false name=com.apple.trustd
2026-10-05 06:37:50.123 Df HamsterAges[27964:1401e] [com.apple.securityd:trust] (Trust 0x600003503440) Completed async eval kickoff
2026-10-05 06:37:50.125 Df HamsterAges[27964:1401f] [com.apple.PlugInKit:discovery] [d D1495032-0FAA-42E2-8F09-1904E218B4B3] <PKHost:0x60000175a100> Completed discovery. Final # of matches: 0
2026-10-05 06:37:50.125 Df HamsterAges[27964:1401e] [com.apple.PlugInKit:discovery] <PKDiscoveryDriver:0x600002628900> delivering update to host (0 plugins)
2026-10-05 06:37:50.125 A  HamsterAges[27964:1401e] (ExtensionFoundation) discovering extensions
2026-10-05 06:37:50.126 Df HamsterAges[27964:1401e] [com.apple.extensionkit:NSExtension] discovered extensions: attributes {
    NSExtensionPointName = "com.apple.AudioUnit";
}, extensionSet {(
)}
2026-10-05 06:37:50.126 Df HamsterAges[27964:1401e] [com.apple.PlugInKit:discovery] <PKDiscoveryDriver:0x600002628900> installing watchers for continuous discovery
2026-10-05 06:37:50.126 A  HamsterAges[27964:13ffc] (PlugInKit) continuous-discovery
2026-10-05 06:37:50.126 Df HamsterAges[27964:1401e] [com.apple.launchservices:appinstallation] registering for distributed notification com.apple.LaunchServices.pluginsregistered in this process
2026-10-05 06:37:50.126 Df HamsterAges[27964:13ffc] [com.apple.PlugInKit:discovery] <PKDiscoveryDriver:0x600002629680> created discovery driver
2026-10-05 06:37:50.126 Df HamsterAges[27964:1401e] [com.apple.xpc:connection] [0x10062bfc0] activating connection: mach=true listener=false peer=false name=com.apple.distributed_notifications@1v3
2026-10-05 06:37:50.126 Df HamsterAges[27964:13ffc] [com.apple.PlugInKit:discovery] [d 66BC42D8-2E98-4A4F-AB06-1A041F0B623E] <PKHost:0x60000175a100> Beginning discovery for flags: 0, point: com.apple.AudioUnit-UI
2026-10-05 06:37:50.126 Df HamsterAges[27964:1401e] [com.apple.launchservices:appinstallation] registering for distributed notification com.apple.LaunchServices.pluginsunregistered in this process
2026-10-05 06:37:50.127 Df HamsterAges[27964:1401e] [com.apple.launchservices:progress] Establishing xpc connection to lsd
2026-10-05 06:37:50.127 Df HamsterAges[27964:1401e] [com.apple.xpc:connection] [0x1010566c0] activating connection: mach=true listener=false peer=false name=com.apple.lsd.xpc
2026-10-05 06:37:50.128 Df HamsterAges[27964:1401f] [com.apple.PlugInKit:discovery] [d 66BC42D8-2E98-4A4F-AB06-1A041F0B623E] <PKHost:0x60000175a100> Completed discovery. Final # of matches: 0
2026-10-05 06:37:50.128 Df HamsterAges[27964:1401e] [com.apple.launchservices:progress] Received LSWorkspaceObserverPing, xpc connection established
2026-10-05 06:37:50.128 Df HamsterAges[27964:1401f] [com.apple.PlugInKit:discovery] <PKDiscoveryDriver:0x600002629680> delivering update to host (0 plugins)
2026-10-05 06:37:50.128 A  HamsterAges[27964:1401f] (ExtensionFoundation) discovering extensions
2026-10-05 06:37:50.128 Df HamsterAges[27964:1401f] [com.apple.extensionkit:NSExtension] discovered extensions: attributes {
    NSExtensionPointName = "com.apple.AudioUnit-UI";
}, extensionSet {(
)}
2026-10-05 06:37:50.128 Df HamsterAges[27964:1401f] [com.apple.PlugInKit:discovery] <PKDiscoveryDriver:0x600002629680> installing watchers for continuous discovery
2026-10-05 06:37:50.128 A  HamsterAges[27964:13ffc] (PlugInKit) continuous-discovery
2026-10-05 06:37:50.128 Df HamsterAges[27964:13ffc] [com.apple.PlugInKit:discovery] <PKDiscoveryDriver:0x60000262d080> created discovery driver
2026-10-05 06:37:50.128 Df HamsterAges[27964:13ffc] [com.apple.PlugInKit:discovery] [d 2E2CCBE9-2977-4B66-AB14-09E5FCC41F29] <PKHost:0x60000175a100> Beginning discovery for flags: 0, point: com.apple.AudioUnit-Speech
2026-10-05 06:37:50.131 Df HamsterAges[27964:1401f] [com.apple.PlugInKit:discovery] [d 2E2CCBE9-2977-4B66-AB14-09E5FCC41F29] <PKHost:0x60000175a100> Completed discovery. Final # of matches: 4
2026-10-05 06:37:50.131 Df HamsterAges[27964:1401d] [com.apple.PlugInKit:discovery] <PKDiscoveryDriver:0x60000262d080> delivering update to host (4 plugins)
2026-10-05 06:37:50.131 A  HamsterAges[27964:1401d] (ExtensionFoundation) discovering extensions
2026-10-05 06:37:50.132 Df HamsterAges[27964:1401d] [com.apple.xpc:connection] [0x101056ec0] activating connection: mach=true listener=false peer=false name=com.apple.lsd.mapdb
2026-10-05 06:37:50.136 Df HamsterAges[27964:1401d] [com.apple.extensionkit:NSExtension] discovered extensions: attributes {
    NSExtensionPointName = "com.apple.AudioUnit-Speech";
}, extensionSet {(
    <EXConcreteExtension: 0x6000039cc1a0> {id = com.apple.speech.MacinTalkFramework.MacinTalkAUSP},
    <EXConcreteExtension: 0x6000039c9520> {id = com.apple.texttospeech.SiriAUSP},
    <EXConcreteExtension: 0x6000039cc270> {id = com.apple.ax.KonaTTSSupport.KonaSynthesizer},
    <EXConcreteExtension: 0x6000039cc340> {id = com.apple.ax.MauiTTSSupport.MauiAUSP}
)}
2026-10-05 06:37:50.136 Df HamsterAges[27964:1401d] [com.apple.PlugInKit:discovery] <PKDiscoveryDriver:0x60000262d080> installing watchers for continuous discovery
2026-10-05 06:37:50.138 Df HamsterAges[27964:13ffc] [com.apple.audio.caulk:alloc] Registered notify signal com.apple.caulk.alloc.rtdump (0)
2026-10-05 06:37:50.141 Df HamsterAges[27964:13ffc] [com.apple.avfaudio:avae]      AVAudioIONodeImpl.mm:235   Engine@0x600003755980: associating with audio session (0x0), error -10879
2026-10-05 06:37:50.142 Df HamsterAges[27964:13ffc] [com.apple.coreaudio:aurioc]            AURemoteIO.cpp:1130  AURemoteIO@0x1008de640: set kAudioOutputUnitProperty_OutputChannelLayout.  Layout = tag=0x0, 0 channel descriptions [], err = 0
2026-10-05 06:37:50.146 Df HamsterAges[27964:1401d] [com.apple.securityd:trust] (Trust 0x600003503440) trustd returned 4
2026-10-05 06:37:50.146 Df HamsterAges[27964:1401d] [com.apple.CFNetwork:Default] System Trust Evaluation yielded status(0)
2026-10-05 06:37:50.146 Df HamsterAges[27964:1401d] [com.apple.securityd:trust] (Trust 0x60000350f230) No pending evals, starting
2026-10-05 06:37:50.146 A  HamsterAges[27964:1401d] (Security) SecTrustEvaluateIfNecessaryFastAsync
2026-10-05 06:37:50.147 Df HamsterAges[27964:1401d] [com.apple.xpc:connection] [0x100631bf0] activating connection: mach=true listener=false peer=false name=com.apple.trustd
2026-10-05 06:37:50.147 Df HamsterAges[27964:1401d] [com.apple.securityd:trust] (Trust 0x60000350f230) Completed async eval kickoff
2026-10-05 06:37:50.147 Df HamsterAges[27964:1401d] [com.apple.xpc:connection] [0x10062af30] invalidated because the current process cancelled the connection by calling xpc_connection_cancel()
2026-10-05 06:37:50.171 Df HamsterAges[27964:14024] [com.apple.securityd:trust] (Trust 0x60000350f230) trustd returned 4
2026-10-05 06:37:50.171 Df HamsterAges[27964:14024] [com.apple.CFNetwork:Default] Connection 1: TLS Trust result 0
2026-10-05 06:37:50.171 Df HamsterAges[27964:14024] [com.apple.network:boringssl] boringssl_context_evaluate_trust_async_external_block_invoke_3(1773) [C1.1.1.1:2][0x101170b10] Returning from external verify block with result: true
2026-10-05 06:37:50.171 Df HamsterAges[27964:14024] [com.apple.network:boringssl] boringssl_context_certificate_verify_callback(2014) [C1.1.1.1:2][0x101170b10] Certificate verification result: OK
2026-10-05 06:37:50.171 Df HamsterAges[27964:14024] [com.apple.network:boringssl] boringssl_context_info_handler(2407) [C1.1.1.1:2][0x101170b10] Client handshake state: TLS 1.3 client read_server_finished
2026-10-05 06:37:50.171 Df HamsterAges[27964:14024] [com.apple.network:boringssl] boringssl_context_info_handler(2407) [C1.1.1.1:2][0x101170b10] Client handshake state: TLS 1.3 client send_end_of_early_data
2026-10-05 06:37:50.171 Df HamsterAges[27964:14024] [com.apple.network:boringssl] boringssl_context_info_handler(2407) [C1.1.1.1:2][0x101170b10] Client handshake state: TLS 1.3 client send_client_encrypted_extensions
2026-10-05 06:37:50.171 Df HamsterAges[27964:14024] [com.apple.network:boringssl] boringssl_context_info_handler(2407) [C1.1.1.1:2][0x101170b10] Client handshake state: TLS 1.3 client send_client_certificate
2026-10-05 06:37:50.171 Df HamsterAges[27964:14024] [com.apple.network:boringssl] boringssl_context_info_handler(2407) [C1.1.1.1:2][0x101170b10] Client handshake state: TLS 1.3 client complete_second_flight
2026-10-05 06:37:50.171 Df HamsterAges[27964:14024] [com.apple.network:boringssl] boringssl_context_info_handler(2407) [C1.1.1.1:2][0x101170b10] Client handshake state: TLS 1.3 client done
2026-10-05 06:37:50.171 Df HamsterAges[27964:14024] [com.apple.network:boringssl] boringssl_context_info_handler(2407) [C1.1.1.1:2][0x101170b10] Client handshake state: TLS client finish_client_handshake
2026-10-05 06:37:50.171 Df HamsterAges[27964:14024] [com.apple.network:boringssl] boringssl_context_info_handler(2407) [C1.1.1.1:2][0x101170b10] Client handshake state: TLS client done
2026-10-05 06:37:50.171 Df HamsterAges[27964:14024] [com.apple.network:boringssl] boringssl_context_info_handler(2396) [C1.1.1.1:2][0x101170b10] Client handshake done
2026-10-05 06:37:50.173 Df HamsterAges[27964:1401f] (CoreAudio)   HALPlugInManagement.cpp:443    HALPlugInManagement::RegisterPlugIns: loading in-process plug-ins
2026-10-05 06:37:50.173 A  HamsterAges[27964:14024] (Security) SecKeyCopyPublicBytes
2026-10-05 06:37:50.173 E  HamsterAges[27964:1401f] [com.apple.CFBundle:plugin] AddInstanceForFactory: No factory registered for id <CFUUID 0x60000029ca00> F8BB1C28-BAE8-11D6-9C31-00039315CD46
2026-10-05 06:37:50.173 Df HamsterAges[27964:14024] [com.apple.network:boringssl] nw_protocol_boringssl_signal_connected(895) [C1.1.1.1:2][0x101170b10] TLS connected [server(0) version(0x0304) ciphersuite(TLS_AES_128_GCM_SHA256) group(0x11ec) signature_alg(0x0804) alpn(h2) resumed(0) offered_ticket(0) in_early_data(0) early_data_accepted(0) false_started(0) ocsp_received(0) sct_received(0) connect_time(98ms) flight_time(8ms) rtt(8ms) write_stalls(0) read_stalls(2) pake(0x0000)]
2026-10-05 06:37:50.174 Df HamsterAges[27964:14024] [com.apple.network:connection] nw_flow_connected [C1.1.1.1 IPv4#c3941473:443 in_progress socket-flow (satisfied (Path is satisfied), interface: en0)] Output protocol connected (CFNetworkConnection-3219166673)
2026-10-05 06:37:50.174 Df HamsterAges[27964:14024] [com.apple.network:connection] [C1.1.1.1 IPv4#c3941473:443 ready socket-flow (satisfied (Path is satisfied), interface: en0)] event: flow:child_finish_connect @0.115s
2026-10-05 06:37:50.174 Df HamsterAges[27964:14024] [com.apple.network:connection] [C1.1.1 Hostname#45ff2e03:443 ready resolver (satisfied (Path is satisfied), interface: en0)] event: flow:child_finish_connect @0.115s
2026-10-05 06:37:50.174 Df HamsterAges[27964:14024] [com.apple.network:connection] [C1.1 Hostname#45ff2e03:443 ready transform (satisfied (Path is satisfied), interface: en0)] event: flow:child_finish_connect @0.115s
2026-10-05 06:37:50.175 Df HamsterAges[27964:14024] [com.apple.network:connection] nw_flow_connected [C1 IPv4#c3941473:443 in_progress parent-flow (satisfied (Path is satisfied), interface: en0)] Output protocol connected (endpoint_flow)
2026-10-05 06:37:50.175 Df HamsterAges[27964:14024] [com.apple.network:connection] [C1 IPv4#c3941473:443 ready parent-flow (satisfied (Path is satisfied), interface: en0)] event: flow:finish_connect @0.117s
2026-10-05 06:37:50.175 Df HamsterAges[27964:14024] [com.apple.network:connection] nw_connection_report_state_with_handler_on_nw_queue [C1] reporting state ready
2026-10-05 06:37:50.176 A  HamsterAges[27964:14024] (Security) SecKeyCopyPublicBytes
2026-10-05 06:37:50.176 Df HamsterAges[27964:14024] [com.apple.xpc:connection] [0x100631bf0] invalidated because the current process cancelled the connection by calling xpc_connection_cancel()
2026-10-05 06:37:50.176 Df HamsterAges[27964:14024] [com.apple.CFNetwork:Default] Connection 1: connected successfully
2026-10-05 06:37:50.176 Df HamsterAges[27964:14024] [com.apple.CFNetwork:Default] Connection 1: TLS handshake complete
2026-10-05 06:37:50.176 Df HamsterAges[27964:14024] [com.apple.CFNetwork:Default] Connection 1: ready C(N) E(N)
2026-10-05 06:37:50.176 Df HamsterAges[27964:14024] [com.apple.network:connection] [C1] event: client:connection_reused @0.118s
2026-10-05 06:37:50.176 Df HamsterAges[27964:14024] [com.apple.network:connection] nw_protocol_socket_notify [C1.1.1.1:3] nw_protocol_notification_type_connection_idle is false
2026-10-05 06:37:50.176 E  HamsterAges[27964:14024] [com.apple.network:connection] nw_socket_set_connection_idle [C1.1.1.1:3] setsockopt SO_CONNECTION_IDLE failed [42: Protocol not available]
2026-10-05 06:37:50.179 Df HamsterAges[27964:14024] [com.apple.CFNetwork:Default] Task <9F7A2BC5-86AE-42E5-B489-8AA3739396F6>.<1> now using Connection 1
2026-10-05 06:37:50.179 Df HamsterAges[27964:14024] [com.apple.CFNetwork:Default] Task <9F7A2BC5-86AE-42E5-B489-8AA3739396F6>.<1> sent request, body N 0
2026-10-05 06:37:50.182 Df HamsterAges[27964:14032] [com.apple.CFNetwork:Default] Task <9F7A2BC5-86AE-42E5-B489-8AA3739396F6>.<1> received response, status 200 content K
2026-10-05 06:37:50.182 Df HamsterAges[27964:14032] [com.apple.CFNetwork:Default] Task <9F7A2BC5-86AE-42E5-B489-8AA3739396F6>.<1> done using Connection 1
2026-10-05 06:37:50.182 Df HamsterAges[27964:14032] [com.apple.network:connection] [C1] event: client:connection_idle @0.124s
2026-10-05 06:37:50.183 Df HamsterAges[27964:14032] [com.apple.network:connection] nw_protocol_socket_notify [C1.1.1.1:3] nw_protocol_notification_type_connection_idle is true
2026-10-05 06:37:50.183 E  HamsterAges[27964:14032] [com.apple.network:connection] nw_socket_set_connection_idle [C1.1.1.1:3] setsockopt SO_CONNECTION_IDLE failed [42: Protocol not available]
2026-10-05 06:37:50.183 Df HamsterAges[27964:14032] [com.apple.CFNetwork:Default] Task <9F7A2BC5-86AE-42E5-B489-8AA3739396F6>.<1> response ended
2026-10-05 06:37:50.188 Df HamsterAges[27964:1401d] [com.apple.CFNetwork:Summary] Task <9F7A2BC5-86AE-42E5-B489-8AA3739396F6>.<1> summary for task success {transaction_duration_ms=142, response_status=200, connection=1, protocol="h2", domain_lookup_duration_ms=1, connect_duration_ms=110, secure_connection_duration_ms=98, private_relay=false, request_start_ms=133, request_duration_ms=0, response_start_ms=136, response_duration_ms=0, request_bytes=150, request_throughput_kbps=2536, response_bytes=736, response_throughput_kbps=10328, cache_hit=false}
2026-10-05 06:37:50.189 Df HamsterAges[27964:1401d] [com.apple.CoreAnalytics:client] No XPC connection in Simulator
2026-10-05 06:37:50.189 Df HamsterAges[27964:14032] [com.apple.CFNetwork:Default] Task <9F7A2BC5-86AE-42E5-B489-8AA3739396F6>.<1> finished successfully
2026-10-05 06:37:50.191 Df HamsterAges[27964:1401f] [com.apple.coreaudio:ddagg]        AggregateDevice.mm:887   Creating DefaultDeviceAggregate
2026-10-05 06:37:50.205 Df HamsterAges[27964:1401f] [com.apple.coreaudio:ddagg]        AggregateDevice.mm:688   Built valid aggregate 109
2026-10-05 06:37:50.206 Df HamsterAges[27964:1401f] [com.apple.coreaudio:aqme]           AQMixEngine.cpp:733   AQMEDevice (0x1011762f8) has neither a defaultOutStreamClient nor a defaultInStreamClient
2026-10-05 06:37:50.206 Df HamsterAges[27964:1401e] [com.apple.coreaudio:aqme]              AQIONode.cpp:693   client <RemoteIOClient@0x103891200(@0x103891418); output; [27964]> is NOT Now Playing eligible
2026-10-05 06:37:50.207 Df HamsterAges[27964:1401e] [com.apple.coreaudio:aurios]        RemoteIOServer.cpp:1872  rio@0x103891418 spatialization disabled.  layout = tag=0x0, 0 channel descriptions [], format =  2 ch,      0 Hz, Float32, deinterleaved
2026-10-05 06:37:50.208 Df HamsterAges[27964:1401f] [com.apple.coreaudio:EnhanceDialogueProcessor] EnhanceDialogueProcessor.cpp:226   EnhanceDialogueProcessor() - Product does not support Enhance Dialogue
2026-10-05 06:37:50.208 Df HamsterAges[27964:1401f] [com.apple.coreaudio:EnhanceDialogueProcessor] EnhanceDialogueProcessor.cpp:226   EnhanceDialogueProcessor() - Product does not support Enhance Dialogue
2026-10-05 06:37:50.208 Df HamsterAges[27964:1401f] [com.apple.coreaudio:AudioConverter]        ACv2Workarounds.mm:51    com.valkhim.hamsterages: fix84702776_86723525_86479548_89800354_SinglePacketDesc: false
2026-10-05 06:37:50.208 Df HamsterAges[27964:1401f] [com.apple.audio.caulk:alloc] Registered notify signal com.apple.caulk.alloc.audiodump (0)
2026-10-05 06:37:50.208 Df HamsterAges[27964:1401f] [com.apple.coreaudio:AudioConverter]        AudioConverter.cpp:1067  Created a new in process converter -> 0x600000c62880, from  2 ch,  48000 Hz, Float32, deinterleaved to  2 ch,  48000 Hz, Float32, interleaved
2026-10-05 06:37:50.210 Df HamsterAges[27964:1401e] [com.apple.coreaudio:aqme]          RemoteIOServer.h:101   rio@0x103891200 Got output layout from io node or spatialized client: tag=0x0, 2 channel descriptions [L, R]
2026-10-05 06:37:50.210 Df HamsterAges[27964:1401e] [com.apple.coreaudio:aurios]        RemoteIOServer.cpp:1581  SetLoudnessFromLM(): ->
2026-10-05 06:37:50.210 Df HamsterAges[27964:1401e] [com.apple.coreaudio:aurios]        RemoteIOServer.cpp:1620  SetLoudnessFromLM(): is CoreAudioServices/LoudnessManager enabled? yes
2026-10-05 06:37:50.210 Df HamsterAges[27964:1401e] [com.apple.coreaudio:aurios]        RemoteIOServer.cpp:1623  SetLoudnessFromLM(): is CoreAudioServices/LoudnessManagerV2 enabled? yes
2026-10-05 06:37:50.211 Df HamsterAges[27964:1401e] [com.apple.coreaudio:aurios]        RemoteIOServer.cpp:1626  SetLoudnessFromLM(): is CoreAudioServices/lm-disable-hardware-check on? no
2026-10-05 06:37:50.211 Df HamsterAges[27964:1401e] [com.apple.coreaudio:aurios]        RemoteIOServer.cpp:1629  SetLoudnessFromLM(): is hardware supported? no
2026-10-05 06:37:50.211 Df HamsterAges[27964:1401e] [com.apple.coreaudio:aurios]        RemoteIOServer.cpp:1641  SetLoudnessFromLM(): hardware not supported, Loudness Manager disabled
2026-10-05 06:37:50.211 Df HamsterAges[27964:13ffc] [com.apple.coreaudio:AudioConverter]        AudioConverter.cpp:1067  Created a new in process converter -> 0x600000c62cd0, from  2 ch,      0 Hz, Float32, deinterleaved to  2 ch,  48000 Hz, Float32, deinterleaved
2026-10-05 06:37:50.211 Df HamsterAges[27964:13ffc] [com.apple.coreaudio:AudioConverter]        AudioConverter.cpp:1317  AudioConverter -> 0x600000c62cd0: The in-process GetProperty call returned 1886547824 for property 1936876385 with size 4.
2026-10-05 06:37:50.211 Df HamsterAges[27964:13ffc] [com.apple.coreaudio:AudioConverter]        AudioConverter.cpp:1317  AudioConverter -> 0x600000c62cd0: The in-process GetProperty call returned 1886547824 for property 1936876401 with size 4.
2026-10-05 06:37:50.211 Df HamsterAges[27964:1402f] [com.apple.coreaudio:AudioConverter] AudioConverter -> 0x600000c62cd0: The in-process SetProperty call returned 1886547824 for property 1886547309 with size 4.
2026-10-05 06:37:50.211 Df HamsterAges[27964:13ffc] [com.apple.coreaudio:AudioConverter]        AudioConverter.cpp:1317  AudioConverter -> 0x600000c62cd0: The in-process GetProperty call returned 1886547824 for property 1886546285 with size 8.
2026-10-05 06:37:50.211 Df HamsterAges[27964:1401e] [com.apple.coreaudio:SpatialMgr] SpatializationManager.cpp:1459  Could not load preset file, invalid model/product name!
2026-10-05 06:37:50.211 Df HamsterAges[27964:13ffc] [com.apple.coreaudio:aurioc]            AURemoteIO.cpp:1741  Stopping AURemoteIO(0x1008de640)
2026-10-05 06:37:50.211 Df HamsterAges[27964:1401e] [com.apple.coreaudio:aqme]        MEMixerChannel.cpp:3254  2-channel audiovisual content is NOT eligible for spatialization
2026-10-05 06:37:50.212 Df HamsterAges[27964:1401e] [com.apple.coreaudio:aqme]  MEDeviceStreamClient.cpp:245   AQME Default-InputOutput: client starting: <CA_UISoundClientBase@0x1011760f0>; running count now 1
2026-10-05 06:37:50.212 Df HamsterAges[27964:1401e] [com.apple.coreaudio:aqme]            AQMEIO_HAL.cpp:2849  FetchAndLogFrameSize starting IO deviceID=109, frame size is 512
2026-10-05 06:37:50.214 Df HamsterAges[27964:1401e] [com.apple.coreaudio:aqme]            AQMEIO_HAL.cpp:2818  aqmeio@0x103957418, device 109 (iOSSimulatorAudioDevice-27964-0), AudioDeviceStart (err 0)
2026-10-05 06:37:50.466 Df HamsterAges[27964:14020] [com.apple.UIKit:BackgroundTask] Ending background task with UIBackgroundTaskIdentifier: 1
2026-10-05 06:37:50.466 Df HamsterAges[27964:14020] [com.apple.UIKit:BackgroundTask] Ending task with identifier 1 and description: <_UIBackgroundTaskInfo: 0x600001702780>: taskID = 1, taskName = Launch Background Task for Coalescing, creationTime = 1063 (elapsed = 1), _expireHandler: (null)
2026-10-05 06:37:50.466 Df HamsterAges[27964:14020] [com.apple.UIKit:BackgroundTask] Decrementing reference count for assertion <BKSProcessAssertion: 0x600002106b70> (used by background task with identifier 1: <_UIBackgroundTaskInfo: 0x600001702780>: taskID = 1, taskName = Launch Background Task for Coalescing, creationTime = 1063 (elapsed = 1))
2026-10-05 06:37:50.466 Df HamsterAges[27964:14020] [com.apple.UIKit:BackgroundTask] Will invalidate assertion: <BKSProcessAssertion: 0x600002106b70> for task identifier: 1
2026-10-05 06:37:50.576 A  HamsterAges[27964:14020] (RunningBoardServices) didChangeInheritances
2026-10-05 06:37:50.923 Df HamsterAges[27964:13ffc] [com.apple.coreaudio:as_client] AVAudioSessionImpl_Simulator.mm:111   Set volume on device 85 to 0.60
2026-10-05 06:37:50.924 Df HamsterAges[27964:13ffc] [com.apple.coreaudio:as_client] AVAudioSessionImpl_Simulator.mm:111   Set volume on device 85 to 0.60
2026-10-05 06:37:50.924 Df HamsterAges[27964:13ffc] [com.apple.coreaudio:ddagg]        AggregateDevice.mm:1008  PrimarySessionActiveWithInputEnabled 0 -> 0
2026-10-05 06:37:50.925 Df HamsterAges[27964:13ffc] [com.apple.avfaudio:avae]          AVAudioEngine.mm:1182  Engine@0x600000005ea0: start, was running 0
2026-10-05 06:37:50.925 Df HamsterAges[27964:13ffc] [com.apple.coreaudio:aurioc]            AURemoteIO.cpp:1130  AURemoteIO@0x1008de640: set kAudioOutputUnitProperty_OutputChannelLayout.  Layout = tag=0x650002, err = 0
2026-10-05 06:37:50.925 Df HamsterAges[27964:14020] [com.apple.coreaudio:aqme]              AQIONode.cpp:693   client <RemoteIOClient@0x103891200(@0x103891418); output; [27964]> is NOT Now Playing eligible
2026-10-05 06:37:50.925 Df HamsterAges[27964:14020] [com.apple.coreaudio:aurios]        RemoteIOServer.cpp:1872  rio@0x103891418 spatialization disabled.  layout = tag=0x650002, format =  2 ch,  44100 Hz, Float32, deinterleaved
2026-10-05 06:37:50.925 Df HamsterAges[27964:14020] [com.apple.coreaudio:aqme]          RemoteIOServer.h:101   rio@0x103891200 Got output layout from io node or spatialized client: tag=0x0, 2 channel descriptions [L, R]
2026-10-05 06:37:50.925 Df HamsterAges[27964:14020] [com.apple.coreaudio:aurios]        RemoteIOServer.cpp:1581  SetLoudnessFromLM(): ->
2026-10-05 06:37:50.925 Df HamsterAges[27964:14020] [com.apple.coreaudio:aurios]        RemoteIOServer.cpp:1620  SetLoudnessFromLM(): is CoreAudioServices/LoudnessManager enabled? yes
2026-10-05 06:37:50.925 Df HamsterAges[27964:14020] [com.apple.coreaudio:aurios]        RemoteIOServer.cpp:1623  SetLoudnessFromLM(): is CoreAudioServices/LoudnessManagerV2 enabled? yes
2026-10-05 06:37:50.925 Df HamsterAges[27964:14020] [com.apple.coreaudio:aurios]        RemoteIOServer.cpp:1626  SetLoudnessFromLM(): is CoreAudioServices/lm-disable-hardware-check on? no
2026-10-05 06:37:50.925 Df HamsterAges[27964:14020] [com.apple.coreaudio:aurios]        RemoteIOServer.cpp:1629  SetLoudnessFromLM(): is hardware supported? no
2026-10-05 06:37:50.925 Df HamsterAges[27964:14020] [com.apple.coreaudio:aurios]        RemoteIOServer.cpp:1641  SetLoudnessFromLM(): hardware not supported, Loudness Manager disabled
2026-10-05 06:37:50.925 Df HamsterAges[27964:13ffc] [com.apple.coreaudio:AudioConverter]        AudioConverter.cpp:1067  Created a new in process converter -> 0x600000c62e50, from  2 ch,  44100 Hz, Float32, deinterleaved to  2 ch,  48000 Hz, Float32, deinterleaved
2026-10-05 06:37:50.926 Df HamsterAges[27964:13ffc] [com.apple.coreaudio:AudioConverter]        AudioConverter.cpp:1317  AudioConverter -> 0x600000c62e50: The in-process GetProperty call returned 1886547824 for property 1936876385 with size 4.
2026-10-05 06:37:50.926 Df HamsterAges[27964:13ffc] [com.apple.coreaudio:aurioc]            AURemoteIO.cpp:1741  Stopping AURemoteIO(0x1008de640)
2026-10-05 06:37:50.926 Df HamsterAges[27964:13ffc] [com.apple.coreaudio:aurioc]            AURemoteIO.cpp:1130  AURemoteIO@0x1008de640: set kAudioOutputUnitProperty_OutputChannelLayout.  Layout = tag=0x650002, err = 0
2026-10-05 06:37:50.926 Df HamsterAges[27964:14020] [com.apple.coreaudio:aqme]              AQIONode.cpp:693   client <RemoteIOClient@0x103891200(@0x103891418); output; [27964]> is NOT Now Playing eligible
2026-10-05 06:37:50.926 Df HamsterAges[27964:14020] [com.apple.coreaudio:aurios]        RemoteIOServer.cpp:1872  rio@0x103891418 spatialization disabled.  layout = tag=0x650002, format =  2 ch,  48000 Hz, Float32, deinterleaved
2026-10-05 06:37:50.926 Df HamsterAges[27964:14020] [com.apple.coreaudio:aqme]          RemoteIOServer.h:101   rio@0x103891200 Got output layout from io node or spatialized client: tag=0x0, 2 channel descriptions [L, R]
2026-10-05 06:37:50.926 Df HamsterAges[27964:14020] [com.apple.coreaudio:aurios]        RemoteIOServer.cpp:1581  SetLoudnessFromLM(): ->
2026-10-05 06:37:50.926 Df HamsterAges[27964:14020] [com.apple.coreaudio:aurios]        RemoteIOServer.cpp:1620  SetLoudnessFromLM(): is CoreAudioServices/LoudnessManager enabled? yes
2026-10-05 06:37:50.926 Df HamsterAges[27964:14020] [com.apple.coreaudio:aurios]        RemoteIOServer.cpp:1623  SetLoudnessFromLM(): is CoreAudioServices/LoudnessManagerV2 enabled? yes
2026-10-05 06:37:50.927 Df HamsterAges[27964:14020] [com.apple.coreaudio:aurios]        RemoteIOServer.cpp:1626  SetLoudnessFromLM(): is CoreAudioServices/lm-disable-hardware-check on? no
2026-10-05 06:37:50.927 Df HamsterAges[27964:14020] [com.apple.coreaudio:aurios]        RemoteIOServer.cpp:1629  SetLoudnessFromLM(): is hardware supported? no
2026-10-05 06:37:50.927 Df HamsterAges[27964:14020] [com.apple.coreaudio:aurios]        RemoteIOServer.cpp:1641  SetLoudnessFromLM(): hardware not supported, Loudness Manager disabled
2026-10-05 06:37:50.927 Df HamsterAges[27964:13ffc] [com.apple.coreaudio:aurioc]            AURemoteIO.cpp:1741  Stopping AURemoteIO(0x1008de640)
2026-10-05 06:37:50.927 Df HamsterAges[27964:13ffc] [com.apple.coreaudio:aurioc]            AURemoteIO.cpp:1130  AURemoteIO@0x1008de640: set kAudioOutputUnitProperty_OutputChannelLayout.  Layout = tag=0x650002, err = 0
2026-10-05 06:37:50.927 Df HamsterAges[27964:14020] [com.apple.coreaudio:aqme]              AQIONode.cpp:693   client <RemoteIOClient@0x103891200(@0x103891418); output; [27964]> is NOT Now Playing eligible
2026-10-05 06:37:50.927 Df HamsterAges[27964:14020] [com.apple.coreaudio:aurios]        RemoteIOServer.cpp:1872  rio@0x103891418 spatialization disabled.  layout = tag=0x650002, format =  2 ch,  48000 Hz, Float32, deinterleaved
2026-10-05 06:37:50.927 Df HamsterAges[27964:14020] [com.apple.coreaudio:aqme]          RemoteIOServer.h:101   rio@0x103891200 Got output layout from io node or spatialized client: tag=0x0, 2 channel descriptions [L, R]
2026-10-05 06:37:50.927 Df HamsterAges[27964:14020] [com.apple.coreaudio:aurios]        RemoteIOServer.cpp:1581  SetLoudnessFromLM(): ->
2026-10-05 06:37:50.927 Df HamsterAges[27964:14020] [com.apple.coreaudio:aurios]        RemoteIOServer.cpp:1620  SetLoudnessFromLM(): is CoreAudioServices/LoudnessManager enabled? yes
2026-10-05 06:37:50.928 Df HamsterAges[27964:14020] [com.apple.coreaudio:aurios]        RemoteIOServer.cpp:1623  SetLoudnessFromLM(): is CoreAudioServices/LoudnessManagerV2 enabled? yes
2026-10-05 06:37:50.928 Df HamsterAges[27964:14020] [com.apple.coreaudio:aurios]        RemoteIOServer.cpp:1626  SetLoudnessFromLM(): is CoreAudioServices/lm-disable-hardware-check on? no
2026-10-05 06:37:50.928 Df HamsterAges[27964:14020] [com.apple.coreaudio:aurios]        RemoteIOServer.cpp:1629  SetLoudnessFromLM(): is hardware supported? no
2026-10-05 06:37:50.928 Df HamsterAges[27964:14020] [com.apple.coreaudio:aurios]        RemoteIOServer.cpp:1641  SetLoudnessFromLM(): hardware not supported, Loudness Manager disabled
2026-10-05 06:37:50.928 Df HamsterAges[27964:13ffc] [com.apple.coreaudio:aurioc]            AURemoteIO.cpp:1666  Starting AURemoteIO(0x1008de640)
output client:  2 ch,  48000 Hz, Float32, deinterleaved, output HW:  2 ch,  48000 Hz, Float32, deinterleaved
input client:   2 ch,      0 Hz, Float32, deinterleaved, input HW:   2 ch,      0 Hz, Float32, deinterleaved
2026-10-05 06:37:50.928 Df HamsterAges[27964:14020] [com.apple.coreaudio:aqme]            AQMEIO_HAL.cpp:1079  fetched workgroup 0x600001756180
2026-10-05 06:37:50.928 Df HamsterAges[27964:14020] [com.apple.coreaudio:auext]        AUOOPWorkgroups.mm:30    AUOOPWorkgroupManager: AddRemoteIOWorkgroup called with token 114540545.
2026-10-05 06:37:50.928 Df HamsterAges[27964:14020] [com.apple.coreaudio:auext]        AUOOPWorkgroups.mm:66    AUOOPWorkgroupManager: mutating workgroups.
2026-10-05 06:37:50.928 Df HamsterAges[27964:13ffc] [com.apple.coreaudio:aurioc]            AURemoteIO.cpp:1727  workgroup port 0x10303
2026-10-05 06:37:50.928 Df HamsterAges[27964:1403c] [com.apple.coreaudio:auext]        AUOOPWorkgroups.mm:30    AUOOPWorkgroupManager: AddRemoteIOWorkgroup called with token 114540544.
2026-10-05 06:37:50.929 Df HamsterAges[27964:1403c] [com.apple.coreaudio:auext]        AUOOPWorkgroups.mm:66    AUOOPWorkgroupManager: mutating workgroups.
2026-10-05 06:37:50.929 Df HamsterAges[27964:14020] [com.apple.coreaudio:aqme]              AQIONode.cpp:693   client <RemoteIOClient@0x103891200(@0x103891418); output; [27964]> is NOT Now Playing eligible
2026-10-05 06:37:50.929 Df HamsterAges[27964:14020] [com.apple.coreaudio:aqme]  MEDeviceStreamClient.cpp:245   AQME Default-InputOutput: client starting: <RemoteIOClient@0x103891200(@0x103891418); output; [27964]>; running count now 2
2026-10-05 06:37:50.977 E  HamsterAges[27964:13ffc] [com.apple.UIKit:UIFocus] _TtC18_SpriteKit_SwiftUIP33_4A29C38A751B2448A1E2FA85CDDEAA5324SpriteKitViewCoordinator implements focusItemsInRect: - caching for linear focus movement is limited as long as this view is on screen.
2026-10-05 06:37:50.994 Df HamsterAges[27964:13ffc] [com.apple.xpc:connection] [0x10104edb0] activating connection: mach=true listener=false peer=false name=com.apple.metal.simulator
2026-10-05 06:37:50.995 Df HamsterAges[27964:13ffc] [com.apple.xpc:connection] [0x101167250] activating connection: mach=true listener=false peer=false name=com.apple.metal.simulator
2026-10-05 06:37:50.995 Df HamsterAges[27964:13ffc] [com.apple.xpc:connection] [0x101147920] activating connection: mach=true listener=false peer=false name=com.apple.metal.simulator
2026-10-05 06:37:51.742 Df HamsterAges[27964:13ffc] [com.apple.FrontBoard:SceneClient] [(FBSceneManager):sceneID:com.valkhim.hamsterages-9549A8D9-0564-4F60-9294-78B777E20885] Sending action(s): BLSInvalidateFrameSpecifiersAction
2026-10-05 06:37:51.780 Df HamsterAges[27964:13ffc] [com.apple.xpc:connection] [0x101092820] activating connection: mach=true listener=false peer=false name=com.apple.IOSurface.Remote
2026-10-05 06:37:51.875 A  HamsterAges[27964:1401e] (RunningBoardServices) didChangeInheritances
2026-10-05 06:37:51.881 A  HamsterAges[27964:14024] (RunningBoardServices) didChangeInheritances
2026-10-05 06:37:51.897 Df HamsterAges[27964:13ffc] [com.apple.network:activity] Create activity from XPC object <nw_activity 50:1 [5A5F49F9-356C-4811-9832-897C54BFB13B] (reporting strategy default)>
2026-10-05 06:37:51.898 Df HamsterAges[27964:13ffc] [com.apple.network:activity] Create activity from XPC object <nw_activity 50:2 [7F298083-0DAC-4749-AA78-1F179C1AB76F] (reporting strategy default)>
2026-10-05 06:37:51.898 Df HamsterAges[27964:13ffc] [com.apple.network:activity] Set activity <nw_activity 50:1 [5A5F49F9-356C-4811-9832-897C54BFB13B] (reporting strategy default)> as the global parent
2026-10-05 06:37:51.898 Df HamsterAges[27964:13ffc] [com.apple.UIKit:UpdateScheduler] Target list changed: <CADisplay:LCD PurpleMain>
2026-10-05 06:37:51.898 Df HamsterAges[27964:13ffc] [com.apple.UIKit:AppLifecycle] sceneOfRecord: sceneID: sceneID:com.valkhim.hamsterages-9549A8D9-0564-4F60-9294-78B777E20885  persistentID: 9549A8D9-0564-4F60-9294-78B777E20885
2026-10-05 06:37:51.899 Df HamsterAges[27964:13ffc] [com.apple.UIKit:InterfaceStyle] Should not send trait collection or coordinate space update, interface style 2 -> 2, <UIWindowScene: 0x10060c090> (9549A8D9-0564-4F60-9294-78B777E20885)
2026-10-05 06:37:51.903 Df HamsterAges[27964:14024] [com.apple.network:] -[NWConcrete_nw_resolver initWithEndpoint:parameters:path:log_str:] [R1] created for Hostname#513fcace:0 using: generic, attribution: developer
2026-10-05 06:37:51.907 Df HamsterAges[27964:14024] [com.apple.network:path] nw_path_evaluator_start [52E33BA4-768A-463C-9976-8F6C0CA55E6D Hostname#513fcace:0 generic, attribution: developer]
	path: satisfied (Path is satisfied), interface: en0
2026-10-05 06:37:51.907 Df HamsterAges[27964:1401f] [com.apple.network:] nw_resolver_set_update_handler_block_invoke [R1] started
2026-10-05 06:37:51.911 Df HamsterAges[27964:14024] [com.apple.xpc:connection] [0x101117b60] activating connection: mach=true listener=false peer=false name=com.apple.commcenter.coretelephony.xpc
2026-10-05 06:37:51.911 Df HamsterAges[27964:14024] [com.apple.xpc:connection] [0x101117b60] failed to do a bootstrap look-up: xpc_error=[3: No such process]
2026-10-05 06:37:51.911 Df HamsterAges[27964:14024] [com.apple.xpc:connection] [0x101117b60] invalidated after a failed init
2026-10-05 06:37:51.911 Df HamsterAges[27964:1401f] [com.apple.CoreTelephony:Client] Connection has been invalidated
2026-10-05 06:37:51.911 Df HamsterAges[27964:13ffc] [com.apple.UIKit:EventDeferring] [0x600002916d10] Scene target of event deferring environments did update: scene: 0x10060c090; current systemShellManagesKeyboardFocus: 1; systemShellManagesKeyboardFocusForScene: 1; eligibleForRecordRemoval: 1;
2026-10-05 06:37:51.911 Df HamsterAges[27964:14024] [com.apple.xpc:connection] [0x10102b340] activating connection: mach=true listener=false peer=false name=com.apple.commcenter.coretelephony.xpc
2026-10-05 06:37:51.911 Df HamsterAges[27964:13ffc] [com.apple.UIKit:KeyWindow] Scene became target of keyboard event deferring environment: UIWindowScene: 0x10060c090; scene identity: com.apple.frontboard.systemappservices/FBSceneManager:sceneID%3Acom.valkhim.hamsterages-9549A8D9-0564-4F60-9294-78B777E20885
2026-10-05 06:37:51.911 Sd HamsterAges[27964:0] (79E72B83-2384-3A91-8EE7-4315E85E9A91) IOHIDManager State
{
    DispatchQueue = 0;
    RunLoop = 1;
    createOptions = 0;
    isOpen = 0;
    openOptions = 0;
}
2026-10-05 06:37:51.911 Df HamsterAges[27964:14024] [com.apple.xpc:connection] [0x10102b340] failed to do a bootstrap look-up: xpc_error=[3: No such process]
2026-10-05 06:37:51.911 Df HamsterAges[27964:14024] [com.apple.xpc:connection] [0x10102b340] invalidated after a failed init
2026-10-05 06:37:51.911 Df HamsterAges[27964:14024] [com.apple.CoreTelephony:Client] Sending selectors to server: (null)
2026-10-05 06:37:51.911 Df HamsterAges[27964:1401f] [com.apple.CoreTelephony:Client] Connection has been invalidated
2026-10-05 06:37:51.912 E  HamsterAges[27964:1401f] [com.apple.CoreTelephony:Client] Updating selectors failed with: Error Domain=NSCocoaErrorDomain Code=4099 "The connection to service named com.apple.commcenter.coretelephony.xpc was invalidated: Connection init failed at lookup with error 3 - No such process." UserInfo={NSDebugDescription=The connection to service named com.apple.commcenter.coretelephony.xpc was invalidated: Connection init failed at lookup with error 3 - No such process.}
2026-10-05 06:37:51.912 E  HamsterAges[27964:14024] [com.apple.CoreTelephony:Client] Synchronous remote object proxy returned error: Error Domain=NSCocoaErrorDomain Code=4099 "The connection to service named com.apple.commcenter.coretelephony.xpc was invalidated: Connection init failed at lookup with error 3 - No such process." UserInfo={NSDebugDescription=The connection to service named com.apple.commcenter.coretelephony.xpc was invalidated: Connection init failed at lookup with error 3 - No such process.}
2026-10-05 06:37:51.912 Df HamsterAges[27964:14024] [com.apple.xpc:connection] [0x101117b60] activating connection: mach=true listener=false peer=false name=com.apple.commcenter.coretelephony.xpc
2026-10-05 06:37:51.912 A  HamsterAges[27964:1401f] (StoreKit) StoreKit/Products_SK2
2026-10-05 06:37:51.912 Df HamsterAges[27964:13ffc] [com.apple.Accessibility:AXCommon] Read Per-App on Init: Smart invert = (null)
2026-10-05 06:37:51.912 Df HamsterAges[27964:14024] [com.apple.xpc:connection] [0x101117b60] failed to do a bootstrap look-up: xpc_error=[3: No such process]
2026-10-05 06:37:51.912 Df HamsterAges[27964:14024] [com.apple.xpc:connection] [0x101117b60] invalidated after a failed init
2026-10-05 06:37:51.912 Df HamsterAges[27964:14024] [com.apple.CoreTelephony:Client] Sending selectors to server: (null)
2026-10-05 06:37:51.912 Df HamsterAges[27964:1401d] [com.apple.CoreTelephony:Client] Connection has been invalidated
2026-10-05 06:37:51.913 E  HamsterAges[27964:1401d] [com.apple.CoreTelephony:Client] Updating selectors failed with: Error Domain=NSCocoaErrorDomain Code=4099 "The connection to service named com.apple.commcenter.coretelephony.xpc was invalidated: Connection init failed at lookup with error 3 - No such process." UserInfo={NSDebugDescription=The connection to service named com.apple.commcenter.coretelephony.xpc was invalidated: Connection init failed at lookup with error 3 - No such process.}
2026-10-05 06:37:51.913 E  HamsterAges[27964:14024] [com.apple.CoreTelephony:Client] Synchronous remote object proxy returned error: Error Domain=NSCocoaErrorDomain Code=4099 "The connection to service named com.apple.commcenter.coretelephony.xpc was invalidated: Connection init failed at lookup with error 3 - No such process." UserInfo={NSDebugDescription=The connection to service named com.apple.commcenter.coretelephony.xpc was invalidated: Connection init failed at lookup with error 3 - No such process.}
2026-10-05 06:37:51.913 Df HamsterAges[27964:1401f] [com.apple.xpc:connection] [0x10103ebf0] activating connection: mach=true listener=false peer=false name=com.apple.storekitd
2026-10-05 06:37:51.915 Df HamsterAges[27964:13ffc] [com.apple.coreaudio:as_client] AVAudioSessionImpl_Simulator.mm:111   Set volume on device 85 to 0.60
2026-10-05 06:37:51.917 Df HamsterAges[27964:13ffc] [com.apple.avfaudio:avae]      AVAudioIONodeImpl.mm:235   Engine@0x600003708000: associating with audio session (0x0), error -10879
2026-10-05 06:37:51.917 Df HamsterAges[27964:13ffc] [com.apple.coreaudio:aurioc]            AURemoteIO.cpp:1130  AURemoteIO@0x100953a40: set kAudioOutputUnitProperty_OutputChannelLayout.  Layout = tag=0x0, 0 channel descriptions [], err = 0
2026-10-05 06:37:51.918 Df HamsterAges[27964:14032] [com.apple.coreaudio:aqme]              AQIONode.cpp:693   client <RemoteIOClient@0x100a25e00(@0x100a26018); output; [27964]> is NOT Now Playing eligible
2026-10-05 06:37:51.919 Df HamsterAges[27964:14032] [com.apple.coreaudio:aurios]        RemoteIOServer.cpp:1872  rio@0x100a26018 spatialization disabled.  layout = tag=0x0, 0 channel descriptions [], format =  2 ch,      0 Hz, Float32, deinterleaved
2026-10-05 06:37:51.919 Df HamsterAges[27964:14032] [com.apple.coreaudio:aqme]          RemoteIOServer.h:101   rio@0x100a25e00 Got output layout from io node or spatialized client: tag=0x0, 2 channel descriptions [L, R]
2026-10-05 06:37:51.919 Df HamsterAges[27964:14032] [com.apple.coreaudio:aurios]        RemoteIOServer.cpp:1581  SetLoudnessFromLM(): ->
2026-10-05 06:37:51.920 Df HamsterAges[27964:14032] [com.apple.coreaudio:aurios]        RemoteIOServer.cpp:1620  SetLoudnessFromLM(): is CoreAudioServices/LoudnessManager enabled? yes
2026-10-05 06:37:51.920 Df HamsterAges[27964:14032] [com.apple.coreaudio:aurios]        RemoteIOServer.cpp:1623  SetLoudnessFromLM(): is CoreAudioServices/LoudnessManagerV2 enabled? yes
2026-10-05 06:37:51.920 Df HamsterAges[27964:14032] [com.apple.coreaudio:aurios]        RemoteIOServer.cpp:1626  SetLoudnessFromLM(): is CoreAudioServices/lm-disable-hardware-check on? no
2026-10-05 06:37:51.920 Df HamsterAges[27964:14032] [com.apple.coreaudio:aurios]        RemoteIOServer.cpp:1629  SetLoudnessFromLM(): is hardware supported? no
2026-10-05 06:37:51.920 Df HamsterAges[27964:14032] [com.apple.coreaudio:aurios]        RemoteIOServer.cpp:1641  SetLoudnessFromLM(): hardware not supported, Loudness Manager disabled
2026-10-05 06:37:51.922 Df HamsterAges[27964:13ffc] [com.apple.coreaudio:AudioConverter]        AudioConverter.cpp:1067  Created a new in process converter -> 0x600000c8b9c0, from  2 ch,      0 Hz, Float32, deinterleaved to  2 ch,  48000 Hz, Float32, deinterleaved
2026-10-05 06:37:51.922 Df HamsterAges[27964:13ffc] [com.apple.coreaudio:AudioConverter]        AudioConverter.cpp:1317  AudioConverter -> 0x600000c8b9c0: The in-process GetProperty call returned 1886547824 for property 1936876385 with size 4.
2026-10-05 06:37:51.923 Df HamsterAges[27964:13ffc] [com.apple.coreaudio:AudioConverter]        AudioConverter.cpp:1317  AudioConverter -> 0x600000c8b9c0: The in-process GetProperty call returned 1886547824 for property 1936876401 with size 4.
2026-10-05 06:37:51.923 Df HamsterAges[27964:13ffc] [com.apple.coreaudio:AudioConverter]        AudioConverter.cpp:1317  AudioConverter -> 0x600000c8b9c0: The in-process GetProperty call returned 1886547824 for property 1886546285 with size 8.
2026-10-05 06:37:51.923 Df HamsterAges[27964:1402f] [com.apple.coreaudio:AudioConverter] AudioConverter -> 0x600000c8b9c0: The in-process SetProperty call returned 1886547824 for property 1886547309 with size 4.
2026-10-05 06:37:51.923 Df HamsterAges[27964:13ffc] [com.apple.coreaudio:aurioc]            AURemoteIO.cpp:1741  Stopping AURemoteIO(0x100953a40)
2026-10-05 06:37:51.963 Df HamsterAges[27964:14024] [com.apple.xpc:connection] [0x101134330] activating connection: mach=true listener=false peer=false name=com.apple.commcenter.coretelephony.xpc
2026-10-05 06:37:51.972 Df HamsterAges[27964:14024] [com.apple.xpc:connection] [0x101134330] failed to do a bootstrap look-up: xpc_error=[3: No such process]
2026-10-05 06:37:51.972 Df HamsterAges[27964:14024] [com.apple.xpc:connection] [0x101134330] invalidated after a failed init
2026-10-05 06:37:51.972 Df HamsterAges[27964:14024] [com.apple.CoreTelephony:Client] Sending selectors to server: (
    "regDataModeChanged:dataMode:",
    "carrierBundleChange:",
    "currentDataServiceDescriptorChanged:"
)
2026-10-05 06:37:51.973 Df HamsterAges[27964:14024] [com.apple.CoreTelephony:Client] Sending selectors to server: (
    "regDataModeChanged:dataMode:",
    "carrierBundleChange:",
    "currentDataServiceDescriptorChanged:"
)
2026-10-05 06:37:51.973 Df HamsterAges[27964:14024] [com.apple.CoreTelephony:Client] Connection has been invalidated
2026-10-05 06:37:51.973 E  HamsterAges[27964:14024] [com.apple.CoreTelephony:Client] Updating selectors failed with: Error Domain=NSCocoaErrorDomain Code=4099 "The connection to service named com.apple.commcenter.coretelephony.xpc was invalidated: Connection init failed at lookup with error 3 - No such process." UserInfo={NSDebugDescription=The connection to service named com.apple.commcenter.coretelephony.xpc was invalidated: Connection init failed at lookup with error 3 - No such process.}
2026-10-05 06:37:51.983 E  HamsterAges[27964:14024] [com.apple.CoreTelephony:Client] Updating selectors after delegate addition failed with: Error Domain=NSCocoaErrorDomain Code=4099 "The connection to service named com.apple.commcenter.coretelephony.xpc was invalidated: Connection init failed at lookup with error 3 - No such process." UserInfo={NSDebugDescription=The connection to service named com.apple.commcenter.coretelephony.xpc was invalidated: Connection init failed at lookup with error 3 - No such process.}
2026-10-05 06:37:52.006 Df HamsterAges[27964:14024] [com.apple.xpc:connection] [0x10103ebf0] invalidated because the current process cancelled the connection by calling xpc_connection_cancel()
2026-10-05 06:37:52.006 Df HamsterAges[27964:14024] [com.apple.storekit:Default] AAFService connection invalidated
2026-10-05 06:37:52.016 Df HamsterAges[27964:13ffc] [com.apple.coreaudio:ddagg]        AggregateDevice.mm:1008  PrimarySessionActiveWithInputEnabled 0 -> 0
2026-10-05 06:37:52.016 Df HamsterAges[27964:13ffc] [com.apple.avfaudio:avae]          AVAudioEngine.mm:1182  Engine@0x600000014740: start, was running 0
2026-10-05 06:37:52.016 Df HamsterAges[27964:13ffc] [com.apple.coreaudio:aurioc]            AURemoteIO.cpp:1130  AURemoteIO@0x100953a40: set kAudioOutputUnitProperty_OutputChannelLayout.  Layout = tag=0x650002, err = 0
2026-10-05 06:37:52.017 Df HamsterAges[27964:14032] [com.apple.coreaudio:aqme]              AQIONode.cpp:693   client <RemoteIOClient@0x100a25e00(@0x100a26018); output; [27964]> is NOT Now Playing eligible
2026-10-05 06:37:52.017 Df HamsterAges[27964:14032] [com.apple.coreaudio:aurios]        RemoteIOServer.cpp:1872  rio@0x100a26018 spatialization disabled.  layout = tag=0x650002, format =  2 ch,  44100 Hz, Float32, deinterleaved
2026-10-05 06:37:52.017 Df HamsterAges[27964:14032] [com.apple.coreaudio:aqme]          RemoteIOServer.h:101   rio@0x100a25e00 Got output layout from io node or spatialized client: tag=0x0, 2 channel descriptions [L, R]
2026-10-05 06:37:52.017 Df HamsterAges[27964:14032] [com.apple.coreaudio:aurios]        RemoteIOServer.cpp:1581  SetLoudnessFromLM(): ->
2026-10-05 06:37:52.017 Df HamsterAges[27964:14032] [com.apple.coreaudio:aurios]        RemoteIOServer.cpp:1620  SetLoudnessFromLM(): is CoreAudioServices/LoudnessManager enabled? yes
2026-10-05 06:37:52.017 Df HamsterAges[27964:14032] [com.apple.coreaudio:aurios]        RemoteIOServer.cpp:1623  SetLoudnessFromLM(): is CoreAudioServices/LoudnessManagerV2 enabled? yes
2026-10-05 06:37:52.017 Df HamsterAges[27964:14032] [com.apple.coreaudio:aurios]        RemoteIOServer.cpp:1626  SetLoudnessFromLM(): is CoreAudioServices/lm-disable-hardware-check on? no
2026-10-05 06:37:52.017 Df HamsterAges[27964:14032] [com.apple.coreaudio:aurios]        RemoteIOServer.cpp:1629  SetLoudnessFromLM(): is hardware supported? no
2026-10-05 06:37:52.018 Df HamsterAges[27964:14032] [com.apple.coreaudio:aurios]        RemoteIOServer.cpp:1641  SetLoudnessFromLM(): hardware not supported, Loudness Manager disabled
2026-10-05 06:37:52.018 Df HamsterAges[27964:13ffc] [com.apple.coreaudio:AudioConverter]        AudioConverter.cpp:1067  Created a new in process converter -> 0x600000c44b70, from  2 ch,  44100 Hz, Float32, deinterleaved to  2 ch,  48000 Hz, Float32, deinterleaved
2026-10-05 06:37:52.018 Df HamsterAges[27964:13ffc] [com.apple.coreaudio:AudioConverter]        AudioConverter.cpp:1317  AudioConverter -> 0x600000c44b70: The in-process GetProperty call returned 1886547824 for property 1936876385 with size 4.
2026-10-05 06:37:52.018 Df HamsterAges[27964:13ffc] [com.apple.coreaudio:aurioc]            AURemoteIO.cpp:1741  Stopping AURemoteIO(0x100953a40)
2026-10-05 06:37:52.019 Df HamsterAges[27964:13ffc] [com.apple.coreaudio:aurioc]            AURemoteIO.cpp:1130  AURemoteIO@0x100953a40: set kAudioOutputUnitProperty_OutputChannelLayout.  Layout = tag=0x650002, err = 0
2026-10-05 06:37:52.019 Df HamsterAges[27964:14032] [com.apple.coreaudio:aqme]              AQIONode.cpp:693   client <RemoteIOClient@0x100a25e00(@0x100a26018); output; [27964]> is NOT Now Playing eligible
2026-10-05 06:37:52.019 Df HamsterAges[27964:14032] [com.apple.coreaudio:aurios]        RemoteIOServer.cpp:1872  rio@0x100a26018 spatialization disabled.  layout = tag=0x650002, format =  2 ch,  48000 Hz, Float32, deinterleaved
2026-10-05 06:37:52.019 Df HamsterAges[27964:14032] [com.apple.coreaudio:aqme]          RemoteIOServer.h:101   rio@0x100a25e00 Got output layout from io node or spatialized client: tag=0x0, 2 channel descriptions [L, R]
2026-10-05 06:37:52.019 Df HamsterAges[27964:14032] [com.apple.coreaudio:aurios]        RemoteIOServer.cpp:1581  SetLoudnessFromLM(): ->
2026-10-05 06:37:52.019 Df HamsterAges[27964:14032] [com.apple.coreaudio:aurios]        RemoteIOServer.cpp:1620  SetLoudnessFromLM(): is CoreAudioServices/LoudnessManager enabled? yes
2026-10-05 06:37:52.019 Df HamsterAges[27964:14032] [com.apple.coreaudio:aurios]        RemoteIOServer.cpp:1623  SetLoudnessFromLM(): is CoreAudioServices/LoudnessManagerV2 enabled? yes
2026-10-05 06:37:52.019 Df HamsterAges[27964:14032] [com.apple.coreaudio:aurios]        RemoteIOServer.cpp:1626  SetLoudnessFromLM(): is CoreAudioServices/lm-disable-hardware-check on? no
2026-10-05 06:37:52.020 Df HamsterAges[27964:14032] [com.apple.coreaudio:aurios]        RemoteIOServer.cpp:1629  SetLoudnessFromLM(): is hardware supported? no
2026-10-05 06:37:52.020 Df HamsterAges[27964:14032] [com.apple.coreaudio:aurios]        RemoteIOServer.cpp:1641  SetLoudnessFromLM(): hardware not supported, Loudness Manager disabled
2026-10-05 06:37:52.020 Df HamsterAges[27964:13ffc] [com.apple.coreaudio:aurioc]            AURemoteIO.cpp:1741  Stopping AURemoteIO(0x100953a40)
2026-10-05 06:37:52.022 Df HamsterAges[27964:13ffc] [com.apple.coreaudio:aurioc]            AURemoteIO.cpp:1130  AURemoteIO@0x100953a40: set kAudioOutputUnitProperty_OutputChannelLayout.  Layout = tag=0x650002, err = 0
2026-10-05 06:37:52.022 Df HamsterAges[27964:14032] [com.apple.coreaudio:aqme]              AQIONode.cpp:693   client <RemoteIOClient@0x100a25e00(@0x100a26018); output; [27964]> is NOT Now Playing eligible
2026-10-05 06:37:52.023 Df HamsterAges[27964:14032] [com.apple.coreaudio:aurios]        RemoteIOServer.cpp:1872  rio@0x100a26018 spatialization disabled.  layout = tag=0x650002, format =  2 ch,  48000 Hz, Float32, deinterleaved
2026-10-05 06:37:52.023 Df HamsterAges[27964:14032] [com.apple.coreaudio:aqme]          RemoteIOServer.h:101   rio@0x100a25e00 Got output layout from io node or spatialized client: tag=0x0, 2 channel descriptions [L, R]
2026-10-05 06:37:52.023 Df HamsterAges[27964:14032] [com.apple.coreaudio:aurios]        RemoteIOServer.cpp:1581  SetLoudnessFromLM(): ->
2026-10-05 06:37:52.023 Df HamsterAges[27964:14032] [com.apple.coreaudio:aurios]        RemoteIOServer.cpp:1620  SetLoudnessFromLM(): is CoreAudioServices/LoudnessManager enabled? yes
2026-10-05 06:37:52.023 Df HamsterAges[27964:14032] [com.apple.coreaudio:aurios]        RemoteIOServer.cpp:1623  SetLoudnessFromLM(): is CoreAudioServices/LoudnessManagerV2 enabled? yes
2026-10-05 06:37:52.023 Df HamsterAges[27964:14032] [com.apple.coreaudio:aurios]        RemoteIOServer.cpp:1626  SetLoudnessFromLM(): is CoreAudioServices/lm-disable-hardware-check on? no
2026-10-05 06:37:52.023 Df HamsterAges[27964:14032] [com.apple.coreaudio:aurios]        RemoteIOServer.cpp:1629  SetLoudnessFromLM(): is hardware supported? no
2026-10-05 06:37:52.023 Df HamsterAges[27964:14032] [com.apple.coreaudio:aurios]        RemoteIOServer.cpp:1641  SetLoudnessFromLM(): hardware not supported, Loudness Manager disabled
2026-10-05 06:37:52.023 Df HamsterAges[27964:13ffc] [com.apple.coreaudio:aurioc]            AURemoteIO.cpp:1666  Starting AURemoteIO(0x100953a40)
output client:  2 ch,  48000 Hz, Float32, deinterleaved, output HW:  2 ch,  48000 Hz, Float32, deinterleaved
input client:   2 ch,      0 Hz, Float32, deinterleaved, input HW:   2 ch,      0 Hz, Float32, deinterleaved
2026-10-05 06:37:52.023 Df HamsterAges[27964:14032] [com.apple.coreaudio:auext]        AUOOPWorkgroups.mm:30    AUOOPWorkgroupManager: AddRemoteIOWorkgroup called with token 114540554.
2026-10-05 06:37:52.024 Df HamsterAges[27964:14032] [com.apple.coreaudio:auext]        AUOOPWorkgroups.mm:66    AUOOPWorkgroupManager: mutating workgroups.
2026-10-05 06:37:52.024 Df HamsterAges[27964:13ffc] [com.apple.coreaudio:aurioc]            AURemoteIO.cpp:1727  workgroup port 0x10303
2026-10-05 06:37:52.024 Df HamsterAges[27964:14043] [com.apple.coreaudio:auext]        AUOOPWorkgroups.mm:30    AUOOPWorkgroupManager: AddRemoteIOWorkgroup called with token 114540553.
2026-10-05 06:37:52.024 Df HamsterAges[27964:14043] [com.apple.coreaudio:auext]        AUOOPWorkgroups.mm:66    AUOOPWorkgroupManager: mutating workgroups.
2026-10-05 06:37:52.024 Df HamsterAges[27964:14032] [com.apple.coreaudio:aqme]              AQIONode.cpp:693   client <RemoteIOClient@0x100a25e00(@0x100a26018); output; [27964]> is NOT Now Playing eligible
2026-10-05 06:37:52.025 Df HamsterAges[27964:14032] [com.apple.coreaudio:aqme]  MEDeviceStreamClient.cpp:245   AQME Default-InputOutput: client starting: <RemoteIOClient@0x100a25e00(@0x100a26018); output; [27964]>; running count now 3
2026-10-05 06:37:52.044 A  HamsterAges[27964:14024] (RunningBoardServices) didChangeInheritances
2026-10-05 06:37:52.046 Df HamsterAges[27964:13ffc] [com.apple.UIKit:Feedback] generator <UINotificationFeedbackGenerator: 0x60000331ca00> cannot play feedback <nil: 0x0> (enabled=0)
2026-10-05 06:37:52.051 Df HamsterAges[27964:13ffc] [com.apple.UIKit:AppLifecycle] sceneOfRecord: sceneID: sceneID:com.valkhim.hamsterages-9549A8D9-0564-4F60-9294-78B777E20885  persistentID: 9549A8D9-0564-4F60-9294-78B777E20885
2026-10-05 06:37:52.052 Df HamsterAges[27964:13ffc] [com.apple.UIKit:InterfaceStyle] Not push traits update to screen for new style 1, <UIWindowScene: 0x10060c090> (9549A8D9-0564-4F60-9294-78B777E20885)
2026-10-05 06:37:52.075 Df HamsterAges[27964:13ffc] [com.apple.FrontBoard:SceneExtension] Realizing settings extension SBUISecureRenderingSettingsExtension on FBSSceneSettings
2026-10-05 06:37:52.076 Df HamsterAges[27964:13ffc] [com.apple.UIKit:InterfaceStyle] Not push traits update to screen for new style 1, <UIWindowScene: 0x10060c090> (9549A8D9-0564-4F60-9294-78B777E20885)
2026-10-05 06:37:52.077 Df HamsterAges[27964:13ffc] [com.apple.UIKit:InterfaceStyle] Not push traits update to screen for new style 1, <UIWindowScene: 0x10060c090> (9549A8D9-0564-4F60-9294-78B777E20885)
2026-10-05 06:37:52.078 Df HamsterAges[27964:13ffc] [com.apple.UIKit:AppLifecycle] sceneOfRecord: sceneID: sceneID:com.valkhim.hamsterages-9549A8D9-0564-4F60-9294-78B777E20885  persistentID: 9549A8D9-0564-4F60-9294-78B777E20885
2026-10-05 06:37:52.078 Df HamsterAges[27964:13ffc] [com.apple.UIKit:Application] Deactivation reason removed: 12; deactivation reasons: 4128 -> 32; animating application lifecycle event: 1
2026-10-05 06:37:52.079 Df HamsterAges[27964:13ffc] [com.apple.KeyboardArbiter:Client] Send setDeactivating: N (-DeactivationReason:SuspendedEventsOnly)
2026-10-05 06:37:52.079 Df HamsterAges[27964:13ffc] [com.apple.UIKit:Application] Deactivation reason removed: 5; deactivation reasons: 32 -> 0; animating application lifecycle event: 0
2026-10-05 06:37:52.081 Df HamsterAges[27964:13ffc] [com.apple.KeyboardArbiter:Client] startConnection
2026-10-05 06:37:52.081 Df HamsterAges[27964:13ffc] [com.apple.xpc:connection] [0x101054dd0] activating connection: mach=true listener=false peer=false name=com.apple.UIKit.KeyboardManagement.hosted
2026-10-05 06:37:52.127 Df HamsterAges[27964:13ffc] [com.apple.KeyboardArbiter:Client] handleKeyboardChange: set currentKeyboard:N (wasKeyboard:N)
2026-10-05 06:37:52.130 Df HamsterAges[27964:13ffc] [com.apple.UIKit:KeyboardArbiterClientLog] isWritingToolsHandlingKeyboardTracking:Y (WT ready:Y, Arbiter ready:Y)
2026-10-05 06:37:52.182 Df HamsterAges[27964:13ffc] (SpriteKit) SKView: no drawables available for rendering. Skipping this frame.
2026-10-05 06:37:52.183 Df HamsterAges[27964:13ffc] [com.apple.network:activity] <nw_activity 50:1 [5A5F49F9-356C-4811-9832-897C54BFB13B] (global parent) (reporting strategy default) complete (reason success)> complete with reason 2 (success), duration 3765ms
2026-10-05 06:37:52.183 Df HamsterAges[27964:13ffc] [com.apple.network:activity] <nw_activity 50:2 [7F298083-0DAC-4749-AA78-1F179C1AB76F] (reporting strategy default) complete (reason success)> complete with reason 2 (success), duration 3765ms
2026-10-05 06:37:52.183 Df HamsterAges[27964:13ffc] [com.apple.network:activity] Unsetting the global parent activity <nw_activity 50:1 [5A5F49F9-356C-4811-9832-897C54BFB13B] (global parent) (reporting strategy default) complete (reason success)>
2026-10-05 06:37:52.183 Df HamsterAges[27964:13ffc] [com.apple.network:activity] Unset the global parent activity
2026-10-05 06:37:57.333 Df HamsterAges[27964:13ffc] (SpriteKit) SKView: no drawables available for rendering. Skipping this frame.
2026-10-05 06:38:02.467 Df HamsterAges[27964:13ffc] (SpriteKit) SKView: no drawables available for rendering. Skipping this frame.
2026-10-05 06:38:07.565 Df HamsterAges[27964:13ffc] (SpriteKit) SKView: no drawables available for rendering. Skipping this frame.
2026-10-05 06:38:07.896 Df HamsterAges[27964:14022] (libAudioDSP.dylib) cannot migrate AudioUnit assets for current process
2026-10-05 06:38:13.083 Df HamsterAges[27964:13ffc] (SpriteKit) SKView: no drawables available for rendering. Skipping this frame.
2026-10-05 06:38:15.081 Df HamsterAges[27964:13ffc] [com.apple.UIKit:Feedback] generator <UINotificationFeedbackGenerator: 0x60000331ca00> cannot play feedback <nil: 0x0> (enabled=0)
2026-10-05 06:38:16.968 Df HamsterAges[27964:13ffc] [com.apple.UIKit:Feedback] generator <UINotificationFeedbackGenerator: 0x60000331ca00> cannot play feedback <nil: 0x0> (enabled=0)
2026-10-05 06:38:18.884 Df HamsterAges[27964:13ffc] (SpriteKit) SKView: no drawables available for rendering. Skipping this frame.
2026-10-05 06:38:24.482 Df HamsterAges[27964:13ffc] (SpriteKit) SKView: no drawables available for rendering. Skipping this frame.
2026-10-05 06:38:25.570 E  HamsterAges[27964:14031] [com.apple.coreaudio:AMCP]          HALC_ProxyIOContext.cpp:1623  HALC_ProxyIOContext::IOWorkLoop: skipping cycle due to overload
2026-10-05 06:38:30.057 Df HamsterAges[29046:14ab0] [com.apple.xpc:connection] [0x100f052f0] activating connection: mach=true listener=false peer=false name=com.apple.cfprefsd.daemon
2026-10-05 06:38:30.057 Df HamsterAges[29046:14a50] (libMobileGestalt.dylib) No persisted cache on this platform.
2026-10-05 06:38:30.058 Df HamsterAges[29046:14abd] [com.apple.BoardServices:XPCErrors] [C:1] Alloc com.apple.frontboard.systemappservices
2026-10-05 06:38:30.059 Df HamsterAges[29046:14abd] [com.apple.xpc:connection] [0x100e06a00] activating connection: mach=false listener=false peer=false name=(anonymous)
2026-10-05 06:38:30.063 A  HamsterAges[29046:14abc] (CoreFoundation) Loading Preferences From User Session CFPrefsD
2026-10-05 06:38:30.071 Df HamsterAges[29046:14a50] [com.apple.UIKit:Application] Deactivation reason added: 10; deactivation reasons: 0 -> 1024; animating application lifecycle event: 0
2026-10-05 06:38:30.071 Df HamsterAges[29046:14a50] [com.apple.runningboard:connection] Initializing connection
2026-10-05 06:38:30.071 Df HamsterAges[29046:14a50] [com.apple.runningboard:process] Removing all cached process handles
2026-10-05 06:38:30.071 Df HamsterAges[29046:14a50] [com.apple.BoardServices:Injection] activating monitor for service com.apple.frontboard.open
2026-10-05 06:38:30.071 Df HamsterAges[29046:14ab0] [com.apple.UIKit:BackgroundTask] Creating new assertion because there is no existing background assertion.
2026-10-05 06:38:30.071 Df HamsterAges[29046:14a50] [com.apple.BoardServices:Injection] activating monitor for service com.apple.frontboard.workspace-service
2026-10-05 06:38:30.071 Df HamsterAges[29046:14abe] [com.apple.runningboard:connection] Sending handshake request attempt #1 to server
2026-10-05 06:38:30.072 Df HamsterAges[29046:14ab0] [com.apple.UIKit:BackgroundTask] Creating new background assertion
2026-10-05 06:38:30.072 Df HamsterAges[29046:14a50] [com.apple.FrontBoard:Common] FBSWorkspace registering source: com.apple.frontboard.systemappservices
2026-10-05 06:38:30.072 Df HamsterAges[29046:14ab0] [com.apple.UIKit:BackgroundTask] Created new background assertion <BKSProcessAssertion: 0x6000021012c0>
2026-10-05 06:38:30.072 Df HamsterAges[29046:14abe] [com.apple.runningboard:connection] Creating connection to com.apple.runningboard
2026-10-05 06:38:30.072 Df HamsterAges[29046:14abe] [com.apple.xpc:connection] [0x100e05c00] activating connection: mach=true listener=false peer=false name=com.apple.runningboard
2026-10-05 06:38:30.073 Df HamsterAges[29046:14a50] [com.apple.FrontBoard:Common] FBSWorkspace connected to endpoint : <BSServiceConnectionEndpoint: 0x6000002104c0; target: com.apple.frontboard.systemappservices; service: com.apple.frontboard.workspace-service>
2026-10-05 06:38:30.073 Df HamsterAges[29046:14a50] [com.apple.FrontBoard:Common] <FBSWorkspaceScenesClient:0x600003008120 com.apple.frontboard.systemappservices> attempting immediate handshake from activate
2026-10-05 06:38:30.073 Df HamsterAges[29046:14a50] [com.apple.FrontBoard:Common] <FBSWorkspaceScenesClient:0x600003008120 com.apple.frontboard.systemappservices> sent handshake
2026-10-05 06:38:30.073 Df HamsterAges[29046:14a50] [com.apple.runningboard:general] Added observer for process assertions expiration warning: <_RBSExpirationWarningClient: 0x600000211ae0>
2026-10-05 06:38:30.073 A  HamsterAges[29046:14ac0] (RunningBoardServices) didChangeInheritances
2026-10-05 06:38:30.074 Df HamsterAges[29046:14abe] [com.apple.runningboard:connection] Handshake succeeded
2026-10-05 06:38:30.074 Df HamsterAges[29046:14abe] [com.apple.runningboard:connection] Identity resolved as app<com.valkhim.hamsterages((null))>
2026-10-05 06:38:30.076 Df HamsterAges[29046:14abc] [com.apple.FrontBoard:SceneExtension] Realizing settings extension _UIApplicationSceneKeyboardSettings on FBSSceneSettings
2026-10-05 06:38:30.077 Df HamsterAges[29046:14ab0] [com.apple.UIKit:BackgroundTask] Incrementing reference count for background assertion <BKSProcessAssertion: 0x6000021012c0>
2026-10-05 06:38:30.077 Df HamsterAges[29046:14ab0] [com.apple.UIKit:BackgroundTask] Created background task <_UIBackgroundTaskInfo: 0x600001701f40>: taskID = 1, taskName = Launch Background Task for Coalescing, creationTime = 1103 (elapsed = 0).
2026-10-05 06:38:30.078 Df HamsterAges[29046:14a50] [com.apple.UIKit:UIScreen] Evaluated capturing state as 0 on <UIScreen: 0x100f062a0> for initial
2026-10-05 06:38:30.078 Df HamsterAges[29046:14abc] [com.apple.FrontBoard:SceneExtension] Realizing settings extension <_UISceneOcclusionSettings> on FBSSceneSettings
2026-10-05 06:38:30.078 Df HamsterAges[29046:14abc] [com.apple.FrontBoard:SceneExtension] Realizing settings extension <_UISceneInterfaceProtectionSettings> on FBSSceneSettings
2026-10-05 06:38:30.078 Df HamsterAges[29046:14abc] [com.apple.FrontBoard:SceneExtension] Realizing settings extension _UISceneLayoutPreferencesHostSettingsExtension on FBSSceneSettings
2026-10-05 06:38:30.078 Df HamsterAges[29046:14abc] [com.apple.FrontBoard:SceneExtension] Realizing settings extension _UISceneSafeAreaSettingsExtension on FBSSceneSettings
2026-10-05 06:38:30.078 Df HamsterAges[29046:14abc] [com.apple.FrontBoard:SceneExtension] Realizing settings extension _UISceneLayoutPreferenceClientSettingsExtension on FBSSceneClientSettings
2026-10-05 06:38:30.078 Df HamsterAges[29046:14a50] [com.apple.UIKit:UIScreen] Evaluated capturing state as 0 on <UIScreen: 0x100f062a0> for CADisplay KVO
2026-10-05 06:38:30.079 Df HamsterAges[29046:14abc] [com.apple.FrontBoard:SceneExtension] Realizing settings extension <_UIHomeAffordanceHostSceneSettings> on FBSSceneSettings
2026-10-05 06:38:30.079 Df HamsterAges[29046:14abc] [com.apple.FrontBoard:SceneExtension] Realizing settings extension _UISystemShellSceneHostingEnvironmentSettings on FBSSceneSettings
2026-10-05 06:38:30.079 Df HamsterAges[29046:14abc] [com.apple.FrontBoard:SceneExtension] Realizing settings extension _UISceneRenderingEnvironmentSettings on FBSSceneSettings
2026-10-05 06:38:30.079 Df HamsterAges[29046:14abc] [com.apple.FrontBoard:SceneExtension] Realizing settings extension <_UISceneRenderingEnvironmentClientSettings> on FBSSceneClientSettings
2026-10-05 06:38:30.080 Df HamsterAges[29046:14abc] [com.apple.FrontBoard:SceneExtension] Realizing settings extension <_UISceneTransitioningHostSettings> on FBSSceneSettings
2026-10-05 06:38:30.080 Df HamsterAges[29046:14abc] [com.apple.FrontBoard:SceneExtension] Realizing settings extension <_UISceneFocusSystemSettings> on FBSSceneSettings
2026-10-05 06:38:30.080 Df HamsterAges[29046:14abc] [com.apple.FrontBoard:SceneExtension] Realizing settings extension _UISceneOrientationSettingsExtension on FBSSceneSettings
2026-10-05 06:38:30.080 Df HamsterAges[29046:14abc] [com.apple.FrontBoard:SceneExtension] Realizing settings extension _UISceneOrientationClientSettingsExtension on FBSSceneClientSettings
2026-10-05 06:38:30.080 Df HamsterAges[29046:14abc] [com.apple.FrontBoard:SceneExtension] Realizing settings extension _UISceneWindowingControlClientSettings on FBSSceneClientSettings
2026-10-05 06:38:30.080 Df HamsterAges[29046:14ab0] [com.apple.FrontBoard:SceneExtension] Realizing settings extension <_UISceneHostingContentSizePreferenceClientSettings> on FBSSceneClientSettings
2026-10-05 06:38:30.081 Df HamsterAges[29046:14ab0] [com.apple.FrontBoard:SceneExtension] Realizing settings extension _UISceneHostingTraitCollectionPropagationSettings on FBSSceneSettings
2026-10-05 06:38:30.081 Df HamsterAges[29046:14abc] [com.apple.FrontBoard:SceneExtension] Realizing settings extension FBSSceneSettingsCore on FBSSceneSettings
2026-10-05 06:38:30.083 Df HamsterAges[29046:14ab0] [com.apple.FrontBoard:SceneExtension] Realizing settings extension <_UISceneHostingSheetPresentationSettings> on FBSSceneSettings
2026-10-05 06:38:30.083 Df HamsterAges[29046:14abc] [com.apple.FrontBoard:SceneExtension] Realizing settings extension FBSSceneClientSettingsCore on FBSSceneClientSettings
2026-10-05 06:38:30.084 Df HamsterAges[29046:14ab0] [com.apple.FrontBoard:SceneExtension] Realizing settings extension <_UISceneHostingSheetPresentationClientSettings> on FBSSceneClientSettings
2026-10-05 06:38:30.084 Df HamsterAges[29046:14a50] [com.apple.Accessibility:AXSupportCommon] Read CategoryName: per-app = 1, category name = (null)
2026-10-05 06:38:30.084 Df HamsterAges[29046:14a50] [com.apple.Accessibility:AXSupportCommon] Read CategoryName: per-app = 0, category name = (null)
2026-10-05 06:38:30.084 Df HamsterAges[29046:14ab0] [com.apple.FrontBoard:SceneExtension] Realizing settings extension <_UISceneHostingEventDeferringSettings> on FBSSceneSettings
2026-10-05 06:38:30.085 Df HamsterAges[29046:14ab0] [com.apple.FrontBoard:SceneExtension] Realizing settings extension <UIKit__UITypedKeyValueSceneSettings> on FBSSceneSettings
2026-10-05 06:38:30.085 Df HamsterAges[29046:14ab0] [com.apple.FrontBoard:SceneExtension] Realizing settings extension <UIKit__UITypedKeyValueSceneSettings> on FBSSceneClientSettings
2026-10-05 06:38:30.085 Df HamsterAges[29046:14ab0] [com.apple.FrontBoard:SceneExtension] Realizing settings extension <_UISceneHostingViewControllerPreferencePropagationClientSettings> on FBSSceneClientSettings
2026-10-05 06:38:30.085 Df HamsterAges[29046:14ab0] [com.apple.FrontBoard:SceneExtension] Realizing settings extension <_UISceneZoomTransitionSettings> on FBSSceneSettings
2026-10-05 06:38:30.094 Df HamsterAges[29046:14abc] [com.apple.FrontBoard:SceneExtension] UIMutableApplicationSceneSettings setting counterpart class: UIApplicationSceneSettings
2026-10-05 06:38:30.094 Df HamsterAges[29046:14abc] [com.apple.FrontBoard:SceneExtension] UIMutableApplicationSceneClientSettings setting counterpart class: UIApplicationSceneClientSettings
2026-10-05 06:38:30.094 Df HamsterAges[29046:14abc] [com.apple.FrontBoard:SceneExtension] Realizing settings extension FBSSceneTransitionContextCore on FBSSceneTransitionContext
2026-10-05 06:38:30.096 Df HamsterAges[29046:14a50] [com.apple.dt.xctest:Default] Registering for test daemon availability notify post.
2026-10-05 06:38:30.096 Df HamsterAges[29046:14a50] [com.apple.dt.xctest:Default] notify_get_state check indicated test daemon not ready.
2026-10-05 06:38:30.096 Df HamsterAges[29046:14a50] [com.apple.dt.xctest:Default] notify_get_state check indicated test daemon not ready.
2026-10-05 06:38:30.096 Df HamsterAges[29046:14a50] [com.apple.dt.xctest:Default] notify_get_state check indicated test daemon not ready.
2026-10-05 06:38:30.097 Df HamsterAges[29046:14a50] [com.apple.UIKit:Application] Deactivation reason added: 11; deactivation reasons: 1024 -> 3072; animating application lifecycle event: 0
2026-10-05 06:38:30.099 Df HamsterAges[29046:14a50] [com.apple.UIKit:Application] Deactivation reason removed: 10; deactivation reasons: 3072 -> 2048; animating application lifecycle event: 0
2026-10-05 06:38:30.100 Df HamsterAges[29046:14a50] [com.apple.UIKit:EventBus] Event Timing Profile for Touch: not found, path="/System/Library/EventTimingProfiles/Sim.Touch.plist"
2026-10-05 06:38:30.100 Df HamsterAges[29046:14a50] [com.apple.UIKit:EventBus] Event Timing Profile for Pencil: not found, path="/System/Library/EventTimingProfiles/Sim.Pencil.plist"
2026-10-05 06:38:30.100 Df HamsterAges[29046:14a50] [com.apple.UIKit:UpdateScheduler] Selected display: name=LCD (PurpleMain), id=1
2026-10-05 06:38:30.104 Df HamsterAges[29046:14ac0] [com.apple.FileURL:default] kExcludedFromBackupXattrName set on path: /Users/runner/Library/Developer/CoreSimulator/Devices/291E4B86-C951-41A7-8327-84BF0304D0A9/data/Containers/Data/Application/B27423C8-BF3A-4B75-AE28-417D0A9821D7/Library/Application Support/GoogleMobileAds/Settings
2026-10-05 06:38:30.106 Df HamsterAges[29046:14ac0] [com.apple.FileURL:default] kExcludedFromBackupXattrName set on path: /Users/runner/Library/Developer/CoreSimulator/Devices/291E4B86-C951-41A7-8327-84BF0304D0A9/data/Containers/Data/Application/B27423C8-BF3A-4B75-AE28-417D0A9821D7/Library/Application Support/GoogleMobileAds/storage
2026-10-05 06:38:30.107 Df HamsterAges[29046:14a50] [com.apple.xpc:connection] [0x10110d160] activating connection: mach=true listener=false peer=false name=com.apple.lsd.mapdb
2026-10-05 06:38:30.107 Df HamsterAges[29046:14ac0] [com.apple.FileURL:default] kExcludedFromBackupXattrName set on path: /Users/runner/Library/Developer/CoreSimulator/Devices/291E4B86-C951-41A7-8327-84BF0304D0A9/data/Containers/Data/Application/B27423C8-BF3A-4B75-AE28-417D0A9821D7/Library/Application Support/GoogleMobileAds/AdapterSettings
2026-10-05 06:38:30.108 Df HamsterAges[29046:14ac0] [com.apple.xpc:connection] [0x100f129a0] activating connection: mach=true listener=false peer=false name=com.apple.lsd.advertisingidentifiers
2026-10-05 06:38:30.109 A  HamsterAges[29046:14ac0] (libsystem_containermanager.dylib) container_system_group_path_for_identifier
2026-10-05 06:38:30.110 Df HamsterAges[29046:14ac0] [com.apple.containermanager:xpc] Requesting container lookup; class = 13, identifier = (null), group_identifier = systemgroup.com.apple.configurationprofiles, create = 1, temp = 0, euid = 501, uid = 501
2026-10-05 06:38:30.110 A  HamsterAges[29046:14ac0] (libsystem_containermanager.dylib) container_query_t
2026-10-05 06:38:30.110 Df HamsterAges[29046:14ac0] [com.apple.containermanager:xpc] Query; euid = 501, uid = 501, class = 13, identifier = [(null)](0), flags = 900000003
2026-10-05 06:38:30.115 Df HamsterAges[29046:14ac0] [com.apple.containermanager:unspecified] _container_query_get_result_at_index: success
2026-10-05 06:38:30.115 A  HamsterAges[29046:14ac0] (libsystem_containermanager.dylib) container_copy_object
2026-10-05 06:38:30.115 Df HamsterAges[29046:14ac0] [com.apple.containermanager:unspecified] container_system_group_path_for_identifier: success
2026-10-05 06:38:30.115 Df HamsterAges[29046:14ac0] [com.apple.ManagedConfiguration:MC] Got system group container path from MCM for systemgroup.com.apple.configurationprofiles: /Users/runner/Library/Developer/CoreSimulator/Devices/291E4B86-C951-41A7-8327-84BF0304D0A9/data/Containers/Shared/SystemGroup/systemgroup.com.apple.configurationprofiles
2026-10-05 06:38:30.155 Df HamsterAges[29046:14a50] [com.apple.BoardServices:XPCErrors] [C:2] Alloc com.apple.backboard.hid-services.xpc
2026-10-05 06:38:30.155 Df HamsterAges[29046:14a50] [com.apple.xpc:connection] [0x100e0b680] activating connection: mach=false listener=false peer=false name=(anonymous)
2026-10-05 06:38:30.156 Df HamsterAges[29046:14ab0] [com.apple.BackBoard:EventDelivery] BKSHIDEventDeliveryManager - connection activation
2026-10-05 06:38:30.157 Df HamsterAges[29046:14a50] [com.apple.UIKit:Application] Deactivation reason added: 5; deactivation reasons: 2048 -> 2080; animating application lifecycle event: 1
2026-10-05 06:38:30.158 Df HamsterAges[29046:14a50] [com.apple.UIKit:InterfaceStyle] Should send trait collection or coordinate space update, interface style 1 -> 1, <UIWindowScene: 0x100e0f430> (9549A8D9-0564-4F60-9294-78B777E20885)
2026-10-05 06:38:30.158 Df HamsterAges[29046:14a50] [com.apple.UIKit:InterfaceStyle] Not push traits update to screen for new style 1, <UIWindowScene: 0x100e0f430> (9549A8D9-0564-4F60-9294-78B777E20885)
2026-10-05 06:38:30.158 Df HamsterAges[29046:14a50] [com.apple.UIKit:HomeAffordanceObservation] Initializing: <_UIHomeAffordanceSceneNotifier: 0x600002915730>; with scene: <UIWindowScene: 0x100e0f430>
2026-10-05 06:38:30.159 Df HamsterAges[29046:14a50] [com.apple.BacklightServices:scenes] 0x600000c23b10 setDelegate:<0x600000c23c60 _UIBacklightEnvironment> hasDelegate:YES for environment:sceneID:com.valkhim.hamsterages-9549A8D9-0564-4F60-9294-78B777E20885
2026-10-05 06:38:30.159 Df HamsterAges[29046:14a50] [com.apple.UIKit:InterfaceStyle] Not push traits update to screen for new style 1, <UIWindowScene: 0x100e0f430> (9549A8D9-0564-4F60-9294-78B777E20885)
2026-10-05 06:38:30.160 Df HamsterAges[29046:14a50] [com.apple.UIKit:EventDeferring] [0x6000029160d0] Initialized with scene: <UIWindowScene: 0x100e0f430>; behavior: <_UIEventDeferringBehavior_iOS: 0x60000020a0c0>; availableForProcess: 1, systemShellManagesKeyboardFocus: 1
2026-10-05 06:38:30.161 Df HamsterAges[29046:14a50] [com.apple.BackBoard:EventDelivery] policyStatus:<BKSHIDEventDeliveryPolicyObserver: 0x600002606ac0; process scope; status: target> was:none
2026-10-05 06:38:30.161 Df HamsterAges[29046:14ac0] [com.apple.BackBoard:EventDelivery] BKSHIDEventObserver - connection activation
2026-10-05 06:38:30.161 Df HamsterAges[29046:14a50] [com.apple.UIKit:KeyWindow] Setting default evaluation strategy for UIUserInterfaceIdiomPhone to LastOneWins
2026-10-05 06:38:30.161 Df HamsterAges[29046:14a50] [com.apple.UIKit:KeyWindow] Scene target of keyboard event deferring environment did change: 1; scene: UIWindowScene: 0x100e0f430; scene identity: com.apple.frontboard.systemappservices/FBSceneManager:sceneID%3Acom.valkhim.hamsterages-9549A8D9-0564-4F60-9294-78B777E20885
2026-10-05 06:38:30.162 Df HamsterAges[29046:14a50] [com.apple.UIKit:EventDeferring] [0x6000029160d0] Scene target of event deferring environments did update: scene: 0x100e0f430; current systemShellManagesKeyboardFocus: 1; systemShellManagesKeyboardFocusForScene: 1; eligibleForRecordRemoval: 1;
2026-10-05 06:38:30.162 Df HamsterAges[29046:14a50] [com.apple.UIKit:KeyWindow] Scene became target of keyboard event deferring environment: UIWindowScene: 0x100e0f430; scene identity: com.apple.frontboard.systemappservices/FBSceneManager:sceneID%3Acom.valkhim.hamsterages-9549A8D9-0564-4F60-9294-78B777E20885
2026-10-05 06:38:30.162 Df HamsterAges[29046:14a50] [com.apple.UIKit:KeyWindow] Stack[KeyWindow] 0x600000c1c240: Taking no further action for migration from LastOneWins -> SystemShellManaged as there are no scenes
2026-10-05 06:38:30.162 Df HamsterAges[29046:14a50] [com.apple.UIKit:KeyWindow] Setting default evaluation strategy for UIUserInterfaceIdiomPhone to SystemShellManaged
2026-10-05 06:38:30.162 Df HamsterAges[29046:14a50] [com.apple.UIKit:KeyWindow] Key window needs update: 0; currentKeyWindowScene: 0x0; evaluatedKeyWindowScene: 0x100e0f430; currentApplicationKeyWindow: 0x0; evaluatedApplicationKeyWindow: 0x0; reason: UIWindowScene: 0x100e0f430: Window scene became target of keyboard environment
2026-10-05 06:38:30.162 Df HamsterAges[29046:14a50] [com.apple.UIKit:InterfaceStyle] Not push traits update to screen for new style 1, <UIWindowScene: 0x100e0f430> (9549A8D9-0564-4F60-9294-78B777E20885)
2026-10-05 06:38:30.163 Df HamsterAges[29046:14a50] [com.apple.UIKit:InterfaceStyle] Not push traits update to screen for new style 1, <UIWindowScene: 0x100e0f430> (9549A8D9-0564-4F60-9294-78B777E20885)
2026-10-05 06:38:30.164 Df HamsterAges[29046:14a50] [com.apple.UIKit:InterfaceStyle] Not push traits update to screen for new style 1, <UIWindowScene: 0x100e0f430> (9549A8D9-0564-4F60-9294-78B777E20885)
2026-10-05 06:38:30.249 Df HamsterAges[29046:14a50] [com.apple.UIKit:Orientation] <UIWindowScene: 0x100e0f430> (9549A8D9-0564-4F60-9294-78B777E20885) Scene updated orientation preferences: none -> ( Ll Lr )
2026-10-05 06:38:30.258 Df HamsterAges[29046:14a50] [com.apple.UIKit:KeyWindow] Key window API is scene-level: YES
2026-10-05 06:38:30.258 Df HamsterAges[29046:14a50] [com.apple.UIKit:KeyWindow] UIWindowScene: 0x100e0f430: Window became key in scene: UIWindow: 0x100e110a0; contextId: 0xA0620D97: reason: UIWindowScene: 0x100e0f430: Window requested to become key in scene: 0x100e110a0
2026-10-05 06:38:30.258 Df HamsterAges[29046:14a50] [com.apple.UIKit:KeyWindow] Key window needs update: 1; currentKeyWindowScene: 0x0; evaluatedKeyWindowScene: 0x100e0f430; currentApplicationKeyWindow: 0x0; evaluatedApplicationKeyWindow: 0x100e110a0; reason: UIWindowScene: 0x100e0f430: Window requested to become key in scene: 0x100e110a0
2026-10-05 06:38:30.258 Df HamsterAges[29046:14a50] [com.apple.UIKit:KeyWindow] Window did become application key: UIWindow: 0x100e110a0; contextId: 0xA0620D97; scene identity: com.apple.frontboard.systemappservices/FBSceneManager:sceneID%3Acom.valkhim.hamsterages-9549A8D9-0564-4F60-9294-78B777E20885
2026-10-05 06:38:30.259 Df HamsterAges[29046:14a50] [com.apple.UIKit:EventDeferring] [0x6000029160d0] Begin local event deferring requested for token: 0x600002610720; environments: 1; reason: UIWindowScene: 0x100e0f430: Begin event deferring in keyboardFocus for window: 0x100e110a0
2026-10-05 06:38:30.261 Df HamsterAges[29046:14a50] [com.apple.UIKit:InterfaceStyle] Not push traits update to screen for new style 1, <UIWindowScene: 0x100e0f430> (9549A8D9-0564-4F60-9294-78B777E20885)
2026-10-05 06:38:30.262 Df HamsterAges[29046:14a50] [com.apple.UIKit:AppLifecycle] sceneOfRecord: sceneID: sceneID:com.valkhim.hamsterages-9549A8D9-0564-4F60-9294-78B777E20885  persistentID: 9549A8D9-0564-4F60-9294-78B777E20885
2026-10-05 06:38:30.262 Df HamsterAges[29046:14a50] [com.apple.UIKit:Application] Ignoring already applied deactivation reason: 5; deactivation reasons: 2080
2026-10-05 06:38:30.262 Df HamsterAges[29046:14a50] [com.apple.UIKit:Application] Deactivation reason added: 12; deactivation reasons: 2080 -> 6176; animating application lifecycle event: 1
2026-10-05 06:38:30.263 Df HamsterAges[29046:14a50] [com.apple.UIKit:Application] Deactivation reason removed: 11; deactivation reasons: 6176 -> 4128; animating application lifecycle event: 1
2026-10-05 06:38:30.263 Df HamsterAges[29046:14ac0] [com.apple.BackBoard:EventDelivery] policyStatus:<BKSHIDEventDeliveryPolicyObserver: 0x600002606ac0; token: com.apple.frontboard.systemappservices/FBSceneManager:sceneID%3Acom.valkhim.hamsterages-9549A8D9-0564-4F60-9294-78B777E20885; status: ancestor> was:target
2026-10-05 06:38:30.263 Df HamsterAges[29046:14a50] [com.apple.FrontBoard:SceneExtension] Realizing settings extension <_UISceneIntelligenceSupportSettings> on FBSSceneSettings
2026-10-05 06:38:30.264 Df HamsterAges[29046:14ac0] [com.apple.UIIntelligenceSupport:xpc] establishing connection to agent
2026-10-05 06:38:30.264 Df HamsterAges[29046:14ac0] [com.apple.xpc:session] [0x600002118e10] Session created.
2026-10-05 06:38:30.264 Df HamsterAges[29046:14ac0] [com.apple.xpc:session] [0x600002118e10] Session created from connection [0x100e18610]
2026-10-05 06:38:30.264 Df HamsterAges[29046:14ac0] [com.apple.xpc:connection] [0x100e18610] activating connection: mach=true listener=false peer=false name=com.apple.uiintelligencesupport.agent
2026-10-05 06:38:30.264 Df HamsterAges[29046:14ac0] [com.apple.xpc:session] [0x600002118e10] Session activated
2026-10-05 06:38:30.265 Df HamsterAges[29046:14a50] [com.apple.UIKit:InterfaceStyle] Not push traits update to screen for new style 1, <UIWindowScene: 0x100e0f430> (9549A8D9-0564-4F60-9294-78B777E20885)
2026-10-05 06:38:30.266 Df HamsterAges[29046:14a50] [com.apple.UIKit:BackgroundTask] Will add backgroundTask with taskName: Persistent SceneSession Map Update, expirationHandler: <__NSGlobalBlock__: 0x1e61729e0>
2026-10-05 06:38:30.266 Df HamsterAges[29046:14a50] [com.apple.UIKit:BackgroundTask] Reusing background assertion <BKSProcessAssertion: 0x6000021012c0>
2026-10-05 06:38:30.266 Df HamsterAges[29046:14a50] [com.apple.UIKit:BackgroundTask] Incrementing reference count for background assertion <BKSProcessAssertion: 0x6000021012c0>
2026-10-05 06:38:30.266 Df HamsterAges[29046:14a50] [com.apple.UIKit:BackgroundTask] Created background task <_UIBackgroundTaskInfo: 0x600001725280>: taskID = 2, taskName = Persistent SceneSession Map Update, creationTime = 1103 (elapsed = 0).
2026-10-05 06:38:30.269 A  HamsterAges[29046:14a50] (CoreFoundation) Updating Key-Value Observers Of Preferences
2026-10-05 06:38:30.326 E  HamsterAges[29046:14a50] [com.apple.kvs:Connection] Unable to find entitlement for KVS store
2026-10-05 06:38:30.327 F  HamsterAges[29046:14a50] [com.apple.kvs:Connection] BUG IN CLIENT OF KVS: Trying to initialize NSUbiquitousKeyValueStore without a store identifier. Please specify your store identifier in the 'com.apple.developer.ubiquity-kvstore-identifier' entitlement.
2026-10-05 06:38:30.327 A  HamsterAges[29046:14a50] (libsystem_trace.dylib) Activity for state dumps
2026-10-05 06:38:30.543 Df HamsterAges[29046:14ac0] [com.apple.xpc:connection] [0x10110f9e0] activating connection: mach=true listener=false peer=false name=com.apple.fontservicesd
2026-10-05 06:38:30.659 Df HamsterAges[29046:14a50] [com.apple.FrontBoard:SceneClient] [(FBSceneManager):sceneID:com.valkhim.hamsterages-9549A8D9-0564-4F60-9294-78B777E20885] Sending action(s): BLSInvalidateFrameSpecifiersAction
2026-10-05 06:38:30.660 Df HamsterAges[29046:14a50] [com.apple.UIKit:InterfaceStyle] Not push traits update to screen for new style 1, <UIWindowScene: 0x100e0f430> (9549A8D9-0564-4F60-9294-78B777E20885)
2026-10-05 06:38:30.660 Df HamsterAges[29046:14a50] [com.apple.UIKit:_UIVisualStyleRegistry] Warning: no visual style classes have been registered at all.
2026-10-05 06:38:30.664 Df HamsterAges[29046:14a50] [com.apple.network:] networkd_settings_read_from_file initialized networkd settings by reading plist directly
2026-10-05 06:38:30.664 Df HamsterAges[29046:14a50] [com.apple.network:] networkd_settings_read_from_file initialized networkd settings by reading plist directly
2026-10-05 06:38:30.666 Df HamsterAges[29046:14a50] [com.apple.CFNetwork:Default] Task <23C399A9-70C9-4E13-BFBD-4A9A8A6665EB>.<1> resuming, timeouts(8.0, 604800.0) qos(0x21) voucher((null)) activity(00000000-0000-0000-0000-000000000000)
2026-10-05 06:38:30.667 A  HamsterAges[29046:14a50] (CoreFoundation) Loading Preferences From User Session CFPrefsD
2026-10-05 06:38:30.674 Df HamsterAges[29046:14ac3] [com.apple.CFNetwork:Default] Initializing NSHTTPCookieStorage singleton
2026-10-05 06:38:30.675 Df HamsterAges[29046:14ac3] [com.apple.CFNetwork:Default] Initializing CFHTTPCookieStorage singleton
2026-10-05 06:38:30.675 Df HamsterAges[29046:14ac3] [com.apple.CFNetwork:Default] Creating default cookie storage with process/bundle identifier
2026-10-05 06:38:30.675 A  HamsterAges[29046:14ac3] (libsystem_containermanager.dylib) container_system_group_path_for_identifier
2026-10-05 06:38:30.675 Df HamsterAges[29046:14ac3] [com.apple.containermanager:xpc] Requesting container lookup; class = 13, identifier = com.apple.nsurlsessiond, group_identifier = systemgroup.com.apple.nsurlstoragedresources, create = 1, temp = 0, euid = 501, uid = 501
2026-10-05 06:38:30.675 A  HamsterAges[29046:14ac3] (libsystem_containermanager.dylib) container_query_t
2026-10-05 06:38:30.675 Df HamsterAges[29046:14ac3] [com.apple.containermanager:xpc] Query; euid = 501, uid = 501, class = 13, identifier = [com.apple.nsurlsessiond](1), flags = 900000003
2026-10-05 06:38:30.687 Df HamsterAges[29046:14ac3] [com.apple.containermanager:unspecified] _container_query_get_result_at_index: success
2026-10-05 06:38:30.688 A  HamsterAges[29046:14ac3] (libsystem_containermanager.dylib) container_copy_object
2026-10-05 06:38:30.688 Df HamsterAges[29046:14ac3] [com.apple.containermanager:unspecified] container_system_group_path_for_identifier: success
2026-10-05 06:38:30.689 Df HamsterAges[29046:14ac3] [com.apple.CFNetwork:Default] Initializing AlternativeServices Storage singleton
2026-10-05 06:38:30.690 Df HamsterAges[29046:14ac3] [com.apple.FileURL:default] kExcludedFromBackupXattrName set on path: /Users/runner/Library/Developer/CoreSimulator/Devices/291E4B86-C951-41A7-8327-84BF0304D0A9/data/Containers/Data/Application/B27423C8-BF3A-4B75-AE28-417D0A9821D7/Library/HTTPStorages/com.valkhim.hamsterages
2026-10-05 06:38:30.705 Df HamsterAges[29046:14abe] [com.apple.CFNetwork:Default] Garbage collection for alternative services
2026-10-05 06:38:30.705 Df HamsterAges[29046:14ac3] [com.apple.CFNetwork:Default] Connection 0: creating secure tcp or quic connection
2026-10-05 06:38:30.720 Df HamsterAges[29046:14ac3] [com.apple.CFNetwork:Default] Connection 1: enabling TLS
2026-10-05 06:38:30.720 Df HamsterAges[29046:14ac3] [com.apple.CFNetwork:Default] Connection 1: starting, TC(0x0)
2026-10-05 06:38:30.720 Df HamsterAges[29046:14ac3] [com.apple.network:connection] [C1 AD8DD1BC-FCB1-42B6-8A76-C947F27AEAB8 Hostname#eaf4d653:443 quic-connection, url: https://raw.githubusercontent.com/khimchuk00/hamster-ages/main/config/remote.json, definite, attribution: developer, context: com.apple.CFNetwork.NSURLSession.{A6F26147-D2C8-47BC-9698-A9005A1C23D8}{(null)}{Y}{2}{0x0} (private), proc: 6A879243-69DF-3D44-BBA3-9BDFA1201B42, delegated upid: 0] start
2026-10-05 06:38:30.733 Df HamsterAges[29046:14ac3] [com.apple.network:connection] [C1 Hostname#eaf4d653:443 initial parent-flow ((null))] event: path:start @0.000s
2026-10-05 06:38:30.734 Df HamsterAges[29046:14ac3] [com.apple.network:connection] [C1 Hostname#eaf4d653:443 waiting parent-flow (satisfied (Path is satisfied), interface: en0)] event: path:satisfied @0.000s, uuid: A3DF961C-7DFA-4817-B744-24A0D6D8514D
2026-10-05 06:38:30.749 Df HamsterAges[29046:14ac3] [com.apple.network:connection] [C1 Hostname#eaf4d653:443 in_progress parent-flow (satisfied (Path is satisfied), interface: en0)] event: flow:start_connect @0.015s
2026-10-05 06:38:30.749 Df HamsterAges[29046:14a50] [com.apple.extensionkit:NSExtension] Class EXGetExtensionClass(void) returning EXConcreteExtension
2026-10-05 06:38:30.749 Df HamsterAges[29046:14ac3] [com.apple.network:connection] nw_connection_report_state_with_handler_on_nw_queue [C1] reporting state preparing
2026-10-05 06:38:30.749 Df HamsterAges[29046:14a50] [com.apple.xpc:connection] [0x100f48b70] activating connection: mach=true listener=false peer=false name=com.apple.pluginkit.pkd
2026-10-05 06:38:30.750 A  HamsterAges[29046:14a50] (PlugInKit) continuous-discovery
2026-10-05 06:38:30.750 Df HamsterAges[29046:14a50] [com.apple.PlugInKit:discovery] <PKDiscoveryDriver:0x60000262c420> created discovery driver
2026-10-05 06:38:30.750 Df HamsterAges[29046:14a50] [com.apple.PlugInKit:discovery] [d 7E50F1ED-F378-40FF-8143-35F509BA3254] <PKHost:0x60000175e8c0> Beginning discovery for flags: 0, point: com.apple.AudioUnit
2026-10-05 06:38:30.751 Df HamsterAges[29046:14ac3] [com.apple.network:connection] [C1 Hostname#eaf4d653:443 in_progress parent-flow (satisfied (Path is satisfied), interface: en0)] event: flow:start_child @0.017s
2026-10-05 06:38:30.751 Df HamsterAges[29046:14ac3] [com.apple.network:connection] [C1.1 Hostname#eaf4d653:443 initial path ((null))] event: path:start @0.017s
2026-10-05 06:38:30.751 Df HamsterAges[29046:14ac3] [com.apple.network:connection] [C1.1 Hostname#eaf4d653:443 waiting path (satisfied (Path is satisfied), interface: en0)] event: path:satisfied @0.018s, uuid: A3DF961C-7DFA-4817-B744-24A0D6D8514D
2026-10-05 06:38:30.751 Df HamsterAges[29046:14ac3] [com.apple.network:connection] [C1.1 Hostname#eaf4d653:443 in_progress transform (satisfied (Path is satisfied), interface: en0)] event: transform:start @0.018s
2026-10-05 06:38:30.751 Df HamsterAges[29046:14ac3] [com.apple.network:connection] [C1.1.1 Hostname#eaf4d653:443 initial path ((null))] event: path:start @0.018s
2026-10-05 06:38:30.752 Df HamsterAges[29046:14ac3] [com.apple.network:connection] [C1.1.1 Hostname#eaf4d653:443 waiting path (satisfied (Path is satisfied), interface: en0)] event: path:satisfied @0.018s, uuid: 06000A37-0585-497D-B1E7-08F5E69E01F4
2026-10-05 06:38:30.752 Df HamsterAges[29046:14ac3] [com.apple.network:connection] [C1.1.1 Hostname#eaf4d653:443 in_progress resolver (satisfied (Path is satisfied), interface: en0)] event: resolver:start_dns @0.018s
2026-10-05 06:38:30.753 Df HamsterAges[29046:14ac3] [com.apple.CFNetwork:Default] Task <23C399A9-70C9-4E13-BFBD-4A9A8A6665EB>.<1> setting up Connection 1
2026-10-05 06:38:30.755 Df HamsterAges[29046:14ac3] [com.apple.network:connection] nw_endpoint_resolver_update [C1.1.1 Hostname#eaf4d653:443 in_progress resolver (satisfied (Path is satisfied), interface: en0)] Adding endpoint handler for IPv4#f0e5a0e7:443
2026-10-05 06:38:30.755 Df HamsterAges[29046:14ac3] [com.apple.network:connection] nw_endpoint_resolver_update [C1.1.1 Hostname#eaf4d653:443 in_progress resolver (satisfied (Path is satisfied), interface: en0)] Adding endpoint handler for IPv4#5d16937d:443
2026-10-05 06:38:30.755 Df HamsterAges[29046:14ac3] [com.apple.network:connection] nw_endpoint_resolver_update [C1.1.1 Hostname#eaf4d653:443 in_progress resolver (satisfied (Path is satisfied), interface: en0)] Adding endpoint handler for IPv4#bd6ac610:443
2026-10-05 06:38:30.755 Df HamsterAges[29046:14ac3] [com.apple.network:connection] nw_endpoint_resolver_update [C1.1.1 Hostname#eaf4d653:443 in_progress resolver (satisfied (Path is satisfied), interface: en0)] Adding endpoint handler for IPv4#9c545308:443
2026-10-05 06:38:30.755 Df HamsterAges[29046:14ac3] [com.apple.network:connection] [C1.1.1 Hostname#eaf4d653:443 in_progress resolver (satisfied (Path is satisfied), interface: en0)] event: resolver:receive_dns @0.021s
2026-10-05 06:38:30.756 Df HamsterAges[29046:14ac3] [com.apple.network:connection] [C1.1.1.1 IPv4#f0e5a0e7:443 initial path ((null))] event: path:start @0.022s
2026-10-05 06:38:30.756 Df HamsterAges[29046:14ac3] [com.apple.network:connection] [C1.1.1.1 IPv4#f0e5a0e7:443 waiting path (satisfied (Path is satisfied), interface: en0)] event: path:satisfied @0.022s, uuid: 62FE0DE9-26A5-4913-860F-F78806EEA3E0
2026-10-05 06:38:30.757 Df HamsterAges[29046:14ac3] [com.apple.network:connection] [C1.1.1.1 IPv4#f0e5a0e7:443 in_progress socket-flow (satisfied (Path is satisfied), interface: en0)] event: flow:start_connect @0.024s
2026-10-05 06:38:30.758 Df HamsterAges[29046:14ac3] [com.apple.PlugInKit:discovery] [d 7E50F1ED-F378-40FF-8143-35F509BA3254] <PKHost:0x60000175e8c0> Completed discovery. Final # of matches: 0
2026-10-05 06:38:30.758 Df HamsterAges[29046:14abe] [com.apple.PlugInKit:discovery] <PKDiscoveryDriver:0x60000262c420> delivering update to host (0 plugins)
2026-10-05 06:38:30.758 A  HamsterAges[29046:14abe] (ExtensionFoundation) discovering extensions
2026-10-05 06:38:30.758 Df HamsterAges[29046:14abe] [com.apple.extensionkit:NSExtension] discovered extensions: attributes {
    NSExtensionPointName = "com.apple.AudioUnit";
}, extensionSet {(
)}
2026-10-05 06:38:30.758 Df HamsterAges[29046:14abe] [com.apple.PlugInKit:discovery] <PKDiscoveryDriver:0x60000262c420> installing watchers for continuous discovery
2026-10-05 06:38:30.758 A  HamsterAges[29046:14a50] (PlugInKit) continuous-discovery
2026-10-05 06:38:30.759 Df HamsterAges[29046:14a50] [com.apple.PlugInKit:discovery] <PKDiscoveryDriver:0x60000262a0a0> created discovery driver
2026-10-05 06:38:30.759 Df HamsterAges[29046:14a50] [com.apple.PlugInKit:discovery] [d 9D917FF4-11A8-4C70-AFA8-14E504C7E836] <PKHost:0x60000175e8c0> Beginning discovery for flags: 0, point: com.apple.AudioUnit-UI
2026-10-05 06:38:30.759 Df HamsterAges[29046:14abe] [com.apple.launchservices:appinstallation] registering for distributed notification com.apple.LaunchServices.pluginsregistered in this process
2026-10-05 06:38:30.759 Df HamsterAges[29046:14abe] [com.apple.xpc:connection] [0x1011259e0] activating connection: mach=true listener=false peer=false name=com.apple.distributed_notifications@1v3
2026-10-05 06:38:30.759 Df HamsterAges[29046:14abe] [com.apple.launchservices:appinstallation] registering for distributed notification com.apple.LaunchServices.pluginsunregistered in this process
2026-10-05 06:38:30.761 Df HamsterAges[29046:14abc] [com.apple.PlugInKit:discovery] [d 9D917FF4-11A8-4C70-AFA8-14E504C7E836] <PKHost:0x60000175e8c0> Completed discovery. Final # of matches: 0
2026-10-05 06:38:30.761 Df HamsterAges[29046:14abc] [com.apple.PlugInKit:discovery] <PKDiscoveryDriver:0x60000262a0a0> delivering update to host (0 plugins)
2026-10-05 06:38:30.761 A  HamsterAges[29046:14abc] (ExtensionFoundation) discovering extensions
2026-10-05 06:38:30.761 Df HamsterAges[29046:14abe] [com.apple.launchservices:progress] Establishing xpc connection to lsd
2026-10-05 06:38:30.761 Df HamsterAges[29046:14ac3] [com.apple.network:connection] nw_socket_handle_socket_event [C1.1.1.1:3] Socket received CONNECTED event
2026-10-05 06:38:30.761 Df HamsterAges[29046:14abc] [com.apple.extensionkit:NSExtension] discovered extensions: attributes {
    NSExtensionPointName = "com.apple.AudioUnit-UI";
}, extensionSet {(
)}
2026-10-05 06:38:30.761 Df HamsterAges[29046:14abc] [com.apple.PlugInKit:discovery] <PKDiscoveryDriver:0x60000262a0a0> installing watchers for continuous discovery
2026-10-05 06:38:30.761 Df HamsterAges[29046:14abe] [com.apple.xpc:connection] [0x100e76bd0] activating connection: mach=true listener=false peer=false name=com.apple.lsd.xpc
2026-10-05 06:38:30.761 A  HamsterAges[29046:14a50] (PlugInKit) continuous-discovery
2026-10-05 06:38:30.762 Df HamsterAges[29046:14a50] [com.apple.PlugInKit:discovery] <PKDiscoveryDriver:0x60000262cd80> created discovery driver
2026-10-05 06:38:30.762 Df HamsterAges[29046:14a50] [com.apple.PlugInKit:discovery] [d 8D8D60A6-9923-4F3B-8C39-43F65B786F35] <PKHost:0x60000175e8c0> Beginning discovery for flags: 0, point: com.apple.AudioUnit-Speech
2026-10-05 06:38:30.762 Df HamsterAges[29046:14abe] [com.apple.launchservices:progress] Received LSWorkspaceObserverPing, xpc connection established
2026-10-05 06:38:30.762 Df HamsterAges[29046:14ac3] [com.apple.network:connection] nw_flow_connected [C1.1.1.1 IPv4#f0e5a0e7:443 in_progress socket-flow (satisfied (Path is satisfied), interface: en0)] Transport protocol connected (socket)
2026-10-05 06:38:30.763 Df HamsterAges[29046:14ac3] [com.apple.network:connection] [C1.1.1.1 IPv4#f0e5a0e7:443 in_progress socket-flow (satisfied (Path is satisfied), interface: en0)] event: flow:finish_transport @0.029s
2026-10-05 06:38:30.763 Df HamsterAges[29046:14ac3] [com.apple.network:boringssl] boringssl_session_apply_protocol_options_for_transport_block_invoke_2(2323) [C1.1.1.1:2][0x100f49570] TLS configured [min_version(0x0303) max_version(0x0304) name(redacted) tickets(false) false_start(false) enforce_ev(false) enforce_ats(false) ats_non_pfs_ciphersuite_allowed(false) ech(false) pqtls(true), pake(false)]
2026-10-05 06:38:30.764 Df HamsterAges[29046:14ac3] [com.apple.network:boringssl] boringssl_context_info_handler(2390) [C1.1.1.1:2][0x100f49570] Client handshake started
2026-10-05 06:38:30.764 Df HamsterAges[29046:14ac3] [com.apple.network:boringssl] boringssl_context_info_handler(2407) [C1.1.1.1:2][0x100f49570] Client handshake state: TLS client enter_early_data
2026-10-05 06:38:30.764 Df HamsterAges[29046:14ac3] [com.apple.network:boringssl] boringssl_context_info_handler(2407) [C1.1.1.1:2][0x100f49570] Client handshake state: TLS client read_server_hello
2026-10-05 06:38:30.765 Df HamsterAges[29046:14abe] [com.apple.PlugInKit:discovery] [d 8D8D60A6-9923-4F3B-8C39-43F65B786F35] <PKHost:0x60000175e8c0> Completed discovery. Final # of matches: 4
2026-10-05 06:38:30.765 Df HamsterAges[29046:14abe] [com.apple.PlugInKit:discovery] <PKDiscoveryDriver:0x60000262cd80> delivering update to host (4 plugins)
2026-10-05 06:38:30.765 A  HamsterAges[29046:14abe] (ExtensionFoundation) discovering extensions
2026-10-05 06:38:30.768 Df HamsterAges[29046:14abe] [com.apple.extensionkit:NSExtension] discovered extensions: attributes {
    NSExtensionPointName = "com.apple.AudioUnit-Speech";
}, extensionSet {(
    <EXConcreteExtension: 0x6000039d00d0> {id = com.apple.speech.MacinTalkFramework.MacinTalkAUSP},
    <EXConcreteExtension: 0x6000039d0270> {id = com.apple.texttospeech.SiriAUSP},
    <EXConcreteExtension: 0x6000039cc340> {id = com.apple.ax.KonaTTSSupport.KonaSynthesizer},
    <EXConcreteExtension: 0x6000039cb740> {id = com.apple.ax.MauiTTSSupport.MauiAUSP}
)}
2026-10-05 06:38:30.768 Df HamsterAges[29046:14abe] [com.apple.PlugInKit:discovery] <PKDiscoveryDriver:0x60000262cd80> installing watchers for continuous discovery
2026-10-05 06:38:30.768 Df HamsterAges[29046:14ac3] [com.apple.network:boringssl] boringssl_context_info_handler(2407) [C1.1.1.1:2][0x100f49570] Client handshake state: TLS 1.3 client read_hello_retry_request
2026-10-05 06:38:30.768 Df HamsterAges[29046:14ac3] [com.apple.network:boringssl] boringssl_context_info_handler(2407) [C1.1.1.1:2][0x100f49570] Client handshake state: TLS 1.3 client read_server_hello
2026-10-05 06:38:30.768 Df HamsterAges[29046:14ac3] [com.apple.network:boringssl] boringssl_context_info_handler(2407) [C1.1.1.1:2][0x100f49570] Client handshake state: TLS 1.3 client read_encrypted_extensions
2026-10-05 06:38:30.768 Df HamsterAges[29046:14ac3] [com.apple.network:boringssl] boringssl_context_info_handler(2407) [C1.1.1.1:2][0x100f49570] Client handshake state: TLS 1.3 client read_certificate_request
2026-10-05 06:38:30.768 Df HamsterAges[29046:14ac3] [com.apple.network:boringssl] boringssl_context_info_handler(2407) [C1.1.1.1:2][0x100f49570] Client handshake state: TLS 1.3 client read_server_certificate
2026-10-05 06:38:30.768 Df HamsterAges[29046:14ac3] [com.apple.network:boringssl] boringssl_context_info_handler(2407) [C1.1.1.1:2][0x100f49570] Client handshake state: TLS 1.3 client read_server_certificate_verify
2026-10-05 06:38:30.768 Df HamsterAges[29046:14ac3] [com.apple.network:boringssl] boringssl_context_evaluate_trust_async(1833) [C1.1.1.1:2][0x100f49570] Performing external trust evaluation
2026-10-05 06:38:30.768 A  HamsterAges[29046:14ac3] (Security) SecKeyCopyPublicBytes
2026-10-05 06:38:30.768 Df HamsterAges[29046:14ac3] [com.apple.network:boringssl] boringssl_context_evaluate_trust_async_external(1818) [C1.1.1.1:2][0x100f49570] Asyncing for external verify block
2026-10-05 06:38:30.768 Df HamsterAges[29046:14ac3] [com.apple.CFNetwork:Default] Connection 1: asked to evaluate TLS Trust
2026-10-05 06:38:30.770 Df HamsterAges[29046:14abe] [com.apple.CFNetwork:Default] Task <23C399A9-70C9-4E13-BFBD-4A9A8A6665EB>.<1> auth completion disp=1 cred=0x0
2026-10-05 06:38:30.770 Df HamsterAges[29046:14abe] [com.apple.securityd:trust] (Trust 0x600003511b80) No pending evals, starting
2026-10-05 06:38:30.770 A  HamsterAges[29046:14abe] (Security) SecTrustEvaluateIfNecessaryFastAsync
2026-10-05 06:38:30.771 Df HamsterAges[29046:14abe] [com.apple.securityd:keychain] System Keychain Always Supported set via feature flag to disabled
2026-10-05 06:38:30.771 Df HamsterAges[29046:14abe] [com.apple.xpc:connection] [0x100f47f60] activating connection: mach=true listener=false peer=false name=com.apple.trustd
2026-10-05 06:38:30.771 Df HamsterAges[29046:14abe] [com.apple.xpc:connection] [0x100f4a480] activating connection: mach=true listener=false peer=false name=com.apple.trustd
2026-10-05 06:38:30.771 Df HamsterAges[29046:14abe] [com.apple.securityd:trust] (Trust 0x600003511b80) Completed async eval kickoff
2026-10-05 06:38:30.771 Df HamsterAges[29046:14a50] [com.apple.audio.caulk:alloc] Registered notify signal com.apple.caulk.alloc.rtdump (0)
2026-10-05 06:38:30.774 Df HamsterAges[29046:14a50] [com.apple.avfaudio:avae]      AVAudioIONodeImpl.mm:235   Engine@0x600003755740: associating with audio session (0x0), error -10879
2026-10-05 06:38:30.774 Df HamsterAges[29046:14a50] [com.apple.coreaudio:aurioc]            AURemoteIO.cpp:1130  AURemoteIO@0x102122040: set kAudioOutputUnitProperty_OutputChannelLayout.  Layout = tag=0x0, 0 channel descriptions [], err = 0
2026-10-05 06:38:30.775 Df HamsterAges[29046:14abc] [com.apple.securityd:trust] (Trust 0x600003511b80) trustd returned 4
2026-10-05 06:38:30.775 Df HamsterAges[29046:14abc] [com.apple.CFNetwork:Default] System Trust Evaluation yielded status(0)
2026-10-05 06:38:30.775 Df HamsterAges[29046:14abc] [com.apple.securityd:trust] (Trust 0x60000350b0d0) No pending evals, starting
2026-10-05 06:38:30.775 A  HamsterAges[29046:14abc] (Security) SecTrustEvaluateIfNecessaryFastAsync
2026-10-05 06:38:30.775 Df HamsterAges[29046:14abc] [com.apple.xpc:connection] [0x101139330] activating connection: mach=true listener=false peer=false name=com.apple.trustd
2026-10-05 06:38:30.776 Df HamsterAges[29046:14abc] [com.apple.securityd:trust] (Trust 0x60000350b0d0) Completed async eval kickoff
2026-10-05 06:38:30.776 Df HamsterAges[29046:14abc] [com.apple.xpc:connection] [0x100f4a480] invalidated because the current process cancelled the connection by calling xpc_connection_cancel()
2026-10-05 06:38:30.779 Df HamsterAges[29046:14b46] [com.apple.securityd:trust] (Trust 0x60000350b0d0) trustd returned 4
2026-10-05 06:38:30.779 Df HamsterAges[29046:14b46] [com.apple.CFNetwork:Default] Connection 1: TLS Trust result 0
2026-10-05 06:38:30.779 Df HamsterAges[29046:14b46] [com.apple.network:boringssl] boringssl_context_evaluate_trust_async_external_block_invoke_3(1773) [C1.1.1.1:2][0x100f49570] Returning from external verify block with result: true
2026-10-05 06:38:30.779 Df HamsterAges[29046:14b46] [com.apple.network:boringssl] boringssl_context_certificate_verify_callback(2014) [C1.1.1.1:2][0x100f49570] Certificate verification result: OK
2026-10-05 06:38:30.779 Df HamsterAges[29046:14b46] [com.apple.network:boringssl] boringssl_context_info_handler(2407) [C1.1.1.1:2][0x100f49570] Client handshake state: TLS 1.3 client read_server_finished
2026-10-05 06:38:30.779 Df HamsterAges[29046:14b46] [com.apple.network:boringssl] boringssl_context_info_handler(2407) [C1.1.1.1:2][0x100f49570] Client handshake state: TLS 1.3 client send_end_of_early_data
2026-10-05 06:38:30.779 Df HamsterAges[29046:14b46] [com.apple.network:boringssl] boringssl_context_info_handler(2407) [C1.1.1.1:2][0x100f49570] Client handshake state: TLS 1.3 client send_client_encrypted_extensions
2026-10-05 06:38:30.779 Df HamsterAges[29046:14b46] [com.apple.network:boringssl] boringssl_context_info_handler(2407) [C1.1.1.1:2][0x100f49570] Client handshake state: TLS 1.3 client send_client_certificate
2026-10-05 06:38:30.779 Df HamsterAges[29046:14b46] [com.apple.network:boringssl] boringssl_context_info_handler(2407) [C1.1.1.1:2][0x100f49570] Client handshake state: TLS 1.3 client complete_second_flight
2026-10-05 06:38:30.779 Df HamsterAges[29046:14b46] [com.apple.network:boringssl] boringssl_context_info_handler(2407) [C1.1.1.1:2][0x100f49570] Client handshake state: TLS 1.3 client done
2026-10-05 06:38:30.780 Df HamsterAges[29046:14b46] [com.apple.network:boringssl] boringssl_context_info_handler(2407) [C1.1.1.1:2][0x100f49570] Client handshake state: TLS client finish_client_handshake
2026-10-05 06:38:30.780 Df HamsterAges[29046:14b46] [com.apple.network:boringssl] boringssl_context_info_handler(2407) [C1.1.1.1:2][0x100f49570] Client handshake state: TLS client done
2026-10-05 06:38:30.780 Df HamsterAges[29046:14b46] [com.apple.network:boringssl] boringssl_context_info_handler(2396) [C1.1.1.1:2][0x100f49570] Client handshake done
2026-10-05 06:38:30.780 A  HamsterAges[29046:14b46] (Security) SecKeyCopyPublicBytes
2026-10-05 06:38:30.780 Df HamsterAges[29046:14b46] [com.apple.network:boringssl] nw_protocol_boringssl_signal_connected(895) [C1.1.1.1:2][0x100f49570] TLS connected [server(0) version(0x0304) ciphersuite(TLS_AES_128_GCM_SHA256) group(0x11ec) signature_alg(0x0804) alpn(h2) resumed(0) offered_ticket(0) in_early_data(0) early_data_accepted(0) false_started(0) ocsp_received(0) sct_received(0) connect_time(16ms) flight_time(4ms) rtt(4ms) write_stalls(0) read_stalls(2) pake(0x0000)]
2026-10-05 06:38:30.781 Df HamsterAges[29046:14b46] [com.apple.network:connection] nw_flow_connected [C1.1.1.1 IPv4#f0e5a0e7:443 in_progress socket-flow (satisfied (Path is satisfied), interface: en0)] Output protocol connected (CFNetworkConnection-1300113070)
2026-10-05 06:38:30.781 Df HamsterAges[29046:14b46] [com.apple.network:connection] [C1.1.1.1 IPv4#f0e5a0e7:443 ready socket-flow (satisfied (Path is satisfied), interface: en0)] event: flow:child_finish_connect @0.047s
2026-10-05 06:38:30.781 Df HamsterAges[29046:14b46] [com.apple.network:connection] [C1.1.1 Hostname#eaf4d653:443 ready resolver (satisfied (Path is satisfied), interface: en0)] event: flow:child_finish_connect @0.047s
2026-10-05 06:38:30.781 Df HamsterAges[29046:14b46] [com.apple.network:connection] [C1.1 Hostname#eaf4d653:443 ready transform (satisfied (Path is satisfied), interface: en0)] event: flow:child_finish_connect @0.048s
2026-10-05 06:38:30.782 Df HamsterAges[29046:14b46] [com.apple.network:connection] nw_flow_connected [C1 IPv4#f0e5a0e7:443 in_progress parent-flow (satisfied (Path is satisfied), interface: en0)] Output protocol connected (endpoint_flow)
2026-10-05 06:38:30.782 Df HamsterAges[29046:14b46] [com.apple.network:connection] [C1 IPv4#f0e5a0e7:443 ready parent-flow (satisfied (Path is satisfied), interface: en0)] event: flow:finish_connect @0.048s
2026-10-05 06:38:30.783 Df HamsterAges[29046:14b46] [com.apple.network:connection] nw_connection_report_state_with_handler_on_nw_queue [C1] reporting state ready
2026-10-05 06:38:30.783 A  HamsterAges[29046:14b46] (Security) SecKeyCopyPublicBytes
2026-10-05 06:38:30.783 Df HamsterAges[29046:14b46] [com.apple.xpc:connection] [0x101139330] invalidated because the current process cancelled the connection by calling xpc_connection_cancel()
2026-10-05 06:38:30.784 Df HamsterAges[29046:14b46] [com.apple.CFNetwork:Default] Connection 1: connected successfully
2026-10-05 06:38:30.784 Df HamsterAges[29046:14b46] [com.apple.CFNetwork:Default] Connection 1: TLS handshake complete
2026-10-05 06:38:30.784 Df HamsterAges[29046:14b46] [com.apple.CFNetwork:Default] Connection 1: ready C(N) E(N)
2026-10-05 06:38:30.784 Df HamsterAges[29046:14b46] [com.apple.network:connection] [C1] event: client:connection_reused @0.051s
2026-10-05 06:38:30.787 Df HamsterAges[29046:14abc] [com.apple.UIKit:BackgroundTask] Ending background task with UIBackgroundTaskIdentifier: 2
2026-10-05 06:38:30.787 Df HamsterAges[29046:14abc] [com.apple.UIKit:BackgroundTask] Ending task with identifier 2 and description: <_UIBackgroundTaskInfo: 0x600001725280>: taskID = 2, taskName = Persistent SceneSession Map Update, creationTime = 1103 (elapsed = 1), _expireHandler: <__NSGlobalBlock__: 0x1e61729e0>
2026-10-05 06:38:30.787 Df HamsterAges[29046:14abc] [com.apple.UIKit:BackgroundTask] Decrementing reference count for assertion <BKSProcessAssertion: 0x6000021012c0> (used by background task with identifier 2: <_UIBackgroundTaskInfo: 0x600001725280>: taskID = 2, taskName = Persistent SceneSession Map Update, creationTime = 1103 (elapsed = 1))
2026-10-05 06:38:30.789 Df HamsterAges[29046:14b46] [com.apple.network:connection] nw_protocol_socket_notify [C1.1.1.1:3] nw_protocol_notification_type_connection_idle is false
2026-10-05 06:38:30.789 E  HamsterAges[29046:14b46] [com.apple.network:connection] nw_socket_set_connection_idle [C1.1.1.1:3] setsockopt SO_CONNECTION_IDLE failed [42: Protocol not available]
2026-10-05 06:38:30.802 Df HamsterAges[29046:14b46] [com.apple.CFNetwork:Default] Task <23C399A9-70C9-4E13-BFBD-4A9A8A6665EB>.<1> now using Connection 1
2026-10-05 06:38:30.803 Df HamsterAges[29046:14b46] [com.apple.CFNetwork:Default] Task <23C399A9-70C9-4E13-BFBD-4A9A8A6665EB>.<1> sent request, body N 0
2026-10-05 06:38:30.807 Df HamsterAges[29046:14b46] [com.apple.CFNetwork:Default] Task <23C399A9-70C9-4E13-BFBD-4A9A8A6665EB>.<1> received response, status 200 content K
2026-10-05 06:38:30.807 Df HamsterAges[29046:14b46] [com.apple.CFNetwork:Default] Task <23C399A9-70C9-4E13-BFBD-4A9A8A6665EB>.<1> done using Connection 1
2026-10-05 06:38:30.807 Df HamsterAges[29046:14b46] [com.apple.network:connection] [C1] event: client:connection_idle @0.073s
2026-10-05 06:38:30.807 Df HamsterAges[29046:14b46] [com.apple.network:connection] nw_protocol_socket_notify [C1.1.1.1:3] nw_protocol_notification_type_connection_idle is true
2026-10-05 06:38:30.807 E  HamsterAges[29046:14b46] [com.apple.network:connection] nw_socket_set_connection_idle [C1.1.1.1:3] setsockopt SO_CONNECTION_IDLE failed [42: Protocol not available]
2026-10-05 06:38:30.807 Df HamsterAges[29046:14b46] [com.apple.CFNetwork:Default] Task <23C399A9-70C9-4E13-BFBD-4A9A8A6665EB>.<1> response ended
2026-10-05 06:38:30.814 Df HamsterAges[29046:14b46] [com.apple.CFNetwork:Summary] Task <23C399A9-70C9-4E13-BFBD-4A9A8A6665EB>.<1> summary for task success {transaction_duration_ms=140, response_status=200, connection=1, protocol="h2", domain_lookup_duration_ms=3, connect_duration_ms=24, secure_connection_duration_ms=16, private_relay=false, request_start_ms=129, request_duration_ms=0, response_start_ms=133, response_duration_ms=1, request_bytes=150, request_throughput_kbps=2614, response_bytes=736, response_throughput_kbps=4208, cache_hit=false}
2026-10-05 06:38:30.814 Df HamsterAges[29046:14b46] [com.apple.CoreAnalytics:client] No XPC connection in Simulator
2026-10-05 06:38:30.814 Df HamsterAges[29046:14b4e] [com.apple.CFNetwork:Default] Task <23C399A9-70C9-4E13-BFBD-4A9A8A6665EB>.<1> finished successfully
2026-10-05 06:38:30.839 Df HamsterAges[29046:14abe] (CoreAudio)   HALPlugInManagement.cpp:443    HALPlugInManagement::RegisterPlugIns: loading in-process plug-ins
2026-10-05 06:38:30.841 E  HamsterAges[29046:14abe] [com.apple.CFBundle:plugin] AddInstanceForFactory: No factory registered for id <CFUUID 0x6000002ae680> F8BB1C28-BAE8-11D6-9C31-00039315CD46
2026-10-05 06:38:30.870 Df HamsterAges[29046:14abe] [com.apple.coreaudio:ddagg]        AggregateDevice.mm:887   Creating DefaultDeviceAggregate
2026-10-05 06:38:30.884 Df HamsterAges[29046:14abe] [com.apple.coreaudio:ddagg]        AggregateDevice.mm:688   Built valid aggregate 109
2026-10-05 06:38:30.886 Df HamsterAges[29046:14abe] [com.apple.coreaudio:aqme]           AQMixEngine.cpp:733   AQMEDevice (0x100e77e68) has neither a defaultOutStreamClient nor a defaultInStreamClient
2026-10-05 06:38:30.886 Df HamsterAges[29046:14ac3] [com.apple.coreaudio:aqme]              AQIONode.cpp:693   client <RemoteIOClient@0x103928200(@0x103928418); output; [29046]> is NOT Now Playing eligible
2026-10-05 06:38:30.887 Df HamsterAges[29046:14ac3] [com.apple.coreaudio:aurios]        RemoteIOServer.cpp:1872  rio@0x103928418 spatialization disabled.  layout = tag=0x0, 0 channel descriptions [], format =  2 ch,      0 Hz, Float32, deinterleaved
2026-10-05 06:38:30.888 Df HamsterAges[29046:14abe] [com.apple.coreaudio:EnhanceDialogueProcessor] EnhanceDialogueProcessor.cpp:226   EnhanceDialogueProcessor() - Product does not support Enhance Dialogue
2026-10-05 06:38:30.888 Df HamsterAges[29046:14abe] [com.apple.coreaudio:EnhanceDialogueProcessor] EnhanceDialogueProcessor.cpp:226   EnhanceDialogueProcessor() - Product does not support Enhance Dialogue
2026-10-05 06:38:30.888 Df HamsterAges[29046:14abe] [com.apple.coreaudio:AudioConverter]        ACv2Workarounds.mm:51    com.valkhim.hamsterages: fix84702776_86723525_86479548_89800354_SinglePacketDesc: false
2026-10-05 06:38:30.889 Df HamsterAges[29046:14abe] [com.apple.audio.caulk:alloc] Registered notify signal com.apple.caulk.alloc.audiodump (0)
2026-10-05 06:38:30.889 Df HamsterAges[29046:14abe] [com.apple.coreaudio:AudioConverter]        AudioConverter.cpp:1067  Created a new in process converter -> 0x600000c63780, from  2 ch,  48000 Hz, Float32, deinterleaved to  2 ch,  48000 Hz, Float32, interleaved
2026-10-05 06:38:30.895 Df HamsterAges[29046:14ac3] [com.apple.coreaudio:aqme]          RemoteIOServer.h:101   rio@0x103928200 Got output layout from io node or spatialized client: tag=0x0, 2 channel descriptions [L, R]
2026-10-05 06:38:30.895 Df HamsterAges[29046:14ac3] [com.apple.coreaudio:aurios]        RemoteIOServer.cpp:1581  SetLoudnessFromLM(): ->
2026-10-05 06:38:30.895 Df HamsterAges[29046:14ac3] [com.apple.coreaudio:aurios]        RemoteIOServer.cpp:1620  SetLoudnessFromLM(): is CoreAudioServices/LoudnessManager enabled? yes
2026-10-05 06:38:30.895 Df HamsterAges[29046:14ac3] [com.apple.coreaudio:aurios]        RemoteIOServer.cpp:1623  SetLoudnessFromLM(): is CoreAudioServices/LoudnessManagerV2 enabled? yes
2026-10-05 06:38:30.895 Df HamsterAges[29046:14ac3] [com.apple.coreaudio:aurios]        RemoteIOServer.cpp:1626  SetLoudnessFromLM(): is CoreAudioServices/lm-disable-hardware-check on? no
2026-10-05 06:38:30.896 Df HamsterAges[29046:14ac3] [com.apple.coreaudio:aurios]        RemoteIOServer.cpp:1629  SetLoudnessFromLM(): is hardware supported? no
2026-10-05 06:38:30.896 Df HamsterAges[29046:14ac3] [com.apple.coreaudio:aurios]        RemoteIOServer.cpp:1641  SetLoudnessFromLM(): hardware not supported, Loudness Manager disabled
2026-10-05 06:38:30.896 Df HamsterAges[29046:14a50] [com.apple.coreaudio:AudioConverter]        AudioConverter.cpp:1067  Created a new in process converter -> 0x600000c5e790, from  2 ch,      0 Hz, Float32, deinterleaved to  2 ch,  48000 Hz, Float32, deinterleaved
2026-10-05 06:38:30.896 Df HamsterAges[29046:14a50] [com.apple.coreaudio:AudioConverter]        AudioConverter.cpp:1317  AudioConverter -> 0x600000c5e790: The in-process GetProperty call returned 1886547824 for property 1936876385 with size 4.
2026-10-05 06:38:30.896 Df HamsterAges[29046:14a50] [com.apple.coreaudio:AudioConverter]        AudioConverter.cpp:1317  AudioConverter -> 0x600000c5e790: The in-process GetProperty call returned 1886547824 for property 1936876401 with size 4.
2026-10-05 06:38:30.896 Df HamsterAges[29046:14b4a] [com.apple.coreaudio:AudioConverter] AudioConverter -> 0x600000c5e790: The in-process SetProperty call returned 1886547824 for property 1886547309 with size 4.
2026-10-05 06:38:30.896 Df HamsterAges[29046:14a50] [com.apple.coreaudio:AudioConverter]        AudioConverter.cpp:1317  AudioConverter -> 0x600000c5e790: The in-process GetProperty call returned 1886547824 for property 1886546285 with size 8.
2026-10-05 06:38:30.896 Df HamsterAges[29046:14a50] [com.apple.coreaudio:aurioc]            AURemoteIO.cpp:1741  Stopping AURemoteIO(0x102122040)
2026-10-05 06:38:30.896 Df HamsterAges[29046:14ac3] [com.apple.coreaudio:SpatialMgr] SpatializationManager.cpp:1459  Could not load preset file, invalid model/product name!
2026-10-05 06:38:30.896 Df HamsterAges[29046:14ac3] [com.apple.coreaudio:aqme]        MEMixerChannel.cpp:3254  2-channel audiovisual content is NOT eligible for spatialization
2026-10-05 06:38:30.896 Df HamsterAges[29046:14ac3] [com.apple.coreaudio:aqme]  MEDeviceStreamClient.cpp:245   AQME Default-InputOutput: client starting: <CA_UISoundClientBase@0x100e0fda0>; running count now 1
2026-10-05 06:38:30.896 Df HamsterAges[29046:14ac3] [com.apple.coreaudio:aqme]            AQMEIO_HAL.cpp:2849  FetchAndLogFrameSize starting IO deviceID=109, frame size is 512
2026-10-05 06:38:30.899 Df HamsterAges[29046:14ac3] [com.apple.coreaudio:aqme]            AQMEIO_HAL.cpp:2818  aqmeio@0x10396d018, device 109 (iOSSimulatorAudioDevice-29046-0), AudioDeviceStart (err 0)
2026-10-05 06:38:31.081 Df HamsterAges[29046:14abe] [com.apple.UIKit:BackgroundTask] Ending background task with UIBackgroundTaskIdentifier: 1
2026-10-05 06:38:31.081 Df HamsterAges[29046:14abe] [com.apple.UIKit:BackgroundTask] Ending task with identifier 1 and description: <_UIBackgroundTaskInfo: 0x600001701f40>: taskID = 1, taskName = Launch Background Task for Coalescing, creationTime = 1103 (elapsed = 1), _expireHandler: (null)
2026-10-05 06:38:31.081 Df HamsterAges[29046:14abe] [com.apple.UIKit:BackgroundTask] Decrementing reference count for assertion <BKSProcessAssertion: 0x6000021012c0> (used by background task with identifier 1: <_UIBackgroundTaskInfo: 0x600001701f40>: taskID = 1, taskName = Launch Background Task for Coalescing, creationTime = 1103 (elapsed = 1))
2026-10-05 06:38:31.081 Df HamsterAges[29046:14abe] [com.apple.UIKit:BackgroundTask] Will invalidate assertion: <BKSProcessAssertion: 0x6000021012c0> for task identifier: 1
2026-10-05 06:38:31.190 A  HamsterAges[29046:14abe] (RunningBoardServices) didChangeInheritances
2026-10-05 06:38:31.527 Df HamsterAges[29046:14a50] [com.apple.coreaudio:as_client] AVAudioSessionImpl_Simulator.mm:111   Set volume on device 85 to 0.60
2026-10-05 06:38:31.527 Df HamsterAges[29046:14a50] [com.apple.coreaudio:as_client] AVAudioSessionImpl_Simulator.mm:111   Set volume on device 85 to 0.60
2026-10-05 06:38:31.528 Df HamsterAges[29046:14a50] [com.apple.coreaudio:ddagg]        AggregateDevice.mm:1008  PrimarySessionActiveWithInputEnabled 0 -> 0
2026-10-05 06:38:31.528 Df HamsterAges[29046:14a50] [com.apple.avfaudio:avae]          AVAudioEngine.mm:1182  Engine@0x60000000a840: start, was running 0
2026-10-05 06:38:31.528 Df HamsterAges[29046:14a50] [com.apple.coreaudio:aurioc]            AURemoteIO.cpp:1130  AURemoteIO@0x102122040: set kAudioOutputUnitProperty_OutputChannelLayout.  Layout = tag=0x650002, err = 0
2026-10-05 06:38:31.528 Df HamsterAges[29046:14abe] [com.apple.coreaudio:aqme]              AQIONode.cpp:693   client <RemoteIOClient@0x103928200(@0x103928418); output; [29046]> is NOT Now Playing eligible
2026-10-05 06:38:31.528 Df HamsterAges[29046:14abe] [com.apple.coreaudio:aurios]        RemoteIOServer.cpp:1872  rio@0x103928418 spatialization disabled.  layout = tag=0x650002, format =  2 ch,  44100 Hz, Float32, deinterleaved
2026-10-05 06:38:31.528 Df HamsterAges[29046:14abe] [com.apple.coreaudio:aqme]          RemoteIOServer.h:101   rio@0x103928200 Got output layout from io node or spatialized client: tag=0x0, 2 channel descriptions [L, R]
2026-10-05 06:38:31.528 Df HamsterAges[29046:14abe] [com.apple.coreaudio:aurios]        RemoteIOServer.cpp:1581  SetLoudnessFromLM(): ->
2026-10-05 06:38:31.528 Df HamsterAges[29046:14abe] [com.apple.coreaudio:aurios]        RemoteIOServer.cpp:1620  SetLoudnessFromLM(): is CoreAudioServices/LoudnessManager enabled? yes
2026-10-05 06:38:31.528 Df HamsterAges[29046:14abe] [com.apple.coreaudio:aurios]        RemoteIOServer.cpp:1623  SetLoudnessFromLM(): is CoreAudioServices/LoudnessManagerV2 enabled? yes
2026-10-05 06:38:31.528 Df HamsterAges[29046:14abe] [com.apple.coreaudio:aurios]        RemoteIOServer.cpp:1626  SetLoudnessFromLM(): is CoreAudioServices/lm-disable-hardware-check on? no
2026-10-05 06:38:31.528 Df HamsterAges[29046:14abe] [com.apple.coreaudio:aurios]        RemoteIOServer.cpp:1629  SetLoudnessFromLM(): is hardware supported? no
2026-10-05 06:38:31.528 Df HamsterAges[29046:14abe] [com.apple.coreaudio:aurios]        RemoteIOServer.cpp:1641  SetLoudnessFromLM(): hardware not supported, Loudness Manager disabled
2026-10-05 06:38:31.529 Df HamsterAges[29046:14a50] [com.apple.coreaudio:AudioConverter]        AudioConverter.cpp:1067  Created a new in process converter -> 0x600000c5f4b0, from  2 ch,  44100 Hz, Float32, deinterleaved to  2 ch,  48000 Hz, Float32, deinterleaved
2026-10-05 06:38:31.529 Df HamsterAges[29046:14a50] [com.apple.coreaudio:AudioConverter]        AudioConverter.cpp:1317  AudioConverter -> 0x600000c5f4b0: The in-process GetProperty call returned 1886547824 for property 1936876385 with size 4.
2026-10-05 06:38:31.529 Df HamsterAges[29046:14a50] [com.apple.coreaudio:aurioc]            AURemoteIO.cpp:1741  Stopping AURemoteIO(0x102122040)
2026-10-05 06:38:31.529 Df HamsterAges[29046:14a50] [com.apple.coreaudio:aurioc]            AURemoteIO.cpp:1130  AURemoteIO@0x102122040: set kAudioOutputUnitProperty_OutputChannelLayout.  Layout = tag=0x650002, err = 0
2026-10-05 06:38:31.529 Df HamsterAges[29046:14abe] [com.apple.coreaudio:aqme]              AQIONode.cpp:693   client <RemoteIOClient@0x103928200(@0x103928418); output; [29046]> is NOT Now Playing eligible
2026-10-05 06:38:31.529 Df HamsterAges[29046:14abe] [com.apple.coreaudio:aurios]        RemoteIOServer.cpp:1872  rio@0x103928418 spatialization disabled.  layout = tag=0x650002, format =  2 ch,  48000 Hz, Float32, deinterleaved
2026-10-05 06:38:31.529 Df HamsterAges[29046:14abe] [com.apple.coreaudio:aqme]          RemoteIOServer.h:101   rio@0x103928200 Got output layout from io node or spatialized client: tag=0x0, 2 channel descriptions [L, R]
2026-10-05 06:38:31.529 Df HamsterAges[29046:14abe] [com.apple.coreaudio:aurios]        RemoteIOServer.cpp:1581  SetLoudnessFromLM(): ->
2026-10-05 06:38:31.530 Df HamsterAges[29046:14abe] [com.apple.coreaudio:aurios]        RemoteIOServer.cpp:1620  SetLoudnessFromLM(): is CoreAudioServices/LoudnessManager enabled? yes
2026-10-05 06:38:31.530 Df HamsterAges[29046:14abe] [com.apple.coreaudio:aurios]        RemoteIOServer.cpp:1623  SetLoudnessFromLM(): is CoreAudioServices/LoudnessManagerV2 enabled? yes
2026-10-05 06:38:31.530 Df HamsterAges[29046:14abe] [com.apple.coreaudio:aurios]        RemoteIOServer.cpp:1626  SetLoudnessFromLM(): is CoreAudioServices/lm-disable-hardware-check on? no
2026-10-05 06:38:31.530 Df HamsterAges[29046:14abe] [com.apple.coreaudio:aurios]        RemoteIOServer.cpp:1629  SetLoudnessFromLM(): is hardware supported? no
2026-10-05 06:38:31.530 Df HamsterAges[29046:14abe] [com.apple.coreaudio:aurios]        RemoteIOServer.cpp:1641  SetLoudnessFromLM(): hardware not supported, Loudness Manager disabled
2026-10-05 06:38:31.530 Df HamsterAges[29046:14a50] [com.apple.coreaudio:aurioc]            AURemoteIO.cpp:1741  Stopping AURemoteIO(0x102122040)
2026-10-05 06:38:31.531 Df HamsterAges[29046:14a50] [com.apple.coreaudio:aurioc]            AURemoteIO.cpp:1130  AURemoteIO@0x102122040: set kAudioOutputUnitProperty_OutputChannelLayout.  Layout = tag=0x650002, err = 0
2026-10-05 06:38:31.531 Df HamsterAges[29046:14abe] [com.apple.coreaudio:aqme]              AQIONode.cpp:693   client <RemoteIOClient@0x103928200(@0x103928418); output; [29046]> is NOT Now Playing eligible
2026-10-05 06:38:31.531 Df HamsterAges[29046:14abe] [com.apple.coreaudio:aurios]        RemoteIOServer.cpp:1872  rio@0x103928418 spatialization disabled.  layout = tag=0x650002, format =  2 ch,  48000 Hz, Float32, deinterleaved
2026-10-05 06:38:31.531 Df HamsterAges[29046:14abe] [com.apple.coreaudio:aqme]          RemoteIOServer.h:101   rio@0x103928200 Got output layout from io node or spatialized client: tag=0x0, 2 channel descriptions [L, R]
2026-10-05 06:38:31.531 Df HamsterAges[29046:14abe] [com.apple.coreaudio:aurios]        RemoteIOServer.cpp:1581  SetLoudnessFromLM(): ->
2026-10-05 06:38:31.531 Df HamsterAges[29046:14abe] [com.apple.coreaudio:aurios]        RemoteIOServer.cpp:1620  SetLoudnessFromLM(): is CoreAudioServices/LoudnessManager enabled? yes
2026-10-05 06:38:31.531 Df HamsterAges[29046:14abe] [com.apple.coreaudio:aurios]        RemoteIOServer.cpp:1623  SetLoudnessFromLM(): is CoreAudioServices/LoudnessManagerV2 enabled? yes
2026-10-05 06:38:31.532 Df HamsterAges[29046:14abe] [com.apple.coreaudio:aurios]        RemoteIOServer.cpp:1626  SetLoudnessFromLM(): is CoreAudioServices/lm-disable-hardware-check on? no
2026-10-05 06:38:31.532 Df HamsterAges[29046:14abe] [com.apple.coreaudio:aurios]        RemoteIOServer.cpp:1629  SetLoudnessFromLM(): is hardware supported? no
2026-10-05 06:38:31.532 Df HamsterAges[29046:14abe] [com.apple.coreaudio:aurios]        RemoteIOServer.cpp:1641  SetLoudnessFromLM(): hardware not supported, Loudness Manager disabled
2026-10-05 06:38:31.533 Df HamsterAges[29046:14a50] [com.apple.coreaudio:aurioc]            AURemoteIO.cpp:1666  Starting AURemoteIO(0x102122040)
output client:  2 ch,  48000 Hz, Float32, deinterleaved, output HW:  2 ch,  48000 Hz, Float32, deinterleaved
input client:   2 ch,      0 Hz, Float32, deinterleaved, input HW:   2 ch,      0 Hz, Float32, deinterleaved
2026-10-05 06:38:31.533 Df HamsterAges[29046:14abe] [com.apple.coreaudio:aqme]            AQMEIO_HAL.cpp:1079  fetched workgroup 0x600001766d40
2026-10-05 06:38:31.534 Df HamsterAges[29046:14abe] [com.apple.coreaudio:auext]        AUOOPWorkgroups.mm:30    AUOOPWorkgroupManager: AddRemoteIOWorkgroup called with token 118972417.
2026-10-05 06:38:31.534 Df HamsterAges[29046:14abe] [com.apple.coreaudio:auext]        AUOOPWorkgroups.mm:66    AUOOPWorkgroupManager: mutating workgroups.
2026-10-05 06:38:31.534 Df HamsterAges[29046:14a50] [com.apple.coreaudio:aurioc]            AURemoteIO.cpp:1727  workgroup port 0x15203
2026-10-05 06:38:31.534 Df HamsterAges[29046:14be1] [com.apple.coreaudio:auext]        AUOOPWorkgroups.mm:30    AUOOPWorkgroupManager: AddRemoteIOWorkgroup called with token 118972416.
2026-10-05 06:38:31.534 Df HamsterAges[29046:14be1] [com.apple.coreaudio:auext]        AUOOPWorkgroups.mm:66    AUOOPWorkgroupManager: mutating workgroups.
2026-10-05 06:38:31.534 Df HamsterAges[29046:14abe] [com.apple.coreaudio:aqme]              AQIONode.cpp:693   client <RemoteIOClient@0x103928200(@0x103928418); output; [29046]> is NOT Now Playing eligible
2026-10-05 06:38:31.535 Df HamsterAges[29046:14abe] [com.apple.coreaudio:aqme]  MEDeviceStreamClient.cpp:245   AQME Default-InputOutput: client starting: <RemoteIOClient@0x103928200(@0x103928418); output; [29046]>; running count now 2
2026-10-05 06:38:31.590 E  HamsterAges[29046:14a50] [com.apple.UIKit:UIFocus] _TtC18_SpriteKit_SwiftUIP33_4A29C38A751B2448A1E2FA85CDDEAA5324SpriteKitViewCoordinator implements focusItemsInRect: - caching for linear focus movement is limited as long as this view is on screen.
2026-10-05 06:38:31.604 Df HamsterAges[29046:14a50] [com.apple.xpc:connection] [0x101124ee0] activating connection: mach=true listener=false peer=false name=com.apple.metal.simulator
2026-10-05 06:38:31.605 Df HamsterAges[29046:14a50] [com.apple.xpc:connection] [0x101125010] activating connection: mach=true listener=false peer=false name=com.apple.metal.simulator
2026-10-05 06:38:31.605 Df HamsterAges[29046:14a50] [com.apple.xpc:connection] [0x100e81a40] activating connection: mach=true listener=false peer=false name=com.apple.metal.simulator
2026-10-05 06:38:32.299 Df HamsterAges[29046:14a50] [com.apple.FrontBoard:SceneClient] [(FBSceneManager):sceneID:com.valkhim.hamsterages-9549A8D9-0564-4F60-9294-78B777E20885] Sending action(s): BLSInvalidateFrameSpecifiersAction
2026-10-05 06:38:32.334 Df HamsterAges[29046:14a50] [com.apple.xpc:connection] [0x100f80fc0] activating connection: mach=true listener=false peer=false name=com.apple.IOSurface.Remote
2026-10-05 06:38:32.414 Df HamsterAges[29046:14a50] [com.apple.network:activity] Create activity from XPC object <nw_activity 50:1 [5A4096B7-AD70-40EB-AECC-E0239425D549] (reporting strategy default)>
2026-10-05 06:38:32.414 Df HamsterAges[29046:14a50] [com.apple.network:activity] Create activity from XPC object <nw_activity 50:2 [A7211FF8-6120-42DA-A000-CC8768121C7D] (reporting strategy default)>
2026-10-05 06:38:32.414 Df HamsterAges[29046:14a50] [com.apple.network:activity] Set activity <nw_activity 50:1 [5A4096B7-AD70-40EB-AECC-E0239425D549] (reporting strategy default)> as the global parent
2026-10-05 06:38:32.414 Df HamsterAges[29046:14a50] [com.apple.UIKit:UpdateScheduler] Target list changed: <CADisplay:LCD PurpleMain>
2026-10-05 06:38:32.414 Df HamsterAges[29046:14a50] [com.apple.UIKit:AppLifecycle] sceneOfRecord: sceneID: sceneID:com.valkhim.hamsterages-9549A8D9-0564-4F60-9294-78B777E20885  persistentID: 9549A8D9-0564-4F60-9294-78B777E20885
2026-10-05 06:38:32.415 Df HamsterAges[29046:14a50] [com.apple.UIKit:InterfaceStyle] Should not send trait collection or coordinate space update, interface style 2 -> 2, <UIWindowScene: 0x100e0f430> (9549A8D9-0564-4F60-9294-78B777E20885)
2026-10-05 06:38:32.416 Df HamsterAges[29046:14abe] [com.apple.network:] -[NWConcrete_nw_resolver initWithEndpoint:parameters:path:log_str:] [R1] created for Hostname#6fa949e5:0 using: generic, attribution: developer
2026-10-05 06:38:32.416 Df HamsterAges[29046:14abe] [com.apple.network:path] nw_path_evaluator_start [77D6D7B2-A38C-4893-933A-AB1A0EFEE5CF Hostname#6fa949e5:0 generic, attribution: developer]
	path: satisfied (Path is satisfied), interface: en0
2026-10-05 06:38:32.417 Df HamsterAges[29046:14ac3] [com.apple.network:] nw_resolver_set_update_handler_block_invoke [R1] started
2026-10-05 06:38:32.418 A  HamsterAges[29046:14b4d] (RunningBoardServices) didChangeInheritances
2026-10-05 06:38:32.420 Df HamsterAges[29046:14abe] [com.apple.xpc:connection] [0x10111c0c0] activating connection: mach=true listener=false peer=false name=com.apple.commcenter.coretelephony.xpc
2026-10-05 06:38:32.421 Df HamsterAges[29046:14abe] [com.apple.xpc:connection] [0x10111c0c0] failed to do a bootstrap look-up: xpc_error=[3: No such process]
2026-10-05 06:38:32.422 Df HamsterAges[29046:14a50] [com.apple.UIKit:EventDeferring] [0x6000029160d0] Scene target of event deferring environments did update: scene: 0x100e0f430; current systemShellManagesKeyboardFocus: 1; systemShellManagesKeyboardFocusForScene: 1; eligibleForRecordRemoval: 1;
2026-10-05 06:38:32.422 Df HamsterAges[29046:14a50] [com.apple.UIKit:KeyWindow] Scene became target of keyboard event deferring environment: UIWindowScene: 0x100e0f430; scene identity: com.apple.frontboard.systemappservices/FBSceneManager:sceneID%3Acom.valkhim.hamsterages-9549A8D9-0564-4F60-9294-78B777E20885
2026-10-05 06:38:32.423 Sd HamsterAges[29046:0] (79E72B83-2384-3A91-8EE7-4315E85E9A91) IOHIDManager State
{
    DispatchQueue = 0;
    RunLoop = 1;
    createOptions = 0;
    isOpen = 0;
    openOptions = 0;
}
2026-10-05 06:38:32.424 Df HamsterAges[29046:14abe] [com.apple.xpc:connection] [0x10111c0c0] invalidated after a failed init
2026-10-05 06:38:32.424 Df HamsterAges[29046:14b4d] [com.apple.CoreTelephony:Client] Connection has been invalidated
2026-10-05 06:38:32.425 A  HamsterAges[29046:14b4d] (RunningBoardServices) didChangeInheritances
2026-10-05 06:38:32.425 A  HamsterAges[29046:14b4d] (StoreKit) StoreKit/Products_SK2
2026-10-05 06:38:32.425 Df HamsterAges[29046:14a50] [com.apple.Accessibility:AXCommon] Read Per-App on Init: Smart invert = (null)
2026-10-05 06:38:32.425 Df HamsterAges[29046:14abe] [com.apple.xpc:connection] [0x100e96240] activating connection: mach=true listener=false peer=false name=com.apple.commcenter.coretelephony.xpc
2026-10-05 06:38:32.426 Df HamsterAges[29046:14abe] [com.apple.xpc:connection] [0x100e96240] failed to do a bootstrap look-up: xpc_error=[3: No such process]
2026-10-05 06:38:32.427 Df HamsterAges[29046:14abe] [com.apple.xpc:connection] [0x100e96240] invalidated after a failed init
2026-10-05 06:38:32.427 Df HamsterAges[29046:14abe] [com.apple.CoreTelephony:Client] Sending selectors to server: (null)
2026-10-05 06:38:32.427 Df HamsterAges[29046:14b4e] [com.apple.CoreTelephony:Client] Connection has been invalidated
2026-10-05 06:38:32.428 E  HamsterAges[29046:14abe] [com.apple.CoreTelephony:Client] Synchronous remote object proxy returned error: Error Domain=NSCocoaErrorDomain Code=4099 "The connection to service named com.apple.commcenter.coretelephony.xpc was invalidated: Connection init failed at lookup with error 3 - No such process." UserInfo={NSDebugDescription=The connection to service named com.apple.commcenter.coretelephony.xpc was invalidated: Connection init failed at lookup with error 3 - No such process.}
2026-10-05 06:38:32.428 Df HamsterAges[29046:14b4d] [com.apple.xpc:connection] [0x100f18f70] activating connection: mach=true listener=false peer=false name=com.apple.storekitd
2026-10-05 06:38:32.428 E  HamsterAges[29046:14b4e] [com.apple.CoreTelephony:Client] Updating selectors failed with: Error Domain=NSCocoaErrorDomain Code=4099 "The connection to service named com.apple.commcenter.coretelephony.xpc was invalidated: Connection init failed at lookup with error 3 - No such process." UserInfo={NSDebugDescription=The connection to service named com.apple.commcenter.coretelephony.xpc was invalidated: Connection init failed at lookup with error 3 - No such process.}
2026-10-05 06:38:32.429 Df HamsterAges[29046:14abe] [com.apple.xpc:connection] [0x100e96240] activating connection: mach=true listener=false peer=false name=com.apple.commcenter.coretelephony.xpc
2026-10-05 06:38:32.430 Df HamsterAges[29046:14a50] [com.apple.coreaudio:as_client] AVAudioSessionImpl_Simulator.mm:111   Set volume on device 85 to 0.60
2026-10-05 06:38:32.430 Df HamsterAges[29046:14a50] [com.apple.avfaudio:avae]      AVAudioIONodeImpl.mm:235   Engine@0x60000375aac0: associating with audio session (0x0), error -10879
2026-10-05 06:38:32.430 Df HamsterAges[29046:14a50] [com.apple.coreaudio:aurioc]            AURemoteIO.cpp:1130  AURemoteIO@0x1039d8440: set kAudioOutputUnitProperty_OutputChannelLayout.  Layout = tag=0x0, 0 channel descriptions [], err = 0
2026-10-05 06:38:32.431 Df HamsterAges[29046:14abc] [com.apple.coreaudio:aqme]              AQIONode.cpp:693   client <RemoteIOClient@0x1039eaa00(@0x1039eac18); output; [29046]> is NOT Now Playing eligible
2026-10-05 06:38:32.431 Df HamsterAges[29046:14abc] [com.apple.coreaudio:aurios]        RemoteIOServer.cpp:1872  rio@0x1039eac18 spatialization disabled.  layout = tag=0x0, 0 channel descriptions [], format =  2 ch,      0 Hz, Float32, deinterleaved
2026-10-05 06:38:32.431 Df HamsterAges[29046:14abc] [com.apple.coreaudio:aqme]          RemoteIOServer.h:101   rio@0x1039eaa00 Got output layout from io node or spatialized client: tag=0x0, 2 channel descriptions [L, R]
2026-10-05 06:38:32.431 Df HamsterAges[29046:14abc] [com.apple.coreaudio:aurios]        RemoteIOServer.cpp:1581  SetLoudnessFromLM(): ->
2026-10-05 06:38:32.432 Df HamsterAges[29046:14abc] [com.apple.coreaudio:aurios]        RemoteIOServer.cpp:1620  SetLoudnessFromLM(): is CoreAudioServices/LoudnessManager enabled? yes
2026-10-05 06:38:32.432 Df HamsterAges[29046:14abc] [com.apple.coreaudio:aurios]        RemoteIOServer.cpp:1623  SetLoudnessFromLM(): is CoreAudioServices/LoudnessManagerV2 enabled? yes
2026-10-05 06:38:32.432 Df HamsterAges[29046:14abc] [com.apple.coreaudio:aurios]        RemoteIOServer.cpp:1626  SetLoudnessFromLM(): is CoreAudioServices/lm-disable-hardware-check on? no
2026-10-05 06:38:32.432 Df HamsterAges[29046:14abc] [com.apple.coreaudio:aurios]        RemoteIOServer.cpp:1629  SetLoudnessFromLM(): is hardware supported? no
2026-10-05 06:38:32.432 Df HamsterAges[29046:14abc] [com.apple.coreaudio:aurios]        RemoteIOServer.cpp:1641  SetLoudnessFromLM(): hardware not supported, Loudness Manager disabled
2026-10-05 06:38:32.432 Df HamsterAges[29046:14a50] [com.apple.coreaudio:AudioConverter]        AudioConverter.cpp:1067  Created a new in process converter -> 0x600000cab360, from  2 ch,      0 Hz, Float32, deinterleaved to  2 ch,  48000 Hz, Float32, deinterleaved
2026-10-05 06:38:32.432 Df HamsterAges[29046:14a50] [com.apple.coreaudio:AudioConverter]        AudioConverter.cpp:1317  AudioConverter -> 0x600000cab360: The in-process GetProperty call returned 1886547824 for property 1936876385 with size 4.
2026-10-05 06:38:32.432 Df HamsterAges[29046:14a50] [com.apple.coreaudio:AudioConverter]        AudioConverter.cpp:1317  AudioConverter -> 0x600000cab360: The in-process GetProperty call returned 1886547824 for property 1936876401 with size 4.
2026-10-05 06:38:32.432 Df HamsterAges[29046:14a50] [com.apple.coreaudio:AudioConverter]        AudioConverter.cpp:1317  AudioConverter -> 0x600000cab360: The in-process GetProperty call returned 1886547824 for property 1886546285 with size 8.
2026-10-05 06:38:32.432 Df HamsterAges[29046:14a50] [com.apple.coreaudio:aurioc]            AURemoteIO.cpp:1741  Stopping AURemoteIO(0x1039d8440)
2026-10-05 06:38:32.447 Df HamsterAges[29046:14b4a] [com.apple.coreaudio:AudioConverter] AudioConverter -> 0x600000cab360: The in-process SetProperty call returned 1886547824 for property 1886547309 with size 4.
2026-10-05 06:38:32.448 Df HamsterAges[29046:14abe] [com.apple.xpc:connection] [0x100e96240] failed to do a bootstrap look-up: xpc_error=[3: No such process]
2026-10-05 06:38:32.448 Df HamsterAges[29046:14abe] [com.apple.xpc:connection] [0x100e96240] invalidated after a failed init
2026-10-05 06:38:32.448 Df HamsterAges[29046:14abe] [com.apple.CoreTelephony:Client] Sending selectors to server: (null)
2026-10-05 06:38:32.448 Df HamsterAges[29046:14b4e] [com.apple.CoreTelephony:Client] Connection has been invalidated
2026-10-05 06:38:32.448 E  HamsterAges[29046:14b4e] [com.apple.CoreTelephony:Client] Updating selectors failed with: Error Domain=NSCocoaErrorDomain Code=4099 "The connection to service named com.apple.commcenter.coretelephony.xpc was invalidated: Connection init failed at lookup with error 3 - No such process." UserInfo={NSDebugDescription=The connection to service named com.apple.commcenter.coretelephony.xpc was invalidated: Connection init failed at lookup with error 3 - No such process.}
2026-10-05 06:38:32.448 E  HamsterAges[29046:14abe] [com.apple.CoreTelephony:Client] Synchronous remote object proxy returned error: Error Domain=NSCocoaErrorDomain Code=4099 "The connection to service named com.apple.commcenter.coretelephony.xpc was invalidated: Connection init failed at lookup with error 3 - No such process." UserInfo={NSDebugDescription=The connection to service named com.apple.commcenter.coretelephony.xpc was invalidated: Connection init failed at lookup with error 3 - No such process.}
2026-10-05 06:38:32.449 Df HamsterAges[29046:14b4e] [com.apple.xpc:connection] [0x100f873a0] activating connection: mach=true listener=false peer=false name=com.apple.commcenter.coretelephony.xpc
2026-10-05 06:38:32.449 Df HamsterAges[29046:14b4e] [com.apple.xpc:connection] [0x100f873a0] failed to do a bootstrap look-up: xpc_error=[3: No such process]
2026-10-05 06:38:32.449 Df HamsterAges[29046:14b4e] [com.apple.xpc:connection] [0x100f873a0] invalidated after a failed init
2026-10-05 06:38:32.449 Df HamsterAges[29046:14b4e] [com.apple.CoreTelephony:Client] Sending selectors to server: (
    "regDataModeChanged:dataMode:",
    "carrierBundleChange:",
    "currentDataServiceDescriptorChanged:"
)
2026-10-05 06:38:32.449 Df HamsterAges[29046:14b4e] [com.apple.CoreTelephony:Client] Sending selectors to server: (
    "regDataModeChanged:dataMode:",
    "carrierBundleChange:",
    "currentDataServiceDescriptorChanged:"
)
2026-10-05 06:38:32.450 Df HamsterAges[29046:14b4e] [com.apple.CoreTelephony:Client] Connection has been invalidated
2026-10-05 06:38:32.450 E  HamsterAges[29046:14b4e] [com.apple.CoreTelephony:Client] Updating selectors failed with: Error Domain=NSCocoaErrorDomain Code=4099 "The connection to service named com.apple.commcenter.coretelephony.xpc was invalidated: Connection init failed at lookup with error 3 - No such process." UserInfo={NSDebugDescription=The connection to service named com.apple.commcenter.coretelephony.xpc was invalidated: Connection init failed at lookup with error 3 - No such process.}
2026-10-05 06:38:32.450 E  HamsterAges[29046:14b4e] [com.apple.CoreTelephony:Client] Updating selectors after delegate addition failed with: Error Domain=NSCocoaErrorDomain Code=4099 "The connection to service named com.apple.commcenter.coretelephony.xpc was invalidated: Connection init failed at lookup with error 3 - No such process." UserInfo={NSDebugDescription=The connection to service named com.apple.commcenter.coretelephony.xpc was invalidated: Connection init failed at lookup with error 3 - No such process.}
2026-10-05 06:38:32.529 Df HamsterAges[29046:14abc] [com.apple.xpc:connection] [0x100f18f70] invalidated because the current process cancelled the connection by calling xpc_connection_cancel()
2026-10-05 06:38:32.529 A  HamsterAges[29046:14b4d] (RunningBoardServices) didChangeInheritances
2026-10-05 06:38:32.530 Df HamsterAges[29046:14ac3] [com.apple.storekit:Default] AAFService connection invalidated
2026-10-05 06:38:32.537 Df HamsterAges[29046:14a50] [com.apple.coreaudio:ddagg]        AggregateDevice.mm:1008  PrimarySessionActiveWithInputEnabled 0 -> 0
2026-10-05 06:38:32.537 Df HamsterAges[29046:14a50] [com.apple.avfaudio:avae]          AVAudioEngine.mm:1182  Engine@0x60000001c1e0: start, was running 0
2026-10-05 06:38:32.537 Df HamsterAges[29046:14a50] [com.apple.coreaudio:aurioc]            AURemoteIO.cpp:1130  AURemoteIO@0x1039d8440: set kAudioOutputUnitProperty_OutputChannelLayout.  Layout = tag=0x650002, err = 0
2026-10-05 06:38:32.537 Df HamsterAges[29046:14ac3] [com.apple.coreaudio:aqme]              AQIONode.cpp:693   client <RemoteIOClient@0x1039eaa00(@0x1039eac18); output; [29046]> is NOT Now Playing eligible
2026-10-05 06:38:32.537 Df HamsterAges[29046:14ac3] [com.apple.coreaudio:aurios]        RemoteIOServer.cpp:1872  rio@0x1039eac18 spatialization disabled.  layout = tag=0x650002, format =  2 ch,  44100 Hz, Float32, deinterleaved
2026-10-05 06:38:32.538 Df HamsterAges[29046:14ac3] [com.apple.coreaudio:aqme]          RemoteIOServer.h:101   rio@0x1039eaa00 Got output layout from io node or spatialized client: tag=0x0, 2 channel descriptions [L, R]
2026-10-05 06:38:32.538 Df HamsterAges[29046:14ac3] [com.apple.coreaudio:aurios]        RemoteIOServer.cpp:1581  SetLoudnessFromLM(): ->
2026-10-05 06:38:32.538 Df HamsterAges[29046:14ac3] [com.apple.coreaudio:aurios]        RemoteIOServer.cpp:1620  SetLoudnessFromLM(): is CoreAudioServices/LoudnessManager enabled? yes
2026-10-05 06:38:32.538 Df HamsterAges[29046:14ac3] [com.apple.coreaudio:aurios]        RemoteIOServer.cpp:1623  SetLoudnessFromLM(): is CoreAudioServices/LoudnessManagerV2 enabled? yes
2026-10-05 06:38:32.538 Df HamsterAges[29046:14ac3] [com.apple.coreaudio:aurios]        RemoteIOServer.cpp:1626  SetLoudnessFromLM(): is CoreAudioServices/lm-disable-hardware-check on? no
2026-10-05 06:38:32.538 Df HamsterAges[29046:14ac3] [com.apple.coreaudio:aurios]        RemoteIOServer.cpp:1629  SetLoudnessFromLM(): is hardware supported? no
2026-10-05 06:38:32.538 Df HamsterAges[29046:14ac3] [com.apple.coreaudio:aurios]        RemoteIOServer.cpp:1641  SetLoudnessFromLM(): hardware not supported, Loudness Manager disabled
2026-10-05 06:38:32.538 Df HamsterAges[29046:14a50] [com.apple.coreaudio:AudioConverter]        AudioConverter.cpp:1067  Created a new in process converter -> 0x600000c94fc0, from  2 ch,  44100 Hz, Float32, deinterleaved to  2 ch,  48000 Hz, Float32, deinterleaved
2026-10-05 06:38:32.539 Df HamsterAges[29046:14a50] [com.apple.coreaudio:AudioConverter]        AudioConverter.cpp:1317  AudioConverter -> 0x600000c94fc0: The in-process GetProperty call returned 1886547824 for property 1936876385 with size 4.
2026-10-05 06:38:32.539 Df HamsterAges[29046:14a50] [com.apple.coreaudio:aurioc]            AURemoteIO.cpp:1741  Stopping AURemoteIO(0x1039d8440)
2026-10-05 06:38:32.539 Df HamsterAges[29046:14a50] [com.apple.coreaudio:aurioc]            AURemoteIO.cpp:1130  AURemoteIO@0x1039d8440: set kAudioOutputUnitProperty_OutputChannelLayout.  Layout = tag=0x650002, err = 0
2026-10-05 06:38:32.539 Df HamsterAges[29046:14ac3] [com.apple.coreaudio:aqme]              AQIONode.cpp:693   client <RemoteIOClient@0x1039eaa00(@0x1039eac18); output; [29046]> is NOT Now Playing eligible
2026-10-05 06:38:32.539 Df HamsterAges[29046:14ac3] [com.apple.coreaudio:aurios]        RemoteIOServer.cpp:1872  rio@0x1039eac18 spatialization disabled.  layout = tag=0x650002, format =  2 ch,  48000 Hz, Float32, deinterleaved
2026-10-05 06:38:32.540 Df HamsterAges[29046:14ac3] [com.apple.coreaudio:aqme]          RemoteIOServer.h:101   rio@0x1039eaa00 Got output layout from io node or spatialized client: tag=0x0, 2 channel descriptions [L, R]
2026-10-05 06:38:32.540 Df HamsterAges[29046:14ac3] [com.apple.coreaudio:aurios]        RemoteIOServer.cpp:1581  SetLoudnessFromLM(): ->
2026-10-05 06:38:32.540 Df HamsterAges[29046:14ac3] [com.apple.coreaudio:aurios]        RemoteIOServer.cpp:1620  SetLoudnessFromLM(): is CoreAudioServices/LoudnessManager enabled? yes
2026-10-05 06:38:32.540 Df HamsterAges[29046:14ac3] [com.apple.coreaudio:aurios]        RemoteIOServer.cpp:1623  SetLoudnessFromLM(): is CoreAudioServices/LoudnessManagerV2 enabled? yes
2026-10-05 06:38:32.540 Df HamsterAges[29046:14ac3] [com.apple.coreaudio:aurios]        RemoteIOServer.cpp:1626  SetLoudnessFromLM(): is CoreAudioServices/lm-disable-hardware-check on? no
2026-10-05 06:38:32.540 Df HamsterAges[29046:14ac3] [com.apple.coreaudio:aurios]        RemoteIOServer.cpp:1629  SetLoudnessFromLM(): is hardware supported? no
2026-10-05 06:38:32.540 Df HamsterAges[29046:14ac3] [com.apple.coreaudio:aurios]        RemoteIOServer.cpp:1641  SetLoudnessFromLM(): hardware not supported, Loudness Manager disabled
2026-10-05 06:38:32.541 Df HamsterAges[29046:14a50] [com.apple.coreaudio:aurioc]            AURemoteIO.cpp:1741  Stopping AURemoteIO(0x1039d8440)
2026-10-05 06:38:32.541 Df HamsterAges[29046:14a50] [com.apple.coreaudio:aurioc]            AURemoteIO.cpp:1130  AURemoteIO@0x1039d8440: set kAudioOutputUnitProperty_OutputChannelLayout.  Layout = tag=0x650002, err = 0
2026-10-05 06:38:32.541 Df HamsterAges[29046:14ac3] [com.apple.coreaudio:aqme]              AQIONode.cpp:693   client <RemoteIOClient@0x1039eaa00(@0x1039eac18); output; [29046]> is NOT Now Playing eligible
2026-10-05 06:38:32.541 Df HamsterAges[29046:14ac3] [com.apple.coreaudio:aurios]        RemoteIOServer.cpp:1872  rio@0x1039eac18 spatialization disabled.  layout = tag=0x650002, format =  2 ch,  48000 Hz, Float32, deinterleaved
2026-10-05 06:38:32.541 Df HamsterAges[29046:14ac3] [com.apple.coreaudio:aqme]          RemoteIOServer.h:101   rio@0x1039eaa00 Got output layout from io node or spatialized client: tag=0x0, 2 channel descriptions [L, R]
2026-10-05 06:38:32.541 Df HamsterAges[29046:14ac3] [com.apple.coreaudio:aurios]        RemoteIOServer.cpp:1581  SetLoudnessFromLM(): ->
2026-10-05 06:38:32.542 Df HamsterAges[29046:14ac3] [com.apple.coreaudio:aurios]        RemoteIOServer.cpp:1620  SetLoudnessFromLM(): is CoreAudioServices/LoudnessManager enabled? yes
2026-10-05 06:38:32.542 Df HamsterAges[29046:14ac3] [com.apple.coreaudio:aurios]        RemoteIOServer.cpp:1623  SetLoudnessFromLM(): is CoreAudioServices/LoudnessManagerV2 enabled? yes
2026-10-05 06:38:32.543 Df HamsterAges[29046:14ac3] [com.apple.coreaudio:aurios]        RemoteIOServer.cpp:1626  SetLoudnessFromLM(): is CoreAudioServices/lm-disable-hardware-check on? no
2026-10-05 06:38:32.543 Df HamsterAges[29046:14ac3] [com.apple.coreaudio:aurios]        RemoteIOServer.cpp:1629  SetLoudnessFromLM(): is hardware supported? no
2026-10-05 06:38:32.543 Df HamsterAges[29046:14ac3] [com.apple.coreaudio:aurios]        RemoteIOServer.cpp:1641  SetLoudnessFromLM(): hardware not supported, Loudness Manager disabled
2026-10-05 06:38:32.544 Df HamsterAges[29046:14a50] [com.apple.coreaudio:aurioc]            AURemoteIO.cpp:1666  Starting AURemoteIO(0x1039d8440)
output client:  2 ch,  48000 Hz, Float32, deinterleaved, output HW:  2 ch,  48000 Hz, Float32, deinterleaved
input client:   2 ch,      0 Hz, Float32, deinterleaved, input HW:   2 ch,      0 Hz, Float32, deinterleaved
2026-10-05 06:38:32.545 Df HamsterAges[29046:14ac3] [com.apple.coreaudio:auext]        AUOOPWorkgroups.mm:30    AUOOPWorkgroupManager: AddRemoteIOWorkgroup called with token 118972426.
2026-10-05 06:38:32.545 Df HamsterAges[29046:14ac3] [com.apple.coreaudio:auext]        AUOOPWorkgroups.mm:66    AUOOPWorkgroupManager: mutating workgroups.
2026-10-05 06:38:32.545 Df HamsterAges[29046:14a50] [com.apple.coreaudio:aurioc]            AURemoteIO.cpp:1727  workgroup port 0x15203
2026-10-05 06:38:32.546 Df HamsterAges[29046:14c86] [com.apple.coreaudio:auext]        AUOOPWorkgroups.mm:30    AUOOPWorkgroupManager: AddRemoteIOWorkgroup called with token 118972425.
2026-10-05 06:38:32.546 Df HamsterAges[29046:14c86] [com.apple.coreaudio:auext]        AUOOPWorkgroups.mm:66    AUOOPWorkgroupManager: mutating workgroups.
2026-10-05 06:38:32.546 Df HamsterAges[29046:14ac3] [com.apple.coreaudio:aqme]              AQIONode.cpp:693   client <RemoteIOClient@0x1039eaa00(@0x1039eac18); output; [29046]> is NOT Now Playing eligible
2026-10-05 06:38:32.546 Df HamsterAges[29046:14ac3] [com.apple.coreaudio:aqme]  MEDeviceStreamClient.cpp:245   AQME Default-InputOutput: client starting: <RemoteIOClient@0x1039eaa00(@0x1039eac18); output; [29046]>; running count now 3
2026-10-05 06:38:32.576 Df HamsterAges[29046:14a50] [com.apple.UIKit:Feedback] generator <UINotificationFeedbackGenerator: 0x60000331d040> cannot play feedback <nil: 0x0> (enabled=0)
2026-10-05 06:38:32.614 Df HamsterAges[29046:14a50] [com.apple.UIKit:AppLifecycle] sceneOfRecord: sceneID: sceneID:com.valkhim.hamsterages-9549A8D9-0564-4F60-9294-78B777E20885  persistentID: 9549A8D9-0564-4F60-9294-78B777E20885
2026-10-05 06:38:32.615 Df HamsterAges[29046:14a50] [com.apple.UIKit:InterfaceStyle] Not push traits update to screen for new style 1, <UIWindowScene: 0x100e0f430> (9549A8D9-0564-4F60-9294-78B777E20885)
2026-10-05 06:38:32.615 Df HamsterAges[29046:14a50] [com.apple.FrontBoard:SceneExtension] Realizing settings extension SBUISecureRenderingSettingsExtension on FBSSceneSettings
2026-10-05 06:38:32.616 Df HamsterAges[29046:14a50] [com.apple.UIKit:InterfaceStyle] Not push traits update to screen for new style 1, <UIWindowScene: 0x100e0f430> (9549A8D9-0564-4F60-9294-78B777E20885)
2026-10-05 06:38:32.616 Df HamsterAges[29046:14a50] [com.apple.UIKit:InterfaceStyle] Not push traits update to screen for new style 1, <UIWindowScene: 0x100e0f430> (9549A8D9-0564-4F60-9294-78B777E20885)
2026-10-05 06:38:32.619 Df HamsterAges[29046:14a50] [com.apple.UIKit:AppLifecycle] sceneOfRecord: sceneID: sceneID:com.valkhim.hamsterages-9549A8D9-0564-4F60-9294-78B777E20885  persistentID: 9549A8D9-0564-4F60-9294-78B777E20885
2026-10-05 06:38:32.619 Df HamsterAges[29046:14a50] [com.apple.UIKit:Application] Deactivation reason removed: 12; deactivation reasons: 4128 -> 32; animating application lifecycle event: 1
2026-10-05 06:38:32.619 Df HamsterAges[29046:14a50] [com.apple.KeyboardArbiter:Client] Send setDeactivating: N (-DeactivationReason:SuspendedEventsOnly)
2026-10-05 06:38:32.620 Df HamsterAges[29046:14a50] [com.apple.UIKit:Application] Deactivation reason removed: 5; deactivation reasons: 32 -> 0; animating application lifecycle event: 0
2026-10-05 06:38:32.621 Df HamsterAges[29046:14a50] [com.apple.KeyboardArbiter:Client] startConnection
2026-10-05 06:38:32.621 Df HamsterAges[29046:14a50] [com.apple.xpc:connection] [0x100f807e0] activating connection: mach=true listener=false peer=false name=com.apple.UIKit.KeyboardManagement.hosted
2026-10-05 06:38:32.621 Sd HamsterAges[29046:0] (71A4AB2B-6C63-3811-A45D-80D677A41A21) UAUserActivity
UAUserActivityManager supportsActivityContinuation=YES isEnabled=YES serverPid=0 PROJECT:UserActivity-551
2026-10-05 06:38:32.623 Df HamsterAges[29046:14a50] [com.apple.KeyboardArbiter:Client] handleKeyboardChange: set currentKeyboard:N (wasKeyboard:N)
2026-10-05 06:38:32.624 Df HamsterAges[29046:14a50] [com.apple.UIKit:KeyboardArbiterClientLog] isWritingToolsHandlingKeyboardTracking:Y (WT ready:Y, Arbiter ready:Y)
2026-10-05 06:38:32.732 Df HamsterAges[29046:14a50] (SpriteKit) SKView: no drawables available for rendering. Skipping this frame.
2026-10-05 06:38:32.870 Df HamsterAges[29046:14a50] [com.apple.network:activity] <nw_activity 50:1 [5A4096B7-AD70-40EB-AECC-E0239425D549] (global parent) (reporting strategy default) complete (reason success)> complete with reason 2 (success), duration 3890ms
2026-10-05 06:38:32.870 Df HamsterAges[29046:14a50] [com.apple.network:activity] <nw_activity 50:2 [A7211FF8-6120-42DA-A000-CC8768121C7D] (reporting strategy default) complete (reason success)> complete with reason 2 (success), duration 3889ms
2026-10-05 06:38:32.870 Df HamsterAges[29046:14a50] [com.apple.network:activity] Unsetting the global parent activity <nw_activity 50:1 [5A4096B7-AD70-40EB-AECC-E0239425D549] (global parent) (reporting strategy default) complete (reason success)>
2026-10-05 06:38:32.870 Df HamsterAges[29046:14a50] [com.apple.network:activity] Unset the global parent activity
2026-10-05 06:38:37.849 Df HamsterAges[29046:14a50] (SpriteKit) SKView: no drawables available for rendering. Skipping this frame.
2026-10-05 06:38:43.067 Df HamsterAges[29046:14a50] (SpriteKit) SKView: no drawables available for rendering. Skipping this frame.
2026-10-05 06:38:49.300 Df HamsterAges[29046:14a50] (SpriteKit) SKView: no drawables available for rendering. Skipping this frame.
2026-10-05 06:38:54.532 Df HamsterAges[29046:14a50] (SpriteKit) SKView: no drawables available for rendering. Skipping this frame.
2026-10-05 06:38:59.424 Df HamsterAges[29046:14a50] [com.apple.UIKit:Feedback] generator <UINotificationFeedbackGenerator: 0x60000331d040> cannot play feedback <nil: 0x0> (enabled=0)
2026-10-05 06:38:59.616 Df HamsterAges[29046:14a50] (SpriteKit) SKView: no drawables available for rendering. Skipping this frame.
2026-10-05 06:39:01.251 Df HamsterAges[29046:14a50] [com.apple.UIKit:Feedback] generator <UINotificationFeedbackGenerator: 0x60000331d040> cannot play feedback <nil: 0x0> (enabled=0)
2026-10-05 06:39:05.932 Df HamsterAges[29046:14a50] (SpriteKit) SKView: no drawables available for rendering. Skipping this frame.
2026-10-05 06:39:11.633 Df HamsterAges[29046:14a50] (SpriteKit) SKView: no drawables available for rendering. Skipping this frame.
2026-10-05 06:39:17.215 Df HamsterAges[29046:14a50] (SpriteKit) SKView: no drawables available for rendering. Skipping this frame.
2026-10-05 06:39:22.515 Df HamsterAges[29046:14a50] (SpriteKit) SKView: no drawables available for rendering. Skipping this frame.
2026-10-05 06:39:27.699 Df HamsterAges[29046:14a50] (SpriteKit) SKView: no drawables available for rendering. Skipping this frame.
2026-10-05 06:39:28.726 Df HamsterAges[29046:14a50] [com.apple.UIKit:Feedback] generator <UINotificationFeedbackGenerator: 0x60000331d040> cannot play feedback <nil: 0x0> (enabled=0)
2026-10-05 06:39:28.726 Df HamsterAges[29046:14a50] [com.apple.UIKit:Feedback] generator <UINotificationFeedbackGenerator: 0x60000331d040> cannot play feedback <nil: 0x0> (enabled=0)
2026-10-05 06:39:32.988 Df HamsterAges[31116:15e19] [com.apple.xpc:connection] [0x104e06c90] activating connection: mach=true listener=false peer=false name=com.apple.cfprefsd.daemon
2026-10-05 06:39:32.989 Df HamsterAges[31116:15ddf] (libMobileGestalt.dylib) No persisted cache on this platform.
2026-10-05 06:39:32.990 Df HamsterAges[31116:15e1b] [com.apple.BoardServices:XPCErrors] [C:1] Alloc com.apple.frontboard.systemappservices
2026-10-05 06:39:32.991 Df HamsterAges[31116:15e1b] [com.apple.xpc:connection] [0x104d05080] activating connection: mach=false listener=false peer=false name=(anonymous)
2026-10-05 06:39:32.992 A  HamsterAges[31116:15e19] (CoreFoundation) Loading Preferences From User Session CFPrefsD
2026-10-05 06:39:33.009 Df HamsterAges[31116:15e0b] [com.apple.UIKit:BackgroundTask] Creating new assertion because there is no existing background assertion.
2026-10-05 06:39:33.009 Df HamsterAges[31116:15e0b] [com.apple.UIKit:BackgroundTask] Creating new background assertion
2026-10-05 06:39:33.009 Df HamsterAges[31116:15e0b] [com.apple.UIKit:BackgroundTask] Created new background assertion <BKSProcessAssertion: 0x6000021023f0>
2026-10-05 06:39:33.009 Df HamsterAges[31116:15e0b] [com.apple.runningboard:connection] Initializing connection
2026-10-05 06:39:33.009 Df HamsterAges[31116:15e0b] [com.apple.runningboard:process] Removing all cached process handles
2026-10-05 06:39:33.009 Df HamsterAges[31116:15e0b] [com.apple.runningboard:connection] Creating connection to com.apple.runningboard
2026-10-05 06:39:33.009 Df HamsterAges[31116:15e0b] [com.apple.xpc:connection] [0x106104fb0] activating connection: mach=true listener=false peer=false name=com.apple.runningboard
2026-10-05 06:39:33.010 Df HamsterAges[31116:15e19] [com.apple.runningboard:connection] Sending handshake request attempt #1 to server
2026-10-05 06:39:33.010 Df HamsterAges[31116:15ddf] [com.apple.UIKit:Application] Deactivation reason added: 10; deactivation reasons: 0 -> 1024; animating application lifecycle event: 0
2026-10-05 06:39:33.010 A  HamsterAges[31116:15e1b] (RunningBoardServices) didChangeInheritances
2026-10-05 06:39:33.010 Df HamsterAges[31116:15ddf] [com.apple.BoardServices:Injection] activating monitor for service com.apple.frontboard.open
2026-10-05 06:39:33.011 Df HamsterAges[31116:15ddf] [com.apple.BoardServices:Injection] activating monitor for service com.apple.frontboard.workspace-service
2026-10-05 06:39:33.011 Df HamsterAges[31116:15e19] [com.apple.runningboard:connection] Handshake succeeded
2026-10-05 06:39:33.011 Df HamsterAges[31116:15e19] [com.apple.runningboard:connection] Identity resolved as app<com.valkhim.hamsterages((null))>
2026-10-05 06:39:33.012 Df HamsterAges[31116:15ddf] [com.apple.FrontBoard:Common] FBSWorkspace registering source: com.apple.frontboard.systemappservices
2026-10-05 06:39:33.012 Df HamsterAges[31116:15e0b] [com.apple.UIKit:BackgroundTask] Incrementing reference count for background assertion <BKSProcessAssertion: 0x6000021023f0>
2026-10-05 06:39:33.013 Df HamsterAges[31116:15e0b] [com.apple.UIKit:BackgroundTask] Created background task <_UIBackgroundTaskInfo: 0x600001707040>: taskID = 1, taskName = Launch Background Task for Coalescing, creationTime = 1166 (elapsed = 0).
2026-10-05 06:39:33.013 Df HamsterAges[31116:15e0b] [com.apple.FrontBoard:SceneExtension] Realizing settings extension _UIApplicationSceneKeyboardSettings on FBSSceneSettings
2026-10-05 06:39:33.013 Df HamsterAges[31116:15ddf] [com.apple.FrontBoard:Common] FBSWorkspace connected to endpoint : <BSServiceConnectionEndpoint: 0x6000002101a0; target: com.apple.frontboard.systemappservices; service: com.apple.frontboard.workspace-service>
2026-10-05 06:39:33.014 Df HamsterAges[31116:15ddf] [com.apple.FrontBoard:Common] <FBSWorkspaceScenesClient:0x600003000120 com.apple.frontboard.systemappservices> attempting immediate handshake from activate
2026-10-05 06:39:33.015 Df HamsterAges[31116:15ddf] [com.apple.FrontBoard:Common] <FBSWorkspaceScenesClient:0x600003000120 com.apple.frontboard.systemappservices> sent handshake
2026-10-05 06:39:33.015 Df HamsterAges[31116:15e0b] [com.apple.FrontBoard:SceneExtension] Realizing settings extension <_UISceneOcclusionSettings> on FBSSceneSettings
2026-10-05 06:39:33.016 Df HamsterAges[31116:15ddf] [com.apple.runningboard:general] Added observer for process assertions expiration warning: <_RBSExpirationWarningClient: 0x600000211a20>
2026-10-05 06:39:33.016 Df HamsterAges[31116:15e0b] [com.apple.FrontBoard:SceneExtension] Realizing settings extension <_UISceneInterfaceProtectionSettings> on FBSSceneSettings
2026-10-05 06:39:33.017 Df HamsterAges[31116:15e0b] [com.apple.FrontBoard:SceneExtension] Realizing settings extension _UISceneLayoutPreferencesHostSettingsExtension on FBSSceneSettings
2026-10-05 06:39:33.018 Df HamsterAges[31116:15e0b] [com.apple.FrontBoard:SceneExtension] Realizing settings extension _UISceneSafeAreaSettingsExtension on FBSSceneSettings
2026-10-05 06:39:33.019 Df HamsterAges[31116:15e0b] [com.apple.FrontBoard:SceneExtension] Realizing settings extension _UISceneLayoutPreferenceClientSettingsExtension on FBSSceneClientSettings
2026-10-05 06:39:33.019 Df HamsterAges[31116:15e0b] [com.apple.FrontBoard:SceneExtension] Realizing settings extension <_UIHomeAffordanceHostSceneSettings> on FBSSceneSettings
2026-10-05 06:39:33.019 Df HamsterAges[31116:15e0b] [com.apple.FrontBoard:SceneExtension] Realizing settings extension _UISystemShellSceneHostingEnvironmentSettings on FBSSceneSettings
2026-10-05 06:39:33.019 Df HamsterAges[31116:15e0b] [com.apple.FrontBoard:SceneExtension] Realizing settings extension _UISceneRenderingEnvironmentSettings on FBSSceneSettings
2026-10-05 06:39:33.020 Df HamsterAges[31116:15e0b] [com.apple.FrontBoard:SceneExtension] Realizing settings extension <_UISceneRenderingEnvironmentClientSettings> on FBSSceneClientSettings
2026-10-05 06:39:33.020 Df HamsterAges[31116:15e0b] [com.apple.FrontBoard:SceneExtension] Realizing settings extension <_UISceneTransitioningHostSettings> on FBSSceneSettings
2026-10-05 06:39:33.020 Df HamsterAges[31116:15e0b] [com.apple.FrontBoard:SceneExtension] Realizing settings extension <_UISceneFocusSystemSettings> on FBSSceneSettings
2026-10-05 06:39:33.020 Df HamsterAges[31116:15e0b] [com.apple.FrontBoard:SceneExtension] Realizing settings extension _UISceneOrientationSettingsExtension on FBSSceneSettings
2026-10-05 06:39:33.021 Df HamsterAges[31116:15e0b] [com.apple.FrontBoard:SceneExtension] Realizing settings extension _UISceneOrientationClientSettingsExtension on FBSSceneClientSettings
2026-10-05 06:39:33.021 Df HamsterAges[31116:15e0b] [com.apple.FrontBoard:SceneExtension] Realizing settings extension _UISceneWindowingControlClientSettings on FBSSceneClientSettings
2026-10-05 06:39:33.022 Df HamsterAges[31116:15e0b] [com.apple.FrontBoard:SceneExtension] Realizing settings extension <_UISceneHostingContentSizePreferenceClientSettings> on FBSSceneClientSettings
2026-10-05 06:39:33.023 Df HamsterAges[31116:15e0b] [com.apple.FrontBoard:SceneExtension] Realizing settings extension _UISceneHostingTraitCollectionPropagationSettings on FBSSceneSettings
2026-10-05 06:39:33.023 Df HamsterAges[31116:15ddf] [com.apple.UIKit:UIScreen] Evaluated capturing state as 0 on <UIScreen: 0x1061062d0> for initial
2026-10-05 06:39:33.023 Df HamsterAges[31116:15e0b] [com.apple.FrontBoard:SceneExtension] Realizing settings extension <_UISceneHostingSheetPresentationSettings> on FBSSceneSettings
2026-10-05 06:39:33.023 Df HamsterAges[31116:15ddf] [com.apple.UIKit:UIScreen] Evaluated capturing state as 0 on <UIScreen: 0x1061062d0> for CADisplay KVO
2026-10-05 06:39:33.024 Df HamsterAges[31116:15e0b] [com.apple.FrontBoard:SceneExtension] Realizing settings extension <_UISceneHostingSheetPresentationClientSettings> on FBSSceneClientSettings
2026-10-05 06:39:33.024 Df HamsterAges[31116:15e0b] [com.apple.FrontBoard:SceneExtension] Realizing settings extension <_UISceneHostingEventDeferringSettings> on FBSSceneSettings
2026-10-05 06:39:33.026 Df HamsterAges[31116:15e0b] [com.apple.FrontBoard:SceneExtension] Realizing settings extension <UIKit__UITypedKeyValueSceneSettings> on FBSSceneSettings
2026-10-05 06:39:33.026 Df HamsterAges[31116:15e0b] [com.apple.FrontBoard:SceneExtension] Realizing settings extension <UIKit__UITypedKeyValueSceneSettings> on FBSSceneClientSettings
2026-10-05 06:39:33.027 Df HamsterAges[31116:15e0b] [com.apple.FrontBoard:SceneExtension] Realizing settings extension <_UISceneHostingViewControllerPreferencePropagationClientSettings> on FBSSceneClientSettings
2026-10-05 06:39:33.027 Df HamsterAges[31116:15e0b] [com.apple.FrontBoard:SceneExtension] Realizing settings extension <_UISceneZoomTransitionSettings> on FBSSceneSettings
2026-10-05 06:39:33.028 Df HamsterAges[31116:15e1d] [com.apple.FrontBoard:SceneExtension] Realizing settings extension FBSSceneSettingsCore on FBSSceneSettings
2026-10-05 06:39:33.030 Df HamsterAges[31116:15e1d] [com.apple.FrontBoard:SceneExtension] Realizing settings extension FBSSceneClientSettingsCore on FBSSceneClientSettings
2026-10-05 06:39:33.041 Df HamsterAges[31116:15ddf] [com.apple.Accessibility:AXSupportCommon] Read CategoryName: per-app = 1, category name = (null)
2026-10-05 06:39:33.041 Df HamsterAges[31116:15ddf] [com.apple.Accessibility:AXSupportCommon] Read CategoryName: per-app = 0, category name = (null)
2026-10-05 06:39:33.043 Df HamsterAges[31116:15e1d] [com.apple.FrontBoard:SceneExtension] UIMutableApplicationSceneSettings setting counterpart class: UIApplicationSceneSettings
2026-10-05 06:39:33.044 Df HamsterAges[31116:15e1d] [com.apple.FrontBoard:SceneExtension] UIMutableApplicationSceneClientSettings setting counterpart class: UIApplicationSceneClientSettings
2026-10-05 06:39:33.044 Df HamsterAges[31116:15e1d] [com.apple.FrontBoard:SceneExtension] Realizing settings extension FBSSceneTransitionContextCore on FBSSceneTransitionContext
2026-10-05 06:39:33.053 Df HamsterAges[31116:15ddf] [com.apple.dt.xctest:Default] Registering for test daemon availability notify post.
2026-10-05 06:39:33.053 Df HamsterAges[31116:15ddf] [com.apple.dt.xctest:Default] notify_get_state check indicated test daemon not ready.
2026-10-05 06:39:33.053 Df HamsterAges[31116:15ddf] [com.apple.dt.xctest:Default] notify_get_state check indicated test daemon not ready.
2026-10-05 06:39:33.053 Df HamsterAges[31116:15ddf] [com.apple.dt.xctest:Default] notify_get_state check indicated test daemon not ready.
2026-10-05 06:39:33.054 Df HamsterAges[31116:15ddf] [com.apple.UIKit:Application] Deactivation reason added: 11; deactivation reasons: 1024 -> 3072; animating application lifecycle event: 0
2026-10-05 06:39:33.055 Df HamsterAges[31116:15ddf] [com.apple.UIKit:Application] Deactivation reason removed: 10; deactivation reasons: 3072 -> 2048; animating application lifecycle event: 0
2026-10-05 06:39:33.058 Df HamsterAges[31116:15ddf] [com.apple.UIKit:EventBus] Event Timing Profile for Touch: not found, path="/System/Library/EventTimingProfiles/Sim.Touch.plist"
2026-10-05 06:39:33.058 Df HamsterAges[31116:15ddf] [com.apple.UIKit:EventBus] Event Timing Profile for Pencil: not found, path="/System/Library/EventTimingProfiles/Sim.Pencil.plist"
2026-10-05 06:39:33.058 Df HamsterAges[31116:15ddf] [com.apple.UIKit:UpdateScheduler] Selected display: name=LCD (PurpleMain), id=1
2026-10-05 06:39:33.062 Df HamsterAges[31116:15e1d] [com.apple.FileURL:default] kExcludedFromBackupXattrName set on path: /Users/runner/Library/Developer/CoreSimulator/Devices/291E4B86-C951-41A7-8327-84BF0304D0A9/data/Containers/Data/Application/B27423C8-BF3A-4B75-AE28-417D0A9821D7/Library/Application Support/GoogleMobileAds/Settings
2026-10-05 06:39:33.068 Df HamsterAges[31116:15ddf] [com.apple.xpc:connection] [0x106109140] activating connection: mach=true listener=false peer=false name=com.apple.lsd.mapdb
2026-10-05 06:39:33.068 Df HamsterAges[31116:15e1d] [com.apple.FileURL:default] kExcludedFromBackupXattrName set on path: /Users/runner/Library/Developer/CoreSimulator/Devices/291E4B86-C951-41A7-8327-84BF0304D0A9/data/Containers/Data/Application/B27423C8-BF3A-4B75-AE28-417D0A9821D7/Library/Application Support/GoogleMobileAds/storage
2026-10-05 06:39:33.069 Df HamsterAges[31116:15e1d] [com.apple.FileURL:default] kExcludedFromBackupXattrName set on path: /Users/runner/Library/Developer/CoreSimulator/Devices/291E4B86-C951-41A7-8327-84BF0304D0A9/data/Containers/Data/Application/B27423C8-BF3A-4B75-AE28-417D0A9821D7/Library/Application Support/GoogleMobileAds/AdapterSettings
2026-10-05 06:39:33.070 Df HamsterAges[31116:15e1d] [com.apple.xpc:connection] [0x104e0cc70] activating connection: mach=true listener=false peer=false name=com.apple.lsd.advertisingidentifiers
2026-10-05 06:39:33.074 A  HamsterAges[31116:15e1d] (libsystem_containermanager.dylib) container_system_group_path_for_identifier
2026-10-05 06:39:33.074 Df HamsterAges[31116:15e1d] [com.apple.containermanager:xpc] Requesting container lookup; class = 13, identifier = (null), group_identifier = systemgroup.com.apple.configurationprofiles, create = 1, temp = 0, euid = 501, uid = 501
2026-10-05 06:39:33.074 A  HamsterAges[31116:15e1d] (libsystem_containermanager.dylib) container_query_t
2026-10-05 06:39:33.074 Df HamsterAges[31116:15e1d] [com.apple.containermanager:xpc] Query; euid = 501, uid = 501, class = 13, identifier = [(null)](0), flags = 900000003
2026-10-05 06:39:33.078 Df HamsterAges[31116:15e1d] [com.apple.containermanager:unspecified] _container_query_get_result_at_index: success
2026-10-05 06:39:33.078 A  HamsterAges[31116:15e1d] (libsystem_containermanager.dylib) container_copy_object
2026-10-05 06:39:33.079 Df HamsterAges[31116:15e1d] [com.apple.containermanager:unspecified] container_system_group_path_for_identifier: success
2026-10-05 06:39:33.079 Df HamsterAges[31116:15e1d] [com.apple.ManagedConfiguration:MC] Got system group container path from MCM for systemgroup.com.apple.configurationprofiles: /Users/runner/Library/Developer/CoreSimulator/Devices/291E4B86-C951-41A7-8327-84BF0304D0A9/data/Containers/Shared/SystemGroup/systemgroup.com.apple.configurationprofiles
2026-10-05 06:39:33.134 Df HamsterAges[31116:15ddf] [com.apple.BoardServices:XPCErrors] [C:2] Alloc com.apple.backboard.hid-services.xpc
2026-10-05 06:39:33.134 Df HamsterAges[31116:15ddf] [com.apple.xpc:connection] [0x106107fb0] activating connection: mach=false listener=false peer=false name=(anonymous)
2026-10-05 06:39:33.135 Df HamsterAges[31116:15e1b] [com.apple.BackBoard:EventDelivery] BKSHIDEventDeliveryManager - connection activation
2026-10-05 06:39:33.136 Df HamsterAges[31116:15ddf] [com.apple.UIKit:Application] Deactivation reason added: 5; deactivation reasons: 2048 -> 2080; animating application lifecycle event: 1
2026-10-05 06:39:33.137 Df HamsterAges[31116:15ddf] [com.apple.UIKit:InterfaceStyle] Should send trait collection or coordinate space update, interface style 1 -> 1, <UIWindowScene: 0x104e0d3e0> (9549A8D9-0564-4F60-9294-78B777E20885)
2026-10-05 06:39:33.137 Df HamsterAges[31116:15ddf] [com.apple.UIKit:InterfaceStyle] Not push traits update to screen for new style 1, <UIWindowScene: 0x104e0d3e0> (9549A8D9-0564-4F60-9294-78B777E20885)
2026-10-05 06:39:33.138 Df HamsterAges[31116:15ddf] [com.apple.UIKit:HomeAffordanceObservation] Initializing: <_UIHomeAffordanceSceneNotifier: 0x600002903a30>; with scene: <UIWindowScene: 0x104e0d3e0>
2026-10-05 06:39:33.138 Df HamsterAges[31116:15ddf] [com.apple.BacklightServices:scenes] 0x600000c297a0 setDelegate:<0x600000c29b60 _UIBacklightEnvironment> hasDelegate:YES for environment:sceneID:com.valkhim.hamsterages-9549A8D9-0564-4F60-9294-78B777E20885
2026-10-05 06:39:33.138 Df HamsterAges[31116:15ddf] [com.apple.UIKit:InterfaceStyle] Not push traits update to screen for new style 1, <UIWindowScene: 0x104e0d3e0> (9549A8D9-0564-4F60-9294-78B777E20885)
2026-10-05 06:39:33.139 Df HamsterAges[31116:15ddf] [com.apple.UIKit:EventDeferring] [0x600002903b10] Initialized with scene: <UIWindowScene: 0x104e0d3e0>; behavior: <_UIEventDeferringBehavior_iOS: 0x600000227200>; availableForProcess: 1, systemShellManagesKeyboardFocus: 1
2026-10-05 06:39:33.141 Df HamsterAges[31116:15e1b] [com.apple.BackBoard:EventDelivery] BKSHIDEventObserver - connection activation
2026-10-05 06:39:33.141 Df HamsterAges[31116:15ddf] [com.apple.BackBoard:EventDelivery] policyStatus:<BKSHIDEventDeliveryPolicyObserver: 0x600002609e00; process scope; status: target> was:none
2026-10-05 06:39:33.141 Df HamsterAges[31116:15ddf] [com.apple.UIKit:KeyWindow] Setting default evaluation strategy for UIUserInterfaceIdiomPhone to LastOneWins
2026-10-05 06:39:33.141 Df HamsterAges[31116:15ddf] [com.apple.UIKit:KeyWindow] Scene target of keyboard event deferring environment did change: 1; scene: UIWindowScene: 0x104e0d3e0; scene identity: com.apple.frontboard.systemappservices/FBSceneManager:sceneID%3Acom.valkhim.hamsterages-9549A8D9-0564-4F60-9294-78B777E20885
2026-10-05 06:39:33.141 Df HamsterAges[31116:15ddf] [com.apple.UIKit:EventDeferring] [0x600002903b10] Scene target of event deferring environments did update: scene: 0x104e0d3e0; current systemShellManagesKeyboardFocus: 1; systemShellManagesKeyboardFocusForScene: 1; eligibleForRecordRemoval: 1;
2026-10-05 06:39:33.141 Df HamsterAges[31116:15ddf] [com.apple.UIKit:KeyWindow] Scene became target of keyboard event deferring environment: UIWindowScene: 0x104e0d3e0; scene identity: com.apple.frontboard.systemappservices/FBSceneManager:sceneID%3Acom.valkhim.hamsterages-9549A8D9-0564-4F60-9294-78B777E20885
2026-10-05 06:39:33.141 Df HamsterAges[31116:15ddf] [com.apple.UIKit:KeyWindow] Stack[KeyWindow] 0x600000c1a1f0: Taking no further action for migration from LastOneWins -> SystemShellManaged as there are no scenes
2026-10-05 06:39:33.141 Df HamsterAges[31116:15ddf] [com.apple.UIKit:KeyWindow] Setting default evaluation strategy for UIUserInterfaceIdiomPhone to SystemShellManaged
2026-10-05 06:39:33.141 Df HamsterAges[31116:15ddf] [com.apple.UIKit:KeyWindow] Key window needs update: 0; currentKeyWindowScene: 0x0; evaluatedKeyWindowScene: 0x104e0d3e0; currentApplicationKeyWindow: 0x0; evaluatedApplicationKeyWindow: 0x0; reason: UIWindowScene: 0x104e0d3e0: Window scene became target of keyboard environment
2026-10-05 06:39:33.142 Df HamsterAges[31116:15ddf] [com.apple.UIKit:InterfaceStyle] Not push traits update to screen for new style 1, <UIWindowScene: 0x104e0d3e0> (9549A8D9-0564-4F60-9294-78B777E20885)
2026-10-05 06:39:33.143 Df HamsterAges[31116:15ddf] [com.apple.UIKit:InterfaceStyle] Not push traits update to screen for new style 1, <UIWindowScene: 0x104e0d3e0> (9549A8D9-0564-4F60-9294-78B777E20885)
2026-10-05 06:39:33.144 Df HamsterAges[31116:15ddf] [com.apple.UIKit:InterfaceStyle] Not push traits update to screen for new style 1, <UIWindowScene: 0x104e0d3e0> (9549A8D9-0564-4F60-9294-78B777E20885)
2026-10-05 06:39:33.217 Df HamsterAges[31116:15ddf] [com.apple.UIKit:Orientation] <UIWindowScene: 0x104e0d3e0> (9549A8D9-0564-4F60-9294-78B777E20885) Scene updated orientation preferences: none -> ( Ll Lr )
2026-10-05 06:39:33.221 Df HamsterAges[31116:15ddf] [com.apple.UIKit:KeyWindow] Key window API is scene-level: YES
2026-10-05 06:39:33.221 Df HamsterAges[31116:15ddf] [com.apple.UIKit:KeyWindow] UIWindowScene: 0x104e0d3e0: Window became key in scene: UIWindow: 0x104e10790; contextId: 0x6F18D35E: reason: UIWindowScene: 0x104e0d3e0: Window requested to become key in scene: 0x104e10790
2026-10-05 06:39:33.221 Df HamsterAges[31116:15ddf] [com.apple.UIKit:KeyWindow] Key window needs update: 1; currentKeyWindowScene: 0x0; evaluatedKeyWindowScene: 0x104e0d3e0; currentApplicationKeyWindow: 0x0; evaluatedApplicationKeyWindow: 0x104e10790; reason: UIWindowScene: 0x104e0d3e0: Window requested to become key in scene: 0x104e10790
2026-10-05 06:39:33.221 Df HamsterAges[31116:15ddf] [com.apple.UIKit:KeyWindow] Window did become application key: UIWindow: 0x104e10790; contextId: 0x6F18D35E; scene identity: com.apple.frontboard.systemappservices/FBSceneManager:sceneID%3Acom.valkhim.hamsterages-9549A8D9-0564-4F60-9294-78B777E20885
2026-10-05 06:39:33.221 Df HamsterAges[31116:15ddf] [com.apple.UIKit:EventDeferring] [0x600002903b10] Begin local event deferring requested for token: 0x600002602be0; environments: 1; reason: UIWindowScene: 0x104e0d3e0: Begin event deferring in keyboardFocus for window: 0x104e10790
2026-10-05 06:39:33.222 Df HamsterAges[31116:15ddf] [com.apple.UIKit:InterfaceStyle] Not push traits update to screen for new style 1, <UIWindowScene: 0x104e0d3e0> (9549A8D9-0564-4F60-9294-78B777E20885)
2026-10-05 06:39:33.223 Df HamsterAges[31116:15ddf] [com.apple.UIKit:AppLifecycle] sceneOfRecord: sceneID: sceneID:com.valkhim.hamsterages-9549A8D9-0564-4F60-9294-78B777E20885  persistentID: 9549A8D9-0564-4F60-9294-78B777E20885
2026-10-05 06:39:33.223 Df HamsterAges[31116:15ddf] [com.apple.UIKit:Application] Ignoring already applied deactivation reason: 5; deactivation reasons: 2080
2026-10-05 06:39:33.223 Df HamsterAges[31116:15ddf] [com.apple.UIKit:Application] Deactivation reason added: 12; deactivation reasons: 2080 -> 6176; animating application lifecycle event: 1
2026-10-05 06:39:33.223 Df HamsterAges[31116:15ddf] [com.apple.UIKit:Application] Deactivation reason removed: 11; deactivation reasons: 6176 -> 4128; animating application lifecycle event: 1
2026-10-05 06:39:33.223 Df HamsterAges[31116:15e1d] [com.apple.BackBoard:EventDelivery] policyStatus:<BKSHIDEventDeliveryPolicyObserver: 0x600002609e00; token: com.apple.frontboard.systemappservices/FBSceneManager:sceneID%3Acom.valkhim.hamsterages-9549A8D9-0564-4F60-9294-78B777E20885; status: ancestor> was:target
2026-10-05 06:39:33.223 Df HamsterAges[31116:15ddf] [com.apple.FrontBoard:SceneExtension] Realizing settings extension <_UISceneIntelligenceSupportSettings> on FBSSceneSettings
2026-10-05 06:39:33.224 Df HamsterAges[31116:15e1d] [com.apple.UIIntelligenceSupport:xpc] establishing connection to agent
2026-10-05 06:39:33.224 Df HamsterAges[31116:15ddf] [com.apple.UIKit:InterfaceStyle] Not push traits update to screen for new style 1, <UIWindowScene: 0x104e0d3e0> (9549A8D9-0564-4F60-9294-78B777E20885)
2026-10-05 06:39:33.225 Df HamsterAges[31116:15e1d] [com.apple.xpc:session] [0x600002114190] Session created.
2026-10-05 06:39:33.225 Df HamsterAges[31116:15e1d] [com.apple.xpc:session] [0x600002114190] Session created from connection [0x106105a70]
2026-10-05 06:39:33.225 Df HamsterAges[31116:15e1d] [com.apple.xpc:connection] [0x106105a70] activating connection: mach=true listener=false peer=false name=com.apple.uiintelligencesupport.agent
2026-10-05 06:39:33.225 Df HamsterAges[31116:15e1d] [com.apple.xpc:session] [0x600002114190] Session activated
2026-10-05 06:39:33.228 A  HamsterAges[31116:15ddf] (CoreFoundation) Updating Key-Value Observers Of Preferences
2026-10-05 06:39:33.312 E  HamsterAges[31116:15ddf] [com.apple.kvs:Connection] Unable to find entitlement for KVS store
2026-10-05 06:39:33.314 F  HamsterAges[31116:15ddf] [com.apple.kvs:Connection] BUG IN CLIENT OF KVS: Trying to initialize NSUbiquitousKeyValueStore without a store identifier. Please specify your store identifier in the 'com.apple.developer.ubiquity-kvstore-identifier' entitlement.
2026-10-05 06:39:33.314 A  HamsterAges[31116:15ddf] (libsystem_trace.dylib) Activity for state dumps
2026-10-05 06:39:33.573 Df HamsterAges[31116:15e0b] [com.apple.xpc:connection] [0x104e1d480] activating connection: mach=true listener=false peer=false name=com.apple.fontservicesd
2026-10-05 06:39:33.744 Df HamsterAges[31116:15ddf] [com.apple.FrontBoard:SceneClient] [(FBSceneManager):sceneID:com.valkhim.hamsterages-9549A8D9-0564-4F60-9294-78B777E20885] Sending action(s): BLSInvalidateFrameSpecifiersAction
2026-10-05 06:39:33.745 Df HamsterAges[31116:15ddf] [com.apple.UIKit:InterfaceStyle] Not push traits update to screen for new style 1, <UIWindowScene: 0x104e0d3e0> (9549A8D9-0564-4F60-9294-78B777E20885)
2026-10-05 06:39:33.745 Df HamsterAges[31116:15ddf] [com.apple.UIKit:_UIVisualStyleRegistry] Warning: no visual style classes have been registered at all.
2026-10-05 06:39:33.749 Df HamsterAges[31116:15ddf] [com.apple.network:] networkd_settings_read_from_file initialized networkd settings by reading plist directly
2026-10-05 06:39:33.749 Df HamsterAges[31116:15ddf] [com.apple.network:] networkd_settings_read_from_file initialized networkd settings by reading plist directly
2026-10-05 06:39:33.750 Df HamsterAges[31116:15ddf] [com.apple.CFNetwork:Default] Task <4E616E87-2745-43B1-A01C-30F08FEA1E3E>.<1> resuming, timeouts(8.0, 604800.0) qos(0x21) voucher((null)) activity(00000000-0000-0000-0000-000000000000)
2026-10-05 06:39:33.750 A  HamsterAges[31116:15ddf] (CoreFoundation) Loading Preferences From User Session CFPrefsD
2026-10-05 06:39:33.753 Df HamsterAges[31116:15e20] [com.apple.CFNetwork:Default] Initializing NSHTTPCookieStorage singleton
2026-10-05 06:39:33.753 Df HamsterAges[31116:15e20] [com.apple.CFNetwork:Default] Initializing CFHTTPCookieStorage singleton
2026-10-05 06:39:33.753 Df HamsterAges[31116:15e20] [com.apple.CFNetwork:Default] Creating default cookie storage with process/bundle identifier
2026-10-05 06:39:33.754 A  HamsterAges[31116:15e20] (libsystem_containermanager.dylib) container_system_group_path_for_identifier
2026-10-05 06:39:33.754 Df HamsterAges[31116:15e20] [com.apple.containermanager:xpc] Requesting container lookup; class = 13, identifier = com.apple.nsurlsessiond, group_identifier = systemgroup.com.apple.nsurlstoragedresources, create = 1, temp = 0, euid = 501, uid = 501
2026-10-05 06:39:33.754 A  HamsterAges[31116:15e20] (libsystem_containermanager.dylib) container_query_t
2026-10-05 06:39:33.754 Df HamsterAges[31116:15e20] [com.apple.containermanager:xpc] Query; euid = 501, uid = 501, class = 13, identifier = [com.apple.nsurlsessiond](1), flags = 900000003
2026-10-05 06:39:33.755 Df HamsterAges[31116:15e20] [com.apple.containermanager:unspecified] _container_query_get_result_at_index: success
2026-10-05 06:39:33.755 A  HamsterAges[31116:15e20] (libsystem_containermanager.dylib) container_copy_object
2026-10-05 06:39:33.755 Df HamsterAges[31116:15e20] [com.apple.containermanager:unspecified] container_system_group_path_for_identifier: success
2026-10-05 06:39:33.757 Df HamsterAges[31116:15e20] [com.apple.CFNetwork:Default] Initializing AlternativeServices Storage singleton
2026-10-05 06:39:33.758 Df HamsterAges[31116:15e20] [com.apple.FileURL:default] kExcludedFromBackupXattrName set on path: /Users/runner/Library/Developer/CoreSimulator/Devices/291E4B86-C951-41A7-8327-84BF0304D0A9/data/Containers/Data/Application/B27423C8-BF3A-4B75-AE28-417D0A9821D7/Library/HTTPStorages/com.valkhim.hamsterages
2026-10-05 06:39:33.766 Df HamsterAges[31116:15e20] [com.apple.CFNetwork:Default] Connection 0: creating secure tcp or quic connection
2026-10-05 06:39:33.767 Df HamsterAges[31116:15e1b] [com.apple.CFNetwork:Default] Garbage collection for alternative services
2026-10-05 06:39:33.770 Df HamsterAges[31116:15e20] [com.apple.CFNetwork:Default] Connection 1: enabling TLS
2026-10-05 06:39:33.770 Df HamsterAges[31116:15e20] [com.apple.CFNetwork:Default] Connection 1: starting, TC(0x0)
2026-10-05 06:39:33.771 Df HamsterAges[31116:15e20] [com.apple.network:connection] [C1 B7B93701-23C8-40A7-ACC3-2855A9396419 Hostname#1e985623:443 quic-connection, url: https://raw.githubusercontent.com/khimchuk00/hamster-ages/main/config/remote.json, definite, attribution: developer, context: com.apple.CFNetwork.NSURLSession.{72E82518-7BC3-47FD-9069-3C9AE3559C46}{(null)}{Y}{2}{0x0} (private), proc: 6A879243-69DF-3D44-BBA3-9BDFA1201B42, delegated upid: 0] start
2026-10-05 06:39:33.771 Df HamsterAges[31116:15e20] [com.apple.network:connection] [C1 Hostname#1e985623:443 initial parent-flow ((null))] event: path:start @0.000s
2026-10-05 06:39:33.772 Df HamsterAges[31116:15e20] [com.apple.network:connection] [C1 Hostname#1e985623:443 waiting parent-flow (satisfied (Path is satisfied), interface: en0)] event: path:satisfied @0.001s, uuid: 462EB9B0-0181-4910-B7B7-9345E890B5FD
2026-10-05 06:39:33.772 Df HamsterAges[31116:15e20] [com.apple.network:connection] [C1 Hostname#1e985623:443 in_progress parent-flow (satisfied (Path is satisfied), interface: en0)] event: flow:start_connect @0.001s
2026-10-05 06:39:33.772 Df HamsterAges[31116:15e20] [com.apple.network:connection] nw_connection_report_state_with_handler_on_nw_queue [C1] reporting state preparing
2026-10-05 06:39:33.776 Df HamsterAges[31116:15e20] [com.apple.network:connection] [C1 Hostname#1e985623:443 in_progress parent-flow (satisfied (Path is satisfied), interface: en0)] event: flow:start_child @0.004s
2026-10-05 06:39:33.776 Df HamsterAges[31116:15e20] [com.apple.network:connection] [C1.1 Hostname#1e985623:443 initial path ((null))] event: path:start @0.005s
2026-10-05 06:39:33.776 Df HamsterAges[31116:15e20] [com.apple.network:connection] [C1.1 Hostname#1e985623:443 waiting path (satisfied (Path is satisfied), interface: en0)] event: path:satisfied @0.005s, uuid: 462EB9B0-0181-4910-B7B7-9345E890B5FD
2026-10-05 06:39:33.776 Df HamsterAges[31116:15e20] [com.apple.network:connection] [C1.1 Hostname#1e985623:443 in_progress transform (satisfied (Path is satisfied), interface: en0)] event: transform:start @0.005s
2026-10-05 06:39:33.777 Df HamsterAges[31116:15e20] [com.apple.network:connection] [C1.1.1 Hostname#1e985623:443 initial path ((null))] event: path:start @0.005s
2026-10-05 06:39:33.777 Df HamsterAges[31116:15e20] [com.apple.network:connection] [C1.1.1 Hostname#1e985623:443 waiting path (satisfied (Path is satisfied), interface: en0)] event: path:satisfied @0.005s, uuid: 73FFACAC-E072-40E4-912E-7ED10795BBEA
2026-10-05 06:39:33.777 Df HamsterAges[31116:15e20] [com.apple.network:connection] [C1.1.1 Hostname#1e985623:443 in_progress resolver (satisfied (Path is satisfied), interface: en0)] event: resolver:start_dns @0.006s
2026-10-05 06:39:33.778 Df HamsterAges[31116:15e20] [com.apple.CFNetwork:Default] Task <4E616E87-2745-43B1-A01C-30F08FEA1E3E>.<1> setting up Connection 1
2026-10-05 06:39:33.778 Df HamsterAges[31116:15e20] [com.apple.network:connection] nw_endpoint_resolver_update [C1.1.1 Hostname#1e985623:443 in_progress resolver (satisfied (Path is satisfied), interface: en0)] Adding endpoint handler for IPv4#15be3d1c:443
2026-10-05 06:39:33.778 Df HamsterAges[31116:15e20] [com.apple.network:connection] nw_endpoint_resolver_update [C1.1.1 Hostname#1e985623:443 in_progress resolver (satisfied (Path is satisfied), interface: en0)] Adding endpoint handler for IPv4#073b595e:443
2026-10-05 06:39:33.778 Df HamsterAges[31116:15e20] [com.apple.network:connection] nw_endpoint_resolver_update [C1.1.1 Hostname#1e985623:443 in_progress resolver (satisfied (Path is satisfied), interface: en0)] Adding endpoint handler for IPv4#80dae0e3:443
2026-10-05 06:39:33.778 Df HamsterAges[31116:15e20] [com.apple.network:connection] nw_endpoint_resolver_update [C1.1.1 Hostname#1e985623:443 in_progress resolver (satisfied (Path is satisfied), interface: en0)] Adding endpoint handler for IPv4#9342a263:443
2026-10-05 06:39:33.778 Df HamsterAges[31116:15e20] [com.apple.network:connection] [C1.1.1 Hostname#1e985623:443 in_progress resolver (satisfied (Path is satisfied), interface: en0)] event: resolver:receive_dns @0.007s
2026-10-05 06:39:33.778 Df HamsterAges[31116:15e20] [com.apple.network:connection] [C1.1.1.1 IPv4#15be3d1c:443 initial path ((null))] event: path:start @0.007s
2026-10-05 06:39:33.779 Df HamsterAges[31116:15e20] [com.apple.network:connection] [C1.1.1.1 IPv4#15be3d1c:443 waiting path (satisfied (Path is satisfied), interface: en0)] event: path:satisfied @0.007s, uuid: 26FF9B94-EE23-421D-AD74-71AFBBA42B42
2026-10-05 06:39:33.779 Df HamsterAges[31116:15e20] [com.apple.network:connection] [C1.1.1.1 IPv4#15be3d1c:443 in_progress socket-flow (satisfied (Path is satisfied), interface: en0)] event: flow:start_connect @0.008s
2026-10-05 06:39:33.782 Df HamsterAges[31116:15e20] [com.apple.network:connection] nw_socket_handle_socket_event [C1.1.1.1:3] Socket received CONNECTED event
2026-10-05 06:39:33.782 Df HamsterAges[31116:15e20] [com.apple.network:connection] nw_flow_connected [C1.1.1.1 IPv4#15be3d1c:443 in_progress socket-flow (satisfied (Path is satisfied), interface: en0)] Transport protocol connected (socket)
2026-10-05 06:39:33.782 Df HamsterAges[31116:15e20] [com.apple.network:connection] [C1.1.1.1 IPv4#15be3d1c:443 in_progress socket-flow (satisfied (Path is satisfied), interface: en0)] event: flow:finish_transport @0.011s
2026-10-05 06:39:33.783 Df HamsterAges[31116:15e20] [com.apple.network:boringssl] boringssl_session_apply_protocol_options_for_transport_block_invoke_2(2323) [C1.1.1.1:2][0x106155c00] TLS configured [min_version(0x0303) max_version(0x0304) name(redacted) tickets(false) false_start(false) enforce_ev(false) enforce_ats(false) ats_non_pfs_ciphersuite_allowed(false) ech(false) pqtls(true), pake(false)]
2026-10-05 06:39:33.783 Df HamsterAges[31116:15e20] [com.apple.network:boringssl] boringssl_context_info_handler(2390) [C1.1.1.1:2][0x106155c00] Client handshake started
2026-10-05 06:39:33.783 Df HamsterAges[31116:15e20] [com.apple.network:boringssl] boringssl_context_info_handler(2407) [C1.1.1.1:2][0x106155c00] Client handshake state: TLS client enter_early_data
2026-10-05 06:39:33.783 Df HamsterAges[31116:15e20] [com.apple.network:boringssl] boringssl_context_info_handler(2407) [C1.1.1.1:2][0x106155c00] Client handshake state: TLS client read_server_hello
2026-10-05 06:39:33.786 Df HamsterAges[31116:15e20] [com.apple.network:boringssl] boringssl_context_info_handler(2407) [C1.1.1.1:2][0x106155c00] Client handshake state: TLS 1.3 client read_hello_retry_request
2026-10-05 06:39:33.787 Df HamsterAges[31116:15e20] [com.apple.network:boringssl] boringssl_context_info_handler(2407) [C1.1.1.1:2][0x106155c00] Client handshake state: TLS 1.3 client read_server_hello
2026-10-05 06:39:33.787 Df HamsterAges[31116:15e20] [com.apple.network:boringssl] boringssl_context_info_handler(2407) [C1.1.1.1:2][0x106155c00] Client handshake state: TLS 1.3 client read_encrypted_extensions
2026-10-05 06:39:33.787 Df HamsterAges[31116:15e20] [com.apple.network:boringssl] boringssl_context_info_handler(2407) [C1.1.1.1:2][0x106155c00] Client handshake state: TLS 1.3 client read_certificate_request
2026-10-05 06:39:33.787 Df HamsterAges[31116:15e20] [com.apple.network:boringssl] boringssl_context_info_handler(2407) [C1.1.1.1:2][0x106155c00] Client handshake state: TLS 1.3 client read_server_certificate
2026-10-05 06:39:33.787 Df HamsterAges[31116:15e20] [com.apple.network:boringssl] boringssl_context_info_handler(2407) [C1.1.1.1:2][0x106155c00] Client handshake state: TLS 1.3 client read_server_certificate_verify
2026-10-05 06:39:33.788 Df HamsterAges[31116:15e20] [com.apple.network:boringssl] boringssl_context_evaluate_trust_async(1833) [C1.1.1.1:2][0x106155c00] Performing external trust evaluation
2026-10-05 06:39:33.788 A  HamsterAges[31116:15e20] (Security) SecKeyCopyPublicBytes
2026-10-05 06:39:33.788 Df HamsterAges[31116:15e20] [com.apple.network:boringssl] boringssl_context_evaluate_trust_async_external(1818) [C1.1.1.1:2][0x106155c00] Asyncing for external verify block
2026-10-05 06:39:33.788 Df HamsterAges[31116:15e20] [com.apple.CFNetwork:Default] Connection 1: asked to evaluate TLS Trust
2026-10-05 06:39:33.790 Df HamsterAges[31116:15e20] [com.apple.CFNetwork:Default] Task <4E616E87-2745-43B1-A01C-30F08FEA1E3E>.<1> auth completion disp=1 cred=0x0
2026-10-05 06:39:33.790 Df HamsterAges[31116:15e20] [com.apple.securityd:trust] (Trust 0x6000035104d0) No pending evals, starting
2026-10-05 06:39:33.790 A  HamsterAges[31116:15e20] (Security) SecTrustEvaluateIfNecessaryFastAsync
2026-10-05 06:39:33.791 Df HamsterAges[31116:15e20] [com.apple.securityd:keychain] System Keychain Always Supported set via feature flag to disabled
2026-10-05 06:39:33.791 Df HamsterAges[31116:15e20] [com.apple.xpc:connection] [0x104d4f2d0] activating connection: mach=true listener=false peer=false name=com.apple.trustd
2026-10-05 06:39:33.791 Df HamsterAges[31116:15e20] [com.apple.xpc:connection] [0x106156ab0] activating connection: mach=true listener=false peer=false name=com.apple.trustd
2026-10-05 06:39:33.792 Df HamsterAges[31116:15e20] [com.apple.securityd:trust] (Trust 0x6000035104d0) Completed async eval kickoff
2026-10-05 06:39:33.798 Df HamsterAges[31116:15e20] [com.apple.securityd:trust] (Trust 0x6000035104d0) trustd returned 4
2026-10-05 06:39:33.811 Df HamsterAges[31116:15e20] [com.apple.CFNetwork:Default] System Trust Evaluation yielded status(0)
2026-10-05 06:39:33.811 Df HamsterAges[31116:15e20] [com.apple.securityd:trust] (Trust 0x600003510420) No pending evals, starting
2026-10-05 06:39:33.811 A  HamsterAges[31116:15e20] (Security) SecTrustEvaluateIfNecessaryFastAsync
2026-10-05 06:39:33.811 Df HamsterAges[31116:15e20] [com.apple.xpc:connection] [0x104d55870] activating connection: mach=true listener=false peer=false name=com.apple.trustd
2026-10-05 06:39:33.812 Df HamsterAges[31116:15e20] [com.apple.securityd:trust] (Trust 0x600003510420) Completed async eval kickoff
2026-10-05 06:39:33.822 Df HamsterAges[31116:15e20] [com.apple.xpc:connection] [0x106156ab0] invalidated because the current process cancelled the connection by calling xpc_connection_cancel()
2026-10-05 06:39:33.822 Df HamsterAges[31116:15e20] [com.apple.securityd:trust] (Trust 0x600003510420) trustd returned 4
2026-10-05 06:39:33.822 Df HamsterAges[31116:15e20] [com.apple.CFNetwork:Default] Connection 1: TLS Trust result 0
2026-10-05 06:39:33.822 Df HamsterAges[31116:15e20] [com.apple.network:boringssl] boringssl_context_evaluate_trust_async_external_block_invoke_3(1773) [C1.1.1.1:2][0x106155c00] Returning from external verify block with result: true
2026-10-05 06:39:33.822 Df HamsterAges[31116:15e20] [com.apple.network:boringssl] boringssl_context_certificate_verify_callback(2014) [C1.1.1.1:2][0x106155c00] Certificate verification result: OK
2026-10-05 06:39:33.822 Df HamsterAges[31116:15e20] [com.apple.network:boringssl] boringssl_context_info_handler(2407) [C1.1.1.1:2][0x106155c00] Client handshake state: TLS 1.3 client read_server_finished
2026-10-05 06:39:33.822 Df HamsterAges[31116:15e20] [com.apple.network:boringssl] boringssl_context_info_handler(2407) [C1.1.1.1:2][0x106155c00] Client handshake state: TLS 1.3 client send_end_of_early_data
2026-10-05 06:39:33.822 Df HamsterAges[31116:15e20] [com.apple.network:boringssl] boringssl_context_info_handler(2407) [C1.1.1.1:2][0x106155c00] Client handshake state: TLS 1.3 client send_client_encrypted_extensions
2026-10-05 06:39:33.822 Df HamsterAges[31116:15e20] [com.apple.network:boringssl] boringssl_context_info_handler(2407) [C1.1.1.1:2][0x106155c00] Client handshake state: TLS 1.3 client send_client_certificate
2026-10-05 06:39:33.824 Df HamsterAges[31116:15e20] [com.apple.network:boringssl] boringssl_context_info_handler(2407) [C1.1.1.1:2][0x106155c00] Client handshake state: TLS 1.3 client complete_second_flight
2026-10-05 06:39:33.837 Df HamsterAges[31116:15e20] [com.apple.network:boringssl] boringssl_context_info_handler(2407) [C1.1.1.1:2][0x106155c00] Client handshake state: TLS 1.3 client done
2026-10-05 06:39:33.837 Df HamsterAges[31116:15e20] [com.apple.network:boringssl] boringssl_context_info_handler(2407) [C1.1.1.1:2][0x106155c00] Client handshake state: TLS client finish_client_handshake
2026-10-05 06:39:33.837 Df HamsterAges[31116:15e20] [com.apple.network:boringssl] boringssl_context_info_handler(2407) [C1.1.1.1:2][0x106155c00] Client handshake state: TLS client done
2026-10-05 06:39:33.837 Df HamsterAges[31116:15e20] [com.apple.network:boringssl] boringssl_context_info_handler(2396) [C1.1.1.1:2][0x106155c00] Client handshake done
2026-10-05 06:39:33.837 A  HamsterAges[31116:15e20] (Security) SecKeyCopyPublicBytes
2026-10-05 06:39:33.837 Df HamsterAges[31116:15e20] [com.apple.network:boringssl] nw_protocol_boringssl_signal_connected(895) [C1.1.1.1:2][0x106155c00] TLS connected [server(0) version(0x0304) ciphersuite(TLS_AES_128_GCM_SHA256) group(0x11ec) signature_alg(0x0804) alpn(h2) resumed(0) offered_ticket(0) in_early_data(0) early_data_accepted(0) false_started(0) ocsp_received(0) sct_received(0) connect_time(54ms) flight_time(3ms) rtt(3ms) write_stalls(0) read_stalls(2) pake(0x0000)]
2026-10-05 06:39:33.837 Df HamsterAges[31116:15e20] [com.apple.network:connection] nw_flow_connected [C1.1.1.1 IPv4#15be3d1c:443 in_progress socket-flow (satisfied (Path is satisfied), interface: en0)] Output protocol connected (CFNetworkConnection-1321982571)
2026-10-05 06:39:33.837 Df HamsterAges[31116:15ddf] [com.apple.extensionkit:NSExtension] Class EXGetExtensionClass(void) returning EXConcreteExtension
2026-10-05 06:39:33.838 Df HamsterAges[31116:15e20] [com.apple.network:connection] [C1.1.1.1 IPv4#15be3d1c:443 ready socket-flow (satisfied (Path is satisfied), interface: en0)] event: flow:child_finish_connect @0.066s
2026-10-05 06:39:33.838 Df HamsterAges[31116:15e20] [com.apple.network:connection] [C1.1.1 Hostname#1e985623:443 ready resolver (satisfied (Path is satisfied), interface: en0)] event: flow:child_finish_connect @0.066s
2026-10-05 06:39:33.838 Df HamsterAges[31116:15ddf] [com.apple.xpc:connection] [0x106156ab0] activating connection: mach=true listener=false peer=false name=com.apple.pluginkit.pkd
2026-10-05 06:39:33.838 Df HamsterAges[31116:15e20] [com.apple.network:connection] [C1.1 Hostname#1e985623:443 ready transform (satisfied (Path is satisfied), interface: en0)] event: flow:child_finish_connect @0.066s
2026-10-05 06:39:33.838 A  HamsterAges[31116:15ddf] (PlugInKit) continuous-discovery
2026-10-05 06:39:33.838 Df HamsterAges[31116:15ddf] [com.apple.PlugInKit:discovery] <PKDiscoveryDriver:0x600002625e60> created discovery driver
2026-10-05 06:39:33.838 Df HamsterAges[31116:15ddf] [com.apple.PlugInKit:discovery] [d 77CE5DC7-D096-4351-8616-E97640663509] <PKHost:0x600001764cc0> Beginning discovery for flags: 0, point: com.apple.AudioUnit
2026-10-05 06:39:33.838 Df HamsterAges[31116:15e20] [com.apple.network:connection] nw_flow_connected [C1 IPv4#15be3d1c:443 in_progress parent-flow (satisfied (Path is satisfied), interface: en0)] Output protocol connected (endpoint_flow)
2026-10-05 06:39:33.838 Df HamsterAges[31116:15e20] [com.apple.network:connection] [C1 IPv4#15be3d1c:443 ready parent-flow (satisfied (Path is satisfied), interface: en0)] event: flow:finish_connect @0.067s
2026-10-05 06:39:33.839 Df HamsterAges[31116:15e20] [com.apple.network:connection] nw_connection_report_state_with_handler_on_nw_queue [C1] reporting state ready
2026-10-05 06:39:33.839 A  HamsterAges[31116:15e20] (Security) SecKeyCopyPublicBytes
2026-10-05 06:39:33.839 Df HamsterAges[31116:15e20] [com.apple.xpc:connection] [0x104d55870] invalidated because the current process cancelled the connection by calling xpc_connection_cancel()
2026-10-05 06:39:33.839 Df HamsterAges[31116:15e20] [com.apple.CFNetwork:Default] Connection 1: connected successfully
2026-10-05 06:39:33.839 Df HamsterAges[31116:15e20] [com.apple.CFNetwork:Default] Connection 1: TLS handshake complete
2026-10-05 06:39:33.839 Df HamsterAges[31116:15e20] [com.apple.CFNetwork:Default] Connection 1: ready C(N) E(N)
2026-10-05 06:39:33.840 Df HamsterAges[31116:15e20] [com.apple.network:connection] [C1] event: client:connection_reused @0.068s
2026-10-05 06:39:33.840 Df HamsterAges[31116:15e20] [com.apple.network:connection] nw_protocol_socket_notify [C1.1.1.1:3] nw_protocol_notification_type_connection_idle is false
2026-10-05 06:39:33.840 E  HamsterAges[31116:15e20] [com.apple.network:connection] nw_socket_set_connection_idle [C1.1.1.1:3] setsockopt SO_CONNECTION_IDLE failed [42: Protocol not available]
2026-10-05 06:39:33.841 Df HamsterAges[31116:15e19] [com.apple.PlugInKit:discovery] [d 77CE5DC7-D096-4351-8616-E97640663509] <PKHost:0x600001764cc0> Completed discovery. Final # of matches: 0
2026-10-05 06:39:33.841 Df HamsterAges[31116:15e19] [com.apple.PlugInKit:discovery] <PKDiscoveryDriver:0x600002625e60> delivering update to host (0 plugins)
2026-10-05 06:39:33.841 A  HamsterAges[31116:15e19] (ExtensionFoundation) discovering extensions
2026-10-05 06:39:33.841 Df HamsterAges[31116:15e19] [com.apple.extensionkit:NSExtension] discovered extensions: attributes {
    NSExtensionPointName = "com.apple.AudioUnit";
}, extensionSet {(
)}
2026-10-05 06:39:33.841 Df HamsterAges[31116:15e19] [com.apple.PlugInKit:discovery] <PKDiscoveryDriver:0x600002625e60> installing watchers for continuous discovery
2026-10-05 06:39:33.841 A  HamsterAges[31116:15ddf] (PlugInKit) continuous-discovery
2026-10-05 06:39:33.841 Df HamsterAges[31116:15e19] [com.apple.launchservices:appinstallation] registering for distributed notification com.apple.LaunchServices.pluginsregistered in this process
2026-10-05 06:39:33.841 Df HamsterAges[31116:15e19] [com.apple.xpc:connection] [0x104e3e070] activating connection: mach=true listener=false peer=false name=com.apple.distributed_notifications@1v3
2026-10-05 06:39:33.841 Df HamsterAges[31116:15ddf] [com.apple.PlugInKit:discovery] <PKDiscoveryDriver:0x600002625e00> created discovery driver
2026-10-05 06:39:33.841 Df HamsterAges[31116:15ddf] [com.apple.PlugInKit:discovery] [d 5DA61E4B-1674-4A02-91D8-6440EC9BC0DB] <PKHost:0x600001764cc0> Beginning discovery for flags: 0, point: com.apple.AudioUnit-UI
2026-10-05 06:39:33.842 Df HamsterAges[31116:15e19] [com.apple.launchservices:appinstallation] registering for distributed notification com.apple.LaunchServices.pluginsunregistered in this process
2026-10-05 06:39:33.844 Df HamsterAges[31116:15e1f] [com.apple.PlugInKit:discovery] [d 5DA61E4B-1674-4A02-91D8-6440EC9BC0DB] <PKHost:0x600001764cc0> Completed discovery. Final # of matches: 0
2026-10-05 06:39:33.844 Df HamsterAges[31116:15e19] [com.apple.launchservices:progress] Establishing xpc connection to lsd
2026-10-05 06:39:33.844 Df HamsterAges[31116:15e1f] [com.apple.PlugInKit:discovery] <PKDiscoveryDriver:0x600002625e00> delivering update to host (0 plugins)
2026-10-05 06:39:33.844 Df HamsterAges[31116:15e19] [com.apple.xpc:connection] [0x104d30bf0] activating connection: mach=true listener=false peer=false name=com.apple.lsd.xpc
2026-10-05 06:39:33.844 A  HamsterAges[31116:15e1f] (ExtensionFoundation) discovering extensions
2026-10-05 06:39:33.844 Df HamsterAges[31116:15e1f] [com.apple.extensionkit:NSExtension] discovered extensions: attributes {
    NSExtensionPointName = "com.apple.AudioUnit-UI";
}, extensionSet {(
)}
2026-10-05 06:39:33.844 Df HamsterAges[31116:15e1f] [com.apple.PlugInKit:discovery] <PKDiscoveryDriver:0x600002625e00> installing watchers for continuous discovery
2026-10-05 06:39:33.844 A  HamsterAges[31116:15ddf] (PlugInKit) continuous-discovery
2026-10-05 06:39:33.844 Df HamsterAges[31116:15e19] [com.apple.launchservices:progress] Received LSWorkspaceObserverPing, xpc connection established
2026-10-05 06:39:33.844 Df HamsterAges[31116:15ddf] [com.apple.PlugInKit:discovery] <PKDiscoveryDriver:0x600002630f60> created discovery driver
2026-10-05 06:39:33.844 Df HamsterAges[31116:15ddf] [com.apple.PlugInKit:discovery] [d 36E25CDB-1FF9-45F5-8095-2F0E61A460E8] <PKHost:0x600001764cc0> Beginning discovery for flags: 0, point: com.apple.AudioUnit-Speech
2026-10-05 06:39:33.846 Df HamsterAges[31116:15e1f] [com.apple.PlugInKit:discovery] [d 36E25CDB-1FF9-45F5-8095-2F0E61A460E8] <PKHost:0x600001764cc0> Completed discovery. Final # of matches: 4
2026-10-05 06:39:33.846 Df HamsterAges[31116:15e1b] [com.apple.PlugInKit:discovery] <PKDiscoveryDriver:0x600002630f60> delivering update to host (4 plugins)
2026-10-05 06:39:33.846 A  HamsterAges[31116:15e1b] (ExtensionFoundation) discovering extensions
2026-10-05 06:39:33.848 Df HamsterAges[31116:15e20] [com.apple.CFNetwork:Default] Task <4E616E87-2745-43B1-A01C-30F08FEA1E3E>.<1> now using Connection 1
2026-10-05 06:39:33.848 Df HamsterAges[31116:15e1b] [com.apple.extensionkit:NSExtension] discovered extensions: attributes {
    NSExtensionPointName = "com.apple.AudioUnit-Speech";
}, extensionSet {(
    <EXConcreteExtension: 0x6000039df4d0> {id = com.apple.speech.MacinTalkFramework.MacinTalkAUSP},
    <EXConcreteExtension: 0x6000039cd6c0> {id = com.apple.texttospeech.SiriAUSP},
    <EXConcreteExtension: 0x6000039cd5f0> {id = com.apple.ax.KonaTTSSupport.KonaSynthesizer},
    <EXConcreteExtension: 0x6000039df5a0> {id = com.apple.ax.MauiTTSSupport.MauiAUSP}
)}
2026-10-05 06:39:33.848 Df HamsterAges[31116:15e1b] [com.apple.PlugInKit:discovery] <PKDiscoveryDriver:0x600002630f60> installing watchers for continuous discovery
2026-10-05 06:39:33.848 Df HamsterAges[31116:15e20] [com.apple.CFNetwork:Default] Task <4E616E87-2745-43B1-A01C-30F08FEA1E3E>.<1> sent request, body N 0
2026-10-05 06:39:33.850 Df HamsterAges[31116:15ddf] [com.apple.audio.caulk:alloc] Registered notify signal com.apple.caulk.alloc.rtdump (0)
2026-10-05 06:39:33.851 Df HamsterAges[31116:15e1f] [com.apple.CFNetwork:Default] Task <4E616E87-2745-43B1-A01C-30F08FEA1E3E>.<1> received response, status 200 content K
2026-10-05 06:39:33.851 Df HamsterAges[31116:15e1f] [com.apple.CFNetwork:Default] Task <4E616E87-2745-43B1-A01C-30F08FEA1E3E>.<1> done using Connection 1
2026-10-05 06:39:33.851 Df HamsterAges[31116:15e1f] [com.apple.network:connection] [C1] event: client:connection_idle @0.080s
2026-10-05 06:39:33.851 Df HamsterAges[31116:15e1f] [com.apple.network:connection] nw_protocol_socket_notify [C1.1.1.1:3] nw_protocol_notification_type_connection_idle is true
2026-10-05 06:39:33.852 E  HamsterAges[31116:15e1f] [com.apple.network:connection] nw_socket_set_connection_idle [C1.1.1.1:3] setsockopt SO_CONNECTION_IDLE failed [42: Protocol not available]
2026-10-05 06:39:33.852 Df HamsterAges[31116:15e1f] [com.apple.CFNetwork:Default] Task <4E616E87-2745-43B1-A01C-30F08FEA1E3E>.<1> response ended
2026-10-05 06:39:33.854 Df HamsterAges[31116:15ddf] [com.apple.avfaudio:avae]      AVAudioIONodeImpl.mm:235   Engine@0x6000037564c0: associating with audio session (0x0), error -10879
2026-10-05 06:39:33.854 Df HamsterAges[31116:15ddf] [com.apple.coreaudio:aurioc]            AURemoteIO.cpp:1130  AURemoteIO@0x1078e6640: set kAudioOutputUnitProperty_OutputChannelLayout.  Layout = tag=0x0, 0 channel descriptions [], err = 0
2026-10-05 06:39:33.861 Df HamsterAges[31116:15e1f] [com.apple.CFNetwork:Summary] Task <4E616E87-2745-43B1-A01C-30F08FEA1E3E>.<1> summary for task success {transaction_duration_ms=108, response_status=200, connection=1, protocol="h2", domain_lookup_duration_ms=1, connect_duration_ms=59, secure_connection_duration_ms=54, private_relay=false, request_start_ms=96, request_duration_ms=0, response_start_ms=99, response_duration_ms=1, request_bytes=151, request_throughput_kbps=9153, response_bytes=736, response_throughput_kbps=3439, cache_hit=false}
2026-10-05 06:39:33.861 Df HamsterAges[31116:15e1f] [com.apple.CoreAnalytics:client] No XPC connection in Simulator
2026-10-05 06:39:33.861 Df HamsterAges[31116:15e19] [com.apple.CFNetwork:Default] Task <4E616E87-2745-43B1-A01C-30F08FEA1E3E>.<1> finished successfully
2026-10-05 06:39:33.900 Df HamsterAges[31116:15e20] (CoreAudio)   HALPlugInManagement.cpp:443    HALPlugInManagement::RegisterPlugIns: loading in-process plug-ins
2026-10-05 06:39:33.901 E  HamsterAges[31116:15e20] [com.apple.CFBundle:plugin] AddInstanceForFactory: No factory registered for id <CFUUID 0x60000029b240> F8BB1C28-BAE8-11D6-9C31-00039315CD46
2026-10-05 06:39:33.921 Df HamsterAges[31116:15e20] [com.apple.coreaudio:ddagg]        AggregateDevice.mm:887   Creating DefaultDeviceAggregate
2026-10-05 06:39:33.934 Df HamsterAges[31116:15e20] [com.apple.coreaudio:ddagg]        AggregateDevice.mm:688   Built valid aggregate 109
2026-10-05 06:39:33.938 Df HamsterAges[31116:15e20] [com.apple.coreaudio:aqme]           AQMixEngine.cpp:733   AQMEDevice (0x106152638) has neither a defaultOutStreamClient nor a defaultInStreamClient
2026-10-05 06:39:33.939 Df HamsterAges[31116:15e20] [com.apple.coreaudio:EnhanceDialogueProcessor] EnhanceDialogueProcessor.cpp:226   EnhanceDialogueProcessor() - Product does not support Enhance Dialogue
2026-10-05 06:39:33.939 Df HamsterAges[31116:15e20] [com.apple.coreaudio:EnhanceDialogueProcessor] EnhanceDialogueProcessor.cpp:226   EnhanceDialogueProcessor() - Product does not support Enhance Dialogue
2026-10-05 06:39:33.939 Df HamsterAges[31116:15e20] [com.apple.coreaudio:AudioConverter]        ACv2Workarounds.mm:51    com.valkhim.hamsterages: fix84702776_86723525_86479548_89800354_SinglePacketDesc: false
2026-10-05 06:39:33.939 Df HamsterAges[31116:15e20] [com.apple.audio.caulk:alloc] Registered notify signal com.apple.caulk.alloc.audiodump (0)
2026-10-05 06:39:33.940 Df HamsterAges[31116:15e20] [com.apple.coreaudio:AudioConverter]        AudioConverter.cpp:1067  Created a new in process converter -> 0x600000c5b570, from  2 ch,  48000 Hz, Float32, deinterleaved to  2 ch,  48000 Hz, Float32, interleaved
2026-10-05 06:39:33.941 Df HamsterAges[31116:15e1b] [com.apple.coreaudio:aqme]              AQIONode.cpp:693   client <RemoteIOClient@0x1078e7400(@0x1078e7618); output; [31116]> is NOT Now Playing eligible
2026-10-05 06:39:33.945 Df HamsterAges[31116:15e1b] [com.apple.coreaudio:aurios]        RemoteIOServer.cpp:1872  rio@0x1078e7618 spatialization disabled.  layout = tag=0x0, 0 channel descriptions [], format =  2 ch,      0 Hz, Float32, deinterleaved
2026-10-05 06:39:33.961 Df HamsterAges[31116:15e1b] [com.apple.coreaudio:aqme]          RemoteIOServer.h:101   rio@0x1078e7400 Got output layout from io node or spatialized client: tag=0x0, 2 channel descriptions [Л, П]
2026-10-05 06:39:33.962 Df HamsterAges[31116:15e1b] [com.apple.coreaudio:aurios]        RemoteIOServer.cpp:1581  SetLoudnessFromLM(): ->
2026-10-05 06:39:33.962 Df HamsterAges[31116:15e1b] [com.apple.coreaudio:aurios]        RemoteIOServer.cpp:1620  SetLoudnessFromLM(): is CoreAudioServices/LoudnessManager enabled? yes
2026-10-05 06:39:33.962 Df HamsterAges[31116:15e1b] [com.apple.coreaudio:aurios]        RemoteIOServer.cpp:1623  SetLoudnessFromLM(): is CoreAudioServices/LoudnessManagerV2 enabled? yes
2026-10-05 06:39:33.962 Df HamsterAges[31116:15e1b] [com.apple.coreaudio:aurios]        RemoteIOServer.cpp:1626  SetLoudnessFromLM(): is CoreAudioServices/lm-disable-hardware-check on? no
2026-10-05 06:39:33.962 Df HamsterAges[31116:15e1b] [com.apple.coreaudio:aurios]        RemoteIOServer.cpp:1629  SetLoudnessFromLM(): is hardware supported? no
2026-10-05 06:39:33.962 Df HamsterAges[31116:15e1b] [com.apple.coreaudio:aurios]        RemoteIOServer.cpp:1641  SetLoudnessFromLM(): hardware not supported, Loudness Manager disabled
2026-10-05 06:39:33.964 Df HamsterAges[31116:15e1b] [com.apple.coreaudio:SpatialMgr] SpatializationManager.cpp:1459  Could not load preset file, invalid model/product name!
2026-10-05 06:39:33.964 Df HamsterAges[31116:15e1b] [com.apple.coreaudio:aqme]        MEMixerChannel.cpp:3254  2-channel audiovisual content is NOT eligible for spatialization
2026-10-05 06:39:33.964 Df HamsterAges[31116:15ddf] [com.apple.coreaudio:AudioConverter]        AudioConverter.cpp:1067  Created a new in process converter -> 0x600000c74240, from  2 ch,      0 Hz, Float32, deinterleaved to  2 ch,  48000 Hz, Float32, deinterleaved
2026-10-05 06:39:33.964 Df HamsterAges[31116:15e1b] [com.apple.coreaudio:aqme]  MEDeviceStreamClient.cpp:245   AQME Default-InputOutput: client starting: <CA_UISoundClientBase@0x106151750>; running count now 1
2026-10-05 06:39:33.964 Df HamsterAges[31116:15ddf] [com.apple.coreaudio:AudioConverter]        AudioConverter.cpp:1317  AudioConverter -> 0x600000c74240: The in-process GetProperty call returned 1886547824 for property 1936876385 with size 4.
2026-10-05 06:39:33.964 Df HamsterAges[31116:15ddf] [com.apple.coreaudio:AudioConverter]        AudioConverter.cpp:1317  AudioConverter -> 0x600000c74240: The in-process GetProperty call returned 1886547824 for property 1936876401 with size 4.
2026-10-05 06:39:33.964 Df HamsterAges[31116:15ddf] [com.apple.coreaudio:AudioConverter]        AudioConverter.cpp:1317  AudioConverter -> 0x600000c74240: The in-process GetProperty call returned 1886547824 for property 1886546285 with size 8.
2026-10-05 06:39:33.964 Df HamsterAges[31116:15e69] [com.apple.coreaudio:AudioConverter] AudioConverter -> 0x600000c74240: The in-process SetProperty call returned 1886547824 for property 1886547309 with size 4.
2026-10-05 06:39:33.965 Df HamsterAges[31116:15e1b] [com.apple.coreaudio:aqme]            AQMEIO_HAL.cpp:2849  FetchAndLogFrameSize starting IO deviceID=109, frame size is 512
2026-10-05 06:39:33.965 Df HamsterAges[31116:15ddf] [com.apple.coreaudio:aurioc]            AURemoteIO.cpp:1741  Stopping AURemoteIO(0x1078e6640)
2026-10-05 06:39:33.969 Df HamsterAges[31116:15e1b] [com.apple.coreaudio:aqme]            AQMEIO_HAL.cpp:2818  aqmeio@0x10508a218, device 109 (iOSSimulatorAudioDevice-31116-0), AudioDeviceStart (err 0)
2026-10-05 06:39:34.032 Df HamsterAges[31116:15e19] [com.apple.UIKit:BackgroundTask] Ending background task with UIBackgroundTaskIdentifier: 1
2026-10-05 06:39:34.032 Df HamsterAges[31116:15e19] [com.apple.UIKit:BackgroundTask] Ending task with identifier 1 and description: <_UIBackgroundTaskInfo: 0x600001707040>: taskID = 1, taskName = Launch Background Task for Coalescing, creationTime = 1166 (elapsed = 1), _expireHandler: (null)
2026-10-05 06:39:34.032 Df HamsterAges[31116:15e19] [com.apple.UIKit:BackgroundTask] Decrementing reference count for assertion <BKSProcessAssertion: 0x6000021023f0> (used by background task with identifier 1: <_UIBackgroundTaskInfo: 0x600001707040>: taskID = 1, taskName = Launch Background Task for Coalescing, creationTime = 1166 (elapsed = 1))
2026-10-05 06:39:34.032 Df HamsterAges[31116:15e19] [com.apple.UIKit:BackgroundTask] Will invalidate assertion: <BKSProcessAssertion: 0x6000021023f0> for task identifier: 1
2026-10-05 06:39:34.136 A  HamsterAges[31116:15e19] (RunningBoardServices) didChangeInheritances
2026-10-05 06:39:34.600 Df HamsterAges[31116:15ddf] [com.apple.coreaudio:as_client] AVAudioSessionImpl_Simulator.mm:111   Set volume on device 85 to 0.60
2026-10-05 06:39:34.601 Df HamsterAges[31116:15ddf] [com.apple.coreaudio:as_client] AVAudioSessionImpl_Simulator.mm:111   Set volume on device 85 to 0.60
2026-10-05 06:39:34.601 Df HamsterAges[31116:15ddf] [com.apple.coreaudio:ddagg]        AggregateDevice.mm:1008  PrimarySessionActiveWithInputEnabled 0 -> 0
2026-10-05 06:39:34.601 Df HamsterAges[31116:15ddf] [com.apple.avfaudio:avae]          AVAudioEngine.mm:1182  Engine@0x600000006ff0: start, was running 0
2026-10-05 06:39:34.601 Df HamsterAges[31116:15ddf] [com.apple.coreaudio:aurioc]            AURemoteIO.cpp:1130  AURemoteIO@0x1078e6640: set kAudioOutputUnitProperty_OutputChannelLayout.  Layout = tag=0x650002, err = 0
2026-10-05 06:39:34.602 Df HamsterAges[31116:15e1b] [com.apple.coreaudio:aqme]              AQIONode.cpp:693   client <RemoteIOClient@0x1078e7400(@0x1078e7618); output; [31116]> is NOT Now Playing eligible
2026-10-05 06:39:34.602 Df HamsterAges[31116:15e1b] [com.apple.coreaudio:aurios]        RemoteIOServer.cpp:1872  rio@0x1078e7618 spatialization disabled.  layout = tag=0x650002, format =  2 ch,  44100 Hz, Float32, deinterleaved
2026-10-05 06:39:34.602 Df HamsterAges[31116:15e1b] [com.apple.coreaudio:aqme]          RemoteIOServer.h:101   rio@0x1078e7400 Got output layout from io node or spatialized client: tag=0x0, 2 channel descriptions [Л, П]
2026-10-05 06:39:34.602 Df HamsterAges[31116:15e1b] [com.apple.coreaudio:aurios]        RemoteIOServer.cpp:1581  SetLoudnessFromLM(): ->
2026-10-05 06:39:34.602 Df HamsterAges[31116:15e1b] [com.apple.coreaudio:aurios]        RemoteIOServer.cpp:1620  SetLoudnessFromLM(): is CoreAudioServices/LoudnessManager enabled? yes
2026-10-05 06:39:34.602 Df HamsterAges[31116:15e1b] [com.apple.coreaudio:aurios]        RemoteIOServer.cpp:1623  SetLoudnessFromLM(): is CoreAudioServices/LoudnessManagerV2 enabled? yes
2026-10-05 06:39:34.602 Df HamsterAges[31116:15e1b] [com.apple.coreaudio:aurios]        RemoteIOServer.cpp:1626  SetLoudnessFromLM(): is CoreAudioServices/lm-disable-hardware-check on? no
2026-10-05 06:39:34.602 Df HamsterAges[31116:15e1b] [com.apple.coreaudio:aurios]        RemoteIOServer.cpp:1629  SetLoudnessFromLM(): is hardware supported? no
2026-10-05 06:39:34.602 Df HamsterAges[31116:15e1b] [com.apple.coreaudio:aurios]        RemoteIOServer.cpp:1641  SetLoudnessFromLM(): hardware not supported, Loudness Manager disabled
2026-10-05 06:39:34.602 Df HamsterAges[31116:15ddf] [com.apple.coreaudio:AudioConverter]        AudioConverter.cpp:1067  Created a new in process converter -> 0x600000c78360, from  2 ch,  44100 Hz, Float32, deinterleaved to  2 ch,  48000 Hz, Float32, deinterleaved
2026-10-05 06:39:34.602 Df HamsterAges[31116:15ddf] [com.apple.coreaudio:AudioConverter]        AudioConverter.cpp:1317  AudioConverter -> 0x600000c78360: The in-process GetProperty call returned 1886547824 for property 1936876385 with size 4.
2026-10-05 06:39:34.602 Df HamsterAges[31116:15ddf] [com.apple.coreaudio:aurioc]            AURemoteIO.cpp:1741  Stopping AURemoteIO(0x1078e6640)
2026-10-05 06:39:34.603 Df HamsterAges[31116:15ddf] [com.apple.coreaudio:aurioc]            AURemoteIO.cpp:1130  AURemoteIO@0x1078e6640: set kAudioOutputUnitProperty_OutputChannelLayout.  Layout = tag=0x650002, err = 0
2026-10-05 06:39:34.603 Df HamsterAges[31116:15e1b] [com.apple.coreaudio:aqme]              AQIONode.cpp:693   client <RemoteIOClient@0x1078e7400(@0x1078e7618); output; [31116]> is NOT Now Playing eligible
2026-10-05 06:39:34.603 Df HamsterAges[31116:15e1b] [com.apple.coreaudio:aurios]        RemoteIOServer.cpp:1872  rio@0x1078e7618 spatialization disabled.  layout = tag=0x650002, format =  2 ch,  48000 Hz, Float32, deinterleaved
2026-10-05 06:39:34.603 Df HamsterAges[31116:15e1b] [com.apple.coreaudio:aqme]          RemoteIOServer.h:101   rio@0x1078e7400 Got output layout from io node or spatialized client: tag=0x0, 2 channel descriptions [Л, П]
2026-10-05 06:39:34.604 Df HamsterAges[31116:15e1b] [com.apple.coreaudio:aurios]        RemoteIOServer.cpp:1581  SetLoudnessFromLM(): ->
2026-10-05 06:39:34.604 Df HamsterAges[31116:15e1b] [com.apple.coreaudio:aurios]        RemoteIOServer.cpp:1620  SetLoudnessFromLM(): is CoreAudioServices/LoudnessManager enabled? yes
2026-10-05 06:39:34.604 Df HamsterAges[31116:15e1b] [com.apple.coreaudio:aurios]        RemoteIOServer.cpp:1623  SetLoudnessFromLM(): is CoreAudioServices/LoudnessManagerV2 enabled? yes
2026-10-05 06:39:34.604 Df HamsterAges[31116:15e1b] [com.apple.coreaudio:aurios]        RemoteIOServer.cpp:1626  SetLoudnessFromLM(): is CoreAudioServices/lm-disable-hardware-check on? no
2026-10-05 06:39:34.604 Df HamsterAges[31116:15e1b] [com.apple.coreaudio:aurios]        RemoteIOServer.cpp:1629  SetLoudnessFromLM(): is hardware supported? no
2026-10-05 06:39:34.604 Df HamsterAges[31116:15e1b] [com.apple.coreaudio:aurios]        RemoteIOServer.cpp:1641  SetLoudnessFromLM(): hardware not supported, Loudness Manager disabled
2026-10-05 06:39:34.604 Df HamsterAges[31116:15ddf] [com.apple.coreaudio:aurioc]            AURemoteIO.cpp:1741  Stopping AURemoteIO(0x1078e6640)
2026-10-05 06:39:34.604 Df HamsterAges[31116:15ddf] [com.apple.coreaudio:aurioc]            AURemoteIO.cpp:1130  AURemoteIO@0x1078e6640: set kAudioOutputUnitProperty_OutputChannelLayout.  Layout = tag=0x650002, err = 0
2026-10-05 06:39:34.605 Df HamsterAges[31116:15e1b] [com.apple.coreaudio:aqme]              AQIONode.cpp:693   client <RemoteIOClient@0x1078e7400(@0x1078e7618); output; [31116]> is NOT Now Playing eligible
2026-10-05 06:39:34.605 Df HamsterAges[31116:15e1b] [com.apple.coreaudio:aurios]        RemoteIOServer.cpp:1872  rio@0x1078e7618 spatialization disabled.  layout = tag=0x650002, format =  2 ch,  48000 Hz, Float32, deinterleaved
2026-10-05 06:39:34.605 Df HamsterAges[31116:15e1b] [com.apple.coreaudio:aqme]          RemoteIOServer.h:101   rio@0x1078e7400 Got output layout from io node or spatialized client: tag=0x0, 2 channel descriptions [Л, П]
2026-10-05 06:39:34.605 Df HamsterAges[31116:15e1b] [com.apple.coreaudio:aurios]        RemoteIOServer.cpp:1581  SetLoudnessFromLM(): ->
2026-10-05 06:39:34.605 Df HamsterAges[31116:15e1b] [com.apple.coreaudio:aurios]        RemoteIOServer.cpp:1620  SetLoudnessFromLM(): is CoreAudioServices/LoudnessManager enabled? yes
2026-10-05 06:39:34.605 Df HamsterAges[31116:15e1b] [com.apple.coreaudio:aurios]        RemoteIOServer.cpp:1623  SetLoudnessFromLM(): is CoreAudioServices/LoudnessManagerV2 enabled? yes
2026-10-05 06:39:34.605 Df HamsterAges[31116:15e1b] [com.apple.coreaudio:aurios]        RemoteIOServer.cpp:1626  SetLoudnessFromLM(): is CoreAudioServices/lm-disable-hardware-check on? no
2026-10-05 06:39:34.605 Df HamsterAges[31116:15e1b] [com.apple.coreaudio:aurios]        RemoteIOServer.cpp:1629  SetLoudnessFromLM(): is hardware supported? no
2026-10-05 06:39:34.605 Df HamsterAges[31116:15e1b] [com.apple.coreaudio:aurios]        RemoteIOServer.cpp:1641  SetLoudnessFromLM(): hardware not supported, Loudness Manager disabled
2026-10-05 06:39:34.605 Df HamsterAges[31116:15ddf] [com.apple.coreaudio:aurioc]            AURemoteIO.cpp:1666  Starting AURemoteIO(0x1078e6640)
output client:  2 ch,  48000 Hz, Float32, deinterleaved, output HW:  2 ch,  48000 Hz, Float32, deinterleaved
input client:   2 ch,      0 Hz, Float32, deinterleaved, input HW:   2 ch,      0 Hz, Float32, deinterleaved
2026-10-05 06:39:34.605 Df HamsterAges[31116:15e1b] [com.apple.coreaudio:aqme]            AQMEIO_HAL.cpp:1079  fetched workgroup 0x60000176c340
2026-10-05 06:39:34.605 Df HamsterAges[31116:15e1b] [com.apple.coreaudio:auext]        AUOOPWorkgroups.mm:30    AUOOPWorkgroupManager: AddRemoteIOWorkgroup called with token 127451137.
2026-10-05 06:39:34.605 Df HamsterAges[31116:15e1b] [com.apple.coreaudio:auext]        AUOOPWorkgroups.mm:66    AUOOPWorkgroupManager: mutating workgroups.
2026-10-05 06:39:34.606 Df HamsterAges[31116:15ddf] [com.apple.coreaudio:aurioc]            AURemoteIO.cpp:1727  workgroup port 0x10213
2026-10-05 06:39:34.606 Df HamsterAges[31116:15ede] [com.apple.coreaudio:auext]        AUOOPWorkgroups.mm:30    AUOOPWorkgroupManager: AddRemoteIOWorkgroup called with token 127451136.
2026-10-05 06:39:34.606 Df HamsterAges[31116:15ede] [com.apple.coreaudio:auext]        AUOOPWorkgroups.mm:66    AUOOPWorkgroupManager: mutating workgroups.
2026-10-05 06:39:34.606 Df HamsterAges[31116:15e1b] [com.apple.coreaudio:aqme]              AQIONode.cpp:693   client <RemoteIOClient@0x1078e7400(@0x1078e7618); output; [31116]> is NOT Now Playing eligible
2026-10-05 06:39:34.606 Df HamsterAges[31116:15e1b] [com.apple.coreaudio:aqme]  MEDeviceStreamClient.cpp:245   AQME Default-InputOutput: client starting: <RemoteIOClient@0x1078e7400(@0x1078e7618); output; [31116]>; running count now 2
2026-10-05 06:39:34.681 Df HamsterAges[31116:15ddf] [com.apple.network:activity] Create activity from XPC object <nw_activity 50:1 [BF7B5422-6873-45F6-809E-5348975BBAC7] (reporting strategy default)>
2026-10-05 06:39:34.681 Df HamsterAges[31116:15ddf] [com.apple.network:activity] Create activity from XPC object <nw_activity 50:2 [9F234B9F-017F-43CE-9912-E77FF6ACDDA5] (reporting strategy default)>
2026-10-05 06:39:34.681 Df HamsterAges[31116:15ddf] [com.apple.network:activity] Set activity <nw_activity 50:1 [BF7B5422-6873-45F6-809E-5348975BBAC7] (reporting strategy default)> as the global parent
2026-10-05 06:39:34.681 Df HamsterAges[31116:15ddf] [com.apple.UIKit:UpdateScheduler] Target list changed: <CADisplay:LCD PurpleMain>
2026-10-05 06:39:34.681 Df HamsterAges[31116:15ddf] [com.apple.UIKit:AppLifecycle] sceneOfRecord: sceneID: sceneID:com.valkhim.hamsterages-9549A8D9-0564-4F60-9294-78B777E20885  persistentID: 9549A8D9-0564-4F60-9294-78B777E20885
2026-10-05 06:39:34.682 Df HamsterAges[31116:15ddf] [com.apple.UIKit:InterfaceStyle] Should not send trait collection or coordinate space update, interface style 2 -> 2, <UIWindowScene: 0x104e0d3e0> (9549A8D9-0564-4F60-9294-78B777E20885)
2026-10-05 06:39:34.682 Df HamsterAges[31116:15e19] [com.apple.network:] -[NWConcrete_nw_resolver initWithEndpoint:parameters:path:log_str:] [R1] created for Hostname#e98ee4a1:0 using: generic, attribution: developer
2026-10-05 06:39:34.683 Df HamsterAges[31116:15e19] [com.apple.network:path] nw_path_evaluator_start [5C67E172-49B9-4B09-94CE-80BFBC19CEF7 Hostname#e98ee4a1:0 generic, attribution: developer]
	path: satisfied (Path is satisfied), interface: en0
2026-10-05 06:39:34.683 A  HamsterAges[31116:15e1b] (RunningBoardServices) didChangeInheritances
2026-10-05 06:39:34.684 Df HamsterAges[31116:15e1f] [com.apple.network:] nw_resolver_set_update_handler_block_invoke [R1] started
2026-10-05 06:39:34.686 Df HamsterAges[31116:15ddf] [com.apple.UIKit:EventDeferring] [0x600002903b10] Scene target of event deferring environments did update: scene: 0x104e0d3e0; current systemShellManagesKeyboardFocus: 1; systemShellManagesKeyboardFocusForScene: 1; eligibleForRecordRemoval: 1;
2026-10-05 06:39:34.686 Df HamsterAges[31116:15ddf] [com.apple.UIKit:KeyWindow] Scene became target of keyboard event deferring environment: UIWindowScene: 0x104e0d3e0; scene identity: com.apple.frontboard.systemappservices/FBSceneManager:sceneID%3Acom.valkhim.hamsterages-9549A8D9-0564-4F60-9294-78B777E20885
2026-10-05 06:39:34.687 Df HamsterAges[31116:15ddf] [com.apple.Accessibility:AXCommon] Read Per-App on Init: Smart invert = (null)
2026-10-05 06:39:34.687 Sd HamsterAges[31116:0] (79E72B83-2384-3A91-8EE7-4315E85E9A91) IOHIDManager State
{
    DispatchQueue = 0;
    RunLoop = 1;
    createOptions = 0;
    isOpen = 0;
    openOptions = 0;
}
2026-10-05 06:39:34.689 A  HamsterAges[31116:15e6c] (StoreKit) StoreKit/Products_SK2
2026-10-05 06:39:34.689 Df HamsterAges[31116:15e19] [com.apple.xpc:connection] [0x1061041d0] activating connection: mach=true listener=false peer=false name=com.apple.commcenter.coretelephony.xpc
2026-10-05 06:39:34.690 Df HamsterAges[31116:15e19] [com.apple.xpc:connection] [0x1061041d0] failed to do a bootstrap look-up: xpc_error=[3: No such process]
2026-10-05 06:39:34.690 Df HamsterAges[31116:15e19] [com.apple.xpc:connection] [0x1061041d0] invalidated after a failed init
2026-10-05 06:39:34.691 Df HamsterAges[31116:15e1b] [com.apple.CoreTelephony:Client] Connection has been invalidated
2026-10-05 06:39:34.691 A  HamsterAges[31116:15ee8] (RunningBoardServices) didChangeInheritances
2026-10-05 06:39:34.691 Df HamsterAges[31116:15e6c] [com.apple.xpc:connection] [0x104e143d0] activating connection: mach=true listener=false peer=false name=com.apple.storekitd
2026-10-05 06:39:34.692 Df HamsterAges[31116:15e19] [com.apple.xpc:connection] [0x104d2e960] activating connection: mach=true listener=false peer=false name=com.apple.commcenter.coretelephony.xpc
2026-10-05 06:39:34.693 Df HamsterAges[31116:15ddf] [com.apple.UIKit:AppLifecycle] sceneOfRecord: sceneID: sceneID:com.valkhim.hamsterages-9549A8D9-0564-4F60-9294-78B777E20885  persistentID: 9549A8D9-0564-4F60-9294-78B777E20885
2026-10-05 06:39:34.693 Df HamsterAges[31116:15ddf] [com.apple.UIKit:InterfaceStyle] Not push traits update to screen for new style 1, <UIWindowScene: 0x104e0d3e0> (9549A8D9-0564-4F60-9294-78B777E20885)
2026-10-05 06:39:34.694 Df HamsterAges[31116:15ddf] [com.apple.FrontBoard:SceneExtension] Realizing settings extension SBUISecureRenderingSettingsExtension on FBSSceneSettings
2026-10-05 06:39:34.695 Df HamsterAges[31116:15ddf] [com.apple.UIKit:InterfaceStyle] Not push traits update to screen for new style 1, <UIWindowScene: 0x104e0d3e0> (9549A8D9-0564-4F60-9294-78B777E20885)
2026-10-05 06:39:34.695 Df HamsterAges[31116:15ddf] [com.apple.UIKit:InterfaceStyle] Not push traits update to screen for new style 1, <UIWindowScene: 0x104e0d3e0> (9549A8D9-0564-4F60-9294-78B777E20885)
2026-10-05 06:39:34.697 Df HamsterAges[31116:15ddf] [com.apple.UIKit:AppLifecycle] sceneOfRecord: sceneID: sceneID:com.valkhim.hamsterages-9549A8D9-0564-4F60-9294-78B777E20885  persistentID: 9549A8D9-0564-4F60-9294-78B777E20885
2026-10-05 06:39:34.697 Df HamsterAges[31116:15ddf] [com.apple.UIKit:Application] Deactivation reason removed: 12; deactivation reasons: 4128 -> 32; animating application lifecycle event: 1
2026-10-05 06:39:34.698 Df HamsterAges[31116:15ddf] [com.apple.KeyboardArbiter:Client] Send setDeactivating: N (-DeactivationReason:SuspendedEventsOnly)
2026-10-05 06:39:34.698 Df HamsterAges[31116:15ddf] [com.apple.UIKit:Application] Deactivation reason removed: 5; deactivation reasons: 32 -> 0; animating application lifecycle event: 0
2026-10-05 06:39:34.699 Df HamsterAges[31116:15ddf] [com.apple.KeyboardArbiter:Client] startConnection
2026-10-05 06:39:34.700 Df HamsterAges[31116:15ddf] [com.apple.xpc:connection] [0x104d2d6b0] activating connection: mach=true listener=false peer=false name=com.apple.UIKit.KeyboardManagement.hosted
2026-10-05 06:39:34.709 Df HamsterAges[31116:15e19] [com.apple.xpc:connection] [0x104d2e960] failed to do a bootstrap look-up: xpc_error=[3: No such process]
2026-10-05 06:39:34.710 Df HamsterAges[31116:15e19] [com.apple.xpc:connection] [0x104d2e960] invalidated after a failed init
2026-10-05 06:39:34.710 Df HamsterAges[31116:15e19] [com.apple.CoreTelephony:Client] Sending selectors to server: (null)
2026-10-05 06:39:34.712 Df HamsterAges[31116:15e1b] [com.apple.CoreTelephony:Client] Connection has been invalidated
2026-10-05 06:39:34.712 E  HamsterAges[31116:15e19] [com.apple.CoreTelephony:Client] Synchronous remote object proxy returned error: Error Domain=NSCocoaErrorDomain Code=4099 "The connection to service named com.apple.commcenter.coretelephony.xpc was invalidated: Connection init failed at lookup with error 3 - No such process." UserInfo={NSDebugDescription=The connection to service named com.apple.commcenter.coretelephony.xpc was invalidated: Connection init failed at lookup with error 3 - No such process.}
2026-10-05 06:39:34.714 E  HamsterAges[31116:15e1b] [com.apple.CoreTelephony:Client] Updating selectors failed with: Error Domain=NSCocoaErrorDomain Code=4099 "The connection to service named com.apple.commcenter.coretelephony.xpc was invalidated: Connection init failed at lookup with error 3 - No such process." UserInfo={NSDebugDescription=The connection to service named com.apple.commcenter.coretelephony.xpc was invalidated: Connection init failed at lookup with error 3 - No such process.}
2026-10-05 06:39:34.715 Df HamsterAges[31116:15ddf] [com.apple.KeyboardArbiter:Client] handleKeyboardChange: set currentKeyboard:N (wasKeyboard:N)
2026-10-05 06:39:34.715 Df HamsterAges[31116:15e19] [com.apple.xpc:connection] [0x106135680] activating connection: mach=true listener=false peer=false name=com.apple.commcenter.coretelephony.xpc
2026-10-05 06:39:34.716 Df HamsterAges[31116:15e19] [com.apple.xpc:connection] [0x106135680] failed to do a bootstrap look-up: xpc_error=[3: No such process]
2026-10-05 06:39:34.716 Df HamsterAges[31116:15e19] [com.apple.xpc:connection] [0x106135680] invalidated after a failed init
2026-10-05 06:39:34.716 Df HamsterAges[31116:15ddf] [com.apple.UIKit:KeyboardArbiterClientLog] isWritingToolsHandlingKeyboardTracking:Y (WT ready:Y, Arbiter ready:Y)
2026-10-05 06:39:34.716 Df HamsterAges[31116:15e19] [com.apple.CoreTelephony:Client] Sending selectors to server: (null)
2026-10-05 06:39:34.716 Sd HamsterAges[31116:0] (71A4AB2B-6C63-3811-A45D-80D677A41A21) UAUserActivity
UAUserActivityManager supportsActivityContinuation=YES isEnabled=YES serverPid=0 PROJECT:UserActivity-551
2026-10-05 06:39:34.716 Df HamsterAges[31116:15ee9] [com.apple.CoreTelephony:Client] Connection has been invalidated
2026-10-05 06:39:34.716 E  HamsterAges[31116:15ee9] [com.apple.CoreTelephony:Client] Updating selectors failed with: Error Domain=NSCocoaErrorDomain Code=4099 "The connection to service named com.apple.commcenter.coretelephony.xpc was invalidated: Connection init failed at lookup with error 3 - No such process." UserInfo={NSDebugDescription=The connection to service named com.apple.commcenter.coretelephony.xpc was invalidated: Connection init failed at lookup with error 3 - No such process.}
2026-10-05 06:39:34.717 E  HamsterAges[31116:15e19] [com.apple.CoreTelephony:Client] Synchronous remote object proxy returned error: Error Domain=NSCocoaErrorDomain Code=4099 "The connection to service named com.apple.commcenter.coretelephony.xpc was invalidated: Connection init failed at lookup with error 3 - No such process." UserInfo={NSDebugDescription=The connection to service named com.apple.commcenter.coretelephony.xpc was invalidated: Connection init failed at lookup with error 3 - No such process.}
2026-10-05 06:39:34.761 Df HamsterAges[31116:15ddf] [com.apple.network:activity] <nw_activity 50:1 [BF7B5422-6873-45F6-809E-5348975BBAC7] (global parent) (reporting strategy default) complete (reason success)> complete with reason 2 (success), duration 2910ms
2026-10-05 06:39:34.761 Df HamsterAges[31116:15ddf] [com.apple.network:activity] <nw_activity 50:2 [9F234B9F-017F-43CE-9912-E77FF6ACDDA5] (reporting strategy default) complete (reason success)> complete with reason 2 (success), duration 2910ms
2026-10-05 06:39:34.761 Df HamsterAges[31116:15ddf] [com.apple.network:activity] Unsetting the global parent activity <nw_activity 50:1 [BF7B5422-6873-45F6-809E-5348975BBAC7] (global parent) (reporting strategy default) complete (reason success)>
2026-10-05 06:39:34.761 Df HamsterAges[31116:15ddf] [com.apple.network:activity] Unset the global parent activity
2026-10-05 06:39:34.837 Df HamsterAges[31116:15ee9] [com.apple.xpc:connection] [0x104d2e960] activating connection: mach=true listener=false peer=false name=com.apple.commcenter.coretelephony.xpc
2026-10-05 06:39:34.850 Df HamsterAges[31116:15ee9] [com.apple.xpc:connection] [0x104d2e960] failed to do a bootstrap look-up: xpc_error=[3: No such process]
2026-10-05 06:39:34.853 Df HamsterAges[31116:15ee9] [com.apple.xpc:connection] [0x104d2e960] invalidated after a failed init
2026-10-05 06:39:34.859 A  HamsterAges[31116:15e6c] (RunningBoardServices) didChangeInheritances
2026-10-05 06:39:34.865 Df HamsterAges[31116:15ee9] [com.apple.CoreTelephony:Client] Sending selectors to server: (
    "regDataModeChanged:dataMode:",
    "carrierBundleChange:",
    "currentDataServiceDescriptorChanged:"
)
2026-10-05 06:39:34.866 Df HamsterAges[31116:15ee9] [com.apple.CoreTelephony:Client] Sending selectors to server: (
    "regDataModeChanged:dataMode:",
    "carrierBundleChange:",
    "currentDataServiceDescriptorChanged:"
)
2026-10-05 06:39:34.866 Df HamsterAges[31116:15ee9] [com.apple.CoreTelephony:Client] Connection has been invalidated
2026-10-05 06:39:34.867 E  HamsterAges[31116:15ee9] [com.apple.CoreTelephony:Client] Updating selectors failed with: Error Domain=NSCocoaErrorDomain Code=4099 "The connection to service named com.apple.commcenter.coretelephony.xpc was invalidated: Connection init failed at lookup with error 3 - No such process." UserInfo={NSDebugDescription=The connection to service named com.apple.commcenter.coretelephony.xpc was invalidated: Connection init failed at lookup with error 3 - No such process.}
2026-10-05 06:39:34.870 E  HamsterAges[31116:15ee9] [com.apple.CoreTelephony:Client] Updating selectors after delegate addition failed with: Error Domain=NSCocoaErrorDomain Code=4099 "The connection to service named com.apple.commcenter.coretelephony.xpc was invalidated: Connection init failed at lookup with error 3 - No such process." UserInfo={NSDebugDescription=The connection to service named com.apple.commcenter.coretelephony.xpc was invalidated: Connection init failed at lookup with error 3 - No such process.}
2026-10-05 06:39:35.156 Df HamsterAges[31116:15e6c] [com.apple.xpc:connection] [0x104e143d0] invalidated because the current process cancelled the connection by calling xpc_connection_cancel()
2026-10-05 06:39:35.160 Df HamsterAges[31116:15ee9] [com.apple.storekit:Default] AAFService connection invalidated
2026-10-05 06:39:43.475 Df HamsterAges[31527:1620e] (libMobileGestalt.dylib) No persisted cache on this platform.
2026-10-05 06:39:43.476 Df HamsterAges[31527:1621c] [com.apple.xpc:connection] [0x104f05f00] activating connection: mach=true listener=false peer=false name=com.apple.cfprefsd.daemon
2026-10-05 06:39:43.477 Df HamsterAges[31527:1621d] [com.apple.BoardServices:XPCErrors] [C:1] Alloc com.apple.frontboard.systemappservices
2026-10-05 06:39:43.477 Df HamsterAges[31527:1621d] [com.apple.xpc:connection] [0x104e06000] activating connection: mach=false listener=false peer=false name=(anonymous)
2026-10-05 06:39:43.478 A  HamsterAges[31527:1621c] (CoreFoundation) Loading Preferences From User Session CFPrefsD
2026-10-05 06:39:43.488 Df HamsterAges[31527:1621b] [com.apple.UIKit:BackgroundTask] Creating new assertion because there is no existing background assertion.
2026-10-05 06:39:43.488 Df HamsterAges[31527:1621b] [com.apple.UIKit:BackgroundTask] Creating new background assertion
2026-10-05 06:39:43.488 Df HamsterAges[31527:1620e] [com.apple.UIKit:Application] Deactivation reason added: 10; deactivation reasons: 0 -> 1024; animating application lifecycle event: 0
2026-10-05 06:39:43.488 Df HamsterAges[31527:1621b] [com.apple.UIKit:BackgroundTask] Created new background assertion <BKSProcessAssertion: 0x600002102d00>
2026-10-05 06:39:43.488 Df HamsterAges[31527:1621b] [com.apple.runningboard:connection] Initializing connection
2026-10-05 06:39:43.488 Df HamsterAges[31527:1621b] [com.apple.runningboard:process] Removing all cached process handles
2026-10-05 06:39:43.488 Df HamsterAges[31527:1620e] [com.apple.BoardServices:Injection] activating monitor for service com.apple.frontboard.open
2026-10-05 06:39:43.489 Df HamsterAges[31527:1620e] [com.apple.BoardServices:Injection] activating monitor for service com.apple.frontboard.workspace-service
2026-10-05 06:39:43.489 Df HamsterAges[31527:1620e] [com.apple.FrontBoard:Common] FBSWorkspace registering source: com.apple.frontboard.systemappservices
2026-10-05 06:39:43.489 Df HamsterAges[31527:1621b] [com.apple.runningboard:connection] Creating connection to com.apple.runningboard
2026-10-05 06:39:43.489 Df HamsterAges[31527:1621b] [com.apple.xpc:connection] [0x104f066a0] activating connection: mach=true listener=false peer=false name=com.apple.runningboard
2026-10-05 06:39:43.489 Df HamsterAges[31527:16221] [com.apple.runningboard:connection] Sending handshake request attempt #1 to server
2026-10-05 06:39:43.490 Df HamsterAges[31527:1620e] [com.apple.FrontBoard:Common] FBSWorkspace connected to endpoint : <BSServiceConnectionEndpoint: 0x60000020a5c0; target: com.apple.frontboard.systemappservices; service: com.apple.frontboard.workspace-service>
2026-10-05 06:39:43.490 Df HamsterAges[31527:1620e] [com.apple.FrontBoard:Common] <FBSWorkspaceScenesClient:0x6000030081b0 com.apple.frontboard.systemappservices> attempting immediate handshake from activate
2026-10-05 06:39:43.490 Df HamsterAges[31527:1620e] [com.apple.FrontBoard:Common] <FBSWorkspaceScenesClient:0x6000030081b0 com.apple.frontboard.systemappservices> sent handshake
2026-10-05 06:39:43.491 Df HamsterAges[31527:1620e] [com.apple.runningboard:general] Added observer for process assertions expiration warning: <_RBSExpirationWarningClient: 0x60000020f4e0>
2026-10-05 06:39:43.491 Df HamsterAges[31527:16221] [com.apple.runningboard:connection] Handshake succeeded
2026-10-05 06:39:43.491 Df HamsterAges[31527:16221] [com.apple.runningboard:connection] Identity resolved as app<com.valkhim.hamsterages((null))>
2026-10-05 06:39:43.493 Df HamsterAges[31527:1621b] [com.apple.UIKit:BackgroundTask] Incrementing reference count for background assertion <BKSProcessAssertion: 0x600002102d00>
2026-10-05 06:39:43.493 Df HamsterAges[31527:16220] [com.apple.FrontBoard:SceneExtension] Realizing settings extension _UIApplicationSceneKeyboardSettings on FBSSceneSettings
2026-10-05 06:39:43.493 Df HamsterAges[31527:1621b] [com.apple.UIKit:BackgroundTask] Created background task <_UIBackgroundTaskInfo: 0x60000170ef00>: taskID = 1, taskName = Launch Background Task for Coalescing, creationTime = 1177 (elapsed = 0).
2026-10-05 06:39:43.493 Df HamsterAges[31527:1620e] [com.apple.UIKit:UIScreen] Evaluated capturing state as 0 on <UIScreen: 0x104e06c20> for initial
2026-10-05 06:39:43.494 Df HamsterAges[31527:1620e] [com.apple.UIKit:UIScreen] Evaluated capturing state as 0 on <UIScreen: 0x104e06c20> for CADisplay KVO
2026-10-05 06:39:43.494 Df HamsterAges[31527:16220] [com.apple.FrontBoard:SceneExtension] Realizing settings extension <_UISceneOcclusionSettings> on FBSSceneSettings
2026-10-05 06:39:43.494 Df HamsterAges[31527:16220] [com.apple.FrontBoard:SceneExtension] Realizing settings extension <_UISceneInterfaceProtectionSettings> on FBSSceneSettings
2026-10-05 06:39:43.495 Df HamsterAges[31527:16220] [com.apple.FrontBoard:SceneExtension] Realizing settings extension _UISceneLayoutPreferencesHostSettingsExtension on FBSSceneSettings
2026-10-05 06:39:43.495 Df HamsterAges[31527:16220] [com.apple.FrontBoard:SceneExtension] Realizing settings extension _UISceneSafeAreaSettingsExtension on FBSSceneSettings
2026-10-05 06:39:43.495 Df HamsterAges[31527:16220] [com.apple.FrontBoard:SceneExtension] Realizing settings extension _UISceneLayoutPreferenceClientSettingsExtension on FBSSceneClientSettings
2026-10-05 06:39:43.495 A  HamsterAges[31527:1621d] (RunningBoardServices) didChangeInheritances
2026-10-05 06:39:43.496 Df HamsterAges[31527:16220] [com.apple.FrontBoard:SceneExtension] Realizing settings extension <_UIHomeAffordanceHostSceneSettings> on FBSSceneSettings
2026-10-05 06:39:43.496 Df HamsterAges[31527:16220] [com.apple.FrontBoard:SceneExtension] Realizing settings extension _UISystemShellSceneHostingEnvironmentSettings on FBSSceneSettings
2026-10-05 06:39:43.496 Df HamsterAges[31527:16220] [com.apple.FrontBoard:SceneExtension] Realizing settings extension _UISceneRenderingEnvironmentSettings on FBSSceneSettings
2026-10-05 06:39:43.496 Df HamsterAges[31527:16220] [com.apple.FrontBoard:SceneExtension] Realizing settings extension <_UISceneRenderingEnvironmentClientSettings> on FBSSceneClientSettings
2026-10-05 06:39:43.496 Df HamsterAges[31527:16220] [com.apple.FrontBoard:SceneExtension] Realizing settings extension <_UISceneTransitioningHostSettings> on FBSSceneSettings
2026-10-05 06:39:43.496 Df HamsterAges[31527:16220] [com.apple.FrontBoard:SceneExtension] Realizing settings extension <_UISceneFocusSystemSettings> on FBSSceneSettings
2026-10-05 06:39:43.496 Df HamsterAges[31527:16220] [com.apple.FrontBoard:SceneExtension] Realizing settings extension _UISceneOrientationSettingsExtension on FBSSceneSettings
2026-10-05 06:39:43.497 Df HamsterAges[31527:16220] [com.apple.FrontBoard:SceneExtension] Realizing settings extension _UISceneOrientationClientSettingsExtension on FBSSceneClientSettings
2026-10-05 06:39:43.497 Df HamsterAges[31527:16220] [com.apple.FrontBoard:SceneExtension] Realizing settings extension _UISceneWindowingControlClientSettings on FBSSceneClientSettings
2026-10-05 06:39:43.497 Df HamsterAges[31527:16220] [com.apple.FrontBoard:SceneExtension] Realizing settings extension FBSSceneSettingsCore on FBSSceneSettings
2026-10-05 06:39:43.497 Df HamsterAges[31527:16220] [com.apple.FrontBoard:SceneExtension] Realizing settings extension FBSSceneClientSettingsCore on FBSSceneClientSettings
2026-10-05 06:39:43.498 Df HamsterAges[31527:1621b] [com.apple.FrontBoard:SceneExtension] Realizing settings extension <_UISceneHostingContentSizePreferenceClientSettings> on FBSSceneClientSettings
2026-10-05 06:39:43.498 Df HamsterAges[31527:1621b] [com.apple.FrontBoard:SceneExtension] Realizing settings extension _UISceneHostingTraitCollectionPropagationSettings on FBSSceneSettings
2026-10-05 06:39:43.499 Df HamsterAges[31527:1621b] [com.apple.FrontBoard:SceneExtension] Realizing settings extension <_UISceneHostingSheetPresentationSettings> on FBSSceneSettings
2026-10-05 06:39:43.499 Df HamsterAges[31527:1621b] [com.apple.FrontBoard:SceneExtension] Realizing settings extension <_UISceneHostingSheetPresentationClientSettings> on FBSSceneClientSettings
2026-10-05 06:39:43.500 Df HamsterAges[31527:1621b] [com.apple.FrontBoard:SceneExtension] Realizing settings extension <_UISceneHostingEventDeferringSettings> on FBSSceneSettings
2026-10-05 06:39:43.500 Df HamsterAges[31527:1621b] [com.apple.FrontBoard:SceneExtension] Realizing settings extension <UIKit__UITypedKeyValueSceneSettings> on FBSSceneSettings
2026-10-05 06:39:43.501 Df HamsterAges[31527:1621b] [com.apple.FrontBoard:SceneExtension] Realizing settings extension <UIKit__UITypedKeyValueSceneSettings> on FBSSceneClientSettings
2026-10-05 06:39:43.502 Df HamsterAges[31527:1621b] [com.apple.FrontBoard:SceneExtension] Realizing settings extension <_UISceneHostingViewControllerPreferencePropagationClientSettings> on FBSSceneClientSettings
2026-10-05 06:39:43.503 Df HamsterAges[31527:1621b] [com.apple.FrontBoard:SceneExtension] Realizing settings extension <_UISceneZoomTransitionSettings> on FBSSceneSettings
2026-10-05 06:39:43.504 Df HamsterAges[31527:1620e] [com.apple.Accessibility:AXSupportCommon] Read CategoryName: per-app = 1, category name = (null)
2026-10-05 06:39:43.505 Df HamsterAges[31527:1620e] [com.apple.Accessibility:AXSupportCommon] Read CategoryName: per-app = 0, category name = (null)
2026-10-05 06:39:43.509 Df HamsterAges[31527:16220] [com.apple.FrontBoard:SceneExtension] UIMutableApplicationSceneSettings setting counterpart class: UIApplicationSceneSettings
2026-10-05 06:39:43.510 Df HamsterAges[31527:16220] [com.apple.FrontBoard:SceneExtension] UIMutableApplicationSceneClientSettings setting counterpart class: UIApplicationSceneClientSettings
2026-10-05 06:39:43.511 Df HamsterAges[31527:16220] [com.apple.FrontBoard:SceneExtension] Realizing settings extension FBSSceneTransitionContextCore on FBSSceneTransitionContext
2026-10-05 06:39:43.513 Df HamsterAges[31527:1620e] [com.apple.dt.xctest:Default] Registering for test daemon availability notify post.
2026-10-05 06:39:43.513 Df HamsterAges[31527:1620e] [com.apple.dt.xctest:Default] notify_get_state check indicated test daemon not ready.
2026-10-05 06:39:43.514 Df HamsterAges[31527:1620e] [com.apple.dt.xctest:Default] notify_get_state check indicated test daemon not ready.
2026-10-05 06:39:43.514 Df HamsterAges[31527:1620e] [com.apple.dt.xctest:Default] notify_get_state check indicated test daemon not ready.
2026-10-05 06:39:43.516 Df HamsterAges[31527:1620e] [com.apple.UIKit:Application] Deactivation reason added: 11; deactivation reasons: 1024 -> 3072; animating application lifecycle event: 0
2026-10-05 06:39:43.518 Df HamsterAges[31527:1620e] [com.apple.UIKit:Application] Deactivation reason removed: 10; deactivation reasons: 3072 -> 2048; animating application lifecycle event: 0
2026-10-05 06:39:43.518 Df HamsterAges[31527:1620e] [com.apple.UIKit:EventBus] Event Timing Profile for Touch: not found, path="/System/Library/EventTimingProfiles/Sim.Touch.plist"
2026-10-05 06:39:43.519 Df HamsterAges[31527:1620e] [com.apple.UIKit:EventBus] Event Timing Profile for Pencil: not found, path="/System/Library/EventTimingProfiles/Sim.Pencil.plist"
2026-10-05 06:39:43.519 Df HamsterAges[31527:1620e] [com.apple.UIKit:UpdateScheduler] Selected display: name=LCD (PurpleMain), id=1
2026-10-05 06:39:43.520 Df HamsterAges[31527:16222] [com.apple.FileURL:default] kExcludedFromBackupXattrName set on path: /Users/runner/Library/Developer/CoreSimulator/Devices/291E4B86-C951-41A7-8327-84BF0304D0A9/data/Containers/Data/Application/B27423C8-BF3A-4B75-AE28-417D0A9821D7/Library/Application Support/GoogleMobileAds/Settings
2026-10-05 06:39:43.522 Df HamsterAges[31527:16222] [com.apple.FileURL:default] kExcludedFromBackupXattrName set on path: /Users/runner/Library/Developer/CoreSimulator/Devices/291E4B86-C951-41A7-8327-84BF0304D0A9/data/Containers/Data/Application/B27423C8-BF3A-4B75-AE28-417D0A9821D7/Library/Application Support/GoogleMobileAds/storage
2026-10-05 06:39:43.523 Df HamsterAges[31527:1620e] [com.apple.xpc:connection] [0x104f05ac0] activating connection: mach=true listener=false peer=false name=com.apple.lsd.mapdb
2026-10-05 06:39:43.524 Df HamsterAges[31527:16222] [com.apple.FileURL:default] kExcludedFromBackupXattrName set on path: /Users/runner/Library/Developer/CoreSimulator/Devices/291E4B86-C951-41A7-8327-84BF0304D0A9/data/Containers/Data/Application/B27423C8-BF3A-4B75-AE28-417D0A9821D7/Library/Application Support/GoogleMobileAds/AdapterSettings
2026-10-05 06:39:43.524 Df HamsterAges[31527:16222] [com.apple.xpc:connection] [0x10510cf50] activating connection: mach=true listener=false peer=false name=com.apple.lsd.advertisingidentifiers
2026-10-05 06:39:43.525 A  HamsterAges[31527:16222] (libsystem_containermanager.dylib) container_system_group_path_for_identifier
2026-10-05 06:39:43.525 Df HamsterAges[31527:16222] [com.apple.containermanager:xpc] Requesting container lookup; class = 13, identifier = (null), group_identifier = systemgroup.com.apple.configurationprofiles, create = 1, temp = 0, euid = 501, uid = 501
2026-10-05 06:39:43.526 A  HamsterAges[31527:16222] (libsystem_containermanager.dylib) container_query_t
2026-10-05 06:39:43.526 Df HamsterAges[31527:16222] [com.apple.containermanager:xpc] Query; euid = 501, uid = 501, class = 13, identifier = [(null)](0), flags = 900000003
2026-10-05 06:39:43.527 Df HamsterAges[31527:16222] [com.apple.containermanager:unspecified] _container_query_get_result_at_index: success
2026-10-05 06:39:43.527 A  HamsterAges[31527:16222] (libsystem_containermanager.dylib) container_copy_object
2026-10-05 06:39:43.528 Df HamsterAges[31527:16222] [com.apple.containermanager:unspecified] container_system_group_path_for_identifier: success
2026-10-05 06:39:43.528 Df HamsterAges[31527:16222] [com.apple.ManagedConfiguration:MC] Got system group container path from MCM for systemgroup.com.apple.configurationprofiles: /Users/runner/Library/Developer/CoreSimulator/Devices/291E4B86-C951-41A7-8327-84BF0304D0A9/data/Containers/Shared/SystemGroup/systemgroup.com.apple.configurationprofiles
2026-10-05 06:39:43.573 Df HamsterAges[31527:1620e] [com.apple.BoardServices:XPCErrors] [C:2] Alloc com.apple.backboard.hid-services.xpc
2026-10-05 06:39:43.573 Df HamsterAges[31527:1620e] [com.apple.xpc:connection] [0x104f0f8f0] activating connection: mach=false listener=false peer=false name=(anonymous)
2026-10-05 06:39:43.574 Df HamsterAges[31527:1621d] [com.apple.BackBoard:EventDelivery] BKSHIDEventDeliveryManager - connection activation
2026-10-05 06:39:43.577 Df HamsterAges[31527:1620e] [com.apple.UIKit:BackgroundTask] Will add backgroundTask with taskName: Persistent SceneSession Map Update, expirationHandler: <__NSGlobalBlock__: 0x1e61729e0>
2026-10-05 06:39:43.577 Df HamsterAges[31527:1620e] [com.apple.UIKit:BackgroundTask] Reusing background assertion <BKSProcessAssertion: 0x600002102d00>
2026-10-05 06:39:43.577 Df HamsterAges[31527:1620e] [com.apple.UIKit:BackgroundTask] Incrementing reference count for background assertion <BKSProcessAssertion: 0x600002102d00>
2026-10-05 06:39:43.577 Df HamsterAges[31527:1620e] [com.apple.UIKit:BackgroundTask] Created background task <_UIBackgroundTaskInfo: 0x60000171a500>: taskID = 2, taskName = Persistent SceneSession Map Update, creationTime = 1177 (elapsed = 0).
2026-10-05 06:39:43.578 Df HamsterAges[31527:1620e] [com.apple.UIKit:Application] Deactivation reason added: 5; deactivation reasons: 2048 -> 2080; animating application lifecycle event: 1
2026-10-05 06:39:43.578 Df HamsterAges[31527:1620e] [com.apple.UIKit:InterfaceStyle] Should send trait collection or coordinate space update, interface style 1 -> 1, <UIWindowScene: 0x104f13d50> (095DB6B8-1B98-4E9F-9CFC-930C775EC66A)
2026-10-05 06:39:43.578 Df HamsterAges[31527:1620e] [com.apple.UIKit:InterfaceStyle] Not push traits update to screen for new style 1, <UIWindowScene: 0x104f13d50> (095DB6B8-1B98-4E9F-9CFC-930C775EC66A)
2026-10-05 06:39:43.579 Df HamsterAges[31527:1620e] [com.apple.UIKit:HomeAffordanceObservation] Initializing: <_UIHomeAffordanceSceneNotifier: 0x60000290a680>; with scene: <UIWindowScene: 0x104f13d50>
2026-10-05 06:39:43.579 Df HamsterAges[31527:1620e] [com.apple.BacklightServices:scenes] 0x600000c26d30 setDelegate:<0x600000c26e80 _UIBacklightEnvironment> hasDelegate:YES for environment:sceneID:com.valkhim.hamsterages-095DB6B8-1B98-4E9F-9CFC-930C775EC66A
2026-10-05 06:39:43.579 Df HamsterAges[31527:1620e] [com.apple.UIKit:InterfaceStyle] Not push traits update to screen for new style 1, <UIWindowScene: 0x104f13d50> (095DB6B8-1B98-4E9F-9CFC-930C775EC66A)
2026-10-05 06:39:43.579 Df HamsterAges[31527:1620e] [com.apple.UIKit:EventDeferring] [0x60000290a6f0] Initialized with scene: <UIWindowScene: 0x104f13d50>; behavior: <_UIEventDeferringBehavior_iOS: 0x6000002029c0>; availableForProcess: 1, systemShellManagesKeyboardFocus: 1
2026-10-05 06:39:43.580 Df HamsterAges[31527:1621d] [com.apple.BackBoard:EventDelivery] BKSHIDEventObserver - connection activation
2026-10-05 06:39:43.581 Df HamsterAges[31527:1620e] [com.apple.BackBoard:EventDelivery] policyStatus:<BKSHIDEventDeliveryPolicyObserver: 0x600002609620; process scope; status: target> was:none
2026-10-05 06:39:43.581 Df HamsterAges[31527:1620e] [com.apple.UIKit:KeyWindow] Setting default evaluation strategy for UIUserInterfaceIdiomPhone to LastOneWins
2026-10-05 06:39:43.581 Df HamsterAges[31527:1620e] [com.apple.UIKit:KeyWindow] Scene target of keyboard event deferring environment did change: 1; scene: UIWindowScene: 0x104f13d50; scene identity: com.apple.frontboard.systemappservices/FBSceneManager:sceneID%3Acom.valkhim.hamsterages-095DB6B8-1B98-4E9F-9CFC-930C775EC66A
2026-10-05 06:39:43.581 Df HamsterAges[31527:1620e] [com.apple.UIKit:EventDeferring] [0x60000290a6f0] Scene target of event deferring environments did update: scene: 0x104f13d50; current systemShellManagesKeyboardFocus: 1; systemShellManagesKeyboardFocusForScene: 1; eligibleForRecordRemoval: 1;
2026-10-05 06:39:43.581 Df HamsterAges[31527:1620e] [com.apple.UIKit:KeyWindow] Scene became target of keyboard event deferring environment: UIWindowScene: 0x104f13d50; scene identity: com.apple.frontboard.systemappservices/FBSceneManager:sceneID%3Acom.valkhim.hamsterages-095DB6B8-1B98-4E9F-9CFC-930C775EC66A
2026-10-05 06:39:43.581 Df HamsterAges[31527:1620e] [com.apple.UIKit:KeyWindow] Stack[KeyWindow] 0x600000c276c0: Taking no further action for migration from LastOneWins -> SystemShellManaged as there are no scenes
2026-10-05 06:39:43.581 Df HamsterAges[31527:1620e] [com.apple.UIKit:KeyWindow] Setting default evaluation strategy for UIUserInterfaceIdiomPhone to SystemShellManaged
2026-10-05 06:39:43.581 Df HamsterAges[31527:1620e] [com.apple.UIKit:KeyWindow] Key window needs update: 0; currentKeyWindowScene: 0x0; evaluatedKeyWindowScene: 0x104f13d50; currentApplicationKeyWindow: 0x0; evaluatedApplicationKeyWindow: 0x0; reason: UIWindowScene: 0x104f13d50: Window scene became target of keyboard environment
2026-10-05 06:39:43.582 Df HamsterAges[31527:1620e] [com.apple.UIKit:InterfaceStyle] Not push traits update to screen for new style 1, <UIWindowScene: 0x104f13d50> (095DB6B8-1B98-4E9F-9CFC-930C775EC66A)
2026-10-05 06:39:43.582 Df HamsterAges[31527:1620e] [com.apple.UIKit:InterfaceStyle] Not push traits update to screen for new style 1, <UIWindowScene: 0x104f13d50> (095DB6B8-1B98-4E9F-9CFC-930C775EC66A)
2026-10-05 06:39:43.585 Df HamsterAges[31527:1620e] [com.apple.UIKit:InterfaceStyle] Not push traits update to screen for new style 1, <UIWindowScene: 0x104f13d50> (095DB6B8-1B98-4E9F-9CFC-930C775EC66A)
2026-10-05 06:39:43.664 Df HamsterAges[31527:1620e] [com.apple.UIKit:Orientation] <UIWindowScene: 0x104f13d50> (095DB6B8-1B98-4E9F-9CFC-930C775EC66A) Scene updated orientation preferences: none -> ( Ll Lr )
2026-10-05 06:39:43.668 Df HamsterAges[31527:1620e] [com.apple.UIKit:KeyWindow] Key window API is scene-level: YES
2026-10-05 06:39:43.669 Df HamsterAges[31527:1620e] [com.apple.UIKit:KeyWindow] UIWindowScene: 0x104f13d50: Window became key in scene: UIWindow: 0x104e0ca90; contextId: 0xEFFB2A47: reason: UIWindowScene: 0x104f13d50: Window requested to become key in scene: 0x104e0ca90
2026-10-05 06:39:43.669 Df HamsterAges[31527:1620e] [com.apple.UIKit:KeyWindow] Key window needs update: 1; currentKeyWindowScene: 0x0; evaluatedKeyWindowScene: 0x104f13d50; currentApplicationKeyWindow: 0x0; evaluatedApplicationKeyWindow: 0x104e0ca90; reason: UIWindowScene: 0x104f13d50: Window requested to become key in scene: 0x104e0ca90
2026-10-05 06:39:43.669 Df HamsterAges[31527:1620e] [com.apple.UIKit:KeyWindow] Window did become application key: UIWindow: 0x104e0ca90; contextId: 0xEFFB2A47; scene identity: com.apple.frontboard.systemappservices/FBSceneManager:sceneID%3Acom.valkhim.hamsterages-095DB6B8-1B98-4E9F-9CFC-930C775EC66A
2026-10-05 06:39:43.669 Df HamsterAges[31527:1620e] [com.apple.UIKit:EventDeferring] [0x60000290a6f0] Begin local event deferring requested for token: 0x600002607f00; environments: 1; reason: UIWindowScene: 0x104f13d50: Begin event deferring in keyboardFocus for window: 0x104e0ca90
2026-10-05 06:39:43.670 Df HamsterAges[31527:1620e] [com.apple.UIKit:InterfaceStyle] Not push traits update to screen for new style 1, <UIWindowScene: 0x104f13d50> (095DB6B8-1B98-4E9F-9CFC-930C775EC66A)
2026-10-05 06:39:43.671 Df HamsterAges[31527:1620e] [com.apple.UIKit:AppLifecycle] sceneOfRecord: sceneID: sceneID:com.valkhim.hamsterages-095DB6B8-1B98-4E9F-9CFC-930C775EC66A  persistentID: 095DB6B8-1B98-4E9F-9CFC-930C775EC66A
2026-10-05 06:39:43.671 Df HamsterAges[31527:1620e] [com.apple.UIKit:Application] Ignoring already applied deactivation reason: 5; deactivation reasons: 2080
2026-10-05 06:39:43.671 Df HamsterAges[31527:1620e] [com.apple.UIKit:Application] Deactivation reason added: 12; deactivation reasons: 2080 -> 6176; animating application lifecycle event: 1
2026-10-05 06:39:43.671 Df HamsterAges[31527:1620e] [com.apple.UIKit:Application] Deactivation reason removed: 11; deactivation reasons: 6176 -> 4128; animating application lifecycle event: 1
2026-10-05 06:39:43.671 Df HamsterAges[31527:1620e] [com.apple.FrontBoard:SceneExtension] Realizing settings extension <_UISceneIntelligenceSupportSettings> on FBSSceneSettings
2026-10-05 06:39:43.671 Df HamsterAges[31527:1621d] [com.apple.BackBoard:EventDelivery] policyStatus:<BKSHIDEventDeliveryPolicyObserver: 0x600002609620; token: com.apple.frontboard.systemappservices/FBSceneManager:sceneID%3Acom.valkhim.hamsterages-095DB6B8-1B98-4E9F-9CFC-930C775EC66A; status: ancestor> was:target
2026-10-05 06:39:43.671 Df HamsterAges[31527:1621c] [com.apple.UIIntelligenceSupport:xpc] establishing connection to agent
2026-10-05 06:39:43.672 Df HamsterAges[31527:1620e] [com.apple.UIKit:InterfaceStyle] Not push traits update to screen for new style 1, <UIWindowScene: 0x104f13d50> (095DB6B8-1B98-4E9F-9CFC-930C775EC66A)
2026-10-05 06:39:43.672 Df HamsterAges[31527:1621c] [com.apple.xpc:session] [0x6000021142d0] Session created.
2026-10-05 06:39:43.672 Df HamsterAges[31527:1621c] [com.apple.xpc:session] [0x6000021142d0] Session created from connection [0x104f144e0]
2026-10-05 06:39:43.672 Df HamsterAges[31527:1621c] [com.apple.xpc:connection] [0x104f144e0] activating connection: mach=true listener=false peer=false name=com.apple.uiintelligencesupport.agent
2026-10-05 06:39:43.673 Df HamsterAges[31527:1621c] [com.apple.xpc:session] [0x6000021142d0] Session activated
2026-10-05 06:39:43.677 A  HamsterAges[31527:1620e] (CoreFoundation) Updating Key-Value Observers Of Preferences
2026-10-05 06:39:43.754 E  HamsterAges[31527:1620e] [com.apple.kvs:Connection] Unable to find entitlement for KVS store
2026-10-05 06:39:43.755 F  HamsterAges[31527:1620e] [com.apple.kvs:Connection] BUG IN CLIENT OF KVS: Trying to initialize NSUbiquitousKeyValueStore without a store identifier. Please specify your store identifier in the 'com.apple.developer.ubiquity-kvstore-identifier' entitlement.
2026-10-05 06:39:43.755 A  HamsterAges[31527:1620e] (libsystem_trace.dylib) Activity for state dumps
2026-10-05 06:39:44.025 Df HamsterAges[31527:1621d] [com.apple.xpc:connection] [0x10510f790] activating connection: mach=true listener=false peer=false name=com.apple.fontservicesd
2026-10-05 06:39:44.100 Df HamsterAges[31527:1621c] [com.apple.UIKit:BackgroundTask] Ending background task with UIBackgroundTaskIdentifier: 2
2026-10-05 06:39:44.100 Df HamsterAges[31527:1621c] [com.apple.UIKit:BackgroundTask] Ending task with identifier 2 and description: <_UIBackgroundTaskInfo: 0x60000171a500>: taskID = 2, taskName = Persistent SceneSession Map Update, creationTime = 1177 (elapsed = 0), _expireHandler: <__NSGlobalBlock__: 0x1e61729e0>
2026-10-05 06:39:44.100 Df HamsterAges[31527:1621c] [com.apple.UIKit:BackgroundTask] Decrementing reference count for assertion <BKSProcessAssertion: 0x600002102d00> (used by background task with identifier 2: <_UIBackgroundTaskInfo: 0x60000171a500>: taskID = 2, taskName = Persistent SceneSession Map Update, creationTime = 1177 (elapsed = 0))
2026-10-05 06:39:44.429 Df HamsterAges[31527:1620e] [com.apple.FrontBoard:SceneClient] [(FBSceneManager):sceneID:com.valkhim.hamsterages-095DB6B8-1B98-4E9F-9CFC-930C775EC66A] Sending action(s): BLSInvalidateFrameSpecifiersAction
2026-10-05 06:39:44.430 Df HamsterAges[31527:1620e] [com.apple.UIKit:InterfaceStyle] Not push traits update to screen for new style 1, <UIWindowScene: 0x104f13d50> (095DB6B8-1B98-4E9F-9CFC-930C775EC66A)
2026-10-05 06:39:44.431 Df HamsterAges[31527:1620e] [com.apple.UIKit:_UIVisualStyleRegistry] Warning: no visual style classes have been registered at all.
2026-10-05 06:39:44.433 Df HamsterAges[31527:1620e] [com.apple.network:] networkd_settings_read_from_file initialized networkd settings by reading plist directly
2026-10-05 06:39:44.433 Df HamsterAges[31527:1620e] [com.apple.network:] networkd_settings_read_from_file initialized networkd settings by reading plist directly
2026-10-05 06:39:44.434 Df HamsterAges[31527:1620e] [com.apple.CFNetwork:Default] Task <C7CAEA4C-3B72-413E-BDEA-F12F4FC6EB71>.<1> resuming, timeouts(8.0, 604800.0) qos(0x21) voucher((null)) activity(00000000-0000-0000-0000-000000000000)
2026-10-05 06:39:44.434 A  HamsterAges[31527:1620e] (CoreFoundation) Loading Preferences From User Session CFPrefsD
2026-10-05 06:39:44.437 Df HamsterAges[31527:1621d] [com.apple.CFNetwork:Default] Initializing NSHTTPCookieStorage singleton
2026-10-05 06:39:44.438 Df HamsterAges[31527:1621d] [com.apple.CFNetwork:Default] Initializing CFHTTPCookieStorage singleton
2026-10-05 06:39:44.438 Df HamsterAges[31527:1621d] [com.apple.CFNetwork:Default] Creating default cookie storage with process/bundle identifier
2026-10-05 06:39:44.438 A  HamsterAges[31527:1621d] (libsystem_containermanager.dylib) container_system_group_path_for_identifier
2026-10-05 06:39:44.438 Df HamsterAges[31527:1621d] [com.apple.containermanager:xpc] Requesting container lookup; class = 13, identifier = com.apple.nsurlsessiond, group_identifier = systemgroup.com.apple.nsurlstoragedresources, create = 1, temp = 0, euid = 501, uid = 501
2026-10-05 06:39:44.438 A  HamsterAges[31527:1621d] (libsystem_containermanager.dylib) container_query_t
2026-10-05 06:39:44.438 Df HamsterAges[31527:1621d] [com.apple.containermanager:xpc] Query; euid = 501, uid = 501, class = 13, identifier = [com.apple.nsurlsessiond](1), flags = 900000003
2026-10-05 06:39:44.440 Df HamsterAges[31527:1621d] [com.apple.containermanager:unspecified] _container_query_get_result_at_index: success
2026-10-05 06:39:44.440 A  HamsterAges[31527:1621d] (libsystem_containermanager.dylib) container_copy_object
2026-10-05 06:39:44.440 Df HamsterAges[31527:1621d] [com.apple.containermanager:unspecified] container_system_group_path_for_identifier: success
2026-10-05 06:39:44.440 Df HamsterAges[31527:1621d] [com.apple.CFNetwork:Default] Initializing AlternativeServices Storage singleton
2026-10-05 06:39:44.440 Df HamsterAges[31527:1621d] [com.apple.FileURL:default] kExcludedFromBackupXattrName set on path: /Users/runner/Library/Developer/CoreSimulator/Devices/291E4B86-C951-41A7-8327-84BF0304D0A9/data/Containers/Data/Application/B27423C8-BF3A-4B75-AE28-417D0A9821D7/Library/HTTPStorages/com.valkhim.hamsterages
2026-10-05 06:39:44.445 Df HamsterAges[31527:1621d] [com.apple.CFNetwork:Default] Connection 0: creating secure tcp or quic connection
2026-10-05 06:39:44.446 Df HamsterAges[31527:16220] [com.apple.CFNetwork:Default] Garbage collection for alternative services
2026-10-05 06:39:44.449 Df HamsterAges[31527:1621d] [com.apple.CFNetwork:Default] Connection 1: enabling TLS
2026-10-05 06:39:44.449 Df HamsterAges[31527:1621d] [com.apple.CFNetwork:Default] Connection 1: starting, TC(0x0)
2026-10-05 06:39:44.450 Df HamsterAges[31527:1621d] [com.apple.network:connection] [C1 0ECFB07C-11E5-443A-8A30-AA3C5C6E6846 Hostname#f42911e5:443 quic-connection, url: https://raw.githubusercontent.com/khimchuk00/hamster-ages/main/config/remote.json, definite, attribution: developer, context: com.apple.CFNetwork.NSURLSession.{B0F9A79E-CC32-43C1-8E3D-5BD6105BA76B}{(null)}{Y}{2}{0x0} (private), proc: 6A879243-69DF-3D44-BBA3-9BDFA1201B42, delegated upid: 0] start
2026-10-05 06:39:44.450 Df HamsterAges[31527:1621d] [com.apple.network:connection] [C1 Hostname#f42911e5:443 initial parent-flow ((null))] event: path:start @0.000s
2026-10-05 06:39:44.452 Df HamsterAges[31527:1621d] [com.apple.network:connection] [C1 Hostname#f42911e5:443 waiting parent-flow (satisfied (Path is satisfied), interface: en0)] event: path:satisfied @0.002s, uuid: 4E9FE2A2-30A5-4FED-8C2C-3260C589A19A
2026-10-05 06:39:44.453 Df HamsterAges[31527:1621d] [com.apple.network:connection] [C1 Hostname#f42911e5:443 in_progress parent-flow (satisfied (Path is satisfied), interface: en0)] event: flow:start_connect @0.002s
2026-10-05 06:39:44.453 Df HamsterAges[31527:1621d] [com.apple.network:connection] nw_connection_report_state_with_handler_on_nw_queue [C1] reporting state preparing
2026-10-05 06:39:44.456 Df HamsterAges[31527:1621d] [com.apple.network:connection] [C1 Hostname#f42911e5:443 in_progress parent-flow (satisfied (Path is satisfied), interface: en0)] event: flow:start_child @0.005s
2026-10-05 06:39:44.456 Df HamsterAges[31527:1621d] [com.apple.network:connection] [C1.1 Hostname#f42911e5:443 initial path ((null))] event: path:start @0.006s
2026-10-05 06:39:44.456 Df HamsterAges[31527:1621d] [com.apple.network:connection] [C1.1 Hostname#f42911e5:443 waiting path (satisfied (Path is satisfied), interface: en0)] event: path:satisfied @0.006s, uuid: 4E9FE2A2-30A5-4FED-8C2C-3260C589A19A
2026-10-05 06:39:44.456 Df HamsterAges[31527:1621d] [com.apple.network:connection] [C1.1 Hostname#f42911e5:443 in_progress transform (satisfied (Path is satisfied), interface: en0)] event: transform:start @0.006s
2026-10-05 06:39:44.456 Df HamsterAges[31527:1621d] [com.apple.network:connection] [C1.1.1 Hostname#f42911e5:443 initial path ((null))] event: path:start @0.006s
2026-10-05 06:39:44.457 Df HamsterAges[31527:1621d] [com.apple.network:connection] [C1.1.1 Hostname#f42911e5:443 waiting path (satisfied (Path is satisfied), interface: en0)] event: path:satisfied @0.006s, uuid: 4E41BDDC-F354-4879-8994-39A09B76BB83
2026-10-05 06:39:44.458 Df HamsterAges[31527:1621d] [com.apple.network:connection] [C1.1.1 Hostname#f42911e5:443 in_progress resolver (satisfied (Path is satisfied), interface: en0)] event: resolver:start_dns @0.007s
2026-10-05 06:39:44.459 Df HamsterAges[31527:1621d] [com.apple.CFNetwork:Default] Task <C7CAEA4C-3B72-413E-BDEA-F12F4FC6EB71>.<1> setting up Connection 1
2026-10-05 06:39:44.460 Df HamsterAges[31527:1621d] [com.apple.network:connection] nw_endpoint_resolver_update [C1.1.1 Hostname#f42911e5:443 in_progress resolver (satisfied (Path is satisfied), interface: en0)] Adding endpoint handler for IPv4#553aed5e:443
2026-10-05 06:39:44.460 Df HamsterAges[31527:1621d] [com.apple.network:connection] nw_endpoint_resolver_update [C1.1.1 Hostname#f42911e5:443 in_progress resolver (satisfied (Path is satisfied), interface: en0)] Adding endpoint handler for IPv4#8d63cb07:443
2026-10-05 06:39:44.460 Df HamsterAges[31527:1621d] [com.apple.network:connection] nw_endpoint_resolver_update [C1.1.1 Hostname#f42911e5:443 in_progress resolver (satisfied (Path is satisfied), interface: en0)] Adding endpoint handler for IPv4#e53fe2be:443
2026-10-05 06:39:44.460 Df HamsterAges[31527:1621d] [com.apple.network:connection] nw_endpoint_resolver_update [C1.1.1 Hostname#f42911e5:443 in_progress resolver (satisfied (Path is satisfied), interface: en0)] Adding endpoint handler for IPv4#db3a4094:443
2026-10-05 06:39:44.460 Df HamsterAges[31527:1621d] [com.apple.network:connection] [C1.1.1 Hostname#f42911e5:443 in_progress resolver (satisfied (Path is satisfied), interface: en0)] event: resolver:receive_dns @0.010s
2026-10-05 06:39:44.460 Df HamsterAges[31527:1621d] [com.apple.network:connection] [C1.1.1.1 IPv4#553aed5e:443 initial path ((null))] event: path:start @0.010s
2026-10-05 06:39:44.461 Df HamsterAges[31527:1621d] [com.apple.network:connection] [C1.1.1.1 IPv4#553aed5e:443 waiting path (satisfied (Path is satisfied), interface: en0)] event: path:satisfied @0.010s, uuid: 1B8675A8-8AD4-4D47-9E33-DC7B106871B7
2026-10-05 06:39:44.462 Df HamsterAges[31527:1621d] [com.apple.network:connection] [C1.1.1.1 IPv4#553aed5e:443 in_progress socket-flow (satisfied (Path is satisfied), interface: en0)] event: flow:start_connect @0.012s
2026-10-05 06:39:44.465 Df HamsterAges[31527:16220] [com.apple.network:connection] nw_socket_handle_socket_event [C1.1.1.1:3] Socket received CONNECTED event
2026-10-05 06:39:44.465 Df HamsterAges[31527:16220] [com.apple.network:connection] nw_flow_connected [C1.1.1.1 IPv4#553aed5e:443 in_progress socket-flow (satisfied (Path is satisfied), interface: en0)] Transport protocol connected (socket)
2026-10-05 06:39:44.465 Df HamsterAges[31527:16220] [com.apple.network:connection] [C1.1.1.1 IPv4#553aed5e:443 in_progress socket-flow (satisfied (Path is satisfied), interface: en0)] event: flow:finish_transport @0.015s
2026-10-05 06:39:44.466 Df HamsterAges[31527:16220] [com.apple.network:boringssl] boringssl_session_apply_protocol_options_for_transport_block_invoke_2(2323) [C1.1.1.1:2][0x105134d80] TLS configured [min_version(0x0303) max_version(0x0304) name(redacted) tickets(false) false_start(false) enforce_ev(false) enforce_ats(false) ats_non_pfs_ciphersuite_allowed(false) ech(false) pqtls(true), pake(false)]
2026-10-05 06:39:44.466 Df HamsterAges[31527:16220] [com.apple.network:boringssl] boringssl_context_info_handler(2390) [C1.1.1.1:2][0x105134d80] Client handshake started
2026-10-05 06:39:44.466 Df HamsterAges[31527:16220] [com.apple.network:boringssl] boringssl_context_info_handler(2407) [C1.1.1.1:2][0x105134d80] Client handshake state: TLS client enter_early_data
2026-10-05 06:39:44.466 Df HamsterAges[31527:16220] [com.apple.network:boringssl] boringssl_context_info_handler(2407) [C1.1.1.1:2][0x105134d80] Client handshake state: TLS client read_server_hello
2026-10-05 06:39:44.469 Df HamsterAges[31527:16220] [com.apple.network:boringssl] boringssl_context_info_handler(2407) [C1.1.1.1:2][0x105134d80] Client handshake state: TLS 1.3 client read_hello_retry_request
2026-10-05 06:39:44.470 Df HamsterAges[31527:16220] [com.apple.network:boringssl] boringssl_context_info_handler(2407) [C1.1.1.1:2][0x105134d80] Client handshake state: TLS 1.3 client read_server_hello
2026-10-05 06:39:44.470 Df HamsterAges[31527:16220] [com.apple.network:boringssl] boringssl_context_info_handler(2407) [C1.1.1.1:2][0x105134d80] Client handshake state: TLS 1.3 client read_encrypted_extensions
2026-10-05 06:39:44.470 Df HamsterAges[31527:16220] [com.apple.network:boringssl] boringssl_context_info_handler(2407) [C1.1.1.1:2][0x105134d80] Client handshake state: TLS 1.3 client read_certificate_request
2026-10-05 06:39:44.470 Df HamsterAges[31527:16220] [com.apple.network:boringssl] boringssl_context_info_handler(2407) [C1.1.1.1:2][0x105134d80] Client handshake state: TLS 1.3 client read_server_certificate
2026-10-05 06:39:44.470 Df HamsterAges[31527:16220] [com.apple.network:boringssl] boringssl_context_info_handler(2407) [C1.1.1.1:2][0x105134d80] Client handshake state: TLS 1.3 client read_server_certificate_verify
2026-10-05 06:39:44.470 Df HamsterAges[31527:16220] [com.apple.network:boringssl] boringssl_context_evaluate_trust_async(1833) [C1.1.1.1:2][0x105134d80] Performing external trust evaluation
2026-10-05 06:39:44.470 A  HamsterAges[31527:16220] (Security) SecKeyCopyPublicBytes
2026-10-05 06:39:44.470 Df HamsterAges[31527:16220] [com.apple.network:boringssl] boringssl_context_evaluate_trust_async_external(1818) [C1.1.1.1:2][0x105134d80] Asyncing for external verify block
2026-10-05 06:39:44.470 Df HamsterAges[31527:16220] [com.apple.CFNetwork:Default] Connection 1: asked to evaluate TLS Trust
2026-10-05 06:39:44.473 Df HamsterAges[31527:16220] [com.apple.CFNetwork:Default] Task <C7CAEA4C-3B72-413E-BDEA-F12F4FC6EB71>.<1> auth completion disp=1 cred=0x0
2026-10-05 06:39:44.473 Df HamsterAges[31527:1621d] [com.apple.securityd:trust] (Trust 0x60000350eb50) No pending evals, starting
2026-10-05 06:39:44.474 A  HamsterAges[31527:1621d] (Security) SecTrustEvaluateIfNecessaryFastAsync
2026-10-05 06:39:44.475 Df HamsterAges[31527:1621d] [com.apple.securityd:keychain] System Keychain Always Supported set via feature flag to disabled
2026-10-05 06:39:44.475 Df HamsterAges[31527:1621d] [com.apple.xpc:connection] [0x104f688a0] activating connection: mach=true listener=false peer=false name=com.apple.trustd
2026-10-05 06:39:44.475 Df HamsterAges[31527:1621d] [com.apple.xpc:connection] [0x104f6e320] activating connection: mach=true listener=false peer=false name=com.apple.trustd
2026-10-05 06:39:44.475 Df HamsterAges[31527:1621d] [com.apple.securityd:trust] (Trust 0x60000350eb50) Completed async eval kickoff
2026-10-05 06:39:44.514 Df HamsterAges[31527:16221] [com.apple.UIKit:BackgroundTask] Ending background task with UIBackgroundTaskIdentifier: 1
2026-10-05 06:39:44.525 Df HamsterAges[31527:16221] [com.apple.UIKit:BackgroundTask] Ending task with identifier 1 and description: <_UIBackgroundTaskInfo: 0x60000170ef00>: taskID = 1, taskName = Launch Background Task for Coalescing, creationTime = 1177 (elapsed = 1), _expireHandler: (null)
2026-10-05 06:39:44.525 Df HamsterAges[31527:16221] [com.apple.UIKit:BackgroundTask] Decrementing reference count for assertion <BKSProcessAssertion: 0x600002102d00> (used by background task with identifier 1: <_UIBackgroundTaskInfo: 0x60000170ef00>: taskID = 1, taskName = Launch Background Task for Coalescing, creationTime = 1177 (elapsed = 1))
2026-10-05 06:39:44.525 Df HamsterAges[31527:16221] [com.apple.UIKit:BackgroundTask] Will invalidate assertion: <BKSProcessAssertion: 0x600002102d00> for task identifier: 1
2026-10-05 06:39:44.526 Df HamsterAges[31527:1620e] [com.apple.extensionkit:NSExtension] Class EXGetExtensionClass(void) returning EXConcreteExtension
2026-10-05 06:39:44.526 Df HamsterAges[31527:1620e] [com.apple.xpc:connection] [0x105132a60] activating connection: mach=true listener=false peer=false name=com.apple.pluginkit.pkd
2026-10-05 06:39:44.527 A  HamsterAges[31527:1620e] (PlugInKit) continuous-discovery
2026-10-05 06:39:44.527 Df HamsterAges[31527:1620e] [com.apple.PlugInKit:discovery] <PKDiscoveryDriver:0x6000026286c0> created discovery driver
2026-10-05 06:39:44.527 Df HamsterAges[31527:1620e] [com.apple.PlugInKit:discovery] [d 18711832-CA30-43BA-9440-859CF5CDC8F5] <PKHost:0x600001737940> Beginning discovery for flags: 0, point: com.apple.AudioUnit
2026-10-05 06:39:44.529 Df HamsterAges[31527:16221] [com.apple.PlugInKit:discovery] [d 18711832-CA30-43BA-9440-859CF5CDC8F5] <PKHost:0x600001737940> Completed discovery. Final # of matches: 0
2026-10-05 06:39:44.530 Df HamsterAges[31527:1621d] [com.apple.PlugInKit:discovery] <PKDiscoveryDriver:0x6000026286c0> delivering update to host (0 plugins)
2026-10-05 06:39:44.530 A  HamsterAges[31527:1621d] (ExtensionFoundation) discovering extensions
2026-10-05 06:39:44.530 Df HamsterAges[31527:1621d] [com.apple.extensionkit:NSExtension] discovered extensions: attributes {
    NSExtensionPointName = "com.apple.AudioUnit";
}, extensionSet {(
)}
2026-10-05 06:39:44.530 A  HamsterAges[31527:1620e] (PlugInKit) continuous-discovery
2026-10-05 06:39:44.530 Df HamsterAges[31527:1621d] [com.apple.PlugInKit:discovery] <PKDiscoveryDriver:0x6000026286c0> installing watchers for continuous discovery
2026-10-05 06:39:44.530 Df HamsterAges[31527:1620e] [com.apple.PlugInKit:discovery] <PKDiscoveryDriver:0x600002623360> created discovery driver
2026-10-05 06:39:44.530 Df HamsterAges[31527:1620e] [com.apple.PlugInKit:discovery] [d A41E4323-70D5-401C-A68D-293AAE14A24D] <PKHost:0x600001737940> Beginning discovery for flags: 0, point: com.apple.AudioUnit-UI
2026-10-05 06:39:44.530 Df HamsterAges[31527:1621d] [com.apple.launchservices:appinstallation] registering for distributed notification com.apple.LaunchServices.pluginsregistered in this process
2026-10-05 06:39:44.530 Df HamsterAges[31527:1621d] [com.apple.xpc:connection] [0x104e6c320] activating connection: mach=true listener=false peer=false name=com.apple.distributed_notifications@1v3
2026-10-05 06:39:44.531 Df HamsterAges[31527:1621d] [com.apple.launchservices:appinstallation] registering for distributed notification com.apple.LaunchServices.pluginsunregistered in this process
2026-10-05 06:39:44.532 Df HamsterAges[31527:16221] [com.apple.PlugInKit:discovery] [d A41E4323-70D5-401C-A68D-293AAE14A24D] <PKHost:0x600001737940> Completed discovery. Final # of matches: 0
2026-10-05 06:39:44.533 Df HamsterAges[31527:16221] [com.apple.PlugInKit:discovery] <PKDiscoveryDriver:0x600002623360> delivering update to host (0 plugins)
2026-10-05 06:39:44.533 A  HamsterAges[31527:16221] (ExtensionFoundation) discovering extensions
2026-10-05 06:39:44.533 Df HamsterAges[31527:16221] [com.apple.extensionkit:NSExtension] discovered extensions: attributes {
    NSExtensionPointName = "com.apple.AudioUnit-UI";
}, extensionSet {(
)}
2026-10-05 06:39:44.533 A  HamsterAges[31527:1620e] (PlugInKit) continuous-discovery
2026-10-05 06:39:44.533 Df HamsterAges[31527:1620e] [com.apple.PlugInKit:discovery] <PKDiscoveryDriver:0x600002623240> created discovery driver
2026-10-05 06:39:44.533 Df HamsterAges[31527:1620e] [com.apple.PlugInKit:discovery] [d 09BE9D2F-E7EA-4092-A5EF-D995DF7AA44D] <PKHost:0x600001737940> Beginning discovery for flags: 0, point: com.apple.AudioUnit-Speech
2026-10-05 06:39:44.533 Df HamsterAges[31527:16221] [com.apple.PlugInKit:discovery] <PKDiscoveryDriver:0x600002623360> installing watchers for continuous discovery
2026-10-05 06:39:44.533 Df HamsterAges[31527:1621d] [com.apple.launchservices:progress] Establishing xpc connection to lsd
2026-10-05 06:39:44.534 Df HamsterAges[31527:1621d] [com.apple.xpc:connection] [0x104e6d640] activating connection: mach=true listener=false peer=false name=com.apple.lsd.xpc
2026-10-05 06:39:44.535 Df HamsterAges[31527:16220] [com.apple.launchservices:progress] Received LSWorkspaceObserverPing, xpc connection established
2026-10-05 06:39:44.537 Df HamsterAges[31527:16220] [com.apple.PlugInKit:discovery] [d 09BE9D2F-E7EA-4092-A5EF-D995DF7AA44D] <PKHost:0x600001737940> Completed discovery. Final # of matches: 4
2026-10-05 06:39:44.537 Df HamsterAges[31527:16221] [com.apple.PlugInKit:discovery] <PKDiscoveryDriver:0x600002623240> delivering update to host (4 plugins)
2026-10-05 06:39:44.537 A  HamsterAges[31527:16221] (ExtensionFoundation) discovering extensions
2026-10-05 06:39:44.538 Df HamsterAges[31527:16221] [com.apple.extensionkit:NSExtension] discovered extensions: attributes {
    NSExtensionPointName = "com.apple.AudioUnit-Speech";
}, extensionSet {(
    <EXConcreteExtension: 0x6000039bb740> {id = com.apple.speech.MacinTalkFramework.MacinTalkAUSP},
    <EXConcreteExtension: 0x6000039bb670> {id = com.apple.texttospeech.SiriAUSP},
    <EXConcreteExtension: 0x6000039e3c20> {id = com.apple.ax.KonaTTSSupport.KonaSynthesizer},
    <EXConcreteExtension: 0x6000039bb810> {id = com.apple.ax.MauiTTSSupport.MauiAUSP}
)}
2026-10-05 06:39:44.538 Df HamsterAges[31527:16221] [com.apple.PlugInKit:discovery] <PKDiscoveryDriver:0x600002623240> installing watchers for continuous discovery
2026-10-05 06:39:44.541 Df HamsterAges[31527:1620e] [com.apple.audio.caulk:alloc] Registered notify signal com.apple.caulk.alloc.rtdump (0)
2026-10-05 06:39:44.544 Df HamsterAges[31527:1620e] [com.apple.avfaudio:avae]      AVAudioIONodeImpl.mm:235   Engine@0x6000037561c0: associating with audio session (0x0), error -10879
2026-10-05 06:39:44.544 Df HamsterAges[31527:1620e] [com.apple.coreaudio:aurioc]            AURemoteIO.cpp:1130  AURemoteIO@0x1078d8840: set kAudioOutputUnitProperty_OutputChannelLayout.  Layout = tag=0x0, 0 channel descriptions [], err = 0
2026-10-05 06:39:44.571 Df HamsterAges[31527:1621d] (CoreAudio)   HALPlugInManagement.cpp:443    HALPlugInManagement::RegisterPlugIns: loading in-process plug-ins
2026-10-05 06:39:44.571 E  HamsterAges[31527:1621d] [com.apple.CFBundle:plugin] AddInstanceForFactory: No factory registered for id <CFUUID 0x6000002b1340> F8BB1C28-BAE8-11D6-9C31-00039315CD46
2026-10-05 06:39:44.597 Df HamsterAges[31527:1621d] [com.apple.coreaudio:ddagg]        AggregateDevice.mm:887   Creating DefaultDeviceAggregate
2026-10-05 06:39:44.597 Df HamsterAges[31527:1621c] [com.apple.securityd:trust] (Trust 0x60000350eb50) trustd returned 4
2026-10-05 06:39:44.598 Df HamsterAges[31527:1621c] [com.apple.CFNetwork:Default] System Trust Evaluation yielded status(0)
2026-10-05 06:39:44.598 Df HamsterAges[31527:1621c] [com.apple.securityd:trust] (Trust 0x60000350ec00) No pending evals, starting
2026-10-05 06:39:44.598 A  HamsterAges[31527:1621c] (Security) SecTrustEvaluateIfNecessaryFastAsync
2026-10-05 06:39:44.600 Df HamsterAges[31527:1621c] [com.apple.xpc:connection] [0x104f6eca0] activating connection: mach=true listener=false peer=false name=com.apple.trustd
2026-10-05 06:39:44.603 Df HamsterAges[31527:1621c] [com.apple.securityd:trust] (Trust 0x60000350ec00) Completed async eval kickoff
2026-10-05 06:39:44.603 Df HamsterAges[31527:1621c] [com.apple.xpc:connection] [0x104f6e320] invalidated because the current process cancelled the connection by calling xpc_connection_cancel()
2026-10-05 06:39:44.612 Df HamsterAges[31527:1621d] [com.apple.coreaudio:ddagg]        AggregateDevice.mm:688   Built valid aggregate 109
2026-10-05 06:39:44.614 Df HamsterAges[31527:1621d] [com.apple.coreaudio:aqme]           AQMixEngine.cpp:733   AQMEDevice (0x104f6efb8) has neither a defaultOutStreamClient nor a defaultInStreamClient
2026-10-05 06:39:44.614 Df HamsterAges[31527:16220] [com.apple.coreaudio:aqme]              AQIONode.cpp:693   client <RemoteIOClient@0x1059c3c00(@0x1059c3e18); output; [31527]> is NOT Now Playing eligible
2026-10-05 06:39:44.615 Df HamsterAges[31527:16220] [com.apple.coreaudio:aurios]        RemoteIOServer.cpp:1872  rio@0x1059c3e18 spatialization disabled.  layout = tag=0x0, 0 channel descriptions [], format =  2 ch,      0 Hz, Float32, deinterleaved
2026-10-05 06:39:44.615 Df HamsterAges[31527:1621d] [com.apple.coreaudio:EnhanceDialogueProcessor] EnhanceDialogueProcessor.cpp:226   EnhanceDialogueProcessor() - Product does not support Enhance Dialogue
2026-10-05 06:39:44.615 Df HamsterAges[31527:1621d] [com.apple.coreaudio:EnhanceDialogueProcessor] EnhanceDialogueProcessor.cpp:226   EnhanceDialogueProcessor() - Product does not support Enhance Dialogue
2026-10-05 06:39:44.615 Df HamsterAges[31527:1621d] [com.apple.coreaudio:AudioConverter]        ACv2Workarounds.mm:51    com.valkhim.hamsterages: fix84702776_86723525_86479548_89800354_SinglePacketDesc: false
2026-10-05 06:39:44.615 Df HamsterAges[31527:1621d] [com.apple.audio.caulk:alloc] Registered notify signal com.apple.caulk.alloc.audiodump (0)
2026-10-05 06:39:44.615 Df HamsterAges[31527:1621d] [com.apple.coreaudio:AudioConverter]        AudioConverter.cpp:1067  Created a new in process converter -> 0x600000c68f00, from  2 ch,  48000 Hz, Float32, deinterleaved to  2 ch,  48000 Hz, Float32, interleaved
2026-10-05 06:39:44.622 Df HamsterAges[31527:16220] [com.apple.coreaudio:aqme]          RemoteIOServer.h:101   rio@0x1059c3c00 Got output layout from io node or spatialized client: tag=0x0, 2 channel descriptions [L, R]
2026-10-05 06:39:44.622 Df HamsterAges[31527:16220] [com.apple.coreaudio:aurios]        RemoteIOServer.cpp:1581  SetLoudnessFromLM(): ->
2026-10-05 06:39:44.623 Df HamsterAges[31527:16220] [com.apple.coreaudio:aurios]        RemoteIOServer.cpp:1620  SetLoudnessFromLM(): is CoreAudioServices/LoudnessManager enabled? yes
2026-10-05 06:39:44.623 Df HamsterAges[31527:16220] [com.apple.coreaudio:aurios]        RemoteIOServer.cpp:1623  SetLoudnessFromLM(): is CoreAudioServices/LoudnessManagerV2 enabled? yes
2026-10-05 06:39:44.623 Df HamsterAges[31527:16220] [com.apple.coreaudio:aurios]        RemoteIOServer.cpp:1626  SetLoudnessFromLM(): is CoreAudioServices/lm-disable-hardware-check on? no
2026-10-05 06:39:44.624 Df HamsterAges[31527:16220] [com.apple.coreaudio:aurios]        RemoteIOServer.cpp:1629  SetLoudnessFromLM(): is hardware supported? no
2026-10-05 06:39:44.624 Df HamsterAges[31527:16220] [com.apple.coreaudio:aurios]        RemoteIOServer.cpp:1641  SetLoudnessFromLM(): hardware not supported, Loudness Manager disabled
2026-10-05 06:39:44.624 Df HamsterAges[31527:1620e] [com.apple.coreaudio:AudioConverter]        AudioConverter.cpp:1067  Created a new in process converter -> 0x600000c5bfc0, from  2 ch,      0 Hz, Float32, deinterleaved to  2 ch,  48000 Hz, Float32, deinterleaved
2026-10-05 06:39:44.624 Df HamsterAges[31527:1620e] [com.apple.coreaudio:AudioConverter]        AudioConverter.cpp:1317  AudioConverter -> 0x600000c5bfc0: The in-process GetProperty call returned 1886547824 for property 1936876385 with size 4.
2026-10-05 06:39:44.624 Df HamsterAges[31527:1620e] [com.apple.coreaudio:AudioConverter]        AudioConverter.cpp:1317  AudioConverter -> 0x600000c5bfc0: The in-process GetProperty call returned 1886547824 for property 1936876401 with size 4.
2026-10-05 06:39:44.624 Df HamsterAges[31527:16233] [com.apple.coreaudio:AudioConverter] AudioConverter -> 0x600000c5bfc0: The in-process SetProperty call returned 1886547824 for property 1886547309 with size 4.
2026-10-05 06:39:44.624 Df HamsterAges[31527:1620e] [com.apple.coreaudio:AudioConverter]        AudioConverter.cpp:1317  AudioConverter -> 0x600000c5bfc0: The in-process GetProperty call returned 1886547824 for property 1886546285 with size 8.
2026-10-05 06:39:44.624 Df HamsterAges[31527:1620e] [com.apple.coreaudio:aurioc]            AURemoteIO.cpp:1741  Stopping AURemoteIO(0x1078d8840)
2026-10-05 06:39:44.625 Df HamsterAges[31527:16220] [com.apple.coreaudio:SpatialMgr] SpatializationManager.cpp:1459  Could not load preset file, invalid model/product name!
2026-10-05 06:39:44.625 Df HamsterAges[31527:16220] [com.apple.coreaudio:aqme]        MEMixerChannel.cpp:3254  2-channel audiovisual content is NOT eligible for spatialization
2026-10-05 06:39:44.625 Df HamsterAges[31527:16220] [com.apple.coreaudio:aqme]  MEDeviceStreamClient.cpp:245   AQME Default-InputOutput: client starting: <CA_UISoundClientBase@0x104f6edb0>; running count now 1
2026-10-05 06:39:44.625 Df HamsterAges[31527:16220] [com.apple.coreaudio:aqme]            AQMEIO_HAL.cpp:2849  FetchAndLogFrameSize starting IO deviceID=109, frame size is 512
2026-10-05 06:39:44.630 Df HamsterAges[31527:16220] [com.apple.coreaudio:aqme]            AQMEIO_HAL.cpp:2818  aqmeio@0x1078dc018, device 109 (iOSSimulatorAudioDevice-31527-0), AudioDeviceStart (err 0)
2026-10-05 06:39:44.633 A  HamsterAges[31527:16221] (RunningBoardServices) didChangeInheritances
2026-10-05 06:39:44.674 Df HamsterAges[31527:16220] [com.apple.securityd:trust] (Trust 0x60000350ec00) trustd returned 4
2026-10-05 06:39:44.674 Df HamsterAges[31527:16220] [com.apple.CFNetwork:Default] Connection 1: TLS Trust result 0
2026-10-05 06:39:44.674 Df HamsterAges[31527:16220] [com.apple.network:boringssl] boringssl_context_evaluate_trust_async_external_block_invoke_3(1773) [C1.1.1.1:2][0x105134d80] Returning from external verify block with result: true
2026-10-05 06:39:44.674 Df HamsterAges[31527:16220] [com.apple.network:boringssl] boringssl_context_certificate_verify_callback(2014) [C1.1.1.1:2][0x105134d80] Certificate verification result: OK
2026-10-05 06:39:44.674 Df HamsterAges[31527:16220] [com.apple.network:boringssl] boringssl_context_info_handler(2407) [C1.1.1.1:2][0x105134d80] Client handshake state: TLS 1.3 client read_server_finished
2026-10-05 06:39:44.674 Df HamsterAges[31527:16220] [com.apple.network:boringssl] boringssl_context_info_handler(2407) [C1.1.1.1:2][0x105134d80] Client handshake state: TLS 1.3 client send_end_of_early_data
2026-10-05 06:39:44.674 Df HamsterAges[31527:16220] [com.apple.network:boringssl] boringssl_context_info_handler(2407) [C1.1.1.1:2][0x105134d80] Client handshake state: TLS 1.3 client send_client_encrypted_extensions
2026-10-05 06:39:44.674 Df HamsterAges[31527:16220] [com.apple.network:boringssl] boringssl_context_info_handler(2407) [C1.1.1.1:2][0x105134d80] Client handshake state: TLS 1.3 client send_client_certificate
2026-10-05 06:39:44.674 Df HamsterAges[31527:16220] [com.apple.network:boringssl] boringssl_context_info_handler(2407) [C1.1.1.1:2][0x105134d80] Client handshake state: TLS 1.3 client complete_second_flight
2026-10-05 06:39:44.674 Df HamsterAges[31527:16220] [com.apple.network:boringssl] boringssl_context_info_handler(2407) [C1.1.1.1:2][0x105134d80] Client handshake state: TLS 1.3 client done
2026-10-05 06:39:44.675 Df HamsterAges[31527:16220] [com.apple.network:boringssl] boringssl_context_info_handler(2407) [C1.1.1.1:2][0x105134d80] Client handshake state: TLS client finish_client_handshake
2026-10-05 06:39:44.675 Df HamsterAges[31527:16220] [com.apple.network:boringssl] boringssl_context_info_handler(2407) [C1.1.1.1:2][0x105134d80] Client handshake state: TLS client done
2026-10-05 06:39:44.675 Df HamsterAges[31527:16220] [com.apple.network:boringssl] boringssl_context_info_handler(2396) [C1.1.1.1:2][0x105134d80] Client handshake done
2026-10-05 06:39:44.675 A  HamsterAges[31527:16220] (Security) SecKeyCopyPublicBytes
2026-10-05 06:39:44.675 Df HamsterAges[31527:16220] [com.apple.network:boringssl] nw_protocol_boringssl_signal_connected(895) [C1.1.1.1:2][0x105134d80] TLS connected [server(0) version(0x0304) ciphersuite(TLS_AES_128_GCM_SHA256) group(0x11ec) signature_alg(0x0804) alpn(h2) resumed(0) offered_ticket(0) in_early_data(0) early_data_accepted(0) false_started(0) ocsp_received(0) sct_received(0) connect_time(209ms) flight_time(3ms) rtt(3ms) write_stalls(0) read_stalls(2) pake(0x0000)]
2026-10-05 06:39:44.675 Df HamsterAges[31527:16220] [com.apple.network:connection] nw_flow_connected [C1.1.1.1 IPv4#553aed5e:443 in_progress socket-flow (satisfied (Path is satisfied), interface: en0)] Output protocol connected (CFNetworkConnection-1419799533)
2026-10-05 06:39:44.675 Df HamsterAges[31527:16220] [com.apple.network:connection] [C1.1.1.1 IPv4#553aed5e:443 ready socket-flow (satisfied (Path is satisfied), interface: en0)] event: flow:child_finish_connect @0.224s
2026-10-05 06:39:44.675 Df HamsterAges[31527:16220] [com.apple.network:connection] [C1.1.1 Hostname#f42911e5:443 ready resolver (satisfied (Path is satisfied), interface: en0)] event: flow:child_finish_connect @0.224s
2026-10-05 06:39:44.675 Df HamsterAges[31527:16220] [com.apple.network:connection] [C1.1 Hostname#f42911e5:443 ready transform (satisfied (Path is satisfied), interface: en0)] event: flow:child_finish_connect @0.224s
2026-10-05 06:39:44.675 Df HamsterAges[31527:16220] [com.apple.network:connection] nw_flow_connected [C1 IPv4#553aed5e:443 in_progress parent-flow (satisfied (Path is satisfied), interface: en0)] Output protocol connected (endpoint_flow)
2026-10-05 06:39:44.675 Df HamsterAges[31527:16220] [com.apple.network:connection] [C1 IPv4#553aed5e:443 ready parent-flow (satisfied (Path is satisfied), interface: en0)] event: flow:finish_connect @0.225s
2026-10-05 06:39:44.676 Df HamsterAges[31527:16220] [com.apple.network:connection] nw_connection_report_state_with_handler_on_nw_queue [C1] reporting state ready
2026-10-05 06:39:44.676 A  HamsterAges[31527:16220] (Security) SecKeyCopyPublicBytes
2026-10-05 06:39:44.676 Df HamsterAges[31527:16220] [com.apple.xpc:connection] [0x104f6eca0] invalidated because the current process cancelled the connection by calling xpc_connection_cancel()
2026-10-05 06:39:44.676 Df HamsterAges[31527:16220] [com.apple.CFNetwork:Default] Connection 1: connected successfully
2026-10-05 06:39:44.676 Df HamsterAges[31527:16220] [com.apple.CFNetwork:Default] Connection 1: TLS handshake complete
2026-10-05 06:39:44.676 Df HamsterAges[31527:16220] [com.apple.CFNetwork:Default] Connection 1: ready C(N) E(N)
2026-10-05 06:39:44.676 Df HamsterAges[31527:16220] [com.apple.network:connection] [C1] event: client:connection_reused @0.226s
2026-10-05 06:39:44.676 Df HamsterAges[31527:16220] [com.apple.network:connection] nw_protocol_socket_notify [C1.1.1.1:3] nw_protocol_notification_type_connection_idle is false
2026-10-05 06:39:44.676 E  HamsterAges[31527:16220] [com.apple.network:connection] nw_socket_set_connection_idle [C1.1.1.1:3] setsockopt SO_CONNECTION_IDLE failed [42: Protocol not available]
2026-10-05 06:39:44.679 Df HamsterAges[31527:16220] [com.apple.CFNetwork:Default] Task <C7CAEA4C-3B72-413E-BDEA-F12F4FC6EB71>.<1> now using Connection 1
2026-10-05 06:39:44.679 Df HamsterAges[31527:16220] [com.apple.CFNetwork:Default] Task <C7CAEA4C-3B72-413E-BDEA-F12F4FC6EB71>.<1> sent request, body N 0
2026-10-05 06:39:44.681 Df HamsterAges[31527:16220] [com.apple.CFNetwork:Default] Task <C7CAEA4C-3B72-413E-BDEA-F12F4FC6EB71>.<1> received response, status 200 content K
2026-10-05 06:39:44.681 Df HamsterAges[31527:16220] [com.apple.CFNetwork:Default] Task <C7CAEA4C-3B72-413E-BDEA-F12F4FC6EB71>.<1> done using Connection 1
2026-10-05 06:39:44.681 Df HamsterAges[31527:16220] [com.apple.network:connection] [C1] event: client:connection_idle @0.231s
2026-10-05 06:39:44.681 Df HamsterAges[31527:16220] [com.apple.network:connection] nw_protocol_socket_notify [C1.1.1.1:3] nw_protocol_notification_type_connection_idle is true
2026-10-05 06:39:44.681 E  HamsterAges[31527:16220] [com.apple.network:connection] nw_socket_set_connection_idle [C1.1.1.1:3] setsockopt SO_CONNECTION_IDLE failed [42: Protocol not available]
2026-10-05 06:39:44.682 Df HamsterAges[31527:16220] [com.apple.CFNetwork:Default] Task <C7CAEA4C-3B72-413E-BDEA-F12F4FC6EB71>.<1> response ended
2026-10-05 06:39:44.684 Df HamsterAges[31527:16220] [com.apple.CFNetwork:Summary] Task <C7CAEA4C-3B72-413E-BDEA-F12F4FC6EB71>.<1> summary for task success {transaction_duration_ms=247, response_status=200, connection=1, protocol="h2", domain_lookup_duration_ms=3, connect_duration_ms=213, secure_connection_duration_ms=209, private_relay=false, request_start_ms=242, request_duration_ms=0, response_start_ms=244, response_duration_ms=0, request_bytes=141, request_throughput_kbps=5755, response_bytes=737, response_throughput_kbps=18720, cache_hit=false}
2026-10-05 06:39:44.685 Df HamsterAges[31527:16220] [com.apple.CoreAnalytics:client] No XPC connection in Simulator
2026-10-05 06:39:44.685 Df HamsterAges[31527:16220] [com.apple.CFNetwork:Default] Task <C7CAEA4C-3B72-413E-BDEA-F12F4FC6EB71>.<1> finished successfully
2026-10-05 06:39:45.211 Df HamsterAges[31527:1620e] [com.apple.coreaudio:as_client] AVAudioSessionImpl_Simulator.mm:111   Set volume on device 85 to 0.60
2026-10-05 06:39:45.212 Df HamsterAges[31527:1620e] [com.apple.coreaudio:as_client] AVAudioSessionImpl_Simulator.mm:111   Set volume on device 85 to 0.60
2026-10-05 06:39:45.212 Df HamsterAges[31527:1620e] [com.apple.coreaudio:ddagg]        AggregateDevice.mm:1008  PrimarySessionActiveWithInputEnabled 0 -> 0
2026-10-05 06:39:45.212 Df HamsterAges[31527:1620e] [com.apple.avfaudio:avae]          AVAudioEngine.mm:1182  Engine@0x60000000bee0: start, was running 0
2026-10-05 06:39:45.212 Df HamsterAges[31527:1620e] [com.apple.coreaudio:aurioc]            AURemoteIO.cpp:1130  AURemoteIO@0x1078d8840: set kAudioOutputUnitProperty_OutputChannelLayout.  Layout = tag=0x650002, err = 0
2026-10-05 06:39:45.213 Df HamsterAges[31527:16220] [com.apple.coreaudio:aqme]              AQIONode.cpp:693   client <RemoteIOClient@0x1059c3c00(@0x1059c3e18); output; [31527]> is NOT Now Playing eligible
2026-10-05 06:39:45.213 Df HamsterAges[31527:16220] [com.apple.coreaudio:aurios]        RemoteIOServer.cpp:1872  rio@0x1059c3e18 spatialization disabled.  layout = tag=0x650002, format =  2 ch,  44100 Hz, Float32, deinterleaved
2026-10-05 06:39:45.213 Df HamsterAges[31527:16220] [com.apple.coreaudio:aqme]          RemoteIOServer.h:101   rio@0x1059c3c00 Got output layout from io node or spatialized client: tag=0x0, 2 channel descriptions [L, R]
2026-10-05 06:39:45.213 Df HamsterAges[31527:16220] [com.apple.coreaudio:aurios]        RemoteIOServer.cpp:1581  SetLoudnessFromLM(): ->
2026-10-05 06:39:45.213 Df HamsterAges[31527:16220] [com.apple.coreaudio:aurios]        RemoteIOServer.cpp:1620  SetLoudnessFromLM(): is CoreAudioServices/LoudnessManager enabled? yes
2026-10-05 06:39:45.213 Df HamsterAges[31527:16220] [com.apple.coreaudio:aurios]        RemoteIOServer.cpp:1623  SetLoudnessFromLM(): is CoreAudioServices/LoudnessManagerV2 enabled? yes
2026-10-05 06:39:45.213 Df HamsterAges[31527:16220] [com.apple.coreaudio:aurios]        RemoteIOServer.cpp:1626  SetLoudnessFromLM(): is CoreAudioServices/lm-disable-hardware-check on? no
2026-10-05 06:39:45.213 Df HamsterAges[31527:16220] [com.apple.coreaudio:aurios]        RemoteIOServer.cpp:1629  SetLoudnessFromLM(): is hardware supported? no
2026-10-05 06:39:45.213 Df HamsterAges[31527:16220] [com.apple.coreaudio:aurios]        RemoteIOServer.cpp:1641  SetLoudnessFromLM(): hardware not supported, Loudness Manager disabled
2026-10-05 06:39:45.213 Df HamsterAges[31527:1620e] [com.apple.coreaudio:AudioConverter]        AudioConverter.cpp:1067  Created a new in process converter -> 0x600000c6e5e0, from  2 ch,  44100 Hz, Float32, deinterleaved to  2 ch,  48000 Hz, Float32, deinterleaved
2026-10-05 06:39:45.213 Df HamsterAges[31527:1620e] [com.apple.coreaudio:AudioConverter]        AudioConverter.cpp:1317  AudioConverter -> 0x600000c6e5e0: The in-process GetProperty call returned 1886547824 for property 1936876385 with size 4.
2026-10-05 06:39:45.213 Df HamsterAges[31527:1620e] [com.apple.coreaudio:aurioc]            AURemoteIO.cpp:1741  Stopping AURemoteIO(0x1078d8840)
2026-10-05 06:39:45.213 Df HamsterAges[31527:1620e] [com.apple.coreaudio:aurioc]            AURemoteIO.cpp:1130  AURemoteIO@0x1078d8840: set kAudioOutputUnitProperty_OutputChannelLayout.  Layout = tag=0x650002, err = 0
2026-10-05 06:39:45.213 Df HamsterAges[31527:16220] [com.apple.coreaudio:aqme]              AQIONode.cpp:693   client <RemoteIOClient@0x1059c3c00(@0x1059c3e18); output; [31527]> is NOT Now Playing eligible
2026-10-05 06:39:45.213 Df HamsterAges[31527:16220] [com.apple.coreaudio:aurios]        RemoteIOServer.cpp:1872  rio@0x1059c3e18 spatialization disabled.  layout = tag=0x650002, format =  2 ch,  48000 Hz, Float32, deinterleaved
2026-10-05 06:39:45.213 Df HamsterAges[31527:16220] [com.apple.coreaudio:aqme]          RemoteIOServer.h:101   rio@0x1059c3c00 Got output layout from io node or spatialized client: tag=0x0, 2 channel descriptions [L, R]
2026-10-05 06:39:45.213 Df HamsterAges[31527:16220] [com.apple.coreaudio:aurios]        RemoteIOServer.cpp:1581  SetLoudnessFromLM(): ->
2026-10-05 06:39:45.214 Df HamsterAges[31527:16220] [com.apple.coreaudio:aurios]        RemoteIOServer.cpp:1620  SetLoudnessFromLM(): is CoreAudioServices/LoudnessManager enabled? yes
2026-10-05 06:39:45.214 Df HamsterAges[31527:16220] [com.apple.coreaudio:aurios]        RemoteIOServer.cpp:1623  SetLoudnessFromLM(): is CoreAudioServices/LoudnessManagerV2 enabled? yes
2026-10-05 06:39:45.214 Df HamsterAges[31527:16220] [com.apple.coreaudio:aurios]        RemoteIOServer.cpp:1626  SetLoudnessFromLM(): is CoreAudioServices/lm-disable-hardware-check on? no
2026-10-05 06:39:45.214 Df HamsterAges[31527:16220] [com.apple.coreaudio:aurios]        RemoteIOServer.cpp:1629  SetLoudnessFromLM(): is hardware supported? no
2026-10-05 06:39:45.214 Df HamsterAges[31527:16220] [com.apple.coreaudio:aurios]        RemoteIOServer.cpp:1641  SetLoudnessFromLM(): hardware not supported, Loudness Manager disabled
2026-10-05 06:39:45.214 Df HamsterAges[31527:1620e] [com.apple.coreaudio:aurioc]            AURemoteIO.cpp:1741  Stopping AURemoteIO(0x1078d8840)
2026-10-05 06:39:45.214 Df HamsterAges[31527:1620e] [com.apple.coreaudio:aurioc]            AURemoteIO.cpp:1130  AURemoteIO@0x1078d8840: set kAudioOutputUnitProperty_OutputChannelLayout.  Layout = tag=0x650002, err = 0
2026-10-05 06:39:45.214 Df HamsterAges[31527:16220] [com.apple.coreaudio:aqme]              AQIONode.cpp:693   client <RemoteIOClient@0x1059c3c00(@0x1059c3e18); output; [31527]> is NOT Now Playing eligible
2026-10-05 06:39:45.214 Df HamsterAges[31527:16220] [com.apple.coreaudio:aurios]        RemoteIOServer.cpp:1872  rio@0x1059c3e18 spatialization disabled.  layout = tag=0x650002, format =  2 ch,  48000 Hz, Float32, deinterleaved
2026-10-05 06:39:45.214 Df HamsterAges[31527:16220] [com.apple.coreaudio:aqme]          RemoteIOServer.h:101   rio@0x1059c3c00 Got output layout from io node or spatialized client: tag=0x0, 2 channel descriptions [L, R]
2026-10-05 06:39:45.214 Df HamsterAges[31527:16220] [com.apple.coreaudio:aurios]        RemoteIOServer.cpp:1581  SetLoudnessFromLM(): ->
2026-10-05 06:39:45.214 Df HamsterAges[31527:16220] [com.apple.coreaudio:aurios]        RemoteIOServer.cpp:1620  SetLoudnessFromLM(): is CoreAudioServices/LoudnessManager enabled? yes
2026-10-05 06:39:45.214 Df HamsterAges[31527:16220] [com.apple.coreaudio:aurios]        RemoteIOServer.cpp:1623  SetLoudnessFromLM(): is CoreAudioServices/LoudnessManagerV2 enabled? yes
2026-10-05 06:39:45.214 Df HamsterAges[31527:16220] [com.apple.coreaudio:aurios]        RemoteIOServer.cpp:1626  SetLoudnessFromLM(): is CoreAudioServices/lm-disable-hardware-check on? no
2026-10-05 06:39:45.214 Df HamsterAges[31527:16220] [com.apple.coreaudio:aurios]        RemoteIOServer.cpp:1629  SetLoudnessFromLM(): is hardware supported? no
2026-10-05 06:39:45.214 Df HamsterAges[31527:16220] [com.apple.coreaudio:aurios]        RemoteIOServer.cpp:1641  SetLoudnessFromLM(): hardware not supported, Loudness Manager disabled
2026-10-05 06:39:45.214 Df HamsterAges[31527:1620e] [com.apple.coreaudio:aurioc]            AURemoteIO.cpp:1666  Starting AURemoteIO(0x1078d8840)
output client:  2 ch,  48000 Hz, Float32, deinterleaved, output HW:  2 ch,  48000 Hz, Float32, deinterleaved
input client:   2 ch,      0 Hz, Float32, deinterleaved, input HW:   2 ch,      0 Hz, Float32, deinterleaved
2026-10-05 06:39:45.214 Df HamsterAges[31527:16220] [com.apple.coreaudio:aqme]            AQMEIO_HAL.cpp:1079  fetched workgroup 0x600001762d40
2026-10-05 06:39:45.214 Df HamsterAges[31527:16220] [com.apple.coreaudio:auext]        AUOOPWorkgroups.mm:30    AUOOPWorkgroupManager: AddRemoteIOWorkgroup called with token 129134593.
2026-10-05 06:39:45.215 Df HamsterAges[31527:16220] [com.apple.coreaudio:auext]        AUOOPWorkgroups.mm:66    AUOOPWorkgroupManager: mutating workgroups.
2026-10-05 06:39:45.215 Df HamsterAges[31527:1620e] [com.apple.coreaudio:aurioc]            AURemoteIO.cpp:1727  workgroup port 0x10607
2026-10-05 06:39:45.215 Df HamsterAges[31527:16245] [com.apple.coreaudio:auext]        AUOOPWorkgroups.mm:30    AUOOPWorkgroupManager: AddRemoteIOWorkgroup called with token 129134592.
2026-10-05 06:39:45.215 Df HamsterAges[31527:16245] [com.apple.coreaudio:auext]        AUOOPWorkgroups.mm:66    AUOOPWorkgroupManager: mutating workgroups.
2026-10-05 06:39:45.215 Df HamsterAges[31527:16220] [com.apple.coreaudio:aqme]              AQIONode.cpp:693   client <RemoteIOClient@0x1059c3c00(@0x1059c3e18); output; [31527]> is NOT Now Playing eligible
2026-10-05 06:39:45.215 Df HamsterAges[31527:16220] [com.apple.coreaudio:aqme]  MEDeviceStreamClient.cpp:245   AQME Default-InputOutput: client starting: <RemoteIOClient@0x1059c3c00(@0x1059c3e18); output; [31527]>; running count now 2
2026-10-05 06:39:45.279 E  HamsterAges[31527:1620e] [com.apple.UIKit:UIFocus] _TtC18_SpriteKit_SwiftUIP33_4A29C38A751B2448A1E2FA85CDDEAA5324SpriteKitViewCoordinator implements focusItemsInRect: - caching for linear focus movement is limited as long as this view is on screen.
2026-10-05 06:39:45.296 Df HamsterAges[31527:1620e] [com.apple.xpc:connection] [0x104e30bf0] activating connection: mach=true listener=false peer=false name=com.apple.metal.simulator
2026-10-05 06:39:45.297 Df HamsterAges[31527:1620e] [com.apple.xpc:connection] [0x104f6d860] activating connection: mach=true listener=false peer=false name=com.apple.metal.simulator
2026-10-05 06:39:45.297 Df HamsterAges[31527:1620e] [com.apple.xpc:connection] [0x104f6d990] activating connection: mach=true listener=false peer=false name=com.apple.metal.simulator
2026-10-05 06:39:46.072 Df HamsterAges[31527:1620e] [com.apple.FrontBoard:SceneClient] [(FBSceneManager):sceneID:com.valkhim.hamsterages-095DB6B8-1B98-4E9F-9CFC-930C775EC66A] Sending action(s): BLSInvalidateFrameSpecifiersAction
2026-10-05 06:39:46.123 Df HamsterAges[31527:1620e] [com.apple.xpc:connection] [0x104e43490] activating connection: mach=true listener=false peer=false name=com.apple.IOSurface.Remote
2026-10-05 06:39:46.236 Df HamsterAges[31527:1620e] [com.apple.network:activity] Create activity from XPC object <nw_activity 50:1 [82AFEEB5-B845-4D2D-A9AE-026841F56D22] (reporting strategy default)>
2026-10-05 06:39:46.236 Df HamsterAges[31527:1620e] [com.apple.network:activity] Create activity from XPC object <nw_activity 50:2 [A18CA981-E571-42BC-904A-86972D2F4693] (reporting strategy default)>
2026-10-05 06:39:46.236 Df HamsterAges[31527:1620e] [com.apple.network:activity] Set activity <nw_activity 50:1 [82AFEEB5-B845-4D2D-A9AE-026841F56D22] (reporting strategy default)> as the global parent
2026-10-05 06:39:46.236 Df HamsterAges[31527:1620e] [com.apple.UIKit:UpdateScheduler] Target list changed: <CADisplay:LCD PurpleMain>
2026-10-05 06:39:46.237 Df HamsterAges[31527:1620e] [com.apple.UIKit:AppLifecycle] sceneOfRecord: sceneID: sceneID:com.valkhim.hamsterages-095DB6B8-1B98-4E9F-9CFC-930C775EC66A  persistentID: 095DB6B8-1B98-4E9F-9CFC-930C775EC66A
2026-10-05 06:39:46.237 Df HamsterAges[31527:1620e] [com.apple.UIKit:InterfaceStyle] Should not send trait collection or coordinate space update, interface style 2 -> 2, <UIWindowScene: 0x104f13d50> (095DB6B8-1B98-4E9F-9CFC-930C775EC66A)
2026-10-05 06:39:46.238 Df HamsterAges[31527:1621d] [com.apple.network:] -[NWConcrete_nw_resolver initWithEndpoint:parameters:path:log_str:] [R1] created for Hostname#f32a2d78:0 using: generic, attribution: developer
2026-10-05 06:39:46.239 Df HamsterAges[31527:1621d] [com.apple.network:path] nw_path_evaluator_start [F725F42A-2F4D-48AC-B206-8E7565F596AA Hostname#f32a2d78:0 generic, attribution: developer]
	path: satisfied (Path is satisfied), interface: en0
2026-10-05 06:39:46.239 Df HamsterAges[31527:16221] [com.apple.network:] nw_resolver_set_update_handler_block_invoke [R1] started
2026-10-05 06:39:46.244 Df HamsterAges[31527:1621d] [com.apple.xpc:connection] [0x105117760] activating connection: mach=true listener=false peer=false name=com.apple.commcenter.coretelephony.xpc
2026-10-05 06:39:46.244 A  HamsterAges[31527:1621c] (RunningBoardServices) didChangeInheritances
2026-10-05 06:39:46.244 Df HamsterAges[31527:1621d] [com.apple.xpc:connection] [0x105117760] failed to do a bootstrap look-up: xpc_error=[3: No such process]
2026-10-05 06:39:46.244 Df HamsterAges[31527:1620e] [com.apple.UIKit:EventDeferring] [0x60000290a6f0] Scene target of event deferring environments did update: scene: 0x104f13d50; current systemShellManagesKeyboardFocus: 1; systemShellManagesKeyboardFocusForScene: 1; eligibleForRecordRemoval: 1;
2026-10-05 06:39:46.244 Df HamsterAges[31527:1621d] [com.apple.xpc:connection] [0x105117760] invalidated after a failed init
2026-10-05 06:39:46.245 Df HamsterAges[31527:1620e] [com.apple.UIKit:KeyWindow] Scene became target of keyboard event deferring environment: UIWindowScene: 0x104f13d50; scene identity: com.apple.frontboard.systemappservices/FBSceneManager:sceneID%3Acom.valkhim.hamsterages-095DB6B8-1B98-4E9F-9CFC-930C775EC66A
2026-10-05 06:39:46.245 Sd HamsterAges[31527:0] (79E72B83-2384-3A91-8EE7-4315E85E9A91) IOHIDManager State
{
    DispatchQueue = 0;
    RunLoop = 1;
    createOptions = 0;
    isOpen = 0;
    openOptions = 0;
}
2026-10-05 06:39:46.245 Df HamsterAges[31527:1621c] [com.apple.CoreTelephony:Client] Connection has been invalidated
2026-10-05 06:39:46.246 Df HamsterAges[31527:1620e] [com.apple.Accessibility:AXCommon] Read Per-App on Init: Smart invert = (null)
2026-10-05 06:39:46.246 A  HamsterAges[31527:1621c] (StoreKit) StoreKit/Products_SK2
2026-10-05 06:39:46.247 Df HamsterAges[31527:1621d] [com.apple.xpc:connection] [0x104fa6810] activating connection: mach=true listener=false peer=false name=com.apple.commcenter.coretelephony.xpc
2026-10-05 06:39:46.248 A  HamsterAges[31527:1621b] (RunningBoardServices) didChangeInheritances
2026-10-05 06:39:46.249 Df HamsterAges[31527:1621c] [com.apple.xpc:connection] [0x104e358b0] activating connection: mach=true listener=false peer=false name=com.apple.storekitd
2026-10-05 06:39:46.249 Df HamsterAges[31527:1621d] [com.apple.xpc:connection] [0x104fa6810] failed to do a bootstrap look-up: xpc_error=[3: No such process]
2026-10-05 06:39:46.249 Df HamsterAges[31527:1620e] [com.apple.UIKit:AppLifecycle] sceneOfRecord: sceneID: sceneID:com.valkhim.hamsterages-095DB6B8-1B98-4E9F-9CFC-930C775EC66A  persistentID: 095DB6B8-1B98-4E9F-9CFC-930C775EC66A
2026-10-05 06:39:46.250 Df HamsterAges[31527:1620e] [com.apple.UIKit:InterfaceStyle] Not push traits update to screen for new style 1, <UIWindowScene: 0x104f13d50> (095DB6B8-1B98-4E9F-9CFC-930C775EC66A)
2026-10-05 06:39:46.250 Df HamsterAges[31527:1620e] [com.apple.FrontBoard:SceneExtension] Realizing settings extension SBUISecureRenderingSettingsExtension on FBSSceneSettings
2026-10-05 06:39:46.250 Df HamsterAges[31527:1621d] [com.apple.xpc:connection] [0x104fa6810] invalidated after a failed init
2026-10-05 06:39:46.251 Df HamsterAges[31527:1620e] [com.apple.UIKit:InterfaceStyle] Not push traits update to screen for new style 1, <UIWindowScene: 0x104f13d50> (095DB6B8-1B98-4E9F-9CFC-930C775EC66A)
2026-10-05 06:39:46.251 Df HamsterAges[31527:1620e] [com.apple.UIKit:InterfaceStyle] Not push traits update to screen for new style 1, <UIWindowScene: 0x104f13d50> (095DB6B8-1B98-4E9F-9CFC-930C775EC66A)
2026-10-05 06:39:46.252 Df HamsterAges[31527:1620e] [com.apple.UIKit:AppLifecycle] sceneOfRecord: sceneID: sceneID:com.valkhim.hamsterages-095DB6B8-1B98-4E9F-9CFC-930C775EC66A  persistentID: 095DB6B8-1B98-4E9F-9CFC-930C775EC66A
2026-10-05 06:39:46.252 Df HamsterAges[31527:1620e] [com.apple.UIKit:Application] Deactivation reason removed: 12; deactivation reasons: 4128 -> 32; animating application lifecycle event: 1
2026-10-05 06:39:46.252 Df HamsterAges[31527:1620e] [com.apple.KeyboardArbiter:Client] Send setDeactivating: N (-DeactivationReason:SuspendedEventsOnly)
2026-10-05 06:39:46.253 Df HamsterAges[31527:1620e] [com.apple.UIKit:Application] Deactivation reason removed: 5; deactivation reasons: 32 -> 0; animating application lifecycle event: 0
2026-10-05 06:39:46.253 Df HamsterAges[31527:1620e] [com.apple.KeyboardArbiter:Client] startConnection
2026-10-05 06:39:46.254 Df HamsterAges[31527:1620e] [com.apple.xpc:connection] [0x105114940] activating connection: mach=true listener=false peer=false name=com.apple.UIKit.KeyboardManagement.hosted
2026-10-05 06:39:46.256 Df HamsterAges[31527:1620e] [com.apple.KeyboardArbiter:Client] handleKeyboardChange: set currentKeyboard:N (wasKeyboard:N)
2026-10-05 06:39:46.258 Df HamsterAges[31527:1620e] [com.apple.UIKit:KeyboardArbiterClientLog] isWritingToolsHandlingKeyboardTracking:Y (WT ready:Y, Arbiter ready:Y)
2026-10-05 06:39:46.258 Df HamsterAges[31527:1621d] [com.apple.CoreTelephony:Client] Sending selectors to server: (null)
2026-10-05 06:39:46.260 Df HamsterAges[31527:16222] [com.apple.CoreTelephony:Client] Connection has been invalidated
2026-10-05 06:39:46.260 E  HamsterAges[31527:16222] [com.apple.CoreTelephony:Client] Updating selectors failed with: Error Domain=NSCocoaErrorDomain Code=4099 "The connection to service named com.apple.commcenter.coretelephony.xpc was invalidated: Connection init failed at lookup with error 3 - No such process." UserInfo={NSDebugDescription=The connection to service named com.apple.commcenter.coretelephony.xpc was invalidated: Connection init failed at lookup with error 3 - No such process.}
2026-10-05 06:39:46.262 E  HamsterAges[31527:1621d] [com.apple.CoreTelephony:Client] Synchronous remote object proxy returned error: Error Domain=NSCocoaErrorDomain Code=4099 "The connection to service named com.apple.commcenter.coretelephony.xpc was invalidated: Connection init failed at lookup with error 3 - No such process." UserInfo={NSDebugDescription=The connection to service named com.apple.commcenter.coretelephony.xpc was invalidated: Connection init failed at lookup with error 3 - No such process.}
2026-10-05 06:39:46.262 Df HamsterAges[31527:1621d] [com.apple.xpc:connection] [0x105117760] activating connection: mach=true listener=false peer=false name=com.apple.commcenter.coretelephony.xpc
2026-10-05 06:39:46.301 Df HamsterAges[31527:1621d] [com.apple.xpc:connection] [0x105117760] failed to do a bootstrap look-up: xpc_error=[3: No such process]
2026-10-05 06:39:46.301 Df HamsterAges[31527:1621d] [com.apple.xpc:connection] [0x105117760] invalidated after a failed init
2026-10-05 06:39:46.301 Df HamsterAges[31527:1621d] [com.apple.CoreTelephony:Client] Sending selectors to server: (null)
2026-10-05 06:39:46.301 Df HamsterAges[31527:1624f] [com.apple.CoreTelephony:Client] Connection has been invalidated
2026-10-05 06:39:46.301 E  HamsterAges[31527:1624f] [com.apple.CoreTelephony:Client] Updating selectors failed with: Error Domain=NSCocoaErrorDomain Code=4099 "The connection to service named com.apple.commcenter.coretelephony.xpc was invalidated: Connection init failed at lookup with error 3 - No such process." UserInfo={NSDebugDescription=The connection to service named com.apple.commcenter.coretelephony.xpc was invalidated: Connection init failed at lookup with error 3 - No such process.}
2026-10-05 06:39:46.301 E  HamsterAges[31527:1621d] [com.apple.CoreTelephony:Client] Synchronous remote object proxy returned error: Error Domain=NSCocoaErrorDomain Code=4099 "The connection to service named com.apple.commcenter.coretelephony.xpc was invalidated: Connection init failed at lookup with error 3 - No such process." UserInfo={NSDebugDescription=The connection to service named com.apple.commcenter.coretelephony.xpc was invalidated: Connection init failed at lookup with error 3 - No such process.}
2026-10-05 06:39:46.397 Df HamsterAges[31527:1621c] [com.apple.xpc:connection] [0x104e47130] activating connection: mach=true listener=false peer=false name=com.apple.commcenter.coretelephony.xpc
2026-10-05 06:39:46.399 Df HamsterAges[31527:1620e] (SpriteKit) SKView: no drawables available for rendering. Skipping this frame.
2026-10-05 06:39:46.406 Df HamsterAges[31527:1621d] [com.apple.xpc:connection] [0x104e358b0] invalidated because the current process cancelled the connection by calling xpc_connection_cancel()
2026-10-05 06:39:46.407 Df HamsterAges[31527:1621c] [com.apple.xpc:connection] [0x104e47130] failed to do a bootstrap look-up: xpc_error=[3: No such process]
2026-10-05 06:39:46.407 Df HamsterAges[31527:1621c] [com.apple.xpc:connection] [0x104e47130] invalidated after a failed init
2026-10-05 06:39:46.408 Df HamsterAges[31527:1621c] [com.apple.CoreTelephony:Client] Sending selectors to server: (
    "regDataModeChanged:dataMode:",
    "carrierBundleChange:",
    "currentDataServiceDescriptorChanged:"
)
2026-10-05 06:39:46.408 Df HamsterAges[31527:1621c] [com.apple.CoreTelephony:Client] Sending selectors to server: (
    "regDataModeChanged:dataMode:",
    "carrierBundleChange:",
    "currentDataServiceDescriptorChanged:"
)
2026-10-05 06:39:46.408 Df HamsterAges[31527:1621c] [com.apple.CoreTelephony:Client] Connection has been invalidated
2026-10-05 06:39:46.408 E  HamsterAges[31527:1621c] [com.apple.CoreTelephony:Client] Updating selectors failed with: Error Domain=NSCocoaErrorDomain Code=4099 "The connection to service named com.apple.commcenter.coretelephony.xpc was invalidated: Connection init failed at lookup with error 3 - No such process." UserInfo={NSDebugDescription=The connection to service named com.apple.commcenter.coretelephony.xpc was invalidated: Connection init failed at lookup with error 3 - No such process.}
2026-10-05 06:39:46.408 E  HamsterAges[31527:1621c] [com.apple.CoreTelephony:Client] Updating selectors after delegate addition failed with: Error Domain=NSCocoaErrorDomain Code=4099 "The connection to service named com.apple.commcenter.coretelephony.xpc was invalidated: Connection init failed at lookup with error 3 - No such process." UserInfo={NSDebugDescription=The connection to service named com.apple.commcenter.coretelephony.xpc was invalidated: Connection init failed at lookup with error 3 - No such process.}
2026-10-05 06:39:46.408 Df HamsterAges[31527:1624f] [com.apple.storekit:Default] AAFService connection invalidated
2026-10-05 06:39:46.422 A  HamsterAges[31527:16223] (RunningBoardServices) didChangeInheritances
2026-10-05 06:39:46.562 Df HamsterAges[31527:1620e] [com.apple.network:activity] <nw_activity 50:1 [82AFEEB5-B845-4D2D-A9AE-026841F56D22] (global parent) (reporting strategy default) complete (reason success)> complete with reason 2 (success), duration 4084ms
2026-10-05 06:39:46.562 Df HamsterAges[31527:1620e] [com.apple.network:activity] <nw_activity 50:2 [A18CA981-E571-42BC-904A-86972D2F4693] (reporting strategy default) complete (reason success)> complete with reason 2 (success), duration 4085ms
2026-10-05 06:39:46.562 Df HamsterAges[31527:1620e] [com.apple.network:activity] Unsetting the global parent activity <nw_activity 50:1 [82AFEEB5-B845-4D2D-A9AE-026841F56D22] (global parent) (reporting strategy default) complete (reason success)>
2026-10-05 06:39:46.562 Df HamsterAges[31527:1620e] [com.apple.network:activity] Unset the global parent activity
2026-10-05 06:39:51.484 Df HamsterAges[31527:1620e] (SpriteKit) SKView: no drawables available for rendering. Skipping this frame.
2026-10-05 06:39:56.565 Df HamsterAges[31527:1620e] (SpriteKit) SKView: no drawables available for rendering. Skipping this frame.
2026-10-05 06:40:01.665 Df HamsterAges[31527:1620e] (SpriteKit) SKView: no drawables available for rendering. Skipping this frame.
2026-10-05 06:40:06.099 Df HamsterAges[32191:16833] (libMobileGestalt.dylib) No persisted cache on this platform.
2026-10-05 06:40:06.100 Df HamsterAges[32191:16859] [com.apple.xpc:connection] [0x104906a60] activating connection: mach=true listener=false peer=false name=com.apple.cfprefsd.daemon
2026-10-05 06:40:06.100 Df HamsterAges[32191:1685b] [com.apple.BoardServices:XPCErrors] [C:1] Alloc com.apple.frontboard.systemappservices
2026-10-05 06:40:06.101 Df HamsterAges[32191:1685b] [com.apple.xpc:connection] [0x104705300] activating connection: mach=false listener=false peer=false name=(anonymous)
2026-10-05 06:40:06.105 A  HamsterAges[32191:1685a] (CoreFoundation) Loading Preferences From User Session CFPrefsD
2026-10-05 06:40:06.106 Df HamsterAges[32191:16859] [com.apple.UIKit:BackgroundTask] Creating new assertion because there is no existing background assertion.
2026-10-05 06:40:06.106 Df HamsterAges[32191:16859] [com.apple.UIKit:BackgroundTask] Creating new background assertion
2026-10-05 06:40:06.107 Df HamsterAges[32191:16859] [com.apple.UIKit:BackgroundTask] Created new background assertion <BKSProcessAssertion: 0x60000210adf0>
2026-10-05 06:40:06.107 Df HamsterAges[32191:16859] [com.apple.runningboard:connection] Initializing connection
2026-10-05 06:40:06.107 Df HamsterAges[32191:16859] [com.apple.runningboard:process] Removing all cached process handles
2026-10-05 06:40:06.107 Df HamsterAges[32191:1685f] [com.apple.runningboard:connection] Sending handshake request attempt #1 to server
2026-10-05 06:40:06.108 Df HamsterAges[32191:1685f] [com.apple.runningboard:connection] Creating connection to com.apple.runningboard
2026-10-05 06:40:06.109 Df HamsterAges[32191:1685f] [com.apple.xpc:connection] [0x104704970] activating connection: mach=true listener=false peer=false name=com.apple.runningboard
2026-10-05 06:40:06.120 A  HamsterAges[32191:1685c] (RunningBoardServices) didChangeInheritances
2026-10-05 06:40:06.120 Df HamsterAges[32191:16833] [com.apple.UIKit:Application] Deactivation reason added: 10; deactivation reasons: 0 -> 1024; animating application lifecycle event: 0
2026-10-05 06:40:06.121 Df HamsterAges[32191:1685f] [com.apple.runningboard:connection] Handshake succeeded
2026-10-05 06:40:06.121 Df HamsterAges[32191:1685f] [com.apple.runningboard:connection] Identity resolved as app<com.valkhim.hamsterages((null))>
2026-10-05 06:40:06.121 Df HamsterAges[32191:16833] [com.apple.BoardServices:Injection] activating monitor for service com.apple.frontboard.open
2026-10-05 06:40:06.122 Df HamsterAges[32191:16833] [com.apple.BoardServices:Injection] activating monitor for service com.apple.frontboard.workspace-service
2026-10-05 06:40:06.122 Df HamsterAges[32191:16859] [com.apple.UIKit:BackgroundTask] Incrementing reference count for background assertion <BKSProcessAssertion: 0x60000210adf0>
2026-10-05 06:40:06.123 Df HamsterAges[32191:16859] [com.apple.UIKit:BackgroundTask] Created background task <_UIBackgroundTaskInfo: 0x600001705a00>: taskID = 1, taskName = Launch Background Task for Coalescing, creationTime = 1199 (elapsed = 0).
2026-10-05 06:40:06.123 Df HamsterAges[32191:16859] [com.apple.FrontBoard:SceneExtension] Realizing settings extension _UIApplicationSceneKeyboardSettings on FBSSceneSettings
2026-10-05 06:40:06.123 Df HamsterAges[32191:16833] [com.apple.FrontBoard:Common] FBSWorkspace registering source: com.apple.frontboard.systemappservices
2026-10-05 06:40:06.130 Df HamsterAges[32191:16859] [com.apple.FrontBoard:SceneExtension] Realizing settings extension <_UISceneOcclusionSettings> on FBSSceneSettings
2026-10-05 06:40:06.130 Df HamsterAges[32191:16833] [com.apple.FrontBoard:Common] FBSWorkspace connected to endpoint : <BSServiceConnectionEndpoint: 0x6000002061a0; target: com.apple.frontboard.systemappservices; service: com.apple.frontboard.workspace-service>
2026-10-05 06:40:06.131 Df HamsterAges[32191:16833] [com.apple.FrontBoard:Common] <FBSWorkspaceScenesClient:0x600003004240 com.apple.frontboard.systemappservices> attempting immediate handshake from activate
2026-10-05 06:40:06.131 Df HamsterAges[32191:16833] [com.apple.FrontBoard:Common] <FBSWorkspaceScenesClient:0x600003004240 com.apple.frontboard.systemappservices> sent handshake
2026-10-05 06:40:06.131 Df HamsterAges[32191:16859] [com.apple.FrontBoard:SceneExtension] Realizing settings extension <_UISceneInterfaceProtectionSettings> on FBSSceneSettings
2026-10-05 06:40:06.131 Df HamsterAges[32191:16859] [com.apple.FrontBoard:SceneExtension] Realizing settings extension _UISceneLayoutPreferencesHostSettingsExtension on FBSSceneSettings
2026-10-05 06:40:06.131 Df HamsterAges[32191:16833] [com.apple.runningboard:general] Added observer for process assertions expiration warning: <_RBSExpirationWarningClient: 0x600000211200>
2026-10-05 06:40:06.131 Df HamsterAges[32191:16859] [com.apple.FrontBoard:SceneExtension] Realizing settings extension _UISceneSafeAreaSettingsExtension on FBSSceneSettings
2026-10-05 06:40:06.134 Df HamsterAges[32191:16859] [com.apple.FrontBoard:SceneExtension] Realizing settings extension _UISceneLayoutPreferenceClientSettingsExtension on FBSSceneClientSettings
2026-10-05 06:40:06.135 Df HamsterAges[32191:16859] [com.apple.FrontBoard:SceneExtension] Realizing settings extension <_UIHomeAffordanceHostSceneSettings> on FBSSceneSettings
2026-10-05 06:40:06.135 Df HamsterAges[32191:16859] [com.apple.FrontBoard:SceneExtension] Realizing settings extension _UISystemShellSceneHostingEnvironmentSettings on FBSSceneSettings
2026-10-05 06:40:06.136 Df HamsterAges[32191:16859] [com.apple.FrontBoard:SceneExtension] Realizing settings extension _UISceneRenderingEnvironmentSettings on FBSSceneSettings
2026-10-05 06:40:06.136 Df HamsterAges[32191:16859] [com.apple.FrontBoard:SceneExtension] Realizing settings extension <_UISceneRenderingEnvironmentClientSettings> on FBSSceneClientSettings
2026-10-05 06:40:06.136 Df HamsterAges[32191:16859] [com.apple.FrontBoard:SceneExtension] Realizing settings extension <_UISceneTransitioningHostSettings> on FBSSceneSettings
2026-10-05 06:40:06.136 Df HamsterAges[32191:16859] [com.apple.FrontBoard:SceneExtension] Realizing settings extension <_UISceneFocusSystemSettings> on FBSSceneSettings
2026-10-05 06:40:06.137 Df HamsterAges[32191:16859] [com.apple.FrontBoard:SceneExtension] Realizing settings extension _UISceneOrientationSettingsExtension on FBSSceneSettings
2026-10-05 06:40:06.137 Df HamsterAges[32191:16859] [com.apple.FrontBoard:SceneExtension] Realizing settings extension _UISceneOrientationClientSettingsExtension on FBSSceneClientSettings
2026-10-05 06:40:06.137 Df HamsterAges[32191:16859] [com.apple.FrontBoard:SceneExtension] Realizing settings extension _UISceneWindowingControlClientSettings on FBSSceneClientSettings
2026-10-05 06:40:06.137 Df HamsterAges[32191:16859] [com.apple.FrontBoard:SceneExtension] Realizing settings extension <_UISceneHostingContentSizePreferenceClientSettings> on FBSSceneClientSettings
2026-10-05 06:40:06.137 Df HamsterAges[32191:16859] [com.apple.FrontBoard:SceneExtension] Realizing settings extension _UISceneHostingTraitCollectionPropagationSettings on FBSSceneSettings
2026-10-05 06:40:06.137 Df HamsterAges[32191:16859] [com.apple.FrontBoard:SceneExtension] Realizing settings extension <_UISceneHostingSheetPresentationSettings> on FBSSceneSettings
2026-10-05 06:40:06.138 Df HamsterAges[32191:16859] [com.apple.FrontBoard:SceneExtension] Realizing settings extension <_UISceneHostingSheetPresentationClientSettings> on FBSSceneClientSettings
2026-10-05 06:40:06.139 Df HamsterAges[32191:16833] [com.apple.UIKit:UIScreen] Evaluated capturing state as 0 on <UIScreen: 0x1047073a0> for initial
2026-10-05 06:40:06.139 Df HamsterAges[32191:16859] [com.apple.FrontBoard:SceneExtension] Realizing settings extension <_UISceneHostingEventDeferringSettings> on FBSSceneSettings
2026-10-05 06:40:06.139 Df HamsterAges[32191:16833] [com.apple.UIKit:UIScreen] Evaluated capturing state as 0 on <UIScreen: 0x1047073a0> for CADisplay KVO
2026-10-05 06:40:06.140 Df HamsterAges[32191:16859] [com.apple.FrontBoard:SceneExtension] Realizing settings extension <UIKit__UITypedKeyValueSceneSettings> on FBSSceneSettings
2026-10-05 06:40:06.140 Df HamsterAges[32191:16859] [com.apple.FrontBoard:SceneExtension] Realizing settings extension <UIKit__UITypedKeyValueSceneSettings> on FBSSceneClientSettings
2026-10-05 06:40:06.141 Df HamsterAges[32191:16859] [com.apple.FrontBoard:SceneExtension] Realizing settings extension <_UISceneHostingViewControllerPreferencePropagationClientSettings> on FBSSceneClientSettings
2026-10-05 06:40:06.141 Df HamsterAges[32191:16859] [com.apple.FrontBoard:SceneExtension] Realizing settings extension <_UISceneZoomTransitionSettings> on FBSSceneSettings
2026-10-05 06:40:06.142 Df HamsterAges[32191:1685e] [com.apple.FrontBoard:SceneExtension] Realizing settings extension FBSSceneSettingsCore on FBSSceneSettings
2026-10-05 06:40:06.144 Df HamsterAges[32191:1685e] [com.apple.FrontBoard:SceneExtension] Realizing settings extension FBSSceneClientSettingsCore on FBSSceneClientSettings
2026-10-05 06:40:06.148 Df HamsterAges[32191:16833] [com.apple.Accessibility:AXSupportCommon] Read CategoryName: per-app = 1, category name = (null)
2026-10-05 06:40:06.149 Df HamsterAges[32191:16833] [com.apple.Accessibility:AXSupportCommon] Read CategoryName: per-app = 0, category name = (null)
2026-10-05 06:40:06.161 Df HamsterAges[32191:16833] [com.apple.dt.xctest:Default] Registering for test daemon availability notify post.
2026-10-05 06:40:06.162 Df HamsterAges[32191:16833] [com.apple.dt.xctest:Default] notify_get_state check indicated test daemon not ready.
2026-10-05 06:40:06.162 Df HamsterAges[32191:16833] [com.apple.dt.xctest:Default] notify_get_state check indicated test daemon not ready.
2026-10-05 06:40:06.162 Df HamsterAges[32191:16833] [com.apple.dt.xctest:Default] notify_get_state check indicated test daemon not ready.
2026-10-05 06:40:06.163 Df HamsterAges[32191:1685e] [com.apple.FrontBoard:SceneExtension] UIMutableApplicationSceneSettings setting counterpart class: UIApplicationSceneSettings
2026-10-05 06:40:06.163 Df HamsterAges[32191:1685e] [com.apple.FrontBoard:SceneExtension] UIMutableApplicationSceneClientSettings setting counterpart class: UIApplicationSceneClientSettings
2026-10-05 06:40:06.163 Df HamsterAges[32191:16833] [com.apple.UIKit:Application] Deactivation reason added: 11; deactivation reasons: 1024 -> 3072; animating application lifecycle event: 0
2026-10-05 06:40:06.163 Df HamsterAges[32191:1685e] [com.apple.FrontBoard:SceneExtension] Realizing settings extension FBSSceneTransitionContextCore on FBSSceneTransitionContext
2026-10-05 06:40:06.165 Df HamsterAges[32191:16833] [com.apple.UIKit:Application] Deactivation reason removed: 10; deactivation reasons: 3072 -> 2048; animating application lifecycle event: 0
2026-10-05 06:40:06.166 Df HamsterAges[32191:16833] [com.apple.UIKit:EventBus] Event Timing Profile for Touch: not found, path="/System/Library/EventTimingProfiles/Sim.Touch.plist"
2026-10-05 06:40:06.166 Df HamsterAges[32191:16833] [com.apple.UIKit:EventBus] Event Timing Profile for Pencil: not found, path="/System/Library/EventTimingProfiles/Sim.Pencil.plist"
2026-10-05 06:40:06.166 Df HamsterAges[32191:16833] [com.apple.UIKit:UpdateScheduler] Selected display: name=LCD (PurpleMain), id=1
2026-10-05 06:40:06.168 Df HamsterAges[32191:1685f] [com.apple.FileURL:default] kExcludedFromBackupXattrName set on path: /Users/runner/Library/Developer/CoreSimulator/Devices/291E4B86-C951-41A7-8327-84BF0304D0A9/data/Containers/Data/Application/B27423C8-BF3A-4B75-AE28-417D0A9821D7/Library/Application Support/GoogleMobileAds/Settings
2026-10-05 06:40:06.168 Df HamsterAges[32191:16833] [com.apple.xpc:connection] [0x104908770] activating connection: mach=true listener=false peer=false name=com.apple.lsd.mapdb
2026-10-05 06:40:06.169 Df HamsterAges[32191:1685f] [com.apple.FileURL:default] kExcludedFromBackupXattrName set on path: /Users/runner/Library/Developer/CoreSimulator/Devices/291E4B86-C951-41A7-8327-84BF0304D0A9/data/Containers/Data/Application/B27423C8-BF3A-4B75-AE28-417D0A9821D7/Library/Application Support/GoogleMobileAds/storage
2026-10-05 06:40:06.169 Df HamsterAges[32191:1685f] [com.apple.FileURL:default] kExcludedFromBackupXattrName set on path: /Users/runner/Library/Developer/CoreSimulator/Devices/291E4B86-C951-41A7-8327-84BF0304D0A9/data/Containers/Data/Application/B27423C8-BF3A-4B75-AE28-417D0A9821D7/Library/Application Support/GoogleMobileAds/AdapterSettings
2026-10-05 06:40:06.170 Df HamsterAges[32191:1685f] [com.apple.xpc:connection] [0x10490a710] activating connection: mach=true listener=false peer=false name=com.apple.lsd.advertisingidentifiers
2026-10-05 06:40:06.171 A  HamsterAges[32191:1685f] (libsystem_containermanager.dylib) container_system_group_path_for_identifier
2026-10-05 06:40:06.171 Df HamsterAges[32191:1685f] [com.apple.containermanager:xpc] Requesting container lookup; class = 13, identifier = (null), group_identifier = systemgroup.com.apple.configurationprofiles, create = 1, temp = 0, euid = 501, uid = 501
2026-10-05 06:40:06.172 A  HamsterAges[32191:1685f] (libsystem_containermanager.dylib) container_query_t
2026-10-05 06:40:06.172 Df HamsterAges[32191:1685f] [com.apple.containermanager:xpc] Query; euid = 501, uid = 501, class = 13, identifier = [(null)](0), flags = 900000003
2026-10-05 06:40:06.173 Df HamsterAges[32191:1685f] [com.apple.containermanager:unspecified] _container_query_get_result_at_index: success
2026-10-05 06:40:06.174 A  HamsterAges[32191:1685f] (libsystem_containermanager.dylib) container_copy_object
2026-10-05 06:40:06.174 Df HamsterAges[32191:1685f] [com.apple.containermanager:unspecified] container_system_group_path_for_identifier: success
2026-10-05 06:40:06.174 Df HamsterAges[32191:1685f] [com.apple.ManagedConfiguration:MC] Got system group container path from MCM for systemgroup.com.apple.configurationprofiles: /Users/runner/Library/Developer/CoreSimulator/Devices/291E4B86-C951-41A7-8327-84BF0304D0A9/data/Containers/Shared/SystemGroup/systemgroup.com.apple.configurationprofiles
2026-10-05 06:40:06.229 Df HamsterAges[32191:16833] [com.apple.BoardServices:XPCErrors] [C:2] Alloc com.apple.backboard.hid-services.xpc
2026-10-05 06:40:06.229 Df HamsterAges[32191:16833] [com.apple.xpc:connection] [0x10490eaa0] activating connection: mach=false listener=false peer=false name=(anonymous)
2026-10-05 06:40:06.230 Df HamsterAges[32191:1685e] [com.apple.BackBoard:EventDelivery] BKSHIDEventDeliveryManager - connection activation
2026-10-05 06:40:06.233 Df HamsterAges[32191:16833] [com.apple.UIKit:Application] Deactivation reason added: 5; deactivation reasons: 2048 -> 2080; animating application lifecycle event: 1
2026-10-05 06:40:06.234 Df HamsterAges[32191:16833] [com.apple.UIKit:InterfaceStyle] Should send trait collection or coordinate space update, interface style 1 -> 1, <UIWindowScene: 0x104707a40> (095DB6B8-1B98-4E9F-9CFC-930C775EC66A)
2026-10-05 06:40:06.235 Df HamsterAges[32191:16833] [com.apple.UIKit:InterfaceStyle] Not push traits update to screen for new style 1, <UIWindowScene: 0x104707a40> (095DB6B8-1B98-4E9F-9CFC-930C775EC66A)
2026-10-05 06:40:06.235 Df HamsterAges[32191:16833] [com.apple.UIKit:HomeAffordanceObservation] Initializing: <_UIHomeAffordanceSceneNotifier: 0x600002913aa0>; with scene: <UIWindowScene: 0x104707a40>
2026-10-05 06:40:06.235 Df HamsterAges[32191:16833] [com.apple.BacklightServices:scenes] 0x600000c204b0 setDelegate:<0x600000c20a80 _UIBacklightEnvironment> hasDelegate:YES for environment:sceneID:com.valkhim.hamsterages-095DB6B8-1B98-4E9F-9CFC-930C775EC66A
2026-10-05 06:40:06.236 Df HamsterAges[32191:16833] [com.apple.UIKit:InterfaceStyle] Not push traits update to screen for new style 1, <UIWindowScene: 0x104707a40> (095DB6B8-1B98-4E9F-9CFC-930C775EC66A)
2026-10-05 06:40:06.236 Df HamsterAges[32191:16833] [com.apple.UIKit:EventDeferring] [0x600002913b10] Initialized with scene: <UIWindowScene: 0x104707a40>; behavior: <_UIEventDeferringBehavior_iOS: 0x600000214a20>; availableForProcess: 1, systemShellManagesKeyboardFocus: 1
2026-10-05 06:40:06.237 Df HamsterAges[32191:1685e] [com.apple.BackBoard:EventDelivery] BKSHIDEventObserver - connection activation
2026-10-05 06:40:06.237 Df HamsterAges[32191:16833] [com.apple.BackBoard:EventDelivery] policyStatus:<BKSHIDEventDeliveryPolicyObserver: 0x60000260e8e0; process scope; status: target> was:none
2026-10-05 06:40:06.237 Df HamsterAges[32191:16833] [com.apple.UIKit:KeyWindow] Setting default evaluation strategy for UIUserInterfaceIdiomPhone to LastOneWins
2026-10-05 06:40:06.237 Df HamsterAges[32191:16833] [com.apple.UIKit:KeyWindow] Scene target of keyboard event deferring environment did change: 1; scene: UIWindowScene: 0x104707a40; scene identity: com.apple.frontboard.systemappservices/FBSceneManager:sceneID%3Acom.valkhim.hamsterages-095DB6B8-1B98-4E9F-9CFC-930C775EC66A
2026-10-05 06:40:06.237 Df HamsterAges[32191:16833] [com.apple.UIKit:EventDeferring] [0x600002913b10] Scene target of event deferring environments did update: scene: 0x104707a40; current systemShellManagesKeyboardFocus: 1; systemShellManagesKeyboardFocusForScene: 1; eligibleForRecordRemoval: 1;
2026-10-05 06:40:06.237 Df HamsterAges[32191:16833] [com.apple.UIKit:KeyWindow] Scene became target of keyboard event deferring environment: UIWindowScene: 0x104707a40; scene identity: com.apple.frontboard.systemappservices/FBSceneManager:sceneID%3Acom.valkhim.hamsterages-095DB6B8-1B98-4E9F-9CFC-930C775EC66A
2026-10-05 06:40:06.237 Df HamsterAges[32191:16833] [com.apple.UIKit:KeyWindow] Stack[KeyWindow] 0x600000c29ef0: Taking no further action for migration from LastOneWins -> SystemShellManaged as there are no scenes
2026-10-05 06:40:06.237 Df HamsterAges[32191:16833] [com.apple.UIKit:KeyWindow] Setting default evaluation strategy for UIUserInterfaceIdiomPhone to SystemShellManaged
2026-10-05 06:40:06.237 Df HamsterAges[32191:16833] [com.apple.UIKit:KeyWindow] Key window needs update: 0; currentKeyWindowScene: 0x0; evaluatedKeyWindowScene: 0x104707a40; currentApplicationKeyWindow: 0x0; evaluatedApplicationKeyWindow: 0x0; reason: UIWindowScene: 0x104707a40: Window scene became target of keyboard environment
2026-10-05 06:40:06.238 Df HamsterAges[32191:16833] [com.apple.UIKit:InterfaceStyle] Not push traits update to screen for new style 1, <UIWindowScene: 0x104707a40> (095DB6B8-1B98-4E9F-9CFC-930C775EC66A)
2026-10-05 06:40:06.238 Df HamsterAges[32191:16833] [com.apple.UIKit:InterfaceStyle] Not push traits update to screen for new style 1, <UIWindowScene: 0x104707a40> (095DB6B8-1B98-4E9F-9CFC-930C775EC66A)
2026-10-05 06:40:06.239 Df HamsterAges[32191:16833] [com.apple.UIKit:InterfaceStyle] Not push traits update to screen for new style 1, <UIWindowScene: 0x104707a40> (095DB6B8-1B98-4E9F-9CFC-930C775EC66A)
2026-10-05 06:40:06.321 Df HamsterAges[32191:16833] [com.apple.UIKit:Orientation] <UIWindowScene: 0x104707a40> (095DB6B8-1B98-4E9F-9CFC-930C775EC66A) Scene updated orientation preferences: none -> ( Ll Lr )
2026-10-05 06:40:06.329 Df HamsterAges[32191:16833] [com.apple.UIKit:KeyWindow] Key window API is scene-level: YES
2026-10-05 06:40:06.329 Df HamsterAges[32191:16833] [com.apple.UIKit:KeyWindow] UIWindowScene: 0x104707a40: Window became key in scene: UIWindow: 0x104a121a0; contextId: 0x55B45782: reason: UIWindowScene: 0x104707a40: Window requested to become key in scene: 0x104a121a0
2026-10-05 06:40:06.330 Df HamsterAges[32191:16833] [com.apple.UIKit:KeyWindow] Key window needs update: 1; currentKeyWindowScene: 0x0; evaluatedKeyWindowScene: 0x104707a40; currentApplicationKeyWindow: 0x0; evaluatedApplicationKeyWindow: 0x104a121a0; reason: UIWindowScene: 0x104707a40: Window requested to become key in scene: 0x104a121a0
2026-10-05 06:40:06.330 Df HamsterAges[32191:16833] [com.apple.UIKit:KeyWindow] Window did become application key: UIWindow: 0x104a121a0; contextId: 0x55B45782; scene identity: com.apple.frontboard.systemappservices/FBSceneManager:sceneID%3Acom.valkhim.hamsterages-095DB6B8-1B98-4E9F-9CFC-930C775EC66A
2026-10-05 06:40:06.330 Df HamsterAges[32191:16833] [com.apple.UIKit:EventDeferring] [0x600002913b10] Begin local event deferring requested for token: 0x600002602e20; environments: 1; reason: UIWindowScene: 0x104707a40: Begin event deferring in keyboardFocus for window: 0x104a121a0
2026-10-05 06:40:06.333 Df HamsterAges[32191:1685f] [com.apple.BackBoard:EventDelivery] policyStatus:<BKSHIDEventDeliveryPolicyObserver: 0x60000260e8e0; token: com.apple.frontboard.systemappservices/FBSceneManager:sceneID%3Acom.valkhim.hamsterages-095DB6B8-1B98-4E9F-9CFC-930C775EC66A; status: ancestor> was:target
2026-10-05 06:40:06.333 Df HamsterAges[32191:16833] [com.apple.UIKit:InterfaceStyle] Not push traits update to screen for new style 1, <UIWindowScene: 0x104707a40> (095DB6B8-1B98-4E9F-9CFC-930C775EC66A)
2026-10-05 06:40:06.335 Df HamsterAges[32191:16833] [com.apple.UIKit:AppLifecycle] sceneOfRecord: sceneID: sceneID:com.valkhim.hamsterages-095DB6B8-1B98-4E9F-9CFC-930C775EC66A  persistentID: 095DB6B8-1B98-4E9F-9CFC-930C775EC66A
2026-10-05 06:40:06.335 Df HamsterAges[32191:16833] [com.apple.UIKit:Application] Ignoring already applied deactivation reason: 5; deactivation reasons: 2080
2026-10-05 06:40:06.335 Df HamsterAges[32191:16833] [com.apple.UIKit:Application] Deactivation reason added: 12; deactivation reasons: 2080 -> 6176; animating application lifecycle event: 1
2026-10-05 06:40:06.335 Df HamsterAges[32191:16833] [com.apple.UIKit:Application] Deactivation reason removed: 11; deactivation reasons: 6176 -> 4128; animating application lifecycle event: 1
2026-10-05 06:40:06.335 Df HamsterAges[32191:16833] [com.apple.FrontBoard:SceneExtension] Realizing settings extension <_UISceneIntelligenceSupportSettings> on FBSSceneSettings
2026-10-05 06:40:06.336 Df HamsterAges[32191:1685f] [com.apple.UIIntelligenceSupport:xpc] establishing connection to agent
2026-10-05 06:40:06.336 Df HamsterAges[32191:16833] [com.apple.UIKit:InterfaceStyle] Not push traits update to screen for new style 1, <UIWindowScene: 0x104707a40> (095DB6B8-1B98-4E9F-9CFC-930C775EC66A)
2026-10-05 06:40:06.337 Df HamsterAges[32191:1685f] [com.apple.xpc:session] [0x600002116940] Session created.
2026-10-05 06:40:06.337 Df HamsterAges[32191:1685f] [com.apple.xpc:session] [0x600002116940] Session created from connection [0x104917b50]
2026-10-05 06:40:06.337 Df HamsterAges[32191:1685f] [com.apple.xpc:connection] [0x104917b50] activating connection: mach=true listener=false peer=false name=com.apple.uiintelligencesupport.agent
2026-10-05 06:40:06.337 Df HamsterAges[32191:16833] [com.apple.UIKit:BackgroundTask] Will add backgroundTask with taskName: Persistent SceneSession Map Update, expirationHandler: <__NSGlobalBlock__: 0x1e61729e0>
2026-10-05 06:40:06.337 Df HamsterAges[32191:16833] [com.apple.UIKit:BackgroundTask] Reusing background assertion <BKSProcessAssertion: 0x60000210adf0>
2026-10-05 06:40:06.337 Df HamsterAges[32191:16833] [com.apple.UIKit:BackgroundTask] Incrementing reference count for background assertion <BKSProcessAssertion: 0x60000210adf0>
2026-10-05 06:40:06.337 Df HamsterAges[32191:1685f] [com.apple.xpc:session] [0x600002116940] Session activated
2026-10-05 06:40:06.337 Df HamsterAges[32191:16833] [com.apple.UIKit:BackgroundTask] Created background task <_UIBackgroundTaskInfo: 0x60000171c180>: taskID = 2, taskName = Persistent SceneSession Map Update, creationTime = 1199 (elapsed = 0).
2026-10-05 06:40:06.340 A  HamsterAges[32191:16833] (CoreFoundation) Updating Key-Value Observers Of Preferences
2026-10-05 06:40:06.424 E  HamsterAges[32191:16833] [com.apple.kvs:Connection] Unable to find entitlement for KVS store
2026-10-05 06:40:06.425 F  HamsterAges[32191:16833] [com.apple.kvs:Connection] BUG IN CLIENT OF KVS: Trying to initialize NSUbiquitousKeyValueStore without a store identifier. Please specify your store identifier in the 'com.apple.developer.ubiquity-kvstore-identifier' entitlement.
2026-10-05 06:40:06.425 A  HamsterAges[32191:16833] (libsystem_trace.dylib) Activity for state dumps
2026-10-05 06:40:06.670 Df HamsterAges[32191:1685e] [com.apple.xpc:connection] [0x10470f270] activating connection: mach=true listener=false peer=false name=com.apple.fontservicesd
2026-10-05 06:40:06.822 Df HamsterAges[32191:16833] [com.apple.FrontBoard:SceneClient] [(FBSceneManager):sceneID:com.valkhim.hamsterages-095DB6B8-1B98-4E9F-9CFC-930C775EC66A] Sending action(s): BLSInvalidateFrameSpecifiersAction
2026-10-05 06:40:06.823 Df HamsterAges[32191:16833] [com.apple.UIKit:InterfaceStyle] Not push traits update to screen for new style 1, <UIWindowScene: 0x104707a40> (095DB6B8-1B98-4E9F-9CFC-930C775EC66A)
2026-10-05 06:40:06.823 Df HamsterAges[32191:16833] [com.apple.UIKit:_UIVisualStyleRegistry] Warning: no visual style classes have been registered at all.
2026-10-05 06:40:06.825 Df HamsterAges[32191:16833] [com.apple.network:] networkd_settings_read_from_file initialized networkd settings by reading plist directly
2026-10-05 06:40:06.825 Df HamsterAges[32191:16833] [com.apple.network:] networkd_settings_read_from_file initialized networkd settings by reading plist directly
2026-10-05 06:40:06.826 Df HamsterAges[32191:16833] [com.apple.CFNetwork:Default] Task <7C3530ED-448B-4BED-A898-7224AB08D294>.<1> resuming, timeouts(8.0, 604800.0) qos(0x21) voucher((null)) activity(00000000-0000-0000-0000-000000000000)
2026-10-05 06:40:06.826 A  HamsterAges[32191:16833] (CoreFoundation) Loading Preferences From User Session CFPrefsD
2026-10-05 06:40:06.829 Df HamsterAges[32191:16860] [com.apple.CFNetwork:Default] Initializing NSHTTPCookieStorage singleton
2026-10-05 06:40:06.829 Df HamsterAges[32191:16860] [com.apple.CFNetwork:Default] Initializing CFHTTPCookieStorage singleton
2026-10-05 06:40:06.829 Df HamsterAges[32191:16860] [com.apple.CFNetwork:Default] Creating default cookie storage with process/bundle identifier
2026-10-05 06:40:06.830 A  HamsterAges[32191:16860] (libsystem_containermanager.dylib) container_system_group_path_for_identifier
2026-10-05 06:40:06.830 Df HamsterAges[32191:16860] [com.apple.containermanager:xpc] Requesting container lookup; class = 13, identifier = com.apple.nsurlsessiond, group_identifier = systemgroup.com.apple.nsurlstoragedresources, create = 1, temp = 0, euid = 501, uid = 501
2026-10-05 06:40:06.830 A  HamsterAges[32191:16860] (libsystem_containermanager.dylib) container_query_t
2026-10-05 06:40:06.830 Df HamsterAges[32191:16860] [com.apple.containermanager:xpc] Query; euid = 501, uid = 501, class = 13, identifier = [com.apple.nsurlsessiond](1), flags = 900000003
2026-10-05 06:40:06.831 Df HamsterAges[32191:16860] [com.apple.containermanager:unspecified] _container_query_get_result_at_index: success
2026-10-05 06:40:06.831 A  HamsterAges[32191:16860] (libsystem_containermanager.dylib) container_copy_object
2026-10-05 06:40:06.831 Df HamsterAges[32191:16860] [com.apple.containermanager:unspecified] container_system_group_path_for_identifier: success
2026-10-05 06:40:06.832 Df HamsterAges[32191:16860] [com.apple.CFNetwork:Default] Initializing AlternativeServices Storage singleton
2026-10-05 06:40:06.832 Df HamsterAges[32191:16860] [com.apple.FileURL:default] kExcludedFromBackupXattrName set on path: /Users/runner/Library/Developer/CoreSimulator/Devices/291E4B86-C951-41A7-8327-84BF0304D0A9/data/Containers/Data/Application/B27423C8-BF3A-4B75-AE28-417D0A9821D7/Library/HTTPStorages/com.valkhim.hamsterages
2026-10-05 06:40:06.838 Df HamsterAges[32191:16860] [com.apple.CFNetwork:Default] Connection 0: creating secure tcp or quic connection
2026-10-05 06:40:06.845 Df HamsterAges[32191:16860] [com.apple.CFNetwork:Default] Connection 1: enabling TLS
2026-10-05 06:40:06.845 Df HamsterAges[32191:16860] [com.apple.CFNetwork:Default] Connection 1: starting, TC(0x0)
2026-10-05 06:40:06.845 Df HamsterAges[32191:16860] [com.apple.network:connection] [C1 35923649-5A31-4A0B-9F26-36371AF0D3FF Hostname#24dd2f4a:443 quic-connection, url: https://raw.githubusercontent.com/khimchuk00/hamster-ages/main/config/remote.json, definite, attribution: developer, context: com.apple.CFNetwork.NSURLSession.{EC33E714-3E16-4709-990E-BAF35B76EF0D}{(null)}{Y}{2}{0x0} (private), proc: 6A879243-69DF-3D44-BBA3-9BDFA1201B42, delegated upid: 0] start
2026-10-05 06:40:06.845 Df HamsterAges[32191:16860] [com.apple.network:connection] [C1 Hostname#24dd2f4a:443 initial parent-flow ((null))] event: path:start @0.000s
2026-10-05 06:40:06.846 Df HamsterAges[32191:16860] [com.apple.network:connection] [C1 Hostname#24dd2f4a:443 waiting parent-flow (satisfied (Path is satisfied), interface: en0)] event: path:satisfied @0.000s, uuid: D62F2DE9-4B87-434A-896A-DC60243257EB
2026-10-05 06:40:06.847 Df HamsterAges[32191:16860] [com.apple.network:connection] [C1 Hostname#24dd2f4a:443 in_progress parent-flow (satisfied (Path is satisfied), interface: en0)] event: flow:start_connect @0.001s
2026-10-05 06:40:06.847 Df HamsterAges[32191:16860] [com.apple.network:connection] nw_connection_report_state_with_handler_on_nw_queue [C1] reporting state preparing
2026-10-05 06:40:06.848 Df HamsterAges[32191:16860] [com.apple.network:connection] [C1 Hostname#24dd2f4a:443 in_progress parent-flow (satisfied (Path is satisfied), interface: en0)] event: flow:start_child @0.003s
2026-10-05 06:40:06.848 Df HamsterAges[32191:16860] [com.apple.network:connection] [C1.1 Hostname#24dd2f4a:443 initial path ((null))] event: path:start @0.003s
2026-10-05 06:40:06.848 Df HamsterAges[32191:16860] [com.apple.network:connection] [C1.1 Hostname#24dd2f4a:443 waiting path (satisfied (Path is satisfied), interface: en0)] event: path:satisfied @0.003s, uuid: D62F2DE9-4B87-434A-896A-DC60243257EB
2026-10-05 06:40:06.849 Df HamsterAges[32191:16860] [com.apple.network:connection] [C1.1 Hostname#24dd2f4a:443 in_progress transform (satisfied (Path is satisfied), interface: en0)] event: transform:start @0.003s
2026-10-05 06:40:06.849 Df HamsterAges[32191:16860] [com.apple.network:connection] [C1.1.1 Hostname#24dd2f4a:443 initial path ((null))] event: path:start @0.003s
2026-10-05 06:40:06.850 Df HamsterAges[32191:16860] [com.apple.network:connection] [C1.1.1 Hostname#24dd2f4a:443 waiting path (satisfied (Path is satisfied), interface: en0)] event: path:satisfied @0.004s, uuid: B9671E65-A6DF-4C6F-82AD-8B77DBDC6378
2026-10-05 06:40:06.852 Df HamsterAges[32191:1685e] [com.apple.UIKit:BackgroundTask] Ending background task with UIBackgroundTaskIdentifier: 2
2026-10-05 06:40:06.852 Df HamsterAges[32191:1685e] [com.apple.UIKit:BackgroundTask] Ending task with identifier 2 and description: <_UIBackgroundTaskInfo: 0x60000171c180>: taskID = 2, taskName = Persistent SceneSession Map Update, creationTime = 1199 (elapsed = 1), _expireHandler: <__NSGlobalBlock__: 0x1e61729e0>
2026-10-05 06:40:06.852 Df HamsterAges[32191:1685e] [com.apple.UIKit:BackgroundTask] Decrementing reference count for assertion <BKSProcessAssertion: 0x60000210adf0> (used by background task with identifier 2: <_UIBackgroundTaskInfo: 0x60000171c180>: taskID = 2, taskName = Persistent SceneSession Map Update, creationTime = 1199 (elapsed = 1))
2026-10-05 06:40:06.853 Df HamsterAges[32191:16860] [com.apple.network:connection] [C1.1.1 Hostname#24dd2f4a:443 in_progress resolver (satisfied (Path is satisfied), interface: en0)] event: resolver:start_dns @0.007s
2026-10-05 06:40:06.854 Df HamsterAges[32191:16860] [com.apple.CFNetwork:Default] Task <7C3530ED-448B-4BED-A898-7224AB08D294>.<1> setting up Connection 1
2026-10-05 06:40:06.855 Df HamsterAges[32191:16860] [com.apple.network:connection] nw_endpoint_resolver_update [C1.1.1 Hostname#24dd2f4a:443 in_progress resolver (satisfied (Path is satisfied), interface: en0)] Adding endpoint handler for IPv4#668367a8:443
2026-10-05 06:40:06.855 Df HamsterAges[32191:16860] [com.apple.network:connection] nw_endpoint_resolver_update [C1.1.1 Hostname#24dd2f4a:443 in_progress resolver (satisfied (Path is satisfied), interface: en0)] Adding endpoint handler for IPv4#b53ffd93:443
2026-10-05 06:40:06.855 Df HamsterAges[32191:16860] [com.apple.network:connection] nw_endpoint_resolver_update [C1.1.1 Hostname#24dd2f4a:443 in_progress resolver (satisfied (Path is satisfied), interface: en0)] Adding endpoint handler for IPv4#5bd4a296:443
2026-10-05 06:40:06.855 Df HamsterAges[32191:16860] [com.apple.network:connection] nw_endpoint_resolver_update [C1.1.1 Hostname#24dd2f4a:443 in_progress resolver (satisfied (Path is satisfied), interface: en0)] Adding endpoint handler for IPv4#36c59a41:443
2026-10-05 06:40:06.855 Df HamsterAges[32191:16860] [com.apple.network:connection] [C1.1.1 Hostname#24dd2f4a:443 in_progress resolver (satisfied (Path is satisfied), interface: en0)] event: resolver:receive_dns @0.009s
2026-10-05 06:40:06.855 Df HamsterAges[32191:16860] [com.apple.network:connection] [C1.1.1.1 IPv4#668367a8:443 initial path ((null))] event: path:start @0.009s
2026-10-05 06:40:06.855 Df HamsterAges[32191:16860] [com.apple.network:connection] [C1.1.1.1 IPv4#668367a8:443 waiting path (satisfied (Path is satisfied), interface: en0)] event: path:satisfied @0.010s, uuid: 691468E1-3095-4B17-BEB9-A014F24E974E
2026-10-05 06:40:06.857 Df HamsterAges[32191:16860] [com.apple.network:connection] [C1.1.1.1 IPv4#668367a8:443 in_progress socket-flow (satisfied (Path is satisfied), interface: en0)] event: flow:start_connect @0.011s
2026-10-05 06:40:06.859 Df HamsterAges[32191:1685c] [com.apple.network:connection] nw_socket_handle_socket_event [C1.1.1.1:3] Socket received CONNECTED event
2026-10-05 06:40:06.859 Df HamsterAges[32191:1685c] [com.apple.network:connection] nw_flow_connected [C1.1.1.1 IPv4#668367a8:443 in_progress socket-flow (satisfied (Path is satisfied), interface: en0)] Transport protocol connected (socket)
2026-10-05 06:40:06.859 Df HamsterAges[32191:1685c] [com.apple.network:connection] [C1.1.1.1 IPv4#668367a8:443 in_progress socket-flow (satisfied (Path is satisfied), interface: en0)] event: flow:finish_transport @0.014s
2026-10-05 06:40:06.860 Df HamsterAges[32191:1685c] [com.apple.network:boringssl] boringssl_session_apply_protocol_options_for_transport_block_invoke_2(2323) [C1.1.1.1:2][0x1047260d0] TLS configured [min_version(0x0303) max_version(0x0304) name(redacted) tickets(false) false_start(false) enforce_ev(false) enforce_ats(false) ats_non_pfs_ciphersuite_allowed(false) ech(false) pqtls(true), pake(false)]
2026-10-05 06:40:06.861 Df HamsterAges[32191:1685c] [com.apple.network:boringssl] boringssl_context_info_handler(2390) [C1.1.1.1:2][0x1047260d0] Client handshake started
2026-10-05 06:40:06.861 Df HamsterAges[32191:1685c] [com.apple.network:boringssl] boringssl_context_info_handler(2407) [C1.1.1.1:2][0x1047260d0] Client handshake state: TLS client enter_early_data
2026-10-05 06:40:06.861 Df HamsterAges[32191:1685c] [com.apple.network:boringssl] boringssl_context_info_handler(2407) [C1.1.1.1:2][0x1047260d0] Client handshake state: TLS client read_server_hello
2026-10-05 06:40:06.865 Df HamsterAges[32191:16860] [com.apple.network:boringssl] boringssl_context_info_handler(2407) [C1.1.1.1:2][0x1047260d0] Client handshake state: TLS 1.3 client read_hello_retry_request
2026-10-05 06:40:06.865 Df HamsterAges[32191:16860] [com.apple.network:boringssl] boringssl_context_info_handler(2407) [C1.1.1.1:2][0x1047260d0] Client handshake state: TLS 1.3 client read_server_hello
2026-10-05 06:40:06.865 Df HamsterAges[32191:16860] [com.apple.network:boringssl] boringssl_context_info_handler(2407) [C1.1.1.1:2][0x1047260d0] Client handshake state: TLS 1.3 client read_encrypted_extensions
2026-10-05 06:40:06.865 Df HamsterAges[32191:16860] [com.apple.network:boringssl] boringssl_context_info_handler(2407) [C1.1.1.1:2][0x1047260d0] Client handshake state: TLS 1.3 client read_certificate_request
2026-10-05 06:40:06.865 Df HamsterAges[32191:16860] [com.apple.network:boringssl] boringssl_context_info_handler(2407) [C1.1.1.1:2][0x1047260d0] Client handshake state: TLS 1.3 client read_server_certificate
2026-10-05 06:40:06.865 Df HamsterAges[32191:16860] [com.apple.network:boringssl] boringssl_context_info_handler(2407) [C1.1.1.1:2][0x1047260d0] Client handshake state: TLS 1.3 client read_server_certificate_verify
2026-10-05 06:40:06.865 Df HamsterAges[32191:16860] [com.apple.network:boringssl] boringssl_context_evaluate_trust_async(1833) [C1.1.1.1:2][0x1047260d0] Performing external trust evaluation
2026-10-05 06:40:06.865 A  HamsterAges[32191:16860] (Security) SecKeyCopyPublicBytes
2026-10-05 06:40:06.866 Df HamsterAges[32191:16860] [com.apple.network:boringssl] boringssl_context_evaluate_trust_async_external(1818) [C1.1.1.1:2][0x1047260d0] Asyncing for external verify block
2026-10-05 06:40:06.866 Df HamsterAges[32191:16860] [com.apple.CFNetwork:Default] Connection 1: asked to evaluate TLS Trust
2026-10-05 06:40:06.872 Df HamsterAges[32191:16860] [com.apple.CFNetwork:Default] Task <7C3530ED-448B-4BED-A898-7224AB08D294>.<1> auth completion disp=1 cred=0x0
2026-10-05 06:40:06.882 Df HamsterAges[32191:16860] [com.apple.securityd:trust] (Trust 0x600003505760) No pending evals, starting
2026-10-05 06:40:06.891 Df HamsterAges[32191:1685e] [com.apple.CFNetwork:Default] Garbage collection for alternative services
2026-10-05 06:40:06.899 A  HamsterAges[32191:16860] (Security) SecTrustEvaluateIfNecessaryFastAsync
2026-10-05 06:40:06.900 Df HamsterAges[32191:16860] [com.apple.securityd:keychain] System Keychain Always Supported set via feature flag to disabled
2026-10-05 06:40:06.914 Df HamsterAges[32191:16860] [com.apple.xpc:connection] [0x10499d1b0] activating connection: mach=true listener=false peer=false name=com.apple.trustd
2026-10-05 06:40:06.915 Df HamsterAges[32191:16833] [com.apple.extensionkit:NSExtension] Class EXGetExtensionClass(void) returning EXConcreteExtension
2026-10-05 06:40:06.915 Df HamsterAges[32191:16833] [com.apple.xpc:connection] [0x104a33b40] activating connection: mach=true listener=false peer=false name=com.apple.pluginkit.pkd
2026-10-05 06:40:06.915 A  HamsterAges[32191:16833] (PlugInKit) continuous-discovery
2026-10-05 06:40:06.915 Df HamsterAges[32191:16833] [com.apple.PlugInKit:discovery] <PKDiscoveryDriver:0x600002627420> created discovery driver
2026-10-05 06:40:06.915 Df HamsterAges[32191:16833] [com.apple.PlugInKit:discovery] [d 0BDDE2A3-8BA8-443F-895A-0CE88F5BB633] <PKHost:0x600001765480> Beginning discovery for flags: 0, point: com.apple.AudioUnit
2026-10-05 06:40:06.915 Df HamsterAges[32191:16860] [com.apple.xpc:connection] [0x104930d70] activating connection: mach=true listener=false peer=false name=com.apple.trustd
2026-10-05 06:40:06.916 Df HamsterAges[32191:16860] [com.apple.securityd:trust] (Trust 0x600003505760) Completed async eval kickoff
2026-10-05 06:40:06.918 Df HamsterAges[32191:1685c] [com.apple.PlugInKit:discovery] [d 0BDDE2A3-8BA8-443F-895A-0CE88F5BB633] <PKHost:0x600001765480> Completed discovery. Final # of matches: 0
2026-10-05 06:40:06.918 Df HamsterAges[32191:16860] [com.apple.PlugInKit:discovery] <PKDiscoveryDriver:0x600002627420> delivering update to host (0 plugins)
2026-10-05 06:40:06.918 A  HamsterAges[32191:16860] (ExtensionFoundation) discovering extensions
2026-10-05 06:40:06.918 Df HamsterAges[32191:16860] [com.apple.extensionkit:NSExtension] discovered extensions: attributes {
    NSExtensionPointName = "com.apple.AudioUnit";
}, extensionSet {(
)}
2026-10-05 06:40:06.918 Df HamsterAges[32191:16860] [com.apple.PlugInKit:discovery] <PKDiscoveryDriver:0x600002627420> installing watchers for continuous discovery
2026-10-05 06:40:06.918 A  HamsterAges[32191:16833] (PlugInKit) continuous-discovery
2026-10-05 06:40:06.918 Df HamsterAges[32191:16860] [com.apple.launchservices:appinstallation] registering for distributed notification com.apple.LaunchServices.pluginsregistered in this process
2026-10-05 06:40:06.918 Df HamsterAges[32191:16860] [com.apple.xpc:connection] [0x104a34150] activating connection: mach=true listener=false peer=false name=com.apple.distributed_notifications@1v3
2026-10-05 06:40:06.919 Df HamsterAges[32191:16833] [com.apple.PlugInKit:discovery] <PKDiscoveryDriver:0x600002627360> created discovery driver
2026-10-05 06:40:06.919 Df HamsterAges[32191:16833] [com.apple.PlugInKit:discovery] [d 7367C324-AE76-4E8F-A647-D2DA48953B46] <PKHost:0x600001765480> Beginning discovery for flags: 0, point: com.apple.AudioUnit-UI
2026-10-05 06:40:06.919 Df HamsterAges[32191:16860] [com.apple.launchservices:appinstallation] registering for distributed notification com.apple.LaunchServices.pluginsunregistered in this process
2026-10-05 06:40:06.921 Df HamsterAges[32191:16860] [com.apple.launchservices:progress] Establishing xpc connection to lsd
2026-10-05 06:40:06.921 Df HamsterAges[32191:1685c] [com.apple.PlugInKit:discovery] [d 7367C324-AE76-4E8F-A647-D2DA48953B46] <PKHost:0x600001765480> Completed discovery. Final # of matches: 0
2026-10-05 06:40:06.921 Df HamsterAges[32191:16860] [com.apple.xpc:connection] [0x104709d10] activating connection: mach=true listener=false peer=false name=com.apple.lsd.xpc
2026-10-05 06:40:06.921 Df HamsterAges[32191:1685c] [com.apple.PlugInKit:discovery] <PKDiscoveryDriver:0x600002627360> delivering update to host (0 plugins)
2026-10-05 06:40:06.921 A  HamsterAges[32191:1685c] (ExtensionFoundation) discovering extensions
2026-10-05 06:40:06.922 Df HamsterAges[32191:1685c] [com.apple.extensionkit:NSExtension] discovered extensions: attributes {
    NSExtensionPointName = "com.apple.AudioUnit-UI";
}, extensionSet {(
)}
2026-10-05 06:40:06.922 Df HamsterAges[32191:16859] [com.apple.launchservices:progress] Received LSWorkspaceObserverPing, xpc connection established
2026-10-05 06:40:06.922 Df HamsterAges[32191:1685c] [com.apple.PlugInKit:discovery] <PKDiscoveryDriver:0x600002627360> installing watchers for continuous discovery
2026-10-05 06:40:06.922 A  HamsterAges[32191:16833] (PlugInKit) continuous-discovery
2026-10-05 06:40:06.922 Df HamsterAges[32191:16833] [com.apple.PlugInKit:discovery] <PKDiscoveryDriver:0x60000262a400> created discovery driver
2026-10-05 06:40:06.922 Df HamsterAges[32191:16833] [com.apple.PlugInKit:discovery] [d EC8BF1F8-06DE-4B67-95FA-2963B94DDE67] <PKHost:0x600001765480> Beginning discovery for flags: 0, point: com.apple.AudioUnit-Speech
2026-10-05 06:40:06.925 Df HamsterAges[32191:16859] [com.apple.PlugInKit:discovery] [d EC8BF1F8-06DE-4B67-95FA-2963B94DDE67] <PKHost:0x600001765480> Completed discovery. Final # of matches: 4
2026-10-05 06:40:06.925 Df HamsterAges[32191:1685c] [com.apple.PlugInKit:discovery] <PKDiscoveryDriver:0x60000262a400> delivering update to host (4 plugins)
2026-10-05 06:40:06.925 Df HamsterAges[32191:16860] [com.apple.securityd:trust] (Trust 0x600003505760) trustd returned 4
2026-10-05 06:40:06.925 A  HamsterAges[32191:1685c] (ExtensionFoundation) discovering extensions
2026-10-05 06:40:06.926 Df HamsterAges[32191:16860] [com.apple.CFNetwork:Default] System Trust Evaluation yielded status(0)
2026-10-05 06:40:06.926 Df HamsterAges[32191:16860] [com.apple.securityd:trust] (Trust 0x6000035056b0) No pending evals, starting
2026-10-05 06:40:06.926 A  HamsterAges[32191:16860] (Security) SecTrustEvaluateIfNecessaryFastAsync
2026-10-05 06:40:06.926 Df HamsterAges[32191:16860] [com.apple.xpc:connection] [0x104a2ad70] activating connection: mach=true listener=false peer=false name=com.apple.trustd
2026-10-05 06:40:06.926 Df HamsterAges[32191:16860] [com.apple.securityd:trust] (Trust 0x6000035056b0) Completed async eval kickoff
2026-10-05 06:40:06.927 Df HamsterAges[32191:1685c] [com.apple.extensionkit:NSExtension] discovered extensions: attributes {
    NSExtensionPointName = "com.apple.AudioUnit-Speech";
}, extensionSet {(
    <EXConcreteExtension: 0x60000390b740> {id = com.apple.speech.MacinTalkFramework.MacinTalkAUSP},
    <EXConcreteExtension: 0x6000039cd380> {id = com.apple.texttospeech.SiriAUSP},
    <EXConcreteExtension: 0x6000039074d0> {id = com.apple.ax.KonaTTSSupport.KonaSynthesizer},
    <EXConcreteExtension: 0x600003907400> {id = com.apple.ax.MauiTTSSupport.MauiAUSP}
)}
2026-10-05 06:40:06.927 Df HamsterAges[32191:1685c] [com.apple.PlugInKit:discovery] <PKDiscoveryDriver:0x60000262a400> installing watchers for continuous discovery
2026-10-05 06:40:06.929 Df HamsterAges[32191:16860] [com.apple.xpc:connection] [0x104930d70] invalidated because the current process cancelled the connection by calling xpc_connection_cancel()
2026-10-05 06:40:06.929 Df HamsterAges[32191:16860] [com.apple.securityd:trust] (Trust 0x6000035056b0) trustd returned 4
2026-10-05 06:40:06.929 Df HamsterAges[32191:16860] [com.apple.CFNetwork:Default] Connection 1: TLS Trust result 0
2026-10-05 06:40:06.929 Df HamsterAges[32191:16860] [com.apple.network:boringssl] boringssl_context_evaluate_trust_async_external_block_invoke_3(1773) [C1.1.1.1:2][0x1047260d0] Returning from external verify block with result: true
2026-10-05 06:40:06.929 Df HamsterAges[32191:16860] [com.apple.network:boringssl] boringssl_context_certificate_verify_callback(2014) [C1.1.1.1:2][0x1047260d0] Certificate verification result: OK
2026-10-05 06:40:06.929 Df HamsterAges[32191:16833] [com.apple.audio.caulk:alloc] Registered notify signal com.apple.caulk.alloc.rtdump (0)
2026-10-05 06:40:06.930 Df HamsterAges[32191:16860] [com.apple.network:boringssl] boringssl_context_info_handler(2407) [C1.1.1.1:2][0x1047260d0] Client handshake state: TLS 1.3 client read_server_finished
2026-10-05 06:40:06.930 Df HamsterAges[32191:16860] [com.apple.network:boringssl] boringssl_context_info_handler(2407) [C1.1.1.1:2][0x1047260d0] Client handshake state: TLS 1.3 client send_end_of_early_data
2026-10-05 06:40:06.930 Df HamsterAges[32191:16860] [com.apple.network:boringssl] boringssl_context_info_handler(2407) [C1.1.1.1:2][0x1047260d0] Client handshake state: TLS 1.3 client send_client_encrypted_extensions
2026-10-05 06:40:06.931 Df HamsterAges[32191:16860] [com.apple.network:boringssl] boringssl_context_info_handler(2407) [C1.1.1.1:2][0x1047260d0] Client handshake state: TLS 1.3 client send_client_certificate
2026-10-05 06:40:06.931 Df HamsterAges[32191:16860] [com.apple.network:boringssl] boringssl_context_info_handler(2407) [C1.1.1.1:2][0x1047260d0] Client handshake state: TLS 1.3 client complete_second_flight
2026-10-05 06:40:06.931 Df HamsterAges[32191:16860] [com.apple.network:boringssl] boringssl_context_info_handler(2407) [C1.1.1.1:2][0x1047260d0] Client handshake state: TLS 1.3 client done
2026-10-05 06:40:06.931 Df HamsterAges[32191:16860] [com.apple.network:boringssl] boringssl_context_info_handler(2407) [C1.1.1.1:2][0x1047260d0] Client handshake state: TLS client finish_client_handshake
2026-10-05 06:40:06.931 Df HamsterAges[32191:16860] [com.apple.network:boringssl] boringssl_context_info_handler(2407) [C1.1.1.1:2][0x1047260d0] Client handshake state: TLS client done
2026-10-05 06:40:06.931 Df HamsterAges[32191:16860] [com.apple.network:boringssl] boringssl_context_info_handler(2396) [C1.1.1.1:2][0x1047260d0] Client handshake done
2026-10-05 06:40:06.932 A  HamsterAges[32191:16860] (Security) SecKeyCopyPublicBytes
2026-10-05 06:40:06.932 Df HamsterAges[32191:16860] [com.apple.network:boringssl] nw_protocol_boringssl_signal_connected(895) [C1.1.1.1:2][0x1047260d0] TLS connected [server(0) version(0x0304) ciphersuite(TLS_AES_128_GCM_SHA256) group(0x11ec) signature_alg(0x0804) alpn(h2) resumed(0) offered_ticket(0) in_early_data(0) early_data_accepted(0) false_started(0) ocsp_received(0) sct_received(0) connect_time(71ms) flight_time(4ms) rtt(4ms) write_stalls(0) read_stalls(2) pake(0x0000)]
2026-10-05 06:40:06.932 Df HamsterAges[32191:16860] [com.apple.network:connection] nw_flow_connected [C1.1.1.1 IPv4#668367a8:443 in_progress socket-flow (satisfied (Path is satisfied), interface: en0)] Output protocol connected (CFNetworkConnection-1687418290)
2026-10-05 06:40:06.932 Df HamsterAges[32191:16833] [com.apple.avfaudio:avae]      AVAudioIONodeImpl.mm:235   Engine@0x60000370a1c0: associating with audio session (0x0), error -10879
2026-10-05 06:40:06.933 Df HamsterAges[32191:16833] [com.apple.coreaudio:aurioc]            AURemoteIO.cpp:1130  AURemoteIO@0x1070af040: set kAudioOutputUnitProperty_OutputChannelLayout.  Layout = tag=0x0, 0 channel descriptions [], err = 0
2026-10-05 06:40:06.933 Df HamsterAges[32191:16860] [com.apple.network:connection] [C1.1.1.1 IPv4#668367a8:443 ready socket-flow (satisfied (Path is satisfied), interface: en0)] event: flow:child_finish_connect @0.087s
2026-10-05 06:40:06.933 Df HamsterAges[32191:16860] [com.apple.network:connection] [C1.1.1 Hostname#24dd2f4a:443 ready resolver (satisfied (Path is satisfied), interface: en0)] event: flow:child_finish_connect @0.087s
2026-10-05 06:40:06.933 Df HamsterAges[32191:16860] [com.apple.network:connection] [C1.1 Hostname#24dd2f4a:443 ready transform (satisfied (Path is satisfied), interface: en0)] event: flow:child_finish_connect @0.087s
2026-10-05 06:40:06.933 Df HamsterAges[32191:16860] [com.apple.network:connection] nw_flow_connected [C1 IPv4#668367a8:443 in_progress parent-flow (satisfied (Path is satisfied), interface: en0)] Output protocol connected (endpoint_flow)
2026-10-05 06:40:06.934 Df HamsterAges[32191:16860] [com.apple.network:connection] [C1 IPv4#668367a8:443 ready parent-flow (satisfied (Path is satisfied), interface: en0)] event: flow:finish_connect @0.088s
2026-10-05 06:40:06.934 Df HamsterAges[32191:16860] [com.apple.network:connection] nw_connection_report_state_with_handler_on_nw_queue [C1] reporting state ready
2026-10-05 06:40:06.934 A  HamsterAges[32191:16860] (Security) SecKeyCopyPublicBytes
2026-10-05 06:40:06.934 Df HamsterAges[32191:16860] [com.apple.xpc:connection] [0x104a2ad70] invalidated because the current process cancelled the connection by calling xpc_connection_cancel()
2026-10-05 06:40:06.934 Df HamsterAges[32191:16860] [com.apple.CFNetwork:Default] Connection 1: connected successfully
2026-10-05 06:40:06.934 Df HamsterAges[32191:16860] [com.apple.CFNetwork:Default] Connection 1: TLS handshake complete
2026-10-05 06:40:06.934 Df HamsterAges[32191:16860] [com.apple.CFNetwork:Default] Connection 1: ready C(N) E(N)
2026-10-05 06:40:06.934 Df HamsterAges[32191:16860] [com.apple.network:connection] [C1] event: client:connection_reused @0.089s
2026-10-05 06:40:06.934 Df HamsterAges[32191:16860] [com.apple.network:connection] nw_protocol_socket_notify [C1.1.1.1:3] nw_protocol_notification_type_connection_idle is false
2026-10-05 06:40:06.934 E  HamsterAges[32191:16860] [com.apple.network:connection] nw_socket_set_connection_idle [C1.1.1.1:3] setsockopt SO_CONNECTION_IDLE failed [42: Protocol not available]
2026-10-05 06:40:06.938 Df HamsterAges[32191:16860] [com.apple.CFNetwork:Default] Task <7C3530ED-448B-4BED-A898-7224AB08D294>.<1> now using Connection 1
2026-10-05 06:40:06.939 Df HamsterAges[32191:16860] [com.apple.CFNetwork:Default] Task <7C3530ED-448B-4BED-A898-7224AB08D294>.<1> sent request, body N 0
2026-10-05 06:40:06.948 Df HamsterAges[32191:1685e] [com.apple.CFNetwork:Default] Task <7C3530ED-448B-4BED-A898-7224AB08D294>.<1> received response, status 200 content K
2026-10-05 06:40:06.948 Df HamsterAges[32191:1685e] [com.apple.CFNetwork:Default] Task <7C3530ED-448B-4BED-A898-7224AB08D294>.<1> done using Connection 1
2026-10-05 06:40:06.948 Df HamsterAges[32191:1685e] [com.apple.network:connection] [C1] event: client:connection_idle @0.102s
2026-10-05 06:40:06.948 Df HamsterAges[32191:1685e] [com.apple.network:connection] nw_protocol_socket_notify [C1.1.1.1:3] nw_protocol_notification_type_connection_idle is true
2026-10-05 06:40:06.948 E  HamsterAges[32191:1685e] [com.apple.network:connection] nw_socket_set_connection_idle [C1.1.1.1:3] setsockopt SO_CONNECTION_IDLE failed [42: Protocol not available]
2026-10-05 06:40:06.948 Df HamsterAges[32191:1685e] [com.apple.CFNetwork:Default] Task <7C3530ED-448B-4BED-A898-7224AB08D294>.<1> response ended
2026-10-05 06:40:06.952 Df HamsterAges[32191:1685e] [com.apple.CFNetwork:Summary] Task <7C3530ED-448B-4BED-A898-7224AB08D294>.<1> summary for task success {transaction_duration_ms=123, response_status=200, connection=1, protocol="h2", domain_lookup_duration_ms=2, connect_duration_ms=77, secure_connection_duration_ms=71, private_relay=false, request_start_ms=110, request_duration_ms=0, response_start_ms=119, response_duration_ms=0, request_bytes=150, request_throughput_kbps=3217, response_bytes=737, response_throughput_kbps=8144, cache_hit=false}
2026-10-05 06:40:06.952 Df HamsterAges[32191:1685e] [com.apple.CoreAnalytics:client] No XPC connection in Simulator
2026-10-05 06:40:06.952 Df HamsterAges[32191:1686f] [com.apple.CFNetwork:Default] Task <7C3530ED-448B-4BED-A898-7224AB08D294>.<1> finished successfully
2026-10-05 06:40:06.977 Df HamsterAges[32191:1685c] (CoreAudio)   HALPlugInManagement.cpp:443    HALPlugInManagement::RegisterPlugIns: loading in-process plug-ins
2026-10-05 06:40:06.978 E  HamsterAges[32191:1685c] [com.apple.CFBundle:plugin] AddInstanceForFactory: No factory registered for id <CFUUID 0x6000002ac6a0> F8BB1C28-BAE8-11D6-9C31-00039315CD46
2026-10-05 06:40:07.000 Df HamsterAges[32191:1685c] [com.apple.coreaudio:ddagg]        AggregateDevice.mm:887   Creating DefaultDeviceAggregate
2026-10-05 06:40:07.014 Df HamsterAges[32191:1685c] [com.apple.coreaudio:ddagg]        AggregateDevice.mm:688   Built valid aggregate 109
2026-10-05 06:40:07.015 Df HamsterAges[32191:1685c] [com.apple.coreaudio:aqme]           AQMixEngine.cpp:733   AQMEDevice (0x104a2f598) has neither a defaultOutStreamClient nor a defaultInStreamClient
2026-10-05 06:40:07.016 Df HamsterAges[32191:1686e] [com.apple.coreaudio:aqme]              AQIONode.cpp:693   client <RemoteIOClient@0x1059be800(@0x1059bea18); output; [32191]> is NOT Now Playing eligible
2026-10-05 06:40:07.017 Df HamsterAges[32191:1686e] [com.apple.coreaudio:aurios]        RemoteIOServer.cpp:1872  rio@0x1059bea18 spatialization disabled.  layout = tag=0x0, 0 channel descriptions [], format =  2 ch,      0 Hz, Float32, deinterleaved
2026-10-05 06:40:07.024 Df HamsterAges[32191:1686e] [com.apple.coreaudio:aqme]          RemoteIOServer.h:101   rio@0x1059be800 Got output layout from io node or spatialized client: tag=0x0, 2 channel descriptions [L, R]
2026-10-05 06:40:07.025 Df HamsterAges[32191:1685c] [com.apple.coreaudio:EnhanceDialogueProcessor] EnhanceDialogueProcessor.cpp:226   EnhanceDialogueProcessor() - Product does not support Enhance Dialogue
2026-10-05 06:40:07.025 Df HamsterAges[32191:1685c] [com.apple.coreaudio:EnhanceDialogueProcessor] EnhanceDialogueProcessor.cpp:226   EnhanceDialogueProcessor() - Product does not support Enhance Dialogue
2026-10-05 06:40:07.025 Df HamsterAges[32191:1685c] [com.apple.coreaudio:AudioConverter]        ACv2Workarounds.mm:51    com.valkhim.hamsterages: fix84702776_86723525_86479548_89800354_SinglePacketDesc: false
2026-10-05 06:40:07.026 Df HamsterAges[32191:1685c] [com.apple.audio.caulk:alloc] Registered notify signal com.apple.caulk.alloc.audiodump (0)
2026-10-05 06:40:07.026 Df HamsterAges[32191:1685c] [com.apple.coreaudio:AudioConverter]        AudioConverter.cpp:1067  Created a new in process converter -> 0x600000c70ba0, from  2 ch,  48000 Hz, Float32, deinterleaved to  2 ch,  48000 Hz, Float32, interleaved
2026-10-05 06:40:07.026 Df HamsterAges[32191:1686e] [com.apple.coreaudio:aurios]        RemoteIOServer.cpp:1581  SetLoudnessFromLM(): ->
2026-10-05 06:40:07.028 Df HamsterAges[32191:1686e] [com.apple.coreaudio:aurios]        RemoteIOServer.cpp:1620  SetLoudnessFromLM(): is CoreAudioServices/LoudnessManager enabled? yes
2026-10-05 06:40:07.028 Df HamsterAges[32191:1686e] [com.apple.coreaudio:aurios]        RemoteIOServer.cpp:1623  SetLoudnessFromLM(): is CoreAudioServices/LoudnessManagerV2 enabled? yes
2026-10-05 06:40:07.028 Df HamsterAges[32191:1686e] [com.apple.coreaudio:aurios]        RemoteIOServer.cpp:1626  SetLoudnessFromLM(): is CoreAudioServices/lm-disable-hardware-check on? no
2026-10-05 06:40:07.029 Df HamsterAges[32191:1686e] [com.apple.coreaudio:aurios]        RemoteIOServer.cpp:1629  SetLoudnessFromLM(): is hardware supported? no
2026-10-05 06:40:07.029 Df HamsterAges[32191:1686e] [com.apple.coreaudio:aurios]        RemoteIOServer.cpp:1641  SetLoudnessFromLM(): hardware not supported, Loudness Manager disabled
2026-10-05 06:40:07.029 Df HamsterAges[32191:16833] [com.apple.coreaudio:AudioConverter]        AudioConverter.cpp:1067  Created a new in process converter -> 0x600000c70ea0, from  2 ch,      0 Hz, Float32, deinterleaved to  2 ch,  48000 Hz, Float32, deinterleaved
2026-10-05 06:40:07.029 Df HamsterAges[32191:16833] [com.apple.coreaudio:AudioConverter]        AudioConverter.cpp:1317  AudioConverter -> 0x600000c70ea0: The in-process GetProperty call returned 1886547824 for property 1936876385 with size 4.
2026-10-05 06:40:07.029 Df HamsterAges[32191:16833] [com.apple.coreaudio:AudioConverter]        AudioConverter.cpp:1317  AudioConverter -> 0x600000c70ea0: The in-process GetProperty call returned 1886547824 for property 1936876401 with size 4.
2026-10-05 06:40:07.030 Df HamsterAges[32191:16833] [com.apple.coreaudio:AudioConverter]        AudioConverter.cpp:1317  AudioConverter -> 0x600000c70ea0: The in-process GetProperty call returned 1886547824 for property 1886546285 with size 8.
2026-10-05 06:40:07.030 Df HamsterAges[32191:1686d] [com.apple.coreaudio:AudioConverter] AudioConverter -> 0x600000c70ea0: The in-process SetProperty call returned 1886547824 for property 1886547309 with size 4.
2026-10-05 06:40:07.030 Df HamsterAges[32191:16833] [com.apple.coreaudio:aurioc]            AURemoteIO.cpp:1741  Stopping AURemoteIO(0x1070af040)
2026-10-05 06:40:07.049 Df HamsterAges[32191:1686e] [com.apple.coreaudio:SpatialMgr] SpatializationManager.cpp:1459  Could not load preset file, invalid model/product name!
2026-10-05 06:40:07.049 Df HamsterAges[32191:1686e] [com.apple.coreaudio:aqme]        MEMixerChannel.cpp:3254  2-channel audiovisual content is NOT eligible for spatialization
2026-10-05 06:40:07.049 Df HamsterAges[32191:1686e] [com.apple.coreaudio:aqme]  MEDeviceStreamClient.cpp:245   AQME Default-InputOutput: client starting: <CA_UISoundClientBase@0x104a30da0>; running count now 1
2026-10-05 06:40:07.049 Df HamsterAges[32191:1686e] [com.apple.coreaudio:aqme]            AQMEIO_HAL.cpp:2849  FetchAndLogFrameSize starting IO deviceID=109, frame size is 512
2026-10-05 06:40:07.056 Df HamsterAges[32191:1686e] [com.apple.coreaudio:aqme]            AQMEIO_HAL.cpp:2818  aqmeio@0x1050d3618, device 109 (iOSSimulatorAudioDevice-32191-0), AudioDeviceStart (err 0)
2026-10-05 06:40:07.136 Df HamsterAges[32191:1685c] [com.apple.UIKit:BackgroundTask] Ending background task with UIBackgroundTaskIdentifier: 1
2026-10-05 06:40:07.136 Df HamsterAges[32191:1685c] [com.apple.UIKit:BackgroundTask] Ending task with identifier 1 and description: <_UIBackgroundTaskInfo: 0x600001705a00>: taskID = 1, taskName = Launch Background Task for Coalescing, creationTime = 1199 (elapsed = 1), _expireHandler: (null)
2026-10-05 06:40:07.136 Df HamsterAges[32191:1685c] [com.apple.UIKit:BackgroundTask] Decrementing reference count for assertion <BKSProcessAssertion: 0x60000210adf0> (used by background task with identifier 1: <_UIBackgroundTaskInfo: 0x600001705a00>: taskID = 1, taskName = Launch Background Task for Coalescing, creationTime = 1199 (elapsed = 1))
2026-10-05 06:40:07.136 Df HamsterAges[32191:1685c] [com.apple.UIKit:BackgroundTask] Will invalidate assertion: <BKSProcessAssertion: 0x60000210adf0> for task identifier: 1
2026-10-05 06:40:07.239 A  HamsterAges[32191:1685f] (RunningBoardServices) didChangeInheritances
2026-10-05 06:40:07.654 Df HamsterAges[32191:16833] [com.apple.coreaudio:as_client] AVAudioSessionImpl_Simulator.mm:111   Set volume on device 85 to 0.60
2026-10-05 06:40:07.655 Df HamsterAges[32191:16833] [com.apple.coreaudio:as_client] AVAudioSessionImpl_Simulator.mm:111   Set volume on device 85 to 0.60
2026-10-05 06:40:07.655 Df HamsterAges[32191:16833] [com.apple.coreaudio:ddagg]        AggregateDevice.mm:1008  PrimarySessionActiveWithInputEnabled 0 -> 0
2026-10-05 06:40:07.655 Df HamsterAges[32191:16833] [com.apple.avfaudio:avae]          AVAudioEngine.mm:1182  Engine@0x60000000e540: start, was running 0
2026-10-05 06:40:07.655 Df HamsterAges[32191:16833] [com.apple.coreaudio:aurioc]            AURemoteIO.cpp:1130  AURemoteIO@0x1070af040: set kAudioOutputUnitProperty_OutputChannelLayout.  Layout = tag=0x650002, err = 0
2026-10-05 06:40:07.656 Df HamsterAges[32191:1685f] [com.apple.coreaudio:aqme]              AQIONode.cpp:693   client <RemoteIOClient@0x1059be800(@0x1059bea18); output; [32191]> is NOT Now Playing eligible
2026-10-05 06:40:07.656 Df HamsterAges[32191:1685f] [com.apple.coreaudio:aurios]        RemoteIOServer.cpp:1872  rio@0x1059bea18 spatialization disabled.  layout = tag=0x650002, format =  2 ch,  44100 Hz, Float32, deinterleaved
2026-10-05 06:40:07.656 Df HamsterAges[32191:1685f] [com.apple.coreaudio:aqme]          RemoteIOServer.h:101   rio@0x1059be800 Got output layout from io node or spatialized client: tag=0x0, 2 channel descriptions [L, R]
2026-10-05 06:40:07.656 Df HamsterAges[32191:1685f] [com.apple.coreaudio:aurios]        RemoteIOServer.cpp:1581  SetLoudnessFromLM(): ->
2026-10-05 06:40:07.656 Df HamsterAges[32191:1685f] [com.apple.coreaudio:aurios]        RemoteIOServer.cpp:1620  SetLoudnessFromLM(): is CoreAudioServices/LoudnessManager enabled? yes
2026-10-05 06:40:07.656 Df HamsterAges[32191:1685f] [com.apple.coreaudio:aurios]        RemoteIOServer.cpp:1623  SetLoudnessFromLM(): is CoreAudioServices/LoudnessManagerV2 enabled? yes
2026-10-05 06:40:07.656 Df HamsterAges[32191:1685f] [com.apple.coreaudio:aurios]        RemoteIOServer.cpp:1626  SetLoudnessFromLM(): is CoreAudioServices/lm-disable-hardware-check on? no
2026-10-05 06:40:07.656 Df HamsterAges[32191:1685f] [com.apple.coreaudio:aurios]        RemoteIOServer.cpp:1629  SetLoudnessFromLM(): is hardware supported? no
2026-10-05 06:40:07.656 Df HamsterAges[32191:1685f] [com.apple.coreaudio:aurios]        RemoteIOServer.cpp:1641  SetLoudnessFromLM(): hardware not supported, Loudness Manager disabled
2026-10-05 06:40:07.656 Df HamsterAges[32191:16833] [com.apple.coreaudio:AudioConverter]        AudioConverter.cpp:1067  Created a new in process converter -> 0x600000c6c780, from  2 ch,  44100 Hz, Float32, deinterleaved to  2 ch,  48000 Hz, Float32, deinterleaved
2026-10-05 06:40:07.656 Df HamsterAges[32191:16833] [com.apple.coreaudio:AudioConverter]        AudioConverter.cpp:1317  AudioConverter -> 0x600000c6c780: The in-process GetProperty call returned 1886547824 for property 1936876385 with size 4.
2026-10-05 06:40:07.657 Df HamsterAges[32191:16833] [com.apple.coreaudio:aurioc]            AURemoteIO.cpp:1741  Stopping AURemoteIO(0x1070af040)
2026-10-05 06:40:07.657 Df HamsterAges[32191:16833] [com.apple.coreaudio:aurioc]            AURemoteIO.cpp:1130  AURemoteIO@0x1070af040: set kAudioOutputUnitProperty_OutputChannelLayout.  Layout = tag=0x650002, err = 0
2026-10-05 06:40:07.657 Df HamsterAges[32191:1686e] [com.apple.coreaudio:aqme]              AQIONode.cpp:693   client <RemoteIOClient@0x1059be800(@0x1059bea18); output; [32191]> is NOT Now Playing eligible
2026-10-05 06:40:07.657 Df HamsterAges[32191:1686e] [com.apple.coreaudio:aurios]        RemoteIOServer.cpp:1872  rio@0x1059bea18 spatialization disabled.  layout = tag=0x650002, format =  2 ch,  48000 Hz, Float32, deinterleaved
2026-10-05 06:40:07.658 Df HamsterAges[32191:1686e] [com.apple.coreaudio:aqme]          RemoteIOServer.h:101   rio@0x1059be800 Got output layout from io node or spatialized client: tag=0x0, 2 channel descriptions [L, R]
2026-10-05 06:40:07.658 Df HamsterAges[32191:1686e] [com.apple.coreaudio:aurios]        RemoteIOServer.cpp:1581  SetLoudnessFromLM(): ->
2026-10-05 06:40:07.658 Df HamsterAges[32191:1686e] [com.apple.coreaudio:aurios]        RemoteIOServer.cpp:1620  SetLoudnessFromLM(): is CoreAudioServices/LoudnessManager enabled? yes
2026-10-05 06:40:07.658 Df HamsterAges[32191:1686e] [com.apple.coreaudio:aurios]        RemoteIOServer.cpp:1623  SetLoudnessFromLM(): is CoreAudioServices/LoudnessManagerV2 enabled? yes
2026-10-05 06:40:07.658 Df HamsterAges[32191:1686e] [com.apple.coreaudio:aurios]        RemoteIOServer.cpp:1626  SetLoudnessFromLM(): is CoreAudioServices/lm-disable-hardware-check on? no
2026-10-05 06:40:07.658 Df HamsterAges[32191:1686e] [com.apple.coreaudio:aurios]        RemoteIOServer.cpp:1629  SetLoudnessFromLM(): is hardware supported? no
2026-10-05 06:40:07.658 Df HamsterAges[32191:1686e] [com.apple.coreaudio:aurios]        RemoteIOServer.cpp:1641  SetLoudnessFromLM(): hardware not supported, Loudness Manager disabled
2026-10-05 06:40:07.659 Df HamsterAges[32191:16833] [com.apple.coreaudio:aurioc]            AURemoteIO.cpp:1741  Stopping AURemoteIO(0x1070af040)
2026-10-05 06:40:07.659 Df HamsterAges[32191:16833] [com.apple.coreaudio:aurioc]            AURemoteIO.cpp:1130  AURemoteIO@0x1070af040: set kAudioOutputUnitProperty_OutputChannelLayout.  Layout = tag=0x650002, err = 0
2026-10-05 06:40:07.659 Df HamsterAges[32191:1686e] [com.apple.coreaudio:aqme]              AQIONode.cpp:693   client <RemoteIOClient@0x1059be800(@0x1059bea18); output; [32191]> is NOT Now Playing eligible
2026-10-05 06:40:07.659 Df HamsterAges[32191:1686e] [com.apple.coreaudio:aurios]        RemoteIOServer.cpp:1872  rio@0x1059bea18 spatialization disabled.  layout = tag=0x650002, format =  2 ch,  48000 Hz, Float32, deinterleaved
2026-10-05 06:40:07.659 Df HamsterAges[32191:1686e] [com.apple.coreaudio:aqme]          RemoteIOServer.h:101   rio@0x1059be800 Got output layout from io node or spatialized client: tag=0x0, 2 channel descriptions [L, R]
2026-10-05 06:40:07.660 Df HamsterAges[32191:1686e] [com.apple.coreaudio:aurios]        RemoteIOServer.cpp:1581  SetLoudnessFromLM(): ->
2026-10-05 06:40:07.660 Df HamsterAges[32191:1686e] [com.apple.coreaudio:aurios]        RemoteIOServer.cpp:1620  SetLoudnessFromLM(): is CoreAudioServices/LoudnessManager enabled? yes
2026-10-05 06:40:07.660 Df HamsterAges[32191:1686e] [com.apple.coreaudio:aurios]        RemoteIOServer.cpp:1623  SetLoudnessFromLM(): is CoreAudioServices/LoudnessManagerV2 enabled? yes
2026-10-05 06:40:07.660 Df HamsterAges[32191:1686e] [com.apple.coreaudio:aurios]        RemoteIOServer.cpp:1626  SetLoudnessFromLM(): is CoreAudioServices/lm-disable-hardware-check on? no
2026-10-05 06:40:07.660 Df HamsterAges[32191:1686e] [com.apple.coreaudio:aurios]        RemoteIOServer.cpp:1629  SetLoudnessFromLM(): is hardware supported? no
2026-10-05 06:40:07.660 Df HamsterAges[32191:1686e] [com.apple.coreaudio:aurios]        RemoteIOServer.cpp:1641  SetLoudnessFromLM(): hardware not supported, Loudness Manager disabled
2026-10-05 06:40:07.660 Df HamsterAges[32191:16833] [com.apple.coreaudio:aurioc]            AURemoteIO.cpp:1666  Starting AURemoteIO(0x1070af040)
output client:  2 ch,  48000 Hz, Float32, deinterleaved, output HW:  2 ch,  48000 Hz, Float32, deinterleaved
input client:   2 ch,      0 Hz, Float32, deinterleaved, input HW:   2 ch,      0 Hz, Float32, deinterleaved
2026-10-05 06:40:07.660 Df HamsterAges[32191:1686e] [com.apple.coreaudio:aqme]            AQMEIO_HAL.cpp:1079  fetched workgroup 0x60000176e780
2026-10-05 06:40:07.660 Df HamsterAges[32191:1686e] [com.apple.coreaudio:auext]        AUOOPWorkgroups.mm:30    AUOOPWorkgroupManager: AddRemoteIOWorkgroup called with token 131854337.
2026-10-05 06:40:07.660 Df HamsterAges[32191:1686e] [com.apple.coreaudio:auext]        AUOOPWorkgroups.mm:66    AUOOPWorkgroupManager: mutating workgroups.
2026-10-05 06:40:07.660 Df HamsterAges[32191:16833] [com.apple.coreaudio:aurioc]            AURemoteIO.cpp:1727  workgroup port 0x14c07
2026-10-05 06:40:07.660 Df HamsterAges[32191:168ae] [com.apple.coreaudio:auext]        AUOOPWorkgroups.mm:30    AUOOPWorkgroupManager: AddRemoteIOWorkgroup called with token 131854336.
2026-10-05 06:40:07.660 Df HamsterAges[32191:168ae] [com.apple.coreaudio:auext]        AUOOPWorkgroups.mm:66    AUOOPWorkgroupManager: mutating workgroups.
2026-10-05 06:40:07.661 Df HamsterAges[32191:1686e] [com.apple.coreaudio:aqme]              AQIONode.cpp:693   client <RemoteIOClient@0x1059be800(@0x1059bea18); output; [32191]> is NOT Now Playing eligible
2026-10-05 06:40:07.661 Df HamsterAges[32191:1686e] [com.apple.coreaudio:aqme]  MEDeviceStreamClient.cpp:245   AQME Default-InputOutput: client starting: <RemoteIOClient@0x1059be800(@0x1059bea18); output; [32191]>; running count now 2
2026-10-05 06:40:07.837 Df HamsterAges[32191:16833] [com.apple.UIKit:Orientation] <UIWindowScene: 0x104707a40> (095DB6B8-1B98-4E9F-9CFC-930C775EC66A) Scene updated orientation preferences: ( Ll Lr ) -> ( Lr )
2026-10-05 06:40:07.846 Df HamsterAges[32191:16833] [com.apple.network:activity] Create activity from XPC object <nw_activity 50:1 [B494380C-95A8-4CF0-960A-0FB8A1E2D644] (reporting strategy default)>
2026-10-05 06:40:07.846 Df HamsterAges[32191:16833] [com.apple.network:activity] Create activity from XPC object <nw_activity 50:2 [D9A43C84-1DC7-4B15-A484-7117C084A68B] (reporting strategy default)>
2026-10-05 06:40:07.846 Df HamsterAges[32191:16833] [com.apple.network:activity] Set activity <nw_activity 50:1 [B494380C-95A8-4CF0-960A-0FB8A1E2D644] (reporting strategy default)> as the global parent
2026-10-05 06:40:07.848 A  HamsterAges[32191:1685f] (RunningBoardServices) didChangeInheritances
2026-10-05 06:40:07.854 A  HamsterAges[32191:1685c] (RunningBoardServices) didChangeInheritances
2026-10-05 06:40:07.911 A  HamsterAges[32191:1685f] (RunningBoardServices) didChangeInheritances
2026-10-05 06:40:07.921 Df HamsterAges[32191:16833] [com.apple.xpc:connection] [0x1047614d0] activating connection: mach=true listener=false peer=false name=com.apple.IOSurface.Remote
2026-10-05 06:40:07.966 Df HamsterAges[32191:16833] [com.apple.xpc:connection] [0x104a266c0] activating connection: mach=true listener=false peer=false name=com.apple.metal.simulator
2026-10-05 06:40:07.967 Df HamsterAges[32191:16833] [com.apple.xpc:connection] [0x104960550] activating connection: mach=true listener=false peer=false name=com.apple.metal.simulator
2026-10-05 06:40:07.967 Df HamsterAges[32191:16833] [com.apple.xpc:connection] [0x104938ee0] activating connection: mach=true listener=false peer=false name=com.apple.metal.simulator
2026-10-05 06:40:08.510 Df HamsterAges[32191:16833] [com.apple.UIKit:UpdateScheduler] Target list changed: <CADisplay:LCD PurpleMain>
2026-10-05 06:40:08.541 Df HamsterAges[32191:16833] [com.apple.UIKit:AppLifecycle] sceneOfRecord: sceneID: sceneID:com.valkhim.hamsterages-095DB6B8-1B98-4E9F-9CFC-930C775EC66A  persistentID: 095DB6B8-1B98-4E9F-9CFC-930C775EC66A
2026-10-05 06:40:08.542 Df HamsterAges[32191:16833] [com.apple.UIKit:InterfaceStyle] Should not send trait collection or coordinate space update, interface style 2 -> 2, <UIWindowScene: 0x104707a40> (095DB6B8-1B98-4E9F-9CFC-930C775EC66A)
2026-10-05 06:40:08.542 Df HamsterAges[32191:16859] [com.apple.network:] -[NWConcrete_nw_resolver initWithEndpoint:parameters:path:log_str:] [R1] created for Hostname#e5d9a49d:0 using: generic, attribution: developer
2026-10-05 06:40:08.542 Df HamsterAges[32191:16859] [com.apple.network:path] nw_path_evaluator_start [C7753ED9-46A4-4508-8BAD-AE0FFE9A35AC Hostname#e5d9a49d:0 generic, attribution: developer]
	path: satisfied (Path is satisfied), interface: en0
2026-10-05 06:40:08.544 Df HamsterAges[32191:1685e] [com.apple.network:] nw_resolver_set_update_handler_block_invoke [R1] started
2026-10-05 06:40:08.545 Df HamsterAges[32191:16859] [com.apple.xpc:connection] [0x104a177f0] activating connection: mach=true listener=false peer=false name=com.apple.commcenter.coretelephony.xpc
2026-10-05 06:40:08.545 Df HamsterAges[32191:16859] [com.apple.xpc:connection] [0x104a177f0] failed to do a bootstrap look-up: xpc_error=[3: No such process]
2026-10-05 06:40:08.545 Df HamsterAges[32191:16859] [com.apple.xpc:connection] [0x104a177f0] invalidated after a failed init
2026-10-05 06:40:08.545 Df HamsterAges[32191:1685c] [com.apple.CoreTelephony:Client] Connection has been invalidated
2026-10-05 06:40:08.546 Df HamsterAges[32191:16859] [com.apple.xpc:connection] [0x104772f50] activating connection: mach=true listener=false peer=false name=com.apple.commcenter.coretelephony.xpc
2026-10-05 06:40:08.546 Df HamsterAges[32191:16859] [com.apple.xpc:connection] [0x104772f50] failed to do a bootstrap look-up: xpc_error=[3: No such process]
2026-10-05 06:40:08.546 Df HamsterAges[32191:16859] [com.apple.xpc:connection] [0x104772f50] invalidated after a failed init
2026-10-05 06:40:08.546 Df HamsterAges[32191:16859] [com.apple.CoreTelephony:Client] Sending selectors to server: (null)
2026-10-05 06:40:08.547 Df HamsterAges[32191:1685c] [com.apple.CoreTelephony:Client] Connection has been invalidated
2026-10-05 06:40:08.547 Df HamsterAges[32191:16833] [com.apple.UIKit:EventDeferring] [0x600002913b10] Scene target of event deferring environments did update: scene: 0x104707a40; current systemShellManagesKeyboardFocus: 1; systemShellManagesKeyboardFocusForScene: 1; eligibleForRecordRemoval: 1;
2026-10-05 06:40:08.547 E  HamsterAges[32191:1685c] [com.apple.CoreTelephony:Client] Updating selectors failed with: Error Domain=NSCocoaErrorDomain Code=4099 "The connection to service named com.apple.commcenter.coretelephony.xpc was invalidated: Connection init failed at lookup with error 3 - No such process." UserInfo={NSDebugDescription=The connection to service named com.apple.commcenter.coretelephony.xpc was invalidated: Connection init failed at lookup with error 3 - No such process.}
2026-10-05 06:40:08.547 E  HamsterAges[32191:16859] [com.apple.CoreTelephony:Client] Synchronous remote object proxy returned error: Error Domain=NSCocoaErrorDomain Code=4099 "The connection to service named com.apple.commcenter.coretelephony.xpc was invalidated: Connection init failed at lookup with error 3 - No such process." UserInfo={NSDebugDescription=The connection to service named com.apple.commcenter.coretelephony.xpc was invalidated: Connection init failed at lookup with error 3 - No such process.}
2026-10-05 06:40:08.547 Df HamsterAges[32191:16833] [com.apple.UIKit:KeyWindow] Scene became target of keyboard event deferring environment: UIWindowScene: 0x104707a40; scene identity: com.apple.frontboard.systemappservices/FBSceneManager:sceneID%3Acom.valkhim.hamsterages-095DB6B8-1B98-4E9F-9CFC-930C775EC66A
2026-10-05 06:40:08.548 Sd HamsterAges[32191:0] (79E72B83-2384-3A91-8EE7-4315E85E9A91) IOHIDManager State
{
    DispatchQueue = 0;
    RunLoop = 1;
    createOptions = 0;
    isOpen = 0;
    openOptions = 0;
}
2026-10-05 06:40:08.548 Df HamsterAges[32191:16859] [com.apple.xpc:connection] [0x104a3c7a0] activating connection: mach=true listener=false peer=false name=com.apple.commcenter.coretelephony.xpc
2026-10-05 06:40:08.549 Df HamsterAges[32191:16859] [com.apple.xpc:connection] [0x104a3c7a0] failed to do a bootstrap look-up: xpc_error=[3: No such process]
2026-10-05 06:40:08.549 Df HamsterAges[32191:16859] [com.apple.xpc:connection] [0x104a3c7a0] invalidated after a failed init
2026-10-05 06:40:08.549 Df HamsterAges[32191:16859] [com.apple.CoreTelephony:Client] Sending selectors to server: (null)
2026-10-05 06:40:08.549 Df HamsterAges[32191:1685c] [com.apple.CoreTelephony:Client] Connection has been invalidated
2026-10-05 06:40:08.549 Df HamsterAges[32191:16833] [com.apple.Accessibility:AXCommon] Read Per-App on Init: Smart invert = (null)
2026-10-05 06:40:08.549 E  HamsterAges[32191:1685c] [com.apple.CoreTelephony:Client] Updating selectors failed with: Error Domain=NSCocoaErrorDomain Code=4099 "The connection to service named com.apple.commcenter.coretelephony.xpc was invalidated: Connection init failed at lookup with error 3 - No such process." UserInfo={NSDebugDescription=The connection to service named com.apple.commcenter.coretelephony.xpc was invalidated: Connection init failed at lookup with error 3 - No such process.}
2026-10-05 06:40:08.550 E  HamsterAges[32191:16859] [com.apple.CoreTelephony:Client] Synchronous remote object proxy returned error: Error Domain=NSCocoaErrorDomain Code=4099 "The connection to service named com.apple.commcenter.coretelephony.xpc was invalidated: Connection init failed at lookup with error 3 - No such process." UserInfo={NSDebugDescription=The connection to service named com.apple.commcenter.coretelephony.xpc was invalidated: Connection init failed at lookup with error 3 - No such process.}
2026-10-05 06:40:08.551 A  HamsterAges[32191:1685c] (StoreKit) StoreKit/Products_SK2
2026-10-05 06:40:08.554 Df HamsterAges[32191:1685c] [com.apple.xpc:connection] [0x10bd1dce0] activating connection: mach=true listener=false peer=false name=com.apple.storekitd
2026-10-05 06:40:08.559 Df HamsterAges[32191:16833] [com.apple.UIKit:AppLifecycle] sceneOfRecord: sceneID: sceneID:com.valkhim.hamsterages-095DB6B8-1B98-4E9F-9CFC-930C775EC66A  persistentID: 095DB6B8-1B98-4E9F-9CFC-930C775EC66A
2026-10-05 06:40:08.559 Df HamsterAges[32191:16833] [com.apple.UIKit:InterfaceStyle] Not push traits update to screen for new style 1, <UIWindowScene: 0x104707a40> (095DB6B8-1B98-4E9F-9CFC-930C775EC66A)
2026-10-05 06:40:08.560 Df HamsterAges[32191:16833] [com.apple.FrontBoard:SceneExtension] Realizing settings extension SBUISecureRenderingSettingsExtension on FBSSceneSettings
2026-10-05 06:40:08.562 Df HamsterAges[32191:16833] [com.apple.UIKit:InterfaceStyle] Not push traits update to screen for new style 1, <UIWindowScene: 0x104707a40> (095DB6B8-1B98-4E9F-9CFC-930C775EC66A)
2026-10-05 06:40:08.563 Df HamsterAges[32191:16833] [com.apple.UIKit:InterfaceStyle] Not push traits update to screen for new style 1, <UIWindowScene: 0x104707a40> (095DB6B8-1B98-4E9F-9CFC-930C775EC66A)
2026-10-05 06:40:08.564 Df HamsterAges[32191:16833] [com.apple.UIKit:AppLifecycle] sceneOfRecord: sceneID: sceneID:com.valkhim.hamsterages-095DB6B8-1B98-4E9F-9CFC-930C775EC66A  persistentID: 095DB6B8-1B98-4E9F-9CFC-930C775EC66A
2026-10-05 06:40:08.565 Df HamsterAges[32191:16833] [com.apple.UIKit:Application] Deactivation reason removed: 12; deactivation reasons: 4128 -> 32; animating application lifecycle event: 1
2026-10-05 06:40:08.565 Df HamsterAges[32191:16833] [com.apple.KeyboardArbiter:Client] Send setDeactivating: N (-DeactivationReason:SuspendedEventsOnly)
2026-10-05 06:40:08.566 Df HamsterAges[32191:16833] [com.apple.UIKit:Application] Deactivation reason removed: 5; deactivation reasons: 32 -> 0; animating application lifecycle event: 0
2026-10-05 06:40:08.568 Df HamsterAges[32191:16833] [com.apple.KeyboardArbiter:Client] startConnection
2026-10-05 06:40:08.570 Df HamsterAges[32191:16833] [com.apple.xpc:connection] [0x104772f50] activating connection: mach=true listener=false peer=false name=com.apple.UIKit.KeyboardManagement.hosted
2026-10-05 06:40:08.638 Df HamsterAges[32191:1685f] [com.apple.xpc:connection] [0x104912ea0] activating connection: mach=true listener=false peer=false name=com.apple.commcenter.coretelephony.xpc
2026-10-05 06:40:08.640 Df HamsterAges[32191:16833] [com.apple.KeyboardArbiter:Client] handleKeyboardChange: set currentKeyboard:N (wasKeyboard:N)
2026-10-05 06:40:08.643 Df HamsterAges[32191:16833] [com.apple.UIKit:KeyboardArbiterClientLog] isWritingToolsHandlingKeyboardTracking:Y (WT ready:Y, Arbiter ready:Y)
2026-10-05 06:40:08.645 Sd HamsterAges[32191:0] (71A4AB2B-6C63-3811-A45D-80D677A41A21) UAUserActivity
UAUserActivityManager supportsActivityContinuation=YES isEnabled=YES serverPid=0 PROJECT:UserActivity-551
2026-10-05 06:40:08.679 Df HamsterAges[32191:1685f] [com.apple.xpc:connection] [0x104912ea0] failed to do a bootstrap look-up: xpc_error=[3: No such process]
2026-10-05 06:40:08.681 Df HamsterAges[32191:1686f] [com.apple.xpc:connection] [0x10bd1dce0] invalidated because the current process cancelled the connection by calling xpc_connection_cancel()
2026-10-05 06:40:08.681 Df HamsterAges[32191:1685e] [com.apple.storekit:Default] AAFService connection invalidated
2026-10-05 06:40:08.684 Df HamsterAges[32191:1685f] [com.apple.xpc:connection] [0x104912ea0] invalidated after a failed init
2026-10-05 06:40:08.684 Df HamsterAges[32191:1685f] [com.apple.CoreTelephony:Client] Sending selectors to server: (
    "regDataModeChanged:dataMode:",
    "carrierBundleChange:",
    "currentDataServiceDescriptorChanged:"
)
2026-10-05 06:40:08.685 Df HamsterAges[32191:1685f] [com.apple.CoreTelephony:Client] Sending selectors to server: (
    "regDataModeChanged:dataMode:",
    "carrierBundleChange:",
    "currentDataServiceDescriptorChanged:"
)
2026-10-05 06:40:08.685 Df HamsterAges[32191:1685f] [com.apple.CoreTelephony:Client] Connection has been invalidated
2026-10-05 06:40:08.685 E  HamsterAges[32191:1685f] [com.apple.CoreTelephony:Client] Updating selectors failed with: Error Domain=NSCocoaErrorDomain Code=4099 "The connection to service named com.apple.commcenter.coretelephony.xpc was invalidated: Connection init failed at lookup with error 3 - No such process." UserInfo={NSDebugDescription=The connection to service named com.apple.commcenter.coretelephony.xpc was invalidated: Connection init failed at lookup with error 3 - No such process.}
2026-10-05 06:40:08.685 E  HamsterAges[32191:1685f] [com.apple.CoreTelephony:Client] Updating selectors after delegate addition failed with: Error Domain=NSCocoaErrorDomain Code=4099 "The connection to service named com.apple.commcenter.coretelephony.xpc was invalidated: Connection init failed at lookup with error 3 - No such process." UserInfo={NSDebugDescription=The connection to service named com.apple.commcenter.coretelephony.xpc was invalidated: Connection init failed at lookup with error 3 - No such process.}
2026-10-05 06:40:08.687 Df HamsterAges[32191:16833] [com.apple.network:activity] <nw_activity 50:1 [B494380C-95A8-4CF0-960A-0FB8A1E2D644] (global parent) (reporting strategy default) complete (reason success)> complete with reason 2 (success), duration 3609ms
2026-10-05 06:40:08.687 Df HamsterAges[32191:16833] [com.apple.network:activity] <nw_activity 50:2 [D9A43C84-1DC7-4B15-A484-7117C084A68B] (reporting strategy default) complete (reason success)> complete with reason 2 (success), duration 3609ms
2026-10-05 06:40:08.687 Df HamsterAges[32191:16833] [com.apple.network:activity] Unsetting the global parent activity <nw_activity 50:1 [B494380C-95A8-4CF0-960A-0FB8A1E2D644] (global parent) (reporting strategy default) complete (reason success)>
2026-10-05 06:40:08.687 Df HamsterAges[32191:16833] [com.apple.network:activity] Unset the global parent activity
2026-10-05 06:40:09.049 Df HamsterAges[32191:16833] [com.apple.UIKit:Orientation] <UIWindowScene: 0x104707a40> (095DB6B8-1B98-4E9F-9CFC-930C775EC66A) Scene updated orientation preferences: ( Lr ) -> ( Ll Lr )
2026-10-05 06:40:14.552 Df HamsterAges[32249:16964] [com.apple.xpc:connection] [0x1009065e0] activating connection: mach=true listener=false peer=false name=com.apple.cfprefsd.daemon
2026-10-05 06:40:14.552 Df HamsterAges[32249:16953] (libMobileGestalt.dylib) No persisted cache on this platform.
2026-10-05 06:40:14.553 Df HamsterAges[32249:16966] [com.apple.BoardServices:XPCErrors] [C:1] Alloc com.apple.frontboard.systemappservices
2026-10-05 06:40:14.554 Df HamsterAges[32249:16966] [com.apple.xpc:connection] [0x100804f10] activating connection: mach=false listener=false peer=false name=(anonymous)
2026-10-05 06:40:14.557 Df HamsterAges[32249:16964] [com.apple.UIKit:BackgroundTask] Creating new assertion because there is no existing background assertion.
2026-10-05 06:40:14.557 A  HamsterAges[32249:16965] (CoreFoundation) Loading Preferences From User Session CFPrefsD
2026-10-05 06:40:14.569 Df HamsterAges[32249:16964] [com.apple.UIKit:BackgroundTask] Creating new background assertion
2026-10-05 06:40:14.569 Df HamsterAges[32249:16964] [com.apple.UIKit:BackgroundTask] Created new background assertion <BKSProcessAssertion: 0x60000210eb70>
2026-10-05 06:40:14.569 Df HamsterAges[32249:16964] [com.apple.runningboard:connection] Initializing connection
2026-10-05 06:40:14.569 Df HamsterAges[32249:16964] [com.apple.runningboard:process] Removing all cached process handles
2026-10-05 06:40:14.569 Df HamsterAges[32249:16964] [com.apple.runningboard:connection] Creating connection to com.apple.runningboard
2026-10-05 06:40:14.569 Df HamsterAges[32249:16964] [com.apple.xpc:connection] [0x100b05120] activating connection: mach=true listener=false peer=false name=com.apple.runningboard
2026-10-05 06:40:14.569 Df HamsterAges[32249:16967] [com.apple.runningboard:connection] Sending handshake request attempt #1 to server
2026-10-05 06:40:14.570 Df HamsterAges[32249:16953] [com.apple.UIKit:Application] Deactivation reason added: 10; deactivation reasons: 0 -> 1024; animating application lifecycle event: 0
2026-10-05 06:40:14.570 A  HamsterAges[32249:1696b] (RunningBoardServices) didChangeInheritances
2026-10-05 06:40:14.570 Df HamsterAges[32249:16953] [com.apple.BoardServices:Injection] activating monitor for service com.apple.frontboard.open
2026-10-05 06:40:14.571 Df HamsterAges[32249:16953] [com.apple.BoardServices:Injection] activating monitor for service com.apple.frontboard.workspace-service
2026-10-05 06:40:14.571 Df HamsterAges[32249:16967] [com.apple.runningboard:connection] Handshake succeeded
2026-10-05 06:40:14.571 Df HamsterAges[32249:16967] [com.apple.runningboard:connection] Identity resolved as app<com.valkhim.hamsterages((null))>
2026-10-05 06:40:14.571 Df HamsterAges[32249:16953] [com.apple.FrontBoard:Common] FBSWorkspace registering source: com.apple.frontboard.systemappservices
2026-10-05 06:40:14.572 Df HamsterAges[32249:16964] [com.apple.UIKit:BackgroundTask] Incrementing reference count for background assertion <BKSProcessAssertion: 0x60000210eb70>
2026-10-05 06:40:14.573 Df HamsterAges[32249:16964] [com.apple.UIKit:BackgroundTask] Created background task <_UIBackgroundTaskInfo: 0x60000170d2c0>: taskID = 1, taskName = Launch Background Task for Coalescing, creationTime = 1208 (elapsed = 0).
2026-10-05 06:40:14.573 Df HamsterAges[32249:16964] [com.apple.FrontBoard:SceneExtension] Realizing settings extension _UIApplicationSceneKeyboardSettings on FBSSceneSettings
2026-10-05 06:40:14.575 Df HamsterAges[32249:16953] [com.apple.FrontBoard:Common] FBSWorkspace connected to endpoint : <BSServiceConnectionEndpoint: 0x600000209720; target: com.apple.frontboard.systemappservices; service: com.apple.frontboard.workspace-service>
2026-10-05 06:40:14.575 Df HamsterAges[32249:16953] [com.apple.FrontBoard:Common] <FBSWorkspaceScenesClient:0x6000030081b0 com.apple.frontboard.systemappservices> attempting immediate handshake from activate
2026-10-05 06:40:14.575 Df HamsterAges[32249:16953] [com.apple.FrontBoard:Common] <FBSWorkspaceScenesClient:0x6000030081b0 com.apple.frontboard.systemappservices> sent handshake
2026-10-05 06:40:14.575 Df HamsterAges[32249:16953] [com.apple.runningboard:general] Added observer for process assertions expiration warning: <_RBSExpirationWarningClient: 0x6000002121e0>
2026-10-05 06:40:14.576 Df HamsterAges[32249:16964] [com.apple.FrontBoard:SceneExtension] Realizing settings extension <_UISceneOcclusionSettings> on FBSSceneSettings
2026-10-05 06:40:14.576 Df HamsterAges[32249:16964] [com.apple.FrontBoard:SceneExtension] Realizing settings extension <_UISceneInterfaceProtectionSettings> on FBSSceneSettings
2026-10-05 06:40:14.576 Df HamsterAges[32249:16964] [com.apple.FrontBoard:SceneExtension] Realizing settings extension _UISceneLayoutPreferencesHostSettingsExtension on FBSSceneSettings
2026-10-05 06:40:14.578 Df HamsterAges[32249:16964] [com.apple.FrontBoard:SceneExtension] Realizing settings extension _UISceneSafeAreaSettingsExtension on FBSSceneSettings
2026-10-05 06:40:14.579 Df HamsterAges[32249:16964] [com.apple.FrontBoard:SceneExtension] Realizing settings extension _UISceneLayoutPreferenceClientSettingsExtension on FBSSceneClientSettings
2026-10-05 06:40:14.579 Df HamsterAges[32249:16953] [com.apple.UIKit:UIScreen] Evaluated capturing state as 0 on <UIScreen: 0x100907e20> for initial
2026-10-05 06:40:14.579 Df HamsterAges[32249:16964] [com.apple.FrontBoard:SceneExtension] Realizing settings extension <_UIHomeAffordanceHostSceneSettings> on FBSSceneSettings
2026-10-05 06:40:14.579 Df HamsterAges[32249:16953] [com.apple.UIKit:UIScreen] Evaluated capturing state as 0 on <UIScreen: 0x100907e20> for CADisplay KVO
2026-10-05 06:40:14.580 Df HamsterAges[32249:16964] [com.apple.FrontBoard:SceneExtension] Realizing settings extension _UISystemShellSceneHostingEnvironmentSettings on FBSSceneSettings
2026-10-05 06:40:14.580 Df HamsterAges[32249:16964] [com.apple.FrontBoard:SceneExtension] Realizing settings extension _UISceneRenderingEnvironmentSettings on FBSSceneSettings
2026-10-05 06:40:14.580 Df HamsterAges[32249:16964] [com.apple.FrontBoard:SceneExtension] Realizing settings extension <_UISceneRenderingEnvironmentClientSettings> on FBSSceneClientSettings
2026-10-05 06:40:14.581 Df HamsterAges[32249:16964] [com.apple.FrontBoard:SceneExtension] Realizing settings extension <_UISceneTransitioningHostSettings> on FBSSceneSettings
2026-10-05 06:40:14.581 Df HamsterAges[32249:16964] [com.apple.FrontBoard:SceneExtension] Realizing settings extension <_UISceneFocusSystemSettings> on FBSSceneSettings
2026-10-05 06:40:14.582 Df HamsterAges[32249:16964] [com.apple.FrontBoard:SceneExtension] Realizing settings extension _UISceneOrientationSettingsExtension on FBSSceneSettings
2026-10-05 06:40:14.582 Df HamsterAges[32249:16964] [com.apple.FrontBoard:SceneExtension] Realizing settings extension _UISceneOrientationClientSettingsExtension on FBSSceneClientSettings
2026-10-05 06:40:14.582 Df HamsterAges[32249:16964] [com.apple.FrontBoard:SceneExtension] Realizing settings extension _UISceneWindowingControlClientSettings on FBSSceneClientSettings
2026-10-05 06:40:14.583 Df HamsterAges[32249:16964] [com.apple.FrontBoard:SceneExtension] Realizing settings extension <_UISceneHostingContentSizePreferenceClientSettings> on FBSSceneClientSettings
2026-10-05 06:40:14.583 Df HamsterAges[32249:16964] [com.apple.FrontBoard:SceneExtension] Realizing settings extension _UISceneHostingTraitCollectionPropagationSettings on FBSSceneSettings
2026-10-05 06:40:14.583 Df HamsterAges[32249:16964] [com.apple.FrontBoard:SceneExtension] Realizing settings extension <_UISceneHostingSheetPresentationSettings> on FBSSceneSettings
2026-10-05 06:40:14.583 Df HamsterAges[32249:16964] [com.apple.FrontBoard:SceneExtension] Realizing settings extension <_UISceneHostingSheetPresentationClientSettings> on FBSSceneClientSettings
2026-10-05 06:40:14.583 Df HamsterAges[32249:16964] [com.apple.FrontBoard:SceneExtension] Realizing settings extension <_UISceneHostingEventDeferringSettings> on FBSSceneSettings
2026-10-05 06:40:14.585 Df HamsterAges[32249:16964] [com.apple.FrontBoard:SceneExtension] Realizing settings extension <UIKit__UITypedKeyValueSceneSettings> on FBSSceneSettings
2026-10-05 06:40:14.585 Df HamsterAges[32249:16964] [com.apple.FrontBoard:SceneExtension] Realizing settings extension <UIKit__UITypedKeyValueSceneSettings> on FBSSceneClientSettings
2026-10-05 06:40:14.586 Df HamsterAges[32249:16964] [com.apple.FrontBoard:SceneExtension] Realizing settings extension <_UISceneHostingViewControllerPreferencePropagationClientSettings> on FBSSceneClientSettings
2026-10-05 06:40:14.586 Df HamsterAges[32249:16953] [com.apple.Accessibility:AXSupportCommon] Read CategoryName: per-app = 1, category name = (null)
2026-10-05 06:40:14.586 Df HamsterAges[32249:16953] [com.apple.Accessibility:AXSupportCommon] Read CategoryName: per-app = 0, category name = (null)
2026-10-05 06:40:14.586 Df HamsterAges[32249:16964] [com.apple.FrontBoard:SceneExtension] Realizing settings extension <_UISceneZoomTransitionSettings> on FBSSceneSettings
2026-10-05 06:40:14.587 Df HamsterAges[32249:16967] [com.apple.FrontBoard:SceneExtension] Realizing settings extension FBSSceneSettingsCore on FBSSceneSettings
2026-10-05 06:40:14.590 Df HamsterAges[32249:16967] [com.apple.FrontBoard:SceneExtension] Realizing settings extension FBSSceneClientSettingsCore on FBSSceneClientSettings
2026-10-05 06:40:14.599 Df HamsterAges[32249:16953] [com.apple.dt.xctest:Default] Registering for test daemon availability notify post.
2026-10-05 06:40:14.600 Df HamsterAges[32249:16953] [com.apple.dt.xctest:Default] notify_get_state check indicated test daemon not ready.
2026-10-05 06:40:14.600 Df HamsterAges[32249:16953] [com.apple.dt.xctest:Default] notify_get_state check indicated test daemon not ready.
2026-10-05 06:40:14.600 Df HamsterAges[32249:16953] [com.apple.dt.xctest:Default] notify_get_state check indicated test daemon not ready.
2026-10-05 06:40:14.601 Df HamsterAges[32249:16953] [com.apple.UIKit:Application] Deactivation reason added: 11; deactivation reasons: 1024 -> 3072; animating application lifecycle event: 0
2026-10-05 06:40:14.601 Df HamsterAges[32249:16967] [com.apple.FrontBoard:SceneExtension] UIMutableApplicationSceneSettings setting counterpart class: UIApplicationSceneSettings
2026-10-05 06:40:14.601 Df HamsterAges[32249:16967] [com.apple.FrontBoard:SceneExtension] UIMutableApplicationSceneClientSettings setting counterpart class: UIApplicationSceneClientSettings
2026-10-05 06:40:14.601 Df HamsterAges[32249:16967] [com.apple.FrontBoard:SceneExtension] Realizing settings extension FBSSceneTransitionContextCore on FBSSceneTransitionContext
2026-10-05 06:40:14.602 Df HamsterAges[32249:16953] [com.apple.UIKit:Application] Deactivation reason removed: 10; deactivation reasons: 3072 -> 2048; animating application lifecycle event: 0
2026-10-05 06:40:14.603 Df HamsterAges[32249:16953] [com.apple.UIKit:EventBus] Event Timing Profile for Touch: not found, path="/System/Library/EventTimingProfiles/Sim.Touch.plist"
2026-10-05 06:40:14.603 Df HamsterAges[32249:16953] [com.apple.UIKit:EventBus] Event Timing Profile for Pencil: not found, path="/System/Library/EventTimingProfiles/Sim.Pencil.plist"
2026-10-05 06:40:14.603 Df HamsterAges[32249:16953] [com.apple.UIKit:UpdateScheduler] Selected display: name=LCD (PurpleMain), id=1
2026-10-05 06:40:14.604 Df HamsterAges[32249:16964] [com.apple.FileURL:default] kExcludedFromBackupXattrName set on path: /Users/runner/Library/Developer/CoreSimulator/Devices/291E4B86-C951-41A7-8327-84BF0304D0A9/data/Containers/Data/Application/B27423C8-BF3A-4B75-AE28-417D0A9821D7/Library/Application Support/GoogleMobileAds/Settings
2026-10-05 06:40:14.605 Df HamsterAges[32249:16964] [com.apple.FileURL:default] kExcludedFromBackupXattrName set on path: /Users/runner/Library/Developer/CoreSimulator/Devices/291E4B86-C951-41A7-8327-84BF0304D0A9/data/Containers/Data/Application/B27423C8-BF3A-4B75-AE28-417D0A9821D7/Library/Application Support/GoogleMobileAds/storage
2026-10-05 06:40:14.605 Df HamsterAges[32249:16953] [com.apple.xpc:connection] [0x10080a6a0] activating connection: mach=true listener=false peer=false name=com.apple.lsd.mapdb
2026-10-05 06:40:14.606 Df HamsterAges[32249:16964] [com.apple.FileURL:default] kExcludedFromBackupXattrName set on path: /Users/runner/Library/Developer/CoreSimulator/Devices/291E4B86-C951-41A7-8327-84BF0304D0A9/data/Containers/Data/Application/B27423C8-BF3A-4B75-AE28-417D0A9821D7/Library/Application Support/GoogleMobileAds/AdapterSettings
2026-10-05 06:40:14.606 Df HamsterAges[32249:16964] [com.apple.xpc:connection] [0x100b09280] activating connection: mach=true listener=false peer=false name=com.apple.lsd.advertisingidentifiers
2026-10-05 06:40:14.607 A  HamsterAges[32249:16964] (libsystem_containermanager.dylib) container_system_group_path_for_identifier
2026-10-05 06:40:14.607 Df HamsterAges[32249:16964] [com.apple.containermanager:xpc] Requesting container lookup; class = 13, identifier = (null), group_identifier = systemgroup.com.apple.configurationprofiles, create = 1, temp = 0, euid = 501, uid = 501
2026-10-05 06:40:14.607 A  HamsterAges[32249:16964] (libsystem_containermanager.dylib) container_query_t
2026-10-05 06:40:14.607 Df HamsterAges[32249:16964] [com.apple.containermanager:xpc] Query; euid = 501, uid = 501, class = 13, identifier = [(null)](0), flags = 900000003
2026-10-05 06:40:14.609 Df HamsterAges[32249:16964] [com.apple.containermanager:unspecified] _container_query_get_result_at_index: success
2026-10-05 06:40:14.609 A  HamsterAges[32249:16964] (libsystem_containermanager.dylib) container_copy_object
2026-10-05 06:40:14.609 Df HamsterAges[32249:16964] [com.apple.containermanager:unspecified] container_system_group_path_for_identifier: success
2026-10-05 06:40:14.609 Df HamsterAges[32249:16964] [com.apple.ManagedConfiguration:MC] Got system group container path from MCM for systemgroup.com.apple.configurationprofiles: /Users/runner/Library/Developer/CoreSimulator/Devices/291E4B86-C951-41A7-8327-84BF0304D0A9/data/Containers/Shared/SystemGroup/systemgroup.com.apple.configurationprofiles
2026-10-05 06:40:14.665 Df HamsterAges[32249:16953] [com.apple.BoardServices:XPCErrors] [C:2] Alloc com.apple.backboard.hid-services.xpc
2026-10-05 06:40:14.665 Df HamsterAges[32249:16953] [com.apple.xpc:connection] [0x100b08510] activating connection: mach=false listener=false peer=false name=(anonymous)
2026-10-05 06:40:14.665 Df HamsterAges[32249:16965] [com.apple.BackBoard:EventDelivery] BKSHIDEventDeliveryManager - connection activation
2026-10-05 06:40:14.669 Df HamsterAges[32249:16953] [com.apple.UIKit:BackgroundTask] Will add backgroundTask with taskName: Persistent SceneSession Map Update, expirationHandler: <__NSGlobalBlock__: 0x1e61729e0>
2026-10-05 06:40:14.669 Df HamsterAges[32249:16953] [com.apple.UIKit:BackgroundTask] Reusing background assertion <BKSProcessAssertion: 0x60000210eb70>
2026-10-05 06:40:14.669 Df HamsterAges[32249:16953] [com.apple.UIKit:BackgroundTask] Incrementing reference count for background assertion <BKSProcessAssertion: 0x60000210eb70>
2026-10-05 06:40:14.669 Df HamsterAges[32249:16953] [com.apple.UIKit:BackgroundTask] Created background task <_UIBackgroundTaskInfo: 0x60000170f7c0>: taskID = 2, taskName = Persistent SceneSession Map Update, creationTime = 1208 (elapsed = 0).
2026-10-05 06:40:14.669 Df HamsterAges[32249:16953] [com.apple.UIKit:Application] Deactivation reason added: 5; deactivation reasons: 2048 -> 2080; animating application lifecycle event: 1
2026-10-05 06:40:14.670 Df HamsterAges[32249:16953] [com.apple.UIKit:InterfaceStyle] Should send trait collection or coordinate space update, interface style 1 -> 1, <UIWindowScene: 0x10090ffe0> (B6FB7028-CCE6-41A1-AA3C-EE201A3F16DE)
2026-10-05 06:40:14.670 Df HamsterAges[32249:16953] [com.apple.UIKit:InterfaceStyle] Not push traits update to screen for new style 1, <UIWindowScene: 0x10090ffe0> (B6FB7028-CCE6-41A1-AA3C-EE201A3F16DE)
2026-10-05 06:40:14.671 Df HamsterAges[32249:16953] [com.apple.UIKit:HomeAffordanceObservation] Initializing: <_UIHomeAffordanceSceneNotifier: 0x60000290f6b0>; with scene: <UIWindowScene: 0x10090ffe0>
2026-10-05 06:40:14.671 Df HamsterAges[32249:16953] [com.apple.BacklightServices:scenes] 0x600000c1d8c0 setDelegate:<0x600000c1da10 _UIBacklightEnvironment> hasDelegate:YES for environment:sceneID:com.valkhim.hamsterages-B6FB7028-CCE6-41A1-AA3C-EE201A3F16DE
2026-10-05 06:40:14.671 Df HamsterAges[32249:16953] [com.apple.UIKit:InterfaceStyle] Not push traits update to screen for new style 1, <UIWindowScene: 0x10090ffe0> (B6FB7028-CCE6-41A1-AA3C-EE201A3F16DE)
2026-10-05 06:40:14.671 Df HamsterAges[32249:16953] [com.apple.UIKit:EventDeferring] [0x60000290f790] Initialized with scene: <UIWindowScene: 0x10090ffe0>; behavior: <_UIEventDeferringBehavior_iOS: 0x6000002031c0>; availableForProcess: 1, systemShellManagesKeyboardFocus: 1
2026-10-05 06:40:14.672 Df HamsterAges[32249:16965] [com.apple.BackBoard:EventDelivery] BKSHIDEventObserver - connection activation
2026-10-05 06:40:14.672 Df HamsterAges[32249:16953] [com.apple.BackBoard:EventDelivery] policyStatus:<BKSHIDEventDeliveryPolicyObserver: 0x60000260ce40; process scope; status: target> was:none
2026-10-05 06:40:14.672 Df HamsterAges[32249:16953] [com.apple.UIKit:KeyWindow] Setting default evaluation strategy for UIUserInterfaceIdiomPhone to LastOneWins
2026-10-05 06:40:14.672 Df HamsterAges[32249:16953] [com.apple.UIKit:KeyWindow] Scene target of keyboard event deferring environment did change: 1; scene: UIWindowScene: 0x10090ffe0; scene identity: com.apple.frontboard.systemappservices/FBSceneManager:sceneID%3Acom.valkhim.hamsterages-B6FB7028-CCE6-41A1-AA3C-EE201A3F16DE
2026-10-05 06:40:14.673 Df HamsterAges[32249:16953] [com.apple.UIKit:EventDeferring] [0x60000290f790] Scene target of event deferring environments did update: scene: 0x10090ffe0; current systemShellManagesKeyboardFocus: 1; systemShellManagesKeyboardFocusForScene: 1; eligibleForRecordRemoval: 1;
2026-10-05 06:40:14.673 Df HamsterAges[32249:16953] [com.apple.UIKit:KeyWindow] Scene became target of keyboard event deferring environment: UIWindowScene: 0x10090ffe0; scene identity: com.apple.frontboard.systemappservices/FBSceneManager:sceneID%3Acom.valkhim.hamsterages-B6FB7028-CCE6-41A1-AA3C-EE201A3F16DE
2026-10-05 06:40:14.673 Df HamsterAges[32249:16953] [com.apple.UIKit:KeyWindow] Stack[KeyWindow] 0x600000c26310: Taking no further action for migration from LastOneWins -> SystemShellManaged as there are no scenes
2026-10-05 06:40:14.673 Df HamsterAges[32249:16953] [com.apple.UIKit:KeyWindow] Setting default evaluation strategy for UIUserInterfaceIdiomPhone to SystemShellManaged
2026-10-05 06:40:14.673 Df HamsterAges[32249:16953] [com.apple.UIKit:KeyWindow] Key window needs update: 0; currentKeyWindowScene: 0x0; evaluatedKeyWindowScene: 0x10090ffe0; currentApplicationKeyWindow: 0x0; evaluatedApplicationKeyWindow: 0x0; reason: UIWindowScene: 0x10090ffe0: Window scene became target of keyboard environment
2026-10-05 06:40:14.673 Df HamsterAges[32249:16953] [com.apple.UIKit:InterfaceStyle] Not push traits update to screen for new style 1, <UIWindowScene: 0x10090ffe0> (B6FB7028-CCE6-41A1-AA3C-EE201A3F16DE)
2026-10-05 06:40:14.673 Df HamsterAges[32249:16953] [com.apple.UIKit:InterfaceStyle] Not push traits update to screen for new style 1, <UIWindowScene: 0x10090ffe0> (B6FB7028-CCE6-41A1-AA3C-EE201A3F16DE)
2026-10-05 06:40:14.674 Df HamsterAges[32249:16953] [com.apple.UIKit:InterfaceStyle] Not push traits update to screen for new style 1, <UIWindowScene: 0x10090ffe0> (B6FB7028-CCE6-41A1-AA3C-EE201A3F16DE)
2026-10-05 06:40:14.727 Df HamsterAges[32249:16953] [com.apple.UIKit:Orientation] <UIWindowScene: 0x10090ffe0> (B6FB7028-CCE6-41A1-AA3C-EE201A3F16DE) Scene updated orientation preferences: none -> ( Ll Lr )
2026-10-05 06:40:14.731 Df HamsterAges[32249:16953] [com.apple.UIKit:KeyWindow] Key window API is scene-level: YES
2026-10-05 06:40:14.731 Df HamsterAges[32249:16953] [com.apple.UIKit:KeyWindow] UIWindowScene: 0x10090ffe0: Window became key in scene: UIWindow: 0x1009128f0; contextId: 0xF138D811: reason: UIWindowScene: 0x10090ffe0: Window requested to become key in scene: 0x1009128f0
2026-10-05 06:40:14.731 Df HamsterAges[32249:16953] [com.apple.UIKit:KeyWindow] Key window needs update: 1; currentKeyWindowScene: 0x0; evaluatedKeyWindowScene: 0x10090ffe0; currentApplicationKeyWindow: 0x0; evaluatedApplicationKeyWindow: 0x1009128f0; reason: UIWindowScene: 0x10090ffe0: Window requested to become key in scene: 0x1009128f0
2026-10-05 06:40:14.731 Df HamsterAges[32249:16953] [com.apple.UIKit:KeyWindow] Window did become application key: UIWindow: 0x1009128f0; contextId: 0xF138D811; scene identity: com.apple.frontboard.systemappservices/FBSceneManager:sceneID%3Acom.valkhim.hamsterages-B6FB7028-CCE6-41A1-AA3C-EE201A3F16DE
2026-10-05 06:40:14.731 Df HamsterAges[32249:16953] [com.apple.UIKit:EventDeferring] [0x60000290f790] Begin local event deferring requested for token: 0x60000260f480; environments: 1; reason: UIWindowScene: 0x10090ffe0: Begin event deferring in keyboardFocus for window: 0x1009128f0
2026-10-05 06:40:14.732 Df HamsterAges[32249:16967] [com.apple.BackBoard:EventDelivery] policyStatus:<BKSHIDEventDeliveryPolicyObserver: 0x60000260ce40; token: com.apple.frontboard.systemappservices/FBSceneManager:sceneID%3Acom.valkhim.hamsterages-B6FB7028-CCE6-41A1-AA3C-EE201A3F16DE; status: ancestor> was:target
2026-10-05 06:40:14.732 Df HamsterAges[32249:16953] [com.apple.UIKit:InterfaceStyle] Not push traits update to screen for new style 1, <UIWindowScene: 0x10090ffe0> (B6FB7028-CCE6-41A1-AA3C-EE201A3F16DE)
2026-10-05 06:40:14.733 Df HamsterAges[32249:16953] [com.apple.UIKit:AppLifecycle] sceneOfRecord: sceneID: sceneID:com.valkhim.hamsterages-B6FB7028-CCE6-41A1-AA3C-EE201A3F16DE  persistentID: B6FB7028-CCE6-41A1-AA3C-EE201A3F16DE
2026-10-05 06:40:14.733 Df HamsterAges[32249:16953] [com.apple.UIKit:Application] Ignoring already applied deactivation reason: 5; deactivation reasons: 2080
2026-10-05 06:40:14.733 Df HamsterAges[32249:16953] [com.apple.UIKit:Application] Deactivation reason added: 12; deactivation reasons: 2080 -> 6176; animating application lifecycle event: 1
2026-10-05 06:40:14.733 Df HamsterAges[32249:16953] [com.apple.UIKit:Application] Deactivation reason removed: 11; deactivation reasons: 6176 -> 4128; animating application lifecycle event: 1
2026-10-05 06:40:14.733 Df HamsterAges[32249:16953] [com.apple.FrontBoard:SceneExtension] Realizing settings extension <_UISceneIntelligenceSupportSettings> on FBSSceneSettings
2026-10-05 06:40:14.733 Df HamsterAges[32249:16967] [com.apple.UIIntelligenceSupport:xpc] establishing connection to agent
2026-10-05 06:40:14.734 Df HamsterAges[32249:16967] [com.apple.xpc:session] [0x6000021143c0] Session created.
2026-10-05 06:40:14.734 Df HamsterAges[32249:16967] [com.apple.xpc:session] [0x6000021143c0] Session created from connection [0x10091baf0]
2026-10-05 06:40:14.734 Df HamsterAges[32249:16953] [com.apple.UIKit:InterfaceStyle] Not push traits update to screen for new style 1, <UIWindowScene: 0x10090ffe0> (B6FB7028-CCE6-41A1-AA3C-EE201A3F16DE)
2026-10-05 06:40:14.734 Df HamsterAges[32249:16967] [com.apple.xpc:connection] [0x10091baf0] activating connection: mach=true listener=false peer=false name=com.apple.uiintelligencesupport.agent
2026-10-05 06:40:14.734 Df HamsterAges[32249:16967] [com.apple.xpc:session] [0x6000021143c0] Session activated
2026-10-05 06:40:14.737 A  HamsterAges[32249:16953] (CoreFoundation) Updating Key-Value Observers Of Preferences
2026-10-05 06:40:14.789 E  HamsterAges[32249:16953] [com.apple.kvs:Connection] Unable to find entitlement for KVS store
2026-10-05 06:40:14.790 F  HamsterAges[32249:16953] [com.apple.kvs:Connection] BUG IN CLIENT OF KVS: Trying to initialize NSUbiquitousKeyValueStore without a store identifier. Please specify your store identifier in the 'com.apple.developer.ubiquity-kvstore-identifier' entitlement.
2026-10-05 06:40:14.790 A  HamsterAges[32249:16953] (libsystem_trace.dylib) Activity for state dumps
2026-10-05 06:40:14.997 Df HamsterAges[32249:16967] [com.apple.xpc:connection] [0x100b0d9e0] activating connection: mach=true listener=false peer=false name=com.apple.fontservicesd
2026-10-05 06:40:15.125 Df HamsterAges[32249:16953] [com.apple.FrontBoard:SceneClient] [(FBSceneManager):sceneID:com.valkhim.hamsterages-B6FB7028-CCE6-41A1-AA3C-EE201A3F16DE] Sending action(s): BLSInvalidateFrameSpecifiersAction
2026-10-05 06:40:15.125 Df HamsterAges[32249:16953] [com.apple.UIKit:InterfaceStyle] Not push traits update to screen for new style 1, <UIWindowScene: 0x10090ffe0> (B6FB7028-CCE6-41A1-AA3C-EE201A3F16DE)
2026-10-05 06:40:15.125 Df HamsterAges[32249:16953] [com.apple.UIKit:_UIVisualStyleRegistry] Warning: no visual style classes have been registered at all.
2026-10-05 06:40:15.127 Df HamsterAges[32249:16953] [com.apple.network:] networkd_settings_read_from_file initialized networkd settings by reading plist directly
2026-10-05 06:40:15.127 Df HamsterAges[32249:16953] [com.apple.network:] networkd_settings_read_from_file initialized networkd settings by reading plist directly
2026-10-05 06:40:15.129 Df HamsterAges[32249:16953] [com.apple.CFNetwork:Default] Task <A7335CEC-BFDF-4B01-A964-195EBD55B1CD>.<1> resuming, timeouts(8.0, 604800.0) qos(0x21) voucher((null)) activity(00000000-0000-0000-0000-000000000000)
2026-10-05 06:40:15.129 A  HamsterAges[32249:16953] (CoreFoundation) Loading Preferences From User Session CFPrefsD
2026-10-05 06:40:15.132 Df HamsterAges[32249:1696b] [com.apple.CFNetwork:Default] Initializing NSHTTPCookieStorage singleton
2026-10-05 06:40:15.133 Df HamsterAges[32249:1696b] [com.apple.CFNetwork:Default] Initializing CFHTTPCookieStorage singleton
2026-10-05 06:40:15.133 Df HamsterAges[32249:1696b] [com.apple.CFNetwork:Default] Creating default cookie storage with process/bundle identifier
2026-10-05 06:40:15.134 A  HamsterAges[32249:1696b] (libsystem_containermanager.dylib) container_system_group_path_for_identifier
2026-10-05 06:40:15.134 Df HamsterAges[32249:1696b] [com.apple.containermanager:xpc] Requesting container lookup; class = 13, identifier = com.apple.nsurlsessiond, group_identifier = systemgroup.com.apple.nsurlstoragedresources, create = 1, temp = 0, euid = 501, uid = 501
2026-10-05 06:40:15.134 A  HamsterAges[32249:1696b] (libsystem_containermanager.dylib) container_query_t
2026-10-05 06:40:15.134 Df HamsterAges[32249:1696b] [com.apple.containermanager:xpc] Query; euid = 501, uid = 501, class = 13, identifier = [com.apple.nsurlsessiond](1), flags = 900000003
2026-10-05 06:40:15.135 Df HamsterAges[32249:1696b] [com.apple.containermanager:unspecified] _container_query_get_result_at_index: success
2026-10-05 06:40:15.135 A  HamsterAges[32249:1696b] (libsystem_containermanager.dylib) container_copy_object
2026-10-05 06:40:15.135 Df HamsterAges[32249:1696b] [com.apple.containermanager:unspecified] container_system_group_path_for_identifier: success
2026-10-05 06:40:15.135 Df HamsterAges[32249:1696b] [com.apple.CFNetwork:Default] Initializing AlternativeServices Storage singleton
2026-10-05 06:40:15.135 Df HamsterAges[32249:1696b] [com.apple.FileURL:default] kExcludedFromBackupXattrName set on path: /Users/runner/Library/Developer/CoreSimulator/Devices/291E4B86-C951-41A7-8327-84BF0304D0A9/data/Containers/Data/Application/B27423C8-BF3A-4B75-AE28-417D0A9821D7/Library/HTTPStorages/com.valkhim.hamsterages
2026-10-05 06:40:15.138 Df HamsterAges[32249:1696b] [com.apple.CFNetwork:Default] Connection 0: creating secure tcp or quic connection
2026-10-05 06:40:15.140 Df HamsterAges[32249:1696b] [com.apple.CFNetwork:Default] Connection 1: enabling TLS
2026-10-05 06:40:15.140 Df HamsterAges[32249:1696b] [com.apple.CFNetwork:Default] Connection 1: starting, TC(0x0)
2026-10-05 06:40:15.141 Df HamsterAges[32249:1696b] [com.apple.network:connection] [C1 3B287032-860A-4FDA-8E42-9AD2542DAAFE Hostname#e71b6f99:443 quic-connection, url: https://raw.githubusercontent.com/khimchuk00/hamster-ages/main/config/remote.json, definite, attribution: developer, context: com.apple.CFNetwork.NSURLSession.{37AF3A41-619E-424A-84E2-FCCEDF08B536}{(null)}{Y}{2}{0x0} (private), proc: 6A879243-69DF-3D44-BBA3-9BDFA1201B42, delegated upid: 0] start
2026-10-05 06:40:15.141 Df HamsterAges[32249:1696b] [com.apple.network:connection] [C1 Hostname#e71b6f99:443 initial parent-flow ((null))] event: path:start @0.000s
2026-10-05 06:40:15.141 Df HamsterAges[32249:1696b] [com.apple.network:connection] [C1 Hostname#e71b6f99:443 waiting parent-flow (satisfied (Path is satisfied), interface: en0)] event: path:satisfied @0.000s, uuid: 893F9A69-A08E-4145-A233-D18E658F1B49
2026-10-05 06:40:15.142 Df HamsterAges[32249:1696b] [com.apple.network:connection] [C1 Hostname#e71b6f99:443 in_progress parent-flow (satisfied (Path is satisfied), interface: en0)] event: flow:start_connect @0.001s
2026-10-05 06:40:15.142 Df HamsterAges[32249:1696b] [com.apple.network:connection] nw_connection_report_state_with_handler_on_nw_queue [C1] reporting state preparing
2026-10-05 06:40:15.142 Df HamsterAges[32249:1696b] [com.apple.network:connection] [C1 Hostname#e71b6f99:443 in_progress parent-flow (satisfied (Path is satisfied), interface: en0)] event: flow:start_child @0.001s
2026-10-05 06:40:15.142 Df HamsterAges[32249:1696b] [com.apple.network:connection] [C1.1 Hostname#e71b6f99:443 initial path ((null))] event: path:start @0.001s
2026-10-05 06:40:15.142 Df HamsterAges[32249:1696b] [com.apple.network:connection] [C1.1 Hostname#e71b6f99:443 waiting path (satisfied (Path is satisfied), interface: en0)] event: path:satisfied @0.001s, uuid: 893F9A69-A08E-4145-A233-D18E658F1B49
2026-10-05 06:40:15.142 Df HamsterAges[32249:1696b] [com.apple.network:connection] [C1.1 Hostname#e71b6f99:443 in_progress transform (satisfied (Path is satisfied), interface: en0)] event: transform:start @0.001s
2026-10-05 06:40:15.142 Df HamsterAges[32249:1696b] [com.apple.network:connection] [C1.1.1 Hostname#e71b6f99:443 initial path ((null))] event: path:start @0.001s
2026-10-05 06:40:15.143 Df HamsterAges[32249:1696b] [com.apple.network:connection] [C1.1.1 Hostname#e71b6f99:443 waiting path (satisfied (Path is satisfied), interface: en0)] event: path:satisfied @0.001s, uuid: 6A528527-BF8C-4EF7-AB16-C01DAB4C276F
2026-10-05 06:40:15.143 Df HamsterAges[32249:1696b] [com.apple.network:connection] [C1.1.1 Hostname#e71b6f99:443 in_progress resolver (satisfied (Path is satisfied), interface: en0)] event: resolver:start_dns @0.002s
2026-10-05 06:40:15.143 Df HamsterAges[32249:1696b] [com.apple.CFNetwork:Default] Task <A7335CEC-BFDF-4B01-A964-195EBD55B1CD>.<1> setting up Connection 1
2026-10-05 06:40:15.143 Df HamsterAges[32249:1696b] [com.apple.network:connection] nw_endpoint_resolver_update [C1.1.1 Hostname#e71b6f99:443 in_progress resolver (satisfied (Path is satisfied), interface: en0)] Adding endpoint handler for IPv4#0b1a2158:443
2026-10-05 06:40:15.143 Df HamsterAges[32249:1696b] [com.apple.network:connection] nw_endpoint_resolver_update [C1.1.1 Hostname#e71b6f99:443 in_progress resolver (satisfied (Path is satisfied), interface: en0)] Adding endpoint handler for IPv4#4f8261d4:443
2026-10-05 06:40:15.143 Df HamsterAges[32249:1696b] [com.apple.network:connection] nw_endpoint_resolver_update [C1.1.1 Hostname#e71b6f99:443 in_progress resolver (satisfied (Path is satisfied), interface: en0)] Adding endpoint handler for IPv4#ffcc74e6:443
2026-10-05 06:40:15.143 Df HamsterAges[32249:1696b] [com.apple.network:connection] nw_endpoint_resolver_update [C1.1.1 Hostname#e71b6f99:443 in_progress resolver (satisfied (Path is satisfied), interface: en0)] Adding endpoint handler for IPv4#f3f78260:443
2026-10-05 06:40:15.144 Df HamsterAges[32249:1696b] [com.apple.network:connection] [C1.1.1 Hostname#e71b6f99:443 in_progress resolver (satisfied (Path is satisfied), interface: en0)] event: resolver:receive_dns @0.002s
2026-10-05 06:40:15.144 Df HamsterAges[32249:1696b] [com.apple.network:connection] [C1.1.1.1 IPv4#0b1a2158:443 initial path ((null))] event: path:start @0.003s
2026-10-05 06:40:15.144 Df HamsterAges[32249:1696b] [com.apple.network:connection] [C1.1.1.1 IPv4#0b1a2158:443 waiting path (satisfied (Path is satisfied), interface: en0)] event: path:satisfied @0.003s, uuid: DA4C35DA-F6A2-45F6-B31F-E55CFA4D304C
2026-10-05 06:40:15.144 Df HamsterAges[32249:1696b] [com.apple.network:connection] [C1.1.1.1 IPv4#0b1a2158:443 in_progress socket-flow (satisfied (Path is satisfied), interface: en0)] event: flow:start_connect @0.003s
2026-10-05 06:40:15.146 Df HamsterAges[32249:16967] [com.apple.CFNetwork:Default] Garbage collection for alternative services
2026-10-05 06:40:15.147 Df HamsterAges[32249:1696b] [com.apple.network:connection] nw_socket_handle_socket_event [C1.1.1.1:3] Socket received CONNECTED event
2026-10-05 06:40:15.147 Df HamsterAges[32249:1696b] [com.apple.network:connection] nw_flow_connected [C1.1.1.1 IPv4#0b1a2158:443 in_progress socket-flow (satisfied (Path is satisfied), interface: en0)] Transport protocol connected (socket)
2026-10-05 06:40:15.147 Df HamsterAges[32249:1696b] [com.apple.network:connection] [C1.1.1.1 IPv4#0b1a2158:443 in_progress socket-flow (satisfied (Path is satisfied), interface: en0)] event: flow:finish_transport @0.006s
2026-10-05 06:40:15.148 Df HamsterAges[32249:1696b] [com.apple.network:boringssl] boringssl_session_apply_protocol_options_for_transport_block_invoke_2(2323) [C1.1.1.1:2][0x1008293c0] TLS configured [min_version(0x0303) max_version(0x0304) name(redacted) tickets(false) false_start(false) enforce_ev(false) enforce_ats(false) ats_non_pfs_ciphersuite_allowed(false) ech(false) pqtls(true), pake(false)]
2026-10-05 06:40:15.148 Df HamsterAges[32249:1696b] [com.apple.network:boringssl] boringssl_context_info_handler(2390) [C1.1.1.1:2][0x1008293c0] Client handshake started
2026-10-05 06:40:15.149 Df HamsterAges[32249:1696b] [com.apple.network:boringssl] boringssl_context_info_handler(2407) [C1.1.1.1:2][0x1008293c0] Client handshake state: TLS client enter_early_data
2026-10-05 06:40:15.149 Df HamsterAges[32249:1696b] [com.apple.network:boringssl] boringssl_context_info_handler(2407) [C1.1.1.1:2][0x1008293c0] Client handshake state: TLS client read_server_hello
2026-10-05 06:40:15.153 Df HamsterAges[32249:1696b] [com.apple.network:boringssl] boringssl_context_info_handler(2407) [C1.1.1.1:2][0x1008293c0] Client handshake state: TLS 1.3 client read_hello_retry_request
2026-10-05 06:40:15.153 Df HamsterAges[32249:1696b] [com.apple.network:boringssl] boringssl_context_info_handler(2407) [C1.1.1.1:2][0x1008293c0] Client handshake state: TLS 1.3 client read_server_hello
2026-10-05 06:40:15.153 Df HamsterAges[32249:1696b] [com.apple.network:boringssl] boringssl_context_info_handler(2407) [C1.1.1.1:2][0x1008293c0] Client handshake state: TLS 1.3 client read_encrypted_extensions
2026-10-05 06:40:15.153 Df HamsterAges[32249:1696b] [com.apple.network:boringssl] boringssl_context_info_handler(2407) [C1.1.1.1:2][0x1008293c0] Client handshake state: TLS 1.3 client read_certificate_request
2026-10-05 06:40:15.153 Df HamsterAges[32249:1696b] [com.apple.network:boringssl] boringssl_context_info_handler(2407) [C1.1.1.1:2][0x1008293c0] Client handshake state: TLS 1.3 client read_server_certificate
2026-10-05 06:40:15.153 Df HamsterAges[32249:1696b] [com.apple.network:boringssl] boringssl_context_info_handler(2407) [C1.1.1.1:2][0x1008293c0] Client handshake state: TLS 1.3 client read_server_certificate_verify
2026-10-05 06:40:15.154 Df HamsterAges[32249:1696b] [com.apple.network:boringssl] boringssl_context_evaluate_trust_async(1833) [C1.1.1.1:2][0x1008293c0] Performing external trust evaluation
2026-10-05 06:40:15.154 A  HamsterAges[32249:1696b] (Security) SecKeyCopyPublicBytes
2026-10-05 06:40:15.154 Df HamsterAges[32249:1696b] [com.apple.network:boringssl] boringssl_context_evaluate_trust_async_external(1818) [C1.1.1.1:2][0x1008293c0] Asyncing for external verify block
2026-10-05 06:40:15.154 Df HamsterAges[32249:1696b] [com.apple.CFNetwork:Default] Connection 1: asked to evaluate TLS Trust
2026-10-05 06:40:15.156 Df HamsterAges[32249:1696b] [com.apple.CFNetwork:Default] Task <A7335CEC-BFDF-4B01-A964-195EBD55B1CD>.<1> auth completion disp=1 cred=0x0
2026-10-05 06:40:15.156 Df HamsterAges[32249:1696b] [com.apple.securityd:trust] (Trust 0x600003513860) No pending evals, starting
2026-10-05 06:40:15.156 A  HamsterAges[32249:1696b] (Security) SecTrustEvaluateIfNecessaryFastAsync
2026-10-05 06:40:15.157 Df HamsterAges[32249:1696b] [com.apple.securityd:keychain] System Keychain Always Supported set via feature flag to disabled
2026-10-05 06:40:15.157 Df HamsterAges[32249:1696b] [com.apple.xpc:connection] [0x100b9acb0] activating connection: mach=true listener=false peer=false name=com.apple.trustd
2026-10-05 06:40:15.158 Df HamsterAges[32249:1696b] [com.apple.xpc:connection] [0x100b9adc0] activating connection: mach=true listener=false peer=false name=com.apple.trustd
2026-10-05 06:40:15.158 Df HamsterAges[32249:1696b] [com.apple.securityd:trust] (Trust 0x600003513860) Completed async eval kickoff
2026-10-05 06:40:15.162 Df HamsterAges[32249:16967] [com.apple.securityd:trust] (Trust 0x600003513860) trustd returned 4
2026-10-05 06:40:15.162 Df HamsterAges[32249:16967] [com.apple.CFNetwork:Default] System Trust Evaluation yielded status(0)
2026-10-05 06:40:15.162 Df HamsterAges[32249:16967] [com.apple.securityd:trust] (Trust 0x6000035137b0) No pending evals, starting
2026-10-05 06:40:15.162 A  HamsterAges[32249:16967] (Security) SecTrustEvaluateIfNecessaryFastAsync
2026-10-05 06:40:15.162 Df HamsterAges[32249:16967] [com.apple.xpc:connection] [0x100b9a020] activating connection: mach=true listener=false peer=false name=com.apple.trustd
2026-10-05 06:40:15.163 Df HamsterAges[32249:16967] [com.apple.securityd:trust] (Trust 0x6000035137b0) Completed async eval kickoff
2026-10-05 06:40:15.163 Df HamsterAges[32249:16967] [com.apple.xpc:connection] [0x100b9adc0] invalidated because the current process cancelled the connection by calling xpc_connection_cancel()
2026-10-05 06:40:15.167 Df HamsterAges[32249:1696b] [com.apple.securityd:trust] (Trust 0x6000035137b0) trustd returned 4
2026-10-05 06:40:15.167 Df HamsterAges[32249:1696b] [com.apple.CFNetwork:Default] Connection 1: TLS Trust result 0
2026-10-05 06:40:15.167 Df HamsterAges[32249:1696b] [com.apple.network:boringssl] boringssl_context_evaluate_trust_async_external_block_invoke_3(1773) [C1.1.1.1:2][0x1008293c0] Returning from external verify block with result: true
2026-10-05 06:40:15.167 Df HamsterAges[32249:1696b] [com.apple.network:boringssl] boringssl_context_certificate_verify_callback(2014) [C1.1.1.1:2][0x1008293c0] Certificate verification result: OK
2026-10-05 06:40:15.167 Df HamsterAges[32249:1696b] [com.apple.network:boringssl] boringssl_context_info_handler(2407) [C1.1.1.1:2][0x1008293c0] Client handshake state: TLS 1.3 client read_server_finished
2026-10-05 06:40:15.167 Df HamsterAges[32249:1696b] [com.apple.network:boringssl] boringssl_context_info_handler(2407) [C1.1.1.1:2][0x1008293c0] Client handshake state: TLS 1.3 client send_end_of_early_data
2026-10-05 06:40:15.168 Df HamsterAges[32249:1696b] [com.apple.network:boringssl] boringssl_context_info_handler(2407) [C1.1.1.1:2][0x1008293c0] Client handshake state: TLS 1.3 client send_client_encrypted_extensions
2026-10-05 06:40:15.168 Df HamsterAges[32249:1696b] [com.apple.network:boringssl] boringssl_context_info_handler(2407) [C1.1.1.1:2][0x1008293c0] Client handshake state: TLS 1.3 client send_client_certificate
2026-10-05 06:40:15.168 Df HamsterAges[32249:1696b] [com.apple.network:boringssl] boringssl_context_info_handler(2407) [C1.1.1.1:2][0x1008293c0] Client handshake state: TLS 1.3 client complete_second_flight
2026-10-05 06:40:15.168 Df HamsterAges[32249:1696b] [com.apple.network:boringssl] boringssl_context_info_handler(2407) [C1.1.1.1:2][0x1008293c0] Client handshake state: TLS 1.3 client done
2026-10-05 06:40:15.168 Df HamsterAges[32249:1696b] [com.apple.network:boringssl] boringssl_context_info_handler(2407) [C1.1.1.1:2][0x1008293c0] Client handshake state: TLS client finish_client_handshake
2026-10-05 06:40:15.168 Df HamsterAges[32249:1696b] [com.apple.network:boringssl] boringssl_context_info_handler(2407) [C1.1.1.1:2][0x1008293c0] Client handshake state: TLS client done
2026-10-05 06:40:15.168 Df HamsterAges[32249:1696b] [com.apple.network:boringssl] boringssl_context_info_handler(2396) [C1.1.1.1:2][0x1008293c0] Client handshake done
2026-10-05 06:40:15.169 A  HamsterAges[32249:1696b] (Security) SecKeyCopyPublicBytes
2026-10-05 06:40:15.183 Df HamsterAges[32249:16967] [com.apple.UIKit:BackgroundTask] Ending background task with UIBackgroundTaskIdentifier: 2
2026-10-05 06:40:15.198 Df HamsterAges[32249:16967] [com.apple.UIKit:BackgroundTask] Ending task with identifier 2 and description: <_UIBackgroundTaskInfo: 0x60000170f7c0>: taskID = 2, taskName = Persistent SceneSession Map Update, creationTime = 1208 (elapsed = 0), _expireHandler: <__NSGlobalBlock__: 0x1e61729e0>
2026-10-05 06:40:15.198 Df HamsterAges[32249:16967] [com.apple.UIKit:BackgroundTask] Decrementing reference count for assertion <BKSProcessAssertion: 0x60000210eb70> (used by background task with identifier 2: <_UIBackgroundTaskInfo: 0x60000170f7c0>: taskID = 2, taskName = Persistent SceneSession Map Update, creationTime = 1208 (elapsed = 0))
2026-10-05 06:40:15.198 Df HamsterAges[32249:1696b] [com.apple.network:boringssl] nw_protocol_boringssl_signal_connected(895) [C1.1.1.1:2][0x1008293c0] TLS connected [server(0) version(0x0304) ciphersuite(TLS_AES_128_GCM_SHA256) group(0x11ec) signature_alg(0x0804) alpn(h2) resumed(0) offered_ticket(0) in_early_data(0) early_data_accepted(0) false_started(0) ocsp_received(0) sct_received(0) connect_time(21ms) flight_time(4ms) rtt(4ms) write_stalls(0) read_stalls(2) pake(0x0000)]
2026-10-05 06:40:15.198 Df HamsterAges[32249:1696b] [com.apple.network:connection] nw_flow_connected [C1.1.1.1 IPv4#0b1a2158:443 in_progress socket-flow (satisfied (Path is satisfied), interface: en0)] Output protocol connected (CFNetworkConnection-2545210560)
2026-10-05 06:40:15.198 Df HamsterAges[32249:1696b] [com.apple.network:connection] [C1.1.1.1 IPv4#0b1a2158:443 ready socket-flow (satisfied (Path is satisfied), interface: en0)] event: flow:child_finish_connect @0.057s
2026-10-05 06:40:15.198 Df HamsterAges[32249:1696b] [com.apple.network:connection] [C1.1.1 Hostname#e71b6f99:443 ready resolver (satisfied (Path is satisfied), interface: en0)] event: flow:child_finish_connect @0.057s
2026-10-05 06:40:15.198 Df HamsterAges[32249:1696b] [com.apple.network:connection] [C1.1 Hostname#e71b6f99:443 ready transform (satisfied (Path is satisfied), interface: en0)] event: flow:child_finish_connect @0.057s
2026-10-05 06:40:15.209 Df HamsterAges[32249:1696b] [com.apple.network:connection] nw_flow_connected [C1 IPv4#0b1a2158:443 in_progress parent-flow (satisfied (Path is satisfied), interface: en0)] Output protocol connected (endpoint_flow)
2026-10-05 06:40:15.209 Df HamsterAges[32249:1696b] [com.apple.network:connection] [C1 IPv4#0b1a2158:443 ready parent-flow (satisfied (Path is satisfied), interface: en0)] event: flow:finish_connect @0.068s
2026-10-05 06:40:15.210 Df HamsterAges[32249:16953] [com.apple.extensionkit:NSExtension] Class EXGetExtensionClass(void) returning EXConcreteExtension
2026-10-05 06:40:15.210 Df HamsterAges[32249:16953] [com.apple.xpc:connection] [0x100b97050] activating connection: mach=true listener=false peer=false name=com.apple.pluginkit.pkd
2026-10-05 06:40:15.210 Df HamsterAges[32249:1696b] [com.apple.network:connection] nw_connection_report_state_with_handler_on_nw_queue [C1] reporting state ready
2026-10-05 06:40:15.210 A  HamsterAges[32249:1696b] (Security) SecKeyCopyPublicBytes
2026-10-05 06:40:15.210 A  HamsterAges[32249:16953] (PlugInKit) continuous-discovery
2026-10-05 06:40:15.210 Df HamsterAges[32249:1696b] [com.apple.xpc:connection] [0x100b9a020] invalidated because the current process cancelled the connection by calling xpc_connection_cancel()
2026-10-05 06:40:15.210 Df HamsterAges[32249:1696b] [com.apple.CFNetwork:Default] Connection 1: connected successfully
2026-10-05 06:40:15.210 Df HamsterAges[32249:1696b] [com.apple.CFNetwork:Default] Connection 1: TLS handshake complete
2026-10-05 06:40:15.210 Df HamsterAges[32249:16953] [com.apple.PlugInKit:discovery] <PKDiscoveryDriver:0x600002615aa0> created discovery driver
2026-10-05 06:40:15.210 Df HamsterAges[32249:1696b] [com.apple.CFNetwork:Default] Connection 1: ready C(N) E(N)
2026-10-05 06:40:15.210 Df HamsterAges[32249:16953] [com.apple.PlugInKit:discovery] [d EFB2AFF9-B98C-453C-A125-C357CE282E24] <PKHost:0x60000175ea80> Beginning discovery for flags: 0, point: com.apple.AudioUnit
2026-10-05 06:40:15.210 Df HamsterAges[32249:1696b] [com.apple.network:connection] [C1] event: client:connection_reused @0.069s
2026-10-05 06:40:15.211 Df HamsterAges[32249:1696b] [com.apple.network:connection] nw_protocol_socket_notify [C1.1.1.1:3] nw_protocol_notification_type_connection_idle is false
2026-10-05 06:40:15.211 E  HamsterAges[32249:1696b] [com.apple.network:connection] nw_socket_set_connection_idle [C1.1.1.1:3] setsockopt SO_CONNECTION_IDLE failed [42: Protocol not available]
2026-10-05 06:40:15.213 Df HamsterAges[32249:1696a] [com.apple.PlugInKit:discovery] [d EFB2AFF9-B98C-453C-A125-C357CE282E24] <PKHost:0x60000175ea80> Completed discovery. Final # of matches: 0
2026-10-05 06:40:15.213 Df HamsterAges[32249:16967] [com.apple.PlugInKit:discovery] <PKDiscoveryDriver:0x600002615aa0> delivering update to host (0 plugins)
2026-10-05 06:40:15.213 A  HamsterAges[32249:16967] (ExtensionFoundation) discovering extensions
2026-10-05 06:40:15.213 Df HamsterAges[32249:16967] [com.apple.extensionkit:NSExtension] discovered extensions: attributes {
    NSExtensionPointName = "com.apple.AudioUnit";
}, extensionSet {(
)}
2026-10-05 06:40:15.213 Df HamsterAges[32249:16967] [com.apple.PlugInKit:discovery] <PKDiscoveryDriver:0x600002615aa0> installing watchers for continuous discovery
2026-10-05 06:40:15.213 A  HamsterAges[32249:16953] (PlugInKit) continuous-discovery
2026-10-05 06:40:15.213 Df HamsterAges[32249:16953] [com.apple.PlugInKit:discovery] <PKDiscoveryDriver:0x600002617780> created discovery driver
2026-10-05 06:40:15.213 Df HamsterAges[32249:16967] [com.apple.launchservices:appinstallation] registering for distributed notification com.apple.LaunchServices.pluginsregistered in this process
2026-10-05 06:40:15.213 Df HamsterAges[32249:16967] [com.apple.xpc:connection] [0x10082b1c0] activating connection: mach=true listener=false peer=false name=com.apple.distributed_notifications@1v3
2026-10-05 06:40:15.214 Df HamsterAges[32249:16953] [com.apple.PlugInKit:discovery] [d A4D4F7F6-AF1E-400D-A448-CB33ADEA2F45] <PKHost:0x60000175ea80> Beginning discovery for flags: 0, point: com.apple.AudioUnit-UI
2026-10-05 06:40:15.214 Df HamsterAges[32249:16967] [com.apple.launchservices:appinstallation] registering for distributed notification com.apple.LaunchServices.pluginsunregistered in this process
2026-10-05 06:40:15.214 Df HamsterAges[32249:1696a] [com.apple.PlugInKit:discovery] [d A4D4F7F6-AF1E-400D-A448-CB33ADEA2F45] <PKHost:0x60000175ea80> Completed discovery. Final # of matches: 0
2026-10-05 06:40:15.215 Df HamsterAges[32249:16969] [com.apple.PlugInKit:discovery] <PKDiscoveryDriver:0x600002617780> delivering update to host (0 plugins)
2026-10-05 06:40:15.215 A  HamsterAges[32249:16969] (ExtensionFoundation) discovering extensions
2026-10-05 06:40:15.215 Df HamsterAges[32249:16967] [com.apple.launchservices:progress] Establishing xpc connection to lsd
2026-10-05 06:40:15.215 Df HamsterAges[32249:16967] [com.apple.xpc:connection] [0x10090c820] activating connection: mach=true listener=false peer=false name=com.apple.lsd.xpc
2026-10-05 06:40:15.215 Df HamsterAges[32249:16969] [com.apple.extensionkit:NSExtension] discovered extensions: attributes {
    NSExtensionPointName = "com.apple.AudioUnit-UI";
}, extensionSet {(
)}
2026-10-05 06:40:15.216 Df HamsterAges[32249:16969] [com.apple.PlugInKit:discovery] <PKDiscoveryDriver:0x600002617780> installing watchers for continuous discovery
2026-10-05 06:40:15.216 A  HamsterAges[32249:16953] (PlugInKit) continuous-discovery
2026-10-05 06:40:15.216 Df HamsterAges[32249:16953] [com.apple.PlugInKit:discovery] <PKDiscoveryDriver:0x60000262d5c0> created discovery driver
2026-10-05 06:40:15.216 Df HamsterAges[32249:16953] [com.apple.PlugInKit:discovery] [d 3BF0D607-5481-463F-AC33-C6F0368A6D6A] <PKHost:0x60000175ea80> Beginning discovery for flags: 0, point: com.apple.AudioUnit-Speech
2026-10-05 06:40:15.216 Df HamsterAges[32249:16967] [com.apple.launchservices:progress] Received LSWorkspaceObserverPing, xpc connection established
2026-10-05 06:40:15.216 Df HamsterAges[32249:1696b] [com.apple.CFNetwork:Default] Task <A7335CEC-BFDF-4B01-A964-195EBD55B1CD>.<1> now using Connection 1
2026-10-05 06:40:15.217 Df HamsterAges[32249:1696b] [com.apple.CFNetwork:Default] Task <A7335CEC-BFDF-4B01-A964-195EBD55B1CD>.<1> sent request, body N 0
2026-10-05 06:40:15.218 Df HamsterAges[32249:16969] [com.apple.PlugInKit:discovery] [d 3BF0D607-5481-463F-AC33-C6F0368A6D6A] <PKHost:0x60000175ea80> Completed discovery. Final # of matches: 4
2026-10-05 06:40:15.218 Df HamsterAges[32249:1696b] [com.apple.PlugInKit:discovery] <PKDiscoveryDriver:0x60000262d5c0> delivering update to host (4 plugins)
2026-10-05 06:40:15.218 A  HamsterAges[32249:1696b] (ExtensionFoundation) discovering extensions
2026-10-05 06:40:15.220 Df HamsterAges[32249:1696b] [com.apple.extensionkit:NSExtension] discovered extensions: attributes {
    NSExtensionPointName = "com.apple.AudioUnit-Speech";
}, extensionSet {(
    <EXConcreteExtension: 0x6000039cc000> {id = com.apple.speech.MacinTalkFramework.MacinTalkAUSP},
    <EXConcreteExtension: 0x6000039d0270> {id = com.apple.texttospeech.SiriAUSP},
    <EXConcreteExtension: 0x6000039bebe0> {id = com.apple.ax.KonaTTSSupport.KonaSynthesizer},
    <EXConcreteExtension: 0x6000039d1040> {id = com.apple.ax.MauiTTSSupport.MauiAUSP}
)}
2026-10-05 06:40:15.220 Df HamsterAges[32249:1696b] [com.apple.PlugInKit:discovery] <PKDiscoveryDriver:0x60000262d5c0> installing watchers for continuous discovery
2026-10-05 06:40:15.222 Df HamsterAges[32249:16953] [com.apple.audio.caulk:alloc] Registered notify signal com.apple.caulk.alloc.rtdump (0)
2026-10-05 06:40:15.224 Df HamsterAges[32249:16953] [com.apple.avfaudio:avae]      AVAudioIONodeImpl.mm:235   Engine@0x600003759ec0: associating with audio session (0x0), error -10879
2026-10-05 06:40:15.225 Df HamsterAges[32249:16953] [com.apple.coreaudio:aurioc]            AURemoteIO.cpp:1130  AURemoteIO@0x103990040: set kAudioOutputUnitProperty_OutputChannelLayout.  Layout = tag=0x0, 0 channel descriptions [], err = 0
2026-10-05 06:40:15.258 Df HamsterAges[32249:1696a] (CoreAudio)   HALPlugInManagement.cpp:443    HALPlugInManagement::RegisterPlugIns: loading in-process plug-ins
2026-10-05 06:40:15.258 Df HamsterAges[32249:1696b] [com.apple.CFNetwork:Default] Task <A7335CEC-BFDF-4B01-A964-195EBD55B1CD>.<1> received response, status 200 content K
2026-10-05 06:40:15.258 E  HamsterAges[32249:1696a] [com.apple.CFBundle:plugin] AddInstanceForFactory: No factory registered for id <CFUUID 0x6000002a7660> F8BB1C28-BAE8-11D6-9C31-00039315CD46
2026-10-05 06:40:15.258 Df HamsterAges[32249:1696b] [com.apple.CFNetwork:Default] Task <A7335CEC-BFDF-4B01-A964-195EBD55B1CD>.<1> done using Connection 1
2026-10-05 06:40:15.258 Df HamsterAges[32249:1696b] [com.apple.network:connection] [C1] event: client:connection_idle @0.117s
2026-10-05 06:40:15.258 Df HamsterAges[32249:1696b] [com.apple.network:connection] nw_protocol_socket_notify [C1.1.1.1:3] nw_protocol_notification_type_connection_idle is true
2026-10-05 06:40:15.260 E  HamsterAges[32249:1696b] [com.apple.network:connection] nw_socket_set_connection_idle [C1.1.1.1:3] setsockopt SO_CONNECTION_IDLE failed [42: Protocol not available]
2026-10-05 06:40:15.262 Df HamsterAges[32249:1696b] [com.apple.CFNetwork:Default] Task <A7335CEC-BFDF-4B01-A964-195EBD55B1CD>.<1> response ended
2026-10-05 06:40:15.267 Df HamsterAges[32249:1696b] [com.apple.CFNetwork:Summary] Task <A7335CEC-BFDF-4B01-A964-195EBD55B1CD>.<1> summary for task success {transaction_duration_ms=135, response_status=200, connection=1, protocol="h2", domain_lookup_duration_ms=0, connect_duration_ms=65, secure_connection_duration_ms=21, private_relay=false, request_start_ms=85, request_duration_ms=0, response_start_ms=126, response_duration_ms=3, request_bytes=150, request_throughput_kbps=10906, response_bytes=736, response_throughput_kbps=1717, cache_hit=false}
2026-10-05 06:40:15.267 Df HamsterAges[32249:1696b] [com.apple.CoreAnalytics:client] No XPC connection in Simulator
2026-10-05 06:40:15.267 Df HamsterAges[32249:16967] [com.apple.CFNetwork:Default] Task <A7335CEC-BFDF-4B01-A964-195EBD55B1CD>.<1> finished successfully
2026-10-05 06:40:15.279 Df HamsterAges[32249:1696a] [com.apple.coreaudio:ddagg]        AggregateDevice.mm:887   Creating DefaultDeviceAggregate
2026-10-05 06:40:15.292 Df HamsterAges[32249:1696a] [com.apple.coreaudio:ddagg]        AggregateDevice.mm:688   Built valid aggregate 109
2026-10-05 06:40:15.293 Df HamsterAges[32249:1696a] [com.apple.coreaudio:aqme]           AQMixEngine.cpp:733   AQMEDevice (0x100b99b88) has neither a defaultOutStreamClient nor a defaultInStreamClient
2026-10-05 06:40:15.293 Df HamsterAges[32249:16969] [com.apple.coreaudio:aqme]              AQIONode.cpp:693   client <RemoteIOClient@0x101104a00(@0x101104c18); output; [32249]> is NOT Now Playing eligible
2026-10-05 06:40:15.293 Df HamsterAges[32249:16969] [com.apple.coreaudio:aurios]        RemoteIOServer.cpp:1872  rio@0x101104c18 spatialization disabled.  layout = tag=0x0, 0 channel descriptions [], format =  2 ch,      0 Hz, Float32, deinterleaved
2026-10-05 06:40:15.301 Df HamsterAges[32249:1696a] [com.apple.coreaudio:EnhanceDialogueProcessor] EnhanceDialogueProcessor.cpp:226   EnhanceDialogueProcessor() - Product does not support Enhance Dialogue
2026-10-05 06:40:15.301 Df HamsterAges[32249:1696a] [com.apple.coreaudio:EnhanceDialogueProcessor] EnhanceDialogueProcessor.cpp:226   EnhanceDialogueProcessor() - Product does not support Enhance Dialogue
2026-10-05 06:40:15.301 Df HamsterAges[32249:1696a] [com.apple.coreaudio:AudioConverter]        ACv2Workarounds.mm:51    com.valkhim.hamsterages: fix84702776_86723525_86479548_89800354_SinglePacketDesc: false
2026-10-05 06:40:15.302 Df HamsterAges[32249:1696a] [com.apple.audio.caulk:alloc] Registered notify signal com.apple.caulk.alloc.audiodump (0)
2026-10-05 06:40:15.302 Df HamsterAges[32249:1696a] [com.apple.coreaudio:AudioConverter]        AudioConverter.cpp:1067  Created a new in process converter -> 0x600000c3bd50, from  2 ch,  48000 Hz, Float32, deinterleaved to  2 ch,  48000 Hz, Float32, interleaved
2026-10-05 06:40:15.303 Df HamsterAges[32249:16969] [com.apple.coreaudio:aqme]          RemoteIOServer.h:101   rio@0x101104a00 Got output layout from io node or spatialized client: tag=0x0, 2 channel descriptions [l, D]
2026-10-05 06:40:15.304 Df HamsterAges[32249:16969] [com.apple.coreaudio:aurios]        RemoteIOServer.cpp:1581  SetLoudnessFromLM(): ->
2026-10-05 06:40:15.305 Df HamsterAges[32249:16969] [com.apple.coreaudio:aurios]        RemoteIOServer.cpp:1620  SetLoudnessFromLM(): is CoreAudioServices/LoudnessManager enabled? yes
2026-10-05 06:40:15.305 Df HamsterAges[32249:16969] [com.apple.coreaudio:aurios]        RemoteIOServer.cpp:1623  SetLoudnessFromLM(): is CoreAudioServices/LoudnessManagerV2 enabled? yes
2026-10-05 06:40:15.305 Df HamsterAges[32249:16969] [com.apple.coreaudio:aurios]        RemoteIOServer.cpp:1626  SetLoudnessFromLM(): is CoreAudioServices/lm-disable-hardware-check on? no
2026-10-05 06:40:15.305 Df HamsterAges[32249:16969] [com.apple.coreaudio:aurios]        RemoteIOServer.cpp:1629  SetLoudnessFromLM(): is hardware supported? no
2026-10-05 06:40:15.305 Df HamsterAges[32249:16969] [com.apple.coreaudio:aurios]        RemoteIOServer.cpp:1641  SetLoudnessFromLM(): hardware not supported, Loudness Manager disabled
2026-10-05 06:40:15.305 Df HamsterAges[32249:16953] [com.apple.coreaudio:AudioConverter]        AudioConverter.cpp:1067  Created a new in process converter -> 0x600000c6c000, from  2 ch,      0 Hz, Float32, deinterleaved to  2 ch,  48000 Hz, Float32, deinterleaved
2026-10-05 06:40:15.305 Df HamsterAges[32249:16953] [com.apple.coreaudio:AudioConverter]        AudioConverter.cpp:1317  AudioConverter -> 0x600000c6c000: The in-process GetProperty call returned 1886547824 for property 1936876385 with size 4.
2026-10-05 06:40:15.306 Df HamsterAges[32249:16953] [com.apple.coreaudio:AudioConverter]        AudioConverter.cpp:1317  AudioConverter -> 0x600000c6c000: The in-process GetProperty call returned 1886547824 for property 1936876401 with size 4.
2026-10-05 06:40:15.306 Df HamsterAges[32249:16953] [com.apple.coreaudio:AudioConverter]        AudioConverter.cpp:1317  AudioConverter -> 0x600000c6c000: The in-process GetProperty call returned 1886547824 for property 1886546285 with size 8.
2026-10-05 06:40:15.306 Df HamsterAges[32249:1696f] [com.apple.coreaudio:AudioConverter] AudioConverter -> 0x600000c6c000: The in-process SetProperty call returned 1886547824 for property 1886547309 with size 4.
2026-10-05 06:40:15.306 Df HamsterAges[32249:16969] [com.apple.coreaudio:SpatialMgr] SpatializationManager.cpp:1459  Could not load preset file, invalid model/product name!
2026-10-05 06:40:15.306 Df HamsterAges[32249:16969] [com.apple.coreaudio:aqme]        MEMixerChannel.cpp:3254  2-channel audiovisual content is NOT eligible for spatialization
2026-10-05 06:40:15.306 Df HamsterAges[32249:16953] [com.apple.coreaudio:aurioc]            AURemoteIO.cpp:1741  Stopping AURemoteIO(0x103990040)
2026-10-05 06:40:15.306 Df HamsterAges[32249:16969] [com.apple.coreaudio:aqme]  MEDeviceStreamClient.cpp:245   AQME Default-InputOutput: client starting: <CA_UISoundClientBase@0x100b99060>; running count now 1
2026-10-05 06:40:15.307 Df HamsterAges[32249:16969] [com.apple.coreaudio:aqme]            AQMEIO_HAL.cpp:2849  FetchAndLogFrameSize starting IO deviceID=109, frame size is 512
2026-10-05 06:40:15.311 Df HamsterAges[32249:16969] [com.apple.coreaudio:aqme]            AQMEIO_HAL.cpp:2818  aqmeio@0x10399c018, device 109 (iOSSimulatorAudioDevice-32249-0), AudioDeviceStart (err 0)
2026-10-05 06:40:15.599 Df HamsterAges[32249:16966] [com.apple.UIKit:BackgroundTask] Ending background task with UIBackgroundTaskIdentifier: 1
2026-10-05 06:40:15.599 Df HamsterAges[32249:16966] [com.apple.UIKit:BackgroundTask] Ending task with identifier 1 and description: <_UIBackgroundTaskInfo: 0x60000170d2c0>: taskID = 1, taskName = Launch Background Task for Coalescing, creationTime = 1208 (elapsed = 1), _expireHandler: (null)
2026-10-05 06:40:15.599 Df HamsterAges[32249:16966] [com.apple.UIKit:BackgroundTask] Decrementing reference count for assertion <BKSProcessAssertion: 0x60000210eb70> (used by background task with identifier 1: <_UIBackgroundTaskInfo: 0x60000170d2c0>: taskID = 1, taskName = Launch Background Task for Coalescing, creationTime = 1208 (elapsed = 1))
2026-10-05 06:40:15.599 Df HamsterAges[32249:16966] [com.apple.UIKit:BackgroundTask] Will invalidate assertion: <BKSProcessAssertion: 0x60000210eb70> for task identifier: 1
2026-10-05 06:40:15.707 A  HamsterAges[32249:16966] (RunningBoardServices) didChangeInheritances
2026-10-05 06:40:15.999 Df HamsterAges[32249:16953] [com.apple.coreaudio:as_client] AVAudioSessionImpl_Simulator.mm:111   Set volume on device 85 to 0.60
2026-10-05 06:40:15.999 Df HamsterAges[32249:16953] [com.apple.coreaudio:as_client] AVAudioSessionImpl_Simulator.mm:111   Set volume on device 85 to 0.60
2026-10-05 06:40:16.000 Df HamsterAges[32249:16953] [com.apple.coreaudio:ddagg]        AggregateDevice.mm:1008  PrimarySessionActiveWithInputEnabled 0 -> 0
2026-10-05 06:40:16.000 Df HamsterAges[32249:16953] [com.apple.avfaudio:avae]          AVAudioEngine.mm:1182  Engine@0x600000006220: start, was running 0
2026-10-05 06:40:16.000 Df HamsterAges[32249:16953] [com.apple.coreaudio:aurioc]            AURemoteIO.cpp:1130  AURemoteIO@0x103990040: set kAudioOutputUnitProperty_OutputChannelLayout.  Layout = tag=0x650002, err = 0
2026-10-05 06:40:16.000 Df HamsterAges[32249:16969] [com.apple.coreaudio:aqme]              AQIONode.cpp:693   client <RemoteIOClient@0x101104a00(@0x101104c18); output; [32249]> is NOT Now Playing eligible
2026-10-05 06:40:16.000 Df HamsterAges[32249:16969] [com.apple.coreaudio:aurios]        RemoteIOServer.cpp:1872  rio@0x101104c18 spatialization disabled.  layout = tag=0x650002, format =  2 ch,  44100 Hz, Float32, deinterleaved
2026-10-05 06:40:16.000 Df HamsterAges[32249:16969] [com.apple.coreaudio:aqme]          RemoteIOServer.h:101   rio@0x101104a00 Got output layout from io node or spatialized client: tag=0x0, 2 channel descriptions [l, D]
2026-10-05 06:40:16.000 Df HamsterAges[32249:16969] [com.apple.coreaudio:aurios]        RemoteIOServer.cpp:1581  SetLoudnessFromLM(): ->
2026-10-05 06:40:16.000 Df HamsterAges[32249:16969] [com.apple.coreaudio:aurios]        RemoteIOServer.cpp:1620  SetLoudnessFromLM(): is CoreAudioServices/LoudnessManager enabled? yes
2026-10-05 06:40:16.000 Df HamsterAges[32249:16969] [com.apple.coreaudio:aurios]        RemoteIOServer.cpp:1623  SetLoudnessFromLM(): is CoreAudioServices/LoudnessManagerV2 enabled? yes
2026-10-05 06:40:16.000 Df HamsterAges[32249:16969] [com.apple.coreaudio:aurios]        RemoteIOServer.cpp:1626  SetLoudnessFromLM(): is CoreAudioServices/lm-disable-hardware-check on? no
2026-10-05 06:40:16.000 Df HamsterAges[32249:16969] [com.apple.coreaudio:aurios]        RemoteIOServer.cpp:1629  SetLoudnessFromLM(): is hardware supported? no
2026-10-05 06:40:16.000 Df HamsterAges[32249:16969] [com.apple.coreaudio:aurios]        RemoteIOServer.cpp:1641  SetLoudnessFromLM(): hardware not supported, Loudness Manager disabled
2026-10-05 06:40:16.001 Df HamsterAges[32249:16953] [com.apple.coreaudio:AudioConverter]        AudioConverter.cpp:1067  Created a new in process converter -> 0x600000c70420, from  2 ch,  44100 Hz, Float32, deinterleaved to  2 ch,  48000 Hz, Float32, deinterleaved
2026-10-05 06:40:16.001 Df HamsterAges[32249:16953] [com.apple.coreaudio:AudioConverter]        AudioConverter.cpp:1317  AudioConverter -> 0x600000c70420: The in-process GetProperty call returned 1886547824 for property 1936876385 with size 4.
2026-10-05 06:40:16.001 Df HamsterAges[32249:16953] [com.apple.coreaudio:aurioc]            AURemoteIO.cpp:1741  Stopping AURemoteIO(0x103990040)
2026-10-05 06:40:16.001 Df HamsterAges[32249:16953] [com.apple.coreaudio:aurioc]            AURemoteIO.cpp:1130  AURemoteIO@0x103990040: set kAudioOutputUnitProperty_OutputChannelLayout.  Layout = tag=0x650002, err = 0
2026-10-05 06:40:16.001 Df HamsterAges[32249:16969] [com.apple.coreaudio:aqme]              AQIONode.cpp:693   client <RemoteIOClient@0x101104a00(@0x101104c18); output; [32249]> is NOT Now Playing eligible
2026-10-05 06:40:16.001 Df HamsterAges[32249:16969] [com.apple.coreaudio:aurios]        RemoteIOServer.cpp:1872  rio@0x101104c18 spatialization disabled.  layout = tag=0x650002, format =  2 ch,  48000 Hz, Float32, deinterleaved
2026-10-05 06:40:16.001 Df HamsterAges[32249:16969] [com.apple.coreaudio:aqme]          RemoteIOServer.h:101   rio@0x101104a00 Got output layout from io node or spatialized client: tag=0x0, 2 channel descriptions [l, D]
2026-10-05 06:40:16.001 Df HamsterAges[32249:16969] [com.apple.coreaudio:aurios]        RemoteIOServer.cpp:1581  SetLoudnessFromLM(): ->
2026-10-05 06:40:16.001 Df HamsterAges[32249:16969] [com.apple.coreaudio:aurios]        RemoteIOServer.cpp:1620  SetLoudnessFromLM(): is CoreAudioServices/LoudnessManager enabled? yes
2026-10-05 06:40:16.001 Df HamsterAges[32249:16969] [com.apple.coreaudio:aurios]        RemoteIOServer.cpp:1623  SetLoudnessFromLM(): is CoreAudioServices/LoudnessManagerV2 enabled? yes
2026-10-05 06:40:16.001 Df HamsterAges[32249:16969] [com.apple.coreaudio:aurios]        RemoteIOServer.cpp:1626  SetLoudnessFromLM(): is CoreAudioServices/lm-disable-hardware-check on? no
2026-10-05 06:40:16.001 Df HamsterAges[32249:16969] [com.apple.coreaudio:aurios]        RemoteIOServer.cpp:1629  SetLoudnessFromLM(): is hardware supported? no
2026-10-05 06:40:16.001 Df HamsterAges[32249:16969] [com.apple.coreaudio:aurios]        RemoteIOServer.cpp:1641  SetLoudnessFromLM(): hardware not supported, Loudness Manager disabled
2026-10-05 06:40:16.001 Df HamsterAges[32249:16953] [com.apple.coreaudio:aurioc]            AURemoteIO.cpp:1741  Stopping AURemoteIO(0x103990040)
2026-10-05 06:40:16.002 Df HamsterAges[32249:16953] [com.apple.coreaudio:aurioc]            AURemoteIO.cpp:1130  AURemoteIO@0x103990040: set kAudioOutputUnitProperty_OutputChannelLayout.  Layout = tag=0x650002, err = 0
2026-10-05 06:40:16.002 Df HamsterAges[32249:16969] [com.apple.coreaudio:aqme]              AQIONode.cpp:693   client <RemoteIOClient@0x101104a00(@0x101104c18); output; [32249]> is NOT Now Playing eligible
2026-10-05 06:40:16.002 Df HamsterAges[32249:16969] [com.apple.coreaudio:aurios]        RemoteIOServer.cpp:1872  rio@0x101104c18 spatialization disabled.  layout = tag=0x650002, format =  2 ch,  48000 Hz, Float32, deinterleaved
2026-10-05 06:40:16.002 Df HamsterAges[32249:16969] [com.apple.coreaudio:aqme]          RemoteIOServer.h:101   rio@0x101104a00 Got output layout from io node or spatialized client: tag=0x0, 2 channel descriptions [l, D]
2026-10-05 06:40:16.002 Df HamsterAges[32249:16969] [com.apple.coreaudio:aurios]        RemoteIOServer.cpp:1581  SetLoudnessFromLM(): ->
2026-10-05 06:40:16.002 Df HamsterAges[32249:16969] [com.apple.coreaudio:aurios]        RemoteIOServer.cpp:1620  SetLoudnessFromLM(): is CoreAudioServices/LoudnessManager enabled? yes
2026-10-05 06:40:16.002 Df HamsterAges[32249:16969] [com.apple.coreaudio:aurios]        RemoteIOServer.cpp:1623  SetLoudnessFromLM(): is CoreAudioServices/LoudnessManagerV2 enabled? yes
2026-10-05 06:40:16.002 Df HamsterAges[32249:16969] [com.apple.coreaudio:aurios]        RemoteIOServer.cpp:1626  SetLoudnessFromLM(): is CoreAudioServices/lm-disable-hardware-check on? no
2026-10-05 06:40:16.002 Df HamsterAges[32249:16969] [com.apple.coreaudio:aurios]        RemoteIOServer.cpp:1629  SetLoudnessFromLM(): is hardware supported? no
2026-10-05 06:40:16.002 Df HamsterAges[32249:16969] [com.apple.coreaudio:aurios]        RemoteIOServer.cpp:1641  SetLoudnessFromLM(): hardware not supported, Loudness Manager disabled
2026-10-05 06:40:16.002 Df HamsterAges[32249:16953] [com.apple.coreaudio:aurioc]            AURemoteIO.cpp:1666  Starting AURemoteIO(0x103990040)
output client:  2 ch,  48000 Hz, Float32, deinterleaved, output HW:  2 ch,  48000 Hz, Float32, deinterleaved
input client:   2 ch,      0 Hz, Float32, deinterleaved, input HW:   2 ch,      0 Hz, Float32, deinterleaved
2026-10-05 06:40:16.002 Df HamsterAges[32249:16969] [com.apple.coreaudio:aqme]            AQMEIO_HAL.cpp:1079  fetched workgroup 0x600001768480
2026-10-05 06:40:16.002 Df HamsterAges[32249:16969] [com.apple.coreaudio:auext]        AUOOPWorkgroups.mm:30    AUOOPWorkgroupManager: AddRemoteIOWorkgroup called with token 132091905.
2026-10-05 06:40:16.002 Df HamsterAges[32249:16969] [com.apple.coreaudio:auext]        AUOOPWorkgroups.mm:66    AUOOPWorkgroupManager: mutating workgroups.
2026-10-05 06:40:16.003 Df HamsterAges[32249:16953] [com.apple.coreaudio:aurioc]            AURemoteIO.cpp:1727  workgroup port 0x10313
2026-10-05 06:40:16.003 Df HamsterAges[32249:169eb] [com.apple.coreaudio:auext]        AUOOPWorkgroups.mm:30    AUOOPWorkgroupManager: AddRemoteIOWorkgroup called with token 132091904.
2026-10-05 06:40:16.003 Df HamsterAges[32249:169eb] [com.apple.coreaudio:auext]        AUOOPWorkgroups.mm:66    AUOOPWorkgroupManager: mutating workgroups.
2026-10-05 06:40:16.003 Df HamsterAges[32249:16969] [com.apple.coreaudio:aqme]              AQIONode.cpp:693   client <RemoteIOClient@0x101104a00(@0x101104c18); output; [32249]> is NOT Now Playing eligible
2026-10-05 06:40:16.003 Df HamsterAges[32249:16969] [com.apple.coreaudio:aqme]  MEDeviceStreamClient.cpp:245   AQME Default-InputOutput: client starting: <RemoteIOClient@0x101104a00(@0x101104c18); output; [32249]>; running count now 2
2026-10-05 06:40:16.115 Df HamsterAges[32249:16953] [com.apple.UIKit:Orientation] <UIWindowScene: 0x10090ffe0> (B6FB7028-CCE6-41A1-AA3C-EE201A3F16DE) Scene updated orientation preferences: ( Ll Lr ) -> ( Lr )
2026-10-05 06:40:16.128 Df HamsterAges[32249:16953] [com.apple.network:activity] Create activity from XPC object <nw_activity 50:1 [D0DC0250-8553-4DAB-9484-E3B6E9580338] (reporting strategy default)>
2026-10-05 06:40:16.128 Df HamsterAges[32249:16953] [com.apple.network:activity] Create activity from XPC object <nw_activity 50:2 [76063605-3F62-47CF-95CA-EA66341890B4] (reporting strategy default)>
2026-10-05 06:40:16.128 Df HamsterAges[32249:16953] [com.apple.network:activity] Set activity <nw_activity 50:1 [D0DC0250-8553-4DAB-9484-E3B6E9580338] (reporting strategy default)> as the global parent
2026-10-05 06:40:16.130 A  HamsterAges[32249:16969] (RunningBoardServices) didChangeInheritances
2026-10-05 06:40:16.133 A  HamsterAges[32249:1696b] (RunningBoardServices) didChangeInheritances
2026-10-05 06:40:16.148 Df HamsterAges[32249:16953] [com.apple.xpc:connection] [0x100842ae0] activating connection: mach=true listener=false peer=false name=com.apple.IOSurface.Remote
2026-10-05 06:40:16.164 Df HamsterAges[32249:16953] [com.apple.xpc:connection] [0x100b7b8e0] activating connection: mach=true listener=false peer=false name=com.apple.metal.simulator
2026-10-05 06:40:16.165 Df HamsterAges[32249:16953] [com.apple.xpc:connection] [0x100b0a9c0] activating connection: mach=true listener=false peer=false name=com.apple.metal.simulator
2026-10-05 06:40:16.165 Df HamsterAges[32249:16953] [com.apple.xpc:connection] [0x10081ae90] activating connection: mach=true listener=false peer=false name=com.apple.metal.simulator
2026-10-05 06:40:16.234 A  HamsterAges[32249:16a04] (RunningBoardServices) didChangeInheritances
2026-10-05 06:40:16.810 Df HamsterAges[32249:16953] [com.apple.UIKit:UpdateScheduler] Target list changed: <CADisplay:LCD PurpleMain>
2026-10-05 06:40:16.828 Df HamsterAges[32249:16953] [com.apple.UIKit:AppLifecycle] sceneOfRecord: sceneID: sceneID:com.valkhim.hamsterages-B6FB7028-CCE6-41A1-AA3C-EE201A3F16DE  persistentID: B6FB7028-CCE6-41A1-AA3C-EE201A3F16DE
2026-10-05 06:40:16.828 Df HamsterAges[32249:16953] [com.apple.UIKit:InterfaceStyle] Should not send trait collection or coordinate space update, interface style 2 -> 2, <UIWindowScene: 0x10090ffe0> (B6FB7028-CCE6-41A1-AA3C-EE201A3F16DE)
2026-10-05 06:40:16.828 Df HamsterAges[32249:1696a] [com.apple.network:] -[NWConcrete_nw_resolver initWithEndpoint:parameters:path:log_str:] [R1] created for Hostname#f84058c1:0 using: generic, attribution: developer
2026-10-05 06:40:16.829 Df HamsterAges[32249:1696a] [com.apple.network:path] nw_path_evaluator_start [9C8297AA-6B8C-416D-AA5F-DD17C3571604 Hostname#f84058c1:0 generic, attribution: developer]
	path: satisfied (Path is satisfied), interface: en0
2026-10-05 06:40:16.830 Df HamsterAges[32249:16969] [com.apple.network:] nw_resolver_set_update_handler_block_invoke [R1] started
2026-10-05 06:40:16.831 Df HamsterAges[32249:1696a] [com.apple.xpc:connection] [0x100b4c750] activating connection: mach=true listener=false peer=false name=com.apple.commcenter.coretelephony.xpc
2026-10-05 06:40:16.832 Df HamsterAges[32249:1696a] [com.apple.xpc:connection] [0x100b4c750] failed to do a bootstrap look-up: xpc_error=[3: No such process]
2026-10-05 06:40:16.832 Df HamsterAges[32249:1696a] [com.apple.xpc:connection] [0x100b4c750] invalidated after a failed init
2026-10-05 06:40:16.833 Df HamsterAges[32249:16969] [com.apple.CoreTelephony:Client] Connection has been invalidated
2026-10-05 06:40:16.833 Df HamsterAges[32249:1696a] [com.apple.xpc:connection] [0x10086fcc0] activating connection: mach=true listener=false peer=false name=com.apple.commcenter.coretelephony.xpc
2026-10-05 06:40:16.833 Df HamsterAges[32249:1696a] [com.apple.xpc:connection] [0x10086fcc0] failed to do a bootstrap look-up: xpc_error=[3: No such process]
2026-10-05 06:40:16.833 Df HamsterAges[32249:1696a] [com.apple.xpc:connection] [0x10086fcc0] invalidated after a failed init
2026-10-05 06:40:16.833 Df HamsterAges[32249:1696a] [com.apple.CoreTelephony:Client] Sending selectors to server: (null)
2026-10-05 06:40:16.834 Df HamsterAges[32249:16a04] [com.apple.CoreTelephony:Client] Connection has been invalidated
2026-10-05 06:40:16.834 E  HamsterAges[32249:1696a] [com.apple.CoreTelephony:Client] Synchronous remote object proxy returned error: Error Domain=NSCocoaErrorDomain Code=4099 "The connection to service named com.apple.commcenter.coretelephony.xpc was invalidated: Connection init failed at lookup with error 3 - No such process." UserInfo={NSDebugDescription=The connection to service named com.apple.commcenter.coretelephony.xpc was invalidated: Connection init failed at lookup with error 3 - No such process.}
2026-10-05 06:40:16.835 E  HamsterAges[32249:16a04] [com.apple.CoreTelephony:Client] Updating selectors failed with: Error Domain=NSCocoaErrorDomain Code=4099 "The connection to service named com.apple.commcenter.coretelephony.xpc was invalidated: Connection init failed at lookup with error 3 - No such process." UserInfo={NSDebugDescription=The connection to service named com.apple.commcenter.coretelephony.xpc was invalidated: Connection init failed at lookup with error 3 - No such process.}
2026-10-05 06:40:16.835 Df HamsterAges[32249:1696a] [com.apple.xpc:connection] [0x10086fcc0] activating connection: mach=true listener=false peer=false name=com.apple.commcenter.coretelephony.xpc
2026-10-05 06:40:16.836 Df HamsterAges[32249:1696a] [com.apple.xpc:connection] [0x10086fcc0] failed to do a bootstrap look-up: xpc_error=[3: No such process]
2026-10-05 06:40:16.836 Df HamsterAges[32249:1696a] [com.apple.xpc:connection] [0x10086fcc0] invalidated after a failed init
2026-10-05 06:40:16.836 Df HamsterAges[32249:1696a] [com.apple.CoreTelephony:Client] Sending selectors to server: (null)
2026-10-05 06:40:16.836 Df HamsterAges[32249:16969] [com.apple.CoreTelephony:Client] Connection has been invalidated
2026-10-05 06:40:16.836 E  HamsterAges[32249:1696a] [com.apple.CoreTelephony:Client] Synchronous remote object proxy returned error: Error Domain=NSCocoaErrorDomain Code=4099 "The connection to service named com.apple.commcenter.coretelephony.xpc was invalidated: Connection init failed at lookup with error 3 - No such process." UserInfo={NSDebugDescription=The connection to service named com.apple.commcenter.coretelephony.xpc was invalidated: Connection init failed at lookup with error 3 - No such process.}
2026-10-05 06:40:16.837 E  HamsterAges[32249:16969] [com.apple.CoreTelephony:Client] Updating selectors failed with: Error Domain=NSCocoaErrorDomain Code=4099 "The connection to service named com.apple.commcenter.coretelephony.xpc was invalidated: Connection init failed at lookup with error 3 - No such process." UserInfo={NSDebugDescription=The connection to service named com.apple.commcenter.coretelephony.xpc was invalidated: Connection init failed at lookup with error 3 - No such process.}
2026-10-05 06:40:16.839 Df HamsterAges[32249:16953] [com.apple.UIKit:EventDeferring] [0x60000290f790] Scene target of event deferring environments did update: scene: 0x10090ffe0; current systemShellManagesKeyboardFocus: 1; systemShellManagesKeyboardFocusForScene: 1; eligibleForRecordRemoval: 1;
2026-10-05 06:40:16.839 Df HamsterAges[32249:16953] [com.apple.UIKit:KeyWindow] Scene became target of keyboard event deferring environment: UIWindowScene: 0x10090ffe0; scene identity: com.apple.frontboard.systemappservices/FBSceneManager:sceneID%3Acom.valkhim.hamsterages-B6FB7028-CCE6-41A1-AA3C-EE201A3F16DE
2026-10-05 06:40:16.840 Sd HamsterAges[32249:0] (79E72B83-2384-3A91-8EE7-4315E85E9A91) IOHIDManager State
{
    DispatchQueue = 0;
    RunLoop = 1;
    createOptions = 0;
    isOpen = 0;
    openOptions = 0;
}
2026-10-05 06:40:16.841 A  HamsterAges[32249:16971] (StoreKit) StoreKit/Products_SK2
2026-10-05 06:40:16.841 Df HamsterAges[32249:16953] [com.apple.Accessibility:AXCommon] Read Per-App on Init: Smart invert = (null)
2026-10-05 06:40:16.843 Df HamsterAges[32249:16971] [com.apple.xpc:connection] [0x1008cd4a0] activating connection: mach=true listener=false peer=false name=com.apple.storekitd
2026-10-05 06:40:16.851 Df HamsterAges[32249:16953] [com.apple.UIKit:AppLifecycle] sceneOfRecord: sceneID: sceneID:com.valkhim.hamsterages-B6FB7028-CCE6-41A1-AA3C-EE201A3F16DE  persistentID: B6FB7028-CCE6-41A1-AA3C-EE201A3F16DE
2026-10-05 06:40:16.851 Df HamsterAges[32249:16953] [com.apple.UIKit:InterfaceStyle] Not push traits update to screen for new style 1, <UIWindowScene: 0x10090ffe0> (B6FB7028-CCE6-41A1-AA3C-EE201A3F16DE)
2026-10-05 06:40:16.852 Df HamsterAges[32249:16953] [com.apple.FrontBoard:SceneExtension] Realizing settings extension SBUISecureRenderingSettingsExtension on FBSSceneSettings
2026-10-05 06:40:16.854 Df HamsterAges[32249:16953] [com.apple.UIKit:InterfaceStyle] Not push traits update to screen for new style 1, <UIWindowScene: 0x10090ffe0> (B6FB7028-CCE6-41A1-AA3C-EE201A3F16DE)
2026-10-05 06:40:16.854 Df HamsterAges[32249:16953] [com.apple.UIKit:InterfaceStyle] Not push traits update to screen for new style 1, <UIWindowScene: 0x10090ffe0> (B6FB7028-CCE6-41A1-AA3C-EE201A3F16DE)
2026-10-05 06:40:16.857 Df HamsterAges[32249:16953] [com.apple.UIKit:AppLifecycle] sceneOfRecord: sceneID: sceneID:com.valkhim.hamsterages-B6FB7028-CCE6-41A1-AA3C-EE201A3F16DE  persistentID: B6FB7028-CCE6-41A1-AA3C-EE201A3F16DE
2026-10-05 06:40:16.858 Df HamsterAges[32249:16953] [com.apple.UIKit:Application] Deactivation reason removed: 12; deactivation reasons: 4128 -> 32; animating application lifecycle event: 1
2026-10-05 06:40:16.858 Df HamsterAges[32249:16953] [com.apple.KeyboardArbiter:Client] Send setDeactivating: N (-DeactivationReason:SuspendedEventsOnly)
2026-10-05 06:40:16.859 Df HamsterAges[32249:16953] [com.apple.UIKit:Application] Deactivation reason removed: 5; deactivation reasons: 32 -> 0; animating application lifecycle event: 0
2026-10-05 06:40:16.861 Df HamsterAges[32249:16953] [com.apple.KeyboardArbiter:Client] startConnection
2026-10-05 06:40:16.862 Df HamsterAges[32249:16953] [com.apple.xpc:connection] [0x100927030] activating connection: mach=true listener=false peer=false name=com.apple.UIKit.KeyboardManagement.hosted
2026-10-05 06:40:16.888 Df HamsterAges[32249:16a04] [com.apple.xpc:connection] [0x10085a9e0] activating connection: mach=true listener=false peer=false name=com.apple.commcenter.coretelephony.xpc
2026-10-05 06:40:16.890 Df HamsterAges[32249:16a04] [com.apple.xpc:connection] [0x10085a9e0] failed to do a bootstrap look-up: xpc_error=[3: No such process]
2026-10-05 06:40:16.890 Df HamsterAges[32249:16a04] [com.apple.xpc:connection] [0x10085a9e0] invalidated after a failed init
2026-10-05 06:40:16.936 Df HamsterAges[32249:16a04] [com.apple.CoreTelephony:Client] Sending selectors to server: (
    "regDataModeChanged:dataMode:",
    "carrierBundleChange:",
    "currentDataServiceDescriptorChanged:"
)
2026-10-05 06:40:16.947 Df HamsterAges[32249:16953] [com.apple.KeyboardArbiter:Client] handleKeyboardChange: set currentKeyboard:N (wasKeyboard:N)
2026-10-05 06:40:16.949 Df HamsterAges[32249:16953] [com.apple.UIKit:KeyboardArbiterClientLog] isWritingToolsHandlingKeyboardTracking:Y (WT ready:Y, Arbiter ready:Y)
2026-10-05 06:40:16.957 Df HamsterAges[32249:16a04] [com.apple.CoreTelephony:Client] Sending selectors to server: (
    "regDataModeChanged:dataMode:",
    "carrierBundleChange:",
    "currentDataServiceDescriptorChanged:"
)
2026-10-05 06:40:16.958 Df HamsterAges[32249:16a04] [com.apple.CoreTelephony:Client] Connection has been invalidated
2026-10-05 06:40:16.962 E  HamsterAges[32249:16a04] [com.apple.CoreTelephony:Client] Updating selectors failed with: Error Domain=NSCocoaErrorDomain Code=4099 "The connection to service named com.apple.commcenter.coretelephony.xpc was invalidated: Connection init failed at lookup with error 3 - No such process." UserInfo={NSDebugDescription=The connection to service named com.apple.commcenter.coretelephony.xpc was invalidated: Connection init failed at lookup with error 3 - No such process.}
2026-10-05 06:40:16.968 E  HamsterAges[32249:16a04] [com.apple.CoreTelephony:Client] Updating selectors after delegate addition failed with: Error Domain=NSCocoaErrorDomain Code=4099 "The connection to service named com.apple.commcenter.coretelephony.xpc was invalidated: Connection init failed at lookup with error 3 - No such process." UserInfo={NSDebugDescription=The connection to service named com.apple.commcenter.coretelephony.xpc was invalidated: Connection init failed at lookup with error 3 - No such process.}
2026-10-05 06:40:16.987 Df HamsterAges[32249:16965] [com.apple.xpc:connection] [0x1008cd4a0] invalidated because the current process cancelled the connection by calling xpc_connection_cancel()
2026-10-05 06:40:16.988 Df HamsterAges[32249:16969] [com.apple.storekit:Default] AAFService connection invalidated
2026-10-05 06:40:16.996 Df HamsterAges[32249:16953] [com.apple.network:activity] <nw_activity 50:1 [D0DC0250-8553-4DAB-9484-E3B6E9580338] (global parent) (reporting strategy default) complete (reason success)> complete with reason 2 (success), duration 3447ms
2026-10-05 06:40:16.996 Df HamsterAges[32249:16953] [com.apple.network:activity] <nw_activity 50:2 [76063605-3F62-47CF-95CA-EA66341890B4] (reporting strategy default) complete (reason success)> complete with reason 2 (success), duration 3447ms
2026-10-05 06:40:16.996 Df HamsterAges[32249:16953] [com.apple.network:activity] Unsetting the global parent activity <nw_activity 50:1 [D0DC0250-8553-4DAB-9484-E3B6E9580338] (global parent) (reporting strategy default) complete (reason success)>
2026-10-05 06:40:16.996 Df HamsterAges[32249:16953] [com.apple.network:activity] Unset the global parent activity
2026-10-05 06:40:17.333 Df HamsterAges[32249:16953] [com.apple.UIKit:Orientation] <UIWindowScene: 0x10090ffe0> (B6FB7028-CCE6-41A1-AA3C-EE201A3F16DE) Scene updated orientation preferences: ( Lr ) -> ( Ll Lr )
2026-10-05 06:40:24.990 Df HamsterAges[32249:1696a] [com.apple.PlugInKit:discovery] Annotations changed, re-performing query for continuous discovery, report block = <0x600000c3b930>.
2026-10-05 06:40:24.990 Df HamsterAges[32249:1696a] [com.apple.PlugInKit:discovery] [d 31AE2DB3-7D4D-4482-9223-D2B72DA8150B] <PKHost:0x60000175ea80> Beginning discovery for flags: 0, point: com.apple.AudioUnit
2026-10-05 06:40:24.991 Df HamsterAges[32249:1696a] [com.apple.PlugInKit:discovery] Annotations changed, re-performing query for continuous discovery, report block = <0x600000c61b90>.
2026-10-05 06:40:24.991 Df HamsterAges[32249:1696a] [com.apple.PlugInKit:discovery] [d 864A01E8-ACBD-47AA-AFB9-A942C1CE3A26] <PKHost:0x60000175ea80> Beginning discovery for flags: 0, point: com.apple.AudioUnit-Speech
2026-10-05 06:40:24.991 Df HamsterAges[32249:1696a] [com.apple.PlugInKit:discovery] Annotations changed, re-performing query for continuous discovery, report block = <0x600000c34d50>.
2026-10-05 06:40:25.002 Df HamsterAges[32249:1696a] [com.apple.PlugInKit:discovery] [d 6D01D3F7-32CC-46CC-8360-E7DBE5C5D163] <PKHost:0x60000175ea80> Beginning discovery for flags: 0, point: com.apple.AudioUnit-UI
2026-10-05 06:40:33.719 Df HamsterAges[32904:17021] [com.apple.xpc:connection] [0x104b04970] activating connection: mach=true listener=false peer=false name=com.apple.cfprefsd.daemon
2026-10-05 06:40:33.720 Df HamsterAges[32904:16fea] (libMobileGestalt.dylib) No persisted cache on this platform.
2026-10-05 06:40:33.721 Df HamsterAges[32904:17023] [com.apple.BoardServices:XPCErrors] [C:1] Alloc com.apple.frontboard.systemappservices
2026-10-05 06:40:33.723 Df HamsterAges[32904:17023] [com.apple.xpc:connection] [0x104b06090] activating connection: mach=false listener=false peer=false name=(anonymous)
2026-10-05 06:40:33.725 A  HamsterAges[32904:17022] (CoreFoundation) Loading Preferences From User Session CFPrefsD
2026-10-05 06:40:33.742 Df HamsterAges[32904:17021] [com.apple.UIKit:BackgroundTask] Creating new assertion because there is no existing background assertion.
2026-10-05 06:40:33.742 Df HamsterAges[32904:17021] [com.apple.UIKit:BackgroundTask] Creating new background assertion
2026-10-05 06:40:33.743 Df HamsterAges[32904:16fea] [com.apple.UIKit:Application] Deactivation reason added: 10; deactivation reasons: 0 -> 1024; animating application lifecycle event: 0
2026-10-05 06:40:33.743 Df HamsterAges[32904:17021] [com.apple.UIKit:BackgroundTask] Created new background assertion <BKSProcessAssertion: 0x600002102da0>
2026-10-05 06:40:33.743 Df HamsterAges[32904:17021] [com.apple.runningboard:connection] Initializing connection
2026-10-05 06:40:33.743 Df HamsterAges[32904:17021] [com.apple.runningboard:process] Removing all cached process handles
2026-10-05 06:40:33.743 Df HamsterAges[32904:16fea] [com.apple.BoardServices:Injection] activating monitor for service com.apple.frontboard.open
2026-10-05 06:40:33.743 Df HamsterAges[32904:17024] [com.apple.runningboard:connection] Sending handshake request attempt #1 to server
2026-10-05 06:40:33.744 Df HamsterAges[32904:17021] [com.apple.runningboard:connection] Creating connection to com.apple.runningboard
2026-10-05 06:40:33.744 Df HamsterAges[32904:17021] [com.apple.xpc:connection] [0x104b068c0] activating connection: mach=true listener=false peer=false name=com.apple.runningboard
2026-10-05 06:40:33.744 Df HamsterAges[32904:16fea] [com.apple.BoardServices:Injection] activating monitor for service com.apple.frontboard.workspace-service
2026-10-05 06:40:33.745 Df HamsterAges[32904:16fea] [com.apple.FrontBoard:Common] FBSWorkspace registering source: com.apple.frontboard.systemappservices
2026-10-05 06:40:33.747 A  HamsterAges[32904:17026] (RunningBoardServices) didChangeInheritances
2026-10-05 06:40:33.748 Df HamsterAges[32904:17024] [com.apple.runningboard:connection] Handshake succeeded
2026-10-05 06:40:33.748 Df HamsterAges[32904:17024] [com.apple.runningboard:connection] Identity resolved as app<com.valkhim.hamsterages((null))>
2026-10-05 06:40:33.748 Df HamsterAges[32904:16fea] [com.apple.FrontBoard:Common] FBSWorkspace connected to endpoint : <BSServiceConnectionEndpoint: 0x600000211340; target: com.apple.frontboard.systemappservices; service: com.apple.frontboard.workspace-service>
2026-10-05 06:40:33.748 Df HamsterAges[32904:16fea] [com.apple.FrontBoard:Common] <FBSWorkspaceScenesClient:0x6000030085a0 com.apple.frontboard.systemappservices> attempting immediate handshake from activate
2026-10-05 06:40:33.749 Df HamsterAges[32904:16fea] [com.apple.FrontBoard:Common] <FBSWorkspaceScenesClient:0x6000030085a0 com.apple.frontboard.systemappservices> sent handshake
2026-10-05 06:40:33.749 Df HamsterAges[32904:16fea] [com.apple.runningboard:general] Added observer for process assertions expiration warning: <_RBSExpirationWarningClient: 0x60000020bd40>
2026-10-05 06:40:33.749 Df HamsterAges[32904:17021] [com.apple.UIKit:BackgroundTask] Incrementing reference count for background assertion <BKSProcessAssertion: 0x600002102da0>
2026-10-05 06:40:33.750 Df HamsterAges[32904:17021] [com.apple.UIKit:BackgroundTask] Created background task <_UIBackgroundTaskInfo: 0x600001705880>: taskID = 1, taskName = Launch Background Task for Coalescing, creationTime = 1227 (elapsed = 0).
2026-10-05 06:40:33.750 Df HamsterAges[32904:17021] [com.apple.FrontBoard:SceneExtension] Realizing settings extension _UIApplicationSceneKeyboardSettings on FBSSceneSettings
2026-10-05 06:40:33.752 Df HamsterAges[32904:17021] [com.apple.FrontBoard:SceneExtension] Realizing settings extension <_UISceneOcclusionSettings> on FBSSceneSettings
2026-10-05 06:40:33.753 Df HamsterAges[32904:17021] [com.apple.FrontBoard:SceneExtension] Realizing settings extension <_UISceneInterfaceProtectionSettings> on FBSSceneSettings
2026-10-05 06:40:33.753 Df HamsterAges[32904:17021] [com.apple.FrontBoard:SceneExtension] Realizing settings extension _UISceneLayoutPreferencesHostSettingsExtension on FBSSceneSettings
2026-10-05 06:40:33.753 Df HamsterAges[32904:16fea] [com.apple.UIKit:UIScreen] Evaluated capturing state as 0 on <UIScreen: 0x104905f10> for initial
2026-10-05 06:40:33.754 Df HamsterAges[32904:17021] [com.apple.FrontBoard:SceneExtension] Realizing settings extension _UISceneSafeAreaSettingsExtension on FBSSceneSettings
2026-10-05 06:40:33.754 Df HamsterAges[32904:16fea] [com.apple.UIKit:UIScreen] Evaluated capturing state as 0 on <UIScreen: 0x104905f10> for CADisplay KVO
2026-10-05 06:40:33.755 Df HamsterAges[32904:17021] [com.apple.FrontBoard:SceneExtension] Realizing settings extension _UISceneLayoutPreferenceClientSettingsExtension on FBSSceneClientSettings
2026-10-05 06:40:33.756 Df HamsterAges[32904:17021] [com.apple.FrontBoard:SceneExtension] Realizing settings extension <_UIHomeAffordanceHostSceneSettings> on FBSSceneSettings
2026-10-05 06:40:33.757 Df HamsterAges[32904:17021] [com.apple.FrontBoard:SceneExtension] Realizing settings extension _UISystemShellSceneHostingEnvironmentSettings on FBSSceneSettings
2026-10-05 06:40:33.758 Df HamsterAges[32904:17021] [com.apple.FrontBoard:SceneExtension] Realizing settings extension _UISceneRenderingEnvironmentSettings on FBSSceneSettings
2026-10-05 06:40:33.760 Df HamsterAges[32904:17021] [com.apple.FrontBoard:SceneExtension] Realizing settings extension <_UISceneRenderingEnvironmentClientSettings> on FBSSceneClientSettings
2026-10-05 06:40:33.760 Df HamsterAges[32904:16fea] [com.apple.Accessibility:AXSupportCommon] Read CategoryName: per-app = 1, category name = (null)
2026-10-05 06:40:33.761 Df HamsterAges[32904:17021] [com.apple.FrontBoard:SceneExtension] Realizing settings extension <_UISceneTransitioningHostSettings> on FBSSceneSettings
2026-10-05 06:40:33.762 Df HamsterAges[32904:16fea] [com.apple.Accessibility:AXSupportCommon] Read CategoryName: per-app = 0, category name = (null)
2026-10-05 06:40:33.762 Df HamsterAges[32904:17021] [com.apple.FrontBoard:SceneExtension] Realizing settings extension <_UISceneFocusSystemSettings> on FBSSceneSettings
2026-10-05 06:40:33.763 Df HamsterAges[32904:17021] [com.apple.FrontBoard:SceneExtension] Realizing settings extension _UISceneOrientationSettingsExtension on FBSSceneSettings
2026-10-05 06:40:33.763 Df HamsterAges[32904:17021] [com.apple.FrontBoard:SceneExtension] Realizing settings extension _UISceneOrientationClientSettingsExtension on FBSSceneClientSettings
2026-10-05 06:40:33.764 Df HamsterAges[32904:17021] [com.apple.FrontBoard:SceneExtension] Realizing settings extension _UISceneWindowingControlClientSettings on FBSSceneClientSettings
2026-10-05 06:40:33.767 Df HamsterAges[32904:17021] [com.apple.FrontBoard:SceneExtension] Realizing settings extension <_UISceneHostingContentSizePreferenceClientSettings> on FBSSceneClientSettings
2026-10-05 06:40:33.767 Df HamsterAges[32904:17021] [com.apple.FrontBoard:SceneExtension] Realizing settings extension _UISceneHostingTraitCollectionPropagationSettings on FBSSceneSettings
2026-10-05 06:40:33.767 Df HamsterAges[32904:17021] [com.apple.FrontBoard:SceneExtension] Realizing settings extension <_UISceneHostingSheetPresentationSettings> on FBSSceneSettings
2026-10-05 06:40:33.768 Df HamsterAges[32904:17021] [com.apple.FrontBoard:SceneExtension] Realizing settings extension <_UISceneHostingSheetPresentationClientSettings> on FBSSceneClientSettings
2026-10-05 06:40:33.768 Df HamsterAges[32904:17021] [com.apple.FrontBoard:SceneExtension] Realizing settings extension <_UISceneHostingEventDeferringSettings> on FBSSceneSettings
2026-10-05 06:40:33.768 Df HamsterAges[32904:17021] [com.apple.FrontBoard:SceneExtension] Realizing settings extension <UIKit__UITypedKeyValueSceneSettings> on FBSSceneSettings
2026-10-05 06:40:33.768 Df HamsterAges[32904:17021] [com.apple.FrontBoard:SceneExtension] Realizing settings extension <UIKit__UITypedKeyValueSceneSettings> on FBSSceneClientSettings
2026-10-05 06:40:33.768 Df HamsterAges[32904:17021] [com.apple.FrontBoard:SceneExtension] Realizing settings extension <_UISceneHostingViewControllerPreferencePropagationClientSettings> on FBSSceneClientSettings
2026-10-05 06:40:33.769 Df HamsterAges[32904:17021] [com.apple.FrontBoard:SceneExtension] Realizing settings extension <_UISceneZoomTransitionSettings> on FBSSceneSettings
2026-10-05 06:40:33.770 Df HamsterAges[32904:17022] [com.apple.FrontBoard:SceneExtension] Realizing settings extension FBSSceneSettingsCore on FBSSceneSettings
2026-10-05 06:40:33.772 Df HamsterAges[32904:17022] [com.apple.FrontBoard:SceneExtension] Realizing settings extension FBSSceneClientSettingsCore on FBSSceneClientSettings
2026-10-05 06:40:33.778 Df HamsterAges[32904:16fea] [com.apple.dt.xctest:Default] Registering for test daemon availability notify post.
2026-10-05 06:40:33.779 Df HamsterAges[32904:16fea] [com.apple.dt.xctest:Default] notify_get_state check indicated test daemon not ready.
2026-10-05 06:40:33.780 Df HamsterAges[32904:16fea] [com.apple.dt.xctest:Default] notify_get_state check indicated test daemon not ready.
2026-10-05 06:40:33.780 Df HamsterAges[32904:16fea] [com.apple.dt.xctest:Default] notify_get_state check indicated test daemon not ready.
2026-10-05 06:40:33.782 Df HamsterAges[32904:16fea] [com.apple.UIKit:Application] Deactivation reason added: 11; deactivation reasons: 1024 -> 3072; animating application lifecycle event: 0
2026-10-05 06:40:33.782 Df HamsterAges[32904:17022] [com.apple.FrontBoard:SceneExtension] UIMutableApplicationSceneSettings setting counterpart class: UIApplicationSceneSettings
2026-10-05 06:40:33.783 Df HamsterAges[32904:17022] [com.apple.FrontBoard:SceneExtension] UIMutableApplicationSceneClientSettings setting counterpart class: UIApplicationSceneClientSettings
2026-10-05 06:40:33.784 Df HamsterAges[32904:17022] [com.apple.FrontBoard:SceneExtension] Realizing settings extension FBSSceneTransitionContextCore on FBSSceneTransitionContext
2026-10-05 06:40:33.784 Df HamsterAges[32904:16fea] [com.apple.UIKit:Application] Deactivation reason removed: 10; deactivation reasons: 3072 -> 2048; animating application lifecycle event: 0
2026-10-05 06:40:33.785 Df HamsterAges[32904:16fea] [com.apple.UIKit:EventBus] Event Timing Profile for Touch: not found, path="/System/Library/EventTimingProfiles/Sim.Touch.plist"
2026-10-05 06:40:33.785 Df HamsterAges[32904:16fea] [com.apple.UIKit:EventBus] Event Timing Profile for Pencil: not found, path="/System/Library/EventTimingProfiles/Sim.Pencil.plist"
2026-10-05 06:40:33.785 Df HamsterAges[32904:16fea] [com.apple.UIKit:UpdateScheduler] Selected display: name=LCD (PurpleMain), id=1
2026-10-05 06:40:33.789 Df HamsterAges[32904:16fea] [com.apple.xpc:connection] [0x10480b210] activating connection: mach=true listener=false peer=false name=com.apple.lsd.mapdb
2026-10-05 06:40:33.793 Df HamsterAges[32904:17022] [com.apple.FileURL:default] kExcludedFromBackupXattrName set on path: /Users/runner/Library/Developer/CoreSimulator/Devices/291E4B86-C951-41A7-8327-84BF0304D0A9/data/Containers/Data/Application/899B6BC0-8888-44C5-AC61-B4941BBD3922/Library/Application Support/GoogleMobileAds/Settings
2026-10-05 06:40:33.796 Df HamsterAges[32904:17022] [com.apple.FileURL:default] kExcludedFromBackupXattrName set on path: /Users/runner/Library/Developer/CoreSimulator/Devices/291E4B86-C951-41A7-8327-84BF0304D0A9/data/Containers/Data/Application/899B6BC0-8888-44C5-AC61-B4941BBD3922/Library/Application Support/GoogleMobileAds/storage
2026-10-05 06:40:33.800 Df HamsterAges[32904:17022] [com.apple.FileURL:default] kExcludedFromBackupXattrName set on path: /Users/runner/Library/Developer/CoreSimulator/Devices/291E4B86-C951-41A7-8327-84BF0304D0A9/data/Containers/Data/Application/899B6BC0-8888-44C5-AC61-B4941BBD3922/Library/Application Support/GoogleMobileAds/AdapterSettings
2026-10-05 06:40:33.803 Df HamsterAges[32904:17022] [com.apple.xpc:connection] [0x104909c40] activating connection: mach=true listener=false peer=false name=com.apple.lsd.advertisingidentifiers
2026-10-05 06:40:33.805 A  HamsterAges[32904:17022] (libsystem_containermanager.dylib) container_system_group_path_for_identifier
2026-10-05 06:40:33.805 Df HamsterAges[32904:17022] [com.apple.containermanager:xpc] Requesting container lookup; class = 13, identifier = (null), group_identifier = systemgroup.com.apple.configurationprofiles, create = 1, temp = 0, euid = 501, uid = 501
2026-10-05 06:40:33.805 A  HamsterAges[32904:17022] (libsystem_containermanager.dylib) container_query_t
2026-10-05 06:40:33.805 Df HamsterAges[32904:17022] [com.apple.containermanager:xpc] Query; euid = 501, uid = 501, class = 13, identifier = [(null)](0), flags = 900000003
2026-10-05 06:40:33.806 Df HamsterAges[32904:17022] [com.apple.containermanager:unspecified] _container_query_get_result_at_index: success
2026-10-05 06:40:33.806 A  HamsterAges[32904:17022] (libsystem_containermanager.dylib) container_copy_object
2026-10-05 06:40:33.806 Df HamsterAges[32904:17022] [com.apple.containermanager:unspecified] container_system_group_path_for_identifier: success
2026-10-05 06:40:33.807 Df HamsterAges[32904:17022] [com.apple.ManagedConfiguration:MC] Got system group container path from MCM for systemgroup.com.apple.configurationprofiles: /Users/runner/Library/Developer/CoreSimulator/Devices/291E4B86-C951-41A7-8327-84BF0304D0A9/data/Containers/Shared/SystemGroup/systemgroup.com.apple.configurationprofiles
2026-10-05 06:40:33.863 Df HamsterAges[32904:16fea] [com.apple.BoardServices:XPCErrors] [C:2] Alloc com.apple.backboard.hid-services.xpc
2026-10-05 06:40:33.864 Df HamsterAges[32904:16fea] [com.apple.xpc:connection] [0x104b0c270] activating connection: mach=false listener=false peer=false name=(anonymous)
2026-10-05 06:40:33.865 Df HamsterAges[32904:17022] [com.apple.BackBoard:EventDelivery] BKSHIDEventDeliveryManager - connection activation
2026-10-05 06:40:33.870 Df HamsterAges[32904:16fea] [com.apple.UIKit:BackgroundTask] Will add backgroundTask with taskName: Persistent SceneSession Map Update, expirationHandler: <__NSGlobalBlock__: 0x1e61729e0>
2026-10-05 06:40:33.870 Df HamsterAges[32904:16fea] [com.apple.UIKit:BackgroundTask] Reusing background assertion <BKSProcessAssertion: 0x600002102da0>
2026-10-05 06:40:33.870 Df HamsterAges[32904:16fea] [com.apple.UIKit:BackgroundTask] Incrementing reference count for background assertion <BKSProcessAssertion: 0x600002102da0>
2026-10-05 06:40:33.870 Df HamsterAges[32904:16fea] [com.apple.UIKit:BackgroundTask] Created background task <_UIBackgroundTaskInfo: 0x600001720680>: taskID = 2, taskName = Persistent SceneSession Map Update, creationTime = 1227 (elapsed = 0).
2026-10-05 06:40:33.870 Df HamsterAges[32904:16fea] [com.apple.UIKit:Application] Deactivation reason added: 5; deactivation reasons: 2048 -> 2080; animating application lifecycle event: 1
2026-10-05 06:40:33.870 Df HamsterAges[32904:16fea] [com.apple.UIKit:InterfaceStyle] Should send trait collection or coordinate space update, interface style 1 -> 1, <UIWindowScene: 0x104906650> (AA30C237-FD7C-456B-8C07-5D4E88633CE2)
2026-10-05 06:40:33.872 Df HamsterAges[32904:16fea] [com.apple.UIKit:InterfaceStyle] Not push traits update to screen for new style 1, <UIWindowScene: 0x104906650> (AA30C237-FD7C-456B-8C07-5D4E88633CE2)
2026-10-05 06:40:33.872 Df HamsterAges[32904:16fea] [com.apple.UIKit:HomeAffordanceObservation] Initializing: <_UIHomeAffordanceSceneNotifier: 0x60000290ec30>; with scene: <UIWindowScene: 0x104906650>
2026-10-05 06:40:33.873 Df HamsterAges[32904:16fea] [com.apple.BacklightServices:scenes] 0x600000c23510 setDelegate:<0x600000c23600 _UIBacklightEnvironment> hasDelegate:YES for environment:sceneID:com.valkhim.hamsterages-AA30C237-FD7C-456B-8C07-5D4E88633CE2
2026-10-05 06:40:33.873 Df HamsterAges[32904:16fea] [com.apple.UIKit:InterfaceStyle] Not push traits update to screen for new style 1, <UIWindowScene: 0x104906650> (AA30C237-FD7C-456B-8C07-5D4E88633CE2)
2026-10-05 06:40:33.874 Df HamsterAges[32904:16fea] [com.apple.UIKit:EventDeferring] [0x60000290ed80] Initialized with scene: <UIWindowScene: 0x104906650>; behavior: <_UIEventDeferringBehavior_iOS: 0x600000224b40>; availableForProcess: 1, systemShellManagesKeyboardFocus: 1
2026-10-05 06:40:33.875 Df HamsterAges[32904:17022] [com.apple.BackBoard:EventDelivery] BKSHIDEventObserver - connection activation
2026-10-05 06:40:33.875 Df HamsterAges[32904:16fea] [com.apple.BackBoard:EventDelivery] policyStatus:<BKSHIDEventDeliveryPolicyObserver: 0x600002606040; process scope; status: target> was:none
2026-10-05 06:40:33.876 Df HamsterAges[32904:16fea] [com.apple.UIKit:KeyWindow] Setting default evaluation strategy for UIUserInterfaceIdiomPhone to LastOneWins
2026-10-05 06:40:33.876 Df HamsterAges[32904:16fea] [com.apple.UIKit:KeyWindow] Scene target of keyboard event deferring environment did change: 1; scene: UIWindowScene: 0x104906650; scene identity: com.apple.frontboard.systemappservices/FBSceneManager:sceneID%3Acom.valkhim.hamsterages-AA30C237-FD7C-456B-8C07-5D4E88633CE2
2026-10-05 06:40:33.876 Df HamsterAges[32904:16fea] [com.apple.UIKit:EventDeferring] [0x60000290ed80] Scene target of event deferring environments did update: scene: 0x104906650; current systemShellManagesKeyboardFocus: 1; systemShellManagesKeyboardFocusForScene: 1; eligibleForRecordRemoval: 1;
2026-10-05 06:40:33.876 Df HamsterAges[32904:16fea] [com.apple.UIKit:KeyWindow] Scene became target of keyboard event deferring environment: UIWindowScene: 0x104906650; scene identity: com.apple.frontboard.systemappservices/FBSceneManager:sceneID%3Acom.valkhim.hamsterages-AA30C237-FD7C-456B-8C07-5D4E88633CE2
2026-10-05 06:40:33.876 Df HamsterAges[32904:16fea] [com.apple.UIKit:KeyWindow] Stack[KeyWindow] 0x600000c23b10: Taking no further action for migration from LastOneWins -> SystemShellManaged as there are no scenes
2026-10-05 06:40:33.876 Df HamsterAges[32904:16fea] [com.apple.UIKit:KeyWindow] Setting default evaluation strategy for UIUserInterfaceIdiomPhone to SystemShellManaged
2026-10-05 06:40:33.877 Df HamsterAges[32904:16fea] [com.apple.UIKit:KeyWindow] Key window needs update: 0; currentKeyWindowScene: 0x0; evaluatedKeyWindowScene: 0x104906650; currentApplicationKeyWindow: 0x0; evaluatedApplicationKeyWindow: 0x0; reason: UIWindowScene: 0x104906650: Window scene became target of keyboard environment
2026-10-05 06:40:33.877 Df HamsterAges[32904:16fea] [com.apple.UIKit:InterfaceStyle] Not push traits update to screen for new style 1, <UIWindowScene: 0x104906650> (AA30C237-FD7C-456B-8C07-5D4E88633CE2)
2026-10-05 06:40:33.877 Df HamsterAges[32904:16fea] [com.apple.UIKit:InterfaceStyle] Not push traits update to screen for new style 1, <UIWindowScene: 0x104906650> (AA30C237-FD7C-456B-8C07-5D4E88633CE2)
2026-10-05 06:40:33.878 Df HamsterAges[32904:16fea] [com.apple.UIKit:InterfaceStyle] Not push traits update to screen for new style 1, <UIWindowScene: 0x104906650> (AA30C237-FD7C-456B-8C07-5D4E88633CE2)
2026-10-05 06:40:33.947 Df HamsterAges[32904:16fea] [com.apple.UIKit:Orientation] <UIWindowScene: 0x104906650> (AA30C237-FD7C-456B-8C07-5D4E88633CE2) Scene updated orientation preferences: none -> ( Ll Lr )
2026-10-05 06:40:33.951 Df HamsterAges[32904:16fea] [com.apple.UIKit:KeyWindow] Key window API is scene-level: YES
2026-10-05 06:40:33.951 Df HamsterAges[32904:16fea] [com.apple.UIKit:KeyWindow] UIWindowScene: 0x104906650: Window became key in scene: UIWindow: 0x104814400; contextId: 0xC5914E4D: reason: UIWindowScene: 0x104906650: Window requested to become key in scene: 0x104814400
2026-10-05 06:40:33.951 Df HamsterAges[32904:16fea] [com.apple.UIKit:KeyWindow] Key window needs update: 1; currentKeyWindowScene: 0x0; evaluatedKeyWindowScene: 0x104906650; currentApplicationKeyWindow: 0x0; evaluatedApplicationKeyWindow: 0x104814400; reason: UIWindowScene: 0x104906650: Window requested to become key in scene: 0x104814400
2026-10-05 06:40:33.952 Df HamsterAges[32904:16fea] [com.apple.UIKit:KeyWindow] Window did become application key: UIWindow: 0x104814400; contextId: 0xC5914E4D; scene identity: com.apple.frontboard.systemappservices/FBSceneManager:sceneID%3Acom.valkhim.hamsterages-AA30C237-FD7C-456B-8C07-5D4E88633CE2
2026-10-05 06:40:33.952 Df HamsterAges[32904:16fea] [com.apple.UIKit:EventDeferring] [0x60000290ed80] Begin local event deferring requested for token: 0x60000260e100; environments: 1; reason: UIWindowScene: 0x104906650: Begin event deferring in keyboardFocus for window: 0x104814400
2026-10-05 06:40:33.953 Df HamsterAges[32904:16fea] [com.apple.UIKit:InterfaceStyle] Not push traits update to screen for new style 1, <UIWindowScene: 0x104906650> (AA30C237-FD7C-456B-8C07-5D4E88633CE2)
2026-10-05 06:40:33.954 Df HamsterAges[32904:17022] [com.apple.BackBoard:EventDelivery] policyStatus:<BKSHIDEventDeliveryPolicyObserver: 0x600002606040; token: com.apple.frontboard.systemappservices/FBSceneManager:sceneID%3Acom.valkhim.hamsterages-AA30C237-FD7C-456B-8C07-5D4E88633CE2; status: ancestor> was:target
2026-10-05 06:40:33.954 Df HamsterAges[32904:16fea] [com.apple.UIKit:AppLifecycle] sceneOfRecord: sceneID: sceneID:com.valkhim.hamsterages-AA30C237-FD7C-456B-8C07-5D4E88633CE2  persistentID: AA30C237-FD7C-456B-8C07-5D4E88633CE2
2026-10-05 06:40:33.955 Df HamsterAges[32904:16fea] [com.apple.UIKit:Application] Ignoring already applied deactivation reason: 5; deactivation reasons: 2080
2026-10-05 06:40:33.955 Df HamsterAges[32904:16fea] [com.apple.UIKit:Application] Deactivation reason added: 12; deactivation reasons: 2080 -> 6176; animating application lifecycle event: 1
2026-10-05 06:40:33.955 Df HamsterAges[32904:16fea] [com.apple.UIKit:Application] Deactivation reason removed: 11; deactivation reasons: 6176 -> 4128; animating application lifecycle event: 1
2026-10-05 06:40:33.955 Df HamsterAges[32904:16fea] [com.apple.FrontBoard:SceneExtension] Realizing settings extension <_UISceneIntelligenceSupportSettings> on FBSSceneSettings
2026-10-05 06:40:33.956 Df HamsterAges[32904:17022] [com.apple.UIIntelligenceSupport:xpc] establishing connection to agent
2026-10-05 06:40:33.956 Df HamsterAges[32904:16fea] [com.apple.UIKit:InterfaceStyle] Not push traits update to screen for new style 1, <UIWindowScene: 0x104906650> (AA30C237-FD7C-456B-8C07-5D4E88633CE2)
2026-10-05 06:40:33.957 Df HamsterAges[32904:17022] [com.apple.xpc:session] [0x600002116c10] Session created.
2026-10-05 06:40:33.957 Df HamsterAges[32904:17022] [com.apple.xpc:session] [0x600002116c10] Session created from connection [0x104811ef0]
2026-10-05 06:40:33.957 Df HamsterAges[32904:17022] [com.apple.xpc:connection] [0x104811ef0] activating connection: mach=true listener=false peer=false name=com.apple.uiintelligencesupport.agent
2026-10-05 06:40:33.957 Df HamsterAges[32904:17022] [com.apple.xpc:session] [0x600002116c10] Session activated
2026-10-05 06:40:33.961 A  HamsterAges[32904:16fea] (CoreFoundation) Updating Key-Value Observers Of Preferences
2026-10-05 06:40:34.027 E  HamsterAges[32904:16fea] [com.apple.kvs:Connection] Unable to find entitlement for KVS store
2026-10-05 06:40:34.029 F  HamsterAges[32904:16fea] [com.apple.kvs:Connection] BUG IN CLIENT OF KVS: Trying to initialize NSUbiquitousKeyValueStore without a store identifier. Please specify your store identifier in the 'com.apple.developer.ubiquity-kvstore-identifier' entitlement.
2026-10-05 06:40:34.029 A  HamsterAges[32904:16fea] (libsystem_trace.dylib) Activity for state dumps
2026-10-05 06:40:34.265 Df HamsterAges[32904:17028] [com.apple.xpc:connection] [0x104814260] activating connection: mach=true listener=false peer=false name=com.apple.fontservicesd
2026-10-05 06:40:34.392 Df HamsterAges[32904:17024] [com.apple.UIKit:BackgroundTask] Ending background task with UIBackgroundTaskIdentifier: 2
2026-10-05 06:40:34.392 Df HamsterAges[32904:17024] [com.apple.UIKit:BackgroundTask] Ending task with identifier 2 and description: <_UIBackgroundTaskInfo: 0x600001720680>: taskID = 2, taskName = Persistent SceneSession Map Update, creationTime = 1227 (elapsed = 0), _expireHandler: <__NSGlobalBlock__: 0x1e61729e0>
2026-10-05 06:40:34.392 Df HamsterAges[32904:17024] [com.apple.UIKit:BackgroundTask] Decrementing reference count for assertion <BKSProcessAssertion: 0x600002102da0> (used by background task with identifier 2: <_UIBackgroundTaskInfo: 0x600001720680>: taskID = 2, taskName = Persistent SceneSession Map Update, creationTime = 1227 (elapsed = 0))
2026-10-05 06:40:34.414 Df HamsterAges[32904:16fea] [com.apple.FrontBoard:SceneClient] [(FBSceneManager):sceneID:com.valkhim.hamsterages-AA30C237-FD7C-456B-8C07-5D4E88633CE2] Sending action(s): BLSInvalidateFrameSpecifiersAction
2026-10-05 06:40:34.415 Df HamsterAges[32904:16fea] [com.apple.UIKit:InterfaceStyle] Not push traits update to screen for new style 1, <UIWindowScene: 0x104906650> (AA30C237-FD7C-456B-8C07-5D4E88633CE2)
2026-10-05 06:40:34.417 Df HamsterAges[32904:16fea] [com.apple.network:] networkd_settings_read_from_file initialized networkd settings by reading plist directly
2026-10-05 06:40:34.417 Df HamsterAges[32904:16fea] [com.apple.network:] networkd_settings_read_from_file initialized networkd settings by reading plist directly
2026-10-05 06:40:34.418 Df HamsterAges[32904:16fea] [com.apple.CFNetwork:Default] Task <CA87C07E-29F5-4857-97ED-7279E5BDFE8A>.<1> resuming, timeouts(8.0, 604800.0) qos(0x21) voucher((null)) activity(00000000-0000-0000-0000-000000000000)
2026-10-05 06:40:34.418 A  HamsterAges[32904:16fea] (CoreFoundation) Loading Preferences From User Session CFPrefsD
2026-10-05 06:40:34.421 Df HamsterAges[32904:17024] [com.apple.CFNetwork:Default] Initializing NSHTTPCookieStorage singleton
2026-10-05 06:40:34.421 Df HamsterAges[32904:17024] [com.apple.CFNetwork:Default] Initializing CFHTTPCookieStorage singleton
2026-10-05 06:40:34.422 Df HamsterAges[32904:17024] [com.apple.CFNetwork:Default] Creating default cookie storage with process/bundle identifier
2026-10-05 06:40:34.422 A  HamsterAges[32904:17024] (libsystem_containermanager.dylib) container_system_group_path_for_identifier
2026-10-05 06:40:34.422 Df HamsterAges[32904:17024] [com.apple.containermanager:xpc] Requesting container lookup; class = 13, identifier = com.apple.nsurlsessiond, group_identifier = systemgroup.com.apple.nsurlstoragedresources, create = 1, temp = 0, euid = 501, uid = 501
2026-10-05 06:40:34.422 A  HamsterAges[32904:17024] (libsystem_containermanager.dylib) container_query_t
2026-10-05 06:40:34.422 Df HamsterAges[32904:17024] [com.apple.containermanager:xpc] Query; euid = 501, uid = 501, class = 13, identifier = [com.apple.nsurlsessiond](1), flags = 900000003
2026-10-05 06:40:34.423 Df HamsterAges[32904:17024] [com.apple.containermanager:unspecified] _container_query_get_result_at_index: success
2026-10-05 06:40:34.423 A  HamsterAges[32904:17024] (libsystem_containermanager.dylib) container_copy_object
2026-10-05 06:40:34.424 Df HamsterAges[32904:17024] [com.apple.containermanager:unspecified] container_system_group_path_for_identifier: success
2026-10-05 06:40:34.424 Df HamsterAges[32904:17024] [com.apple.CFNetwork:Default] Initializing AlternativeServices Storage singleton
2026-10-05 06:40:34.425 Df HamsterAges[32904:17024] [com.apple.FileURL:default] kExcludedFromBackupXattrName set on path: /Users/runner/Library/Developer/CoreSimulator/Devices/291E4B86-C951-41A7-8327-84BF0304D0A9/data/Containers/Data/Application/899B6BC0-8888-44C5-AC61-B4941BBD3922/Library/HTTPStorages/com.valkhim.hamsterages
2026-10-05 06:40:34.442 Df HamsterAges[32904:17023] [com.apple.CFNetwork:Default] Garbage collection for alternative services
2026-10-05 06:40:34.444 Df HamsterAges[32904:17024] [com.apple.CFNetwork:Default] Connection 0: creating secure tcp or quic connection
2026-10-05 06:40:34.506 Df HamsterAges[32904:16fea] [com.apple.extensionkit:NSExtension] Class EXGetExtensionClass(void) returning EXConcreteExtension
2026-10-05 06:40:34.506 Df HamsterAges[32904:16fea] [com.apple.xpc:connection] [0x104b1fb50] activating connection: mach=true listener=false peer=false name=com.apple.pluginkit.pkd
2026-10-05 06:40:34.506 A  HamsterAges[32904:16fea] (PlugInKit) continuous-discovery
2026-10-05 06:40:34.506 Df HamsterAges[32904:16fea] [com.apple.PlugInKit:discovery] <PKDiscoveryDriver:0x60000261b300> created discovery driver
2026-10-05 06:40:34.506 Df HamsterAges[32904:16fea] [com.apple.PlugInKit:discovery] [d 81408A88-5ECC-4D2D-89A5-5DE032D2FBA4] <PKHost:0x600001746080> Beginning discovery for flags: 0, point: com.apple.AudioUnit
2026-10-05 06:40:34.511 Df HamsterAges[32904:17023] [com.apple.PlugInKit:discovery] [d 81408A88-5ECC-4D2D-89A5-5DE032D2FBA4] <PKHost:0x600001746080> Completed discovery. Final # of matches: 0
2026-10-05 06:40:34.511 Df HamsterAges[32904:17028] [com.apple.PlugInKit:discovery] <PKDiscoveryDriver:0x60000261b300> delivering update to host (0 plugins)
2026-10-05 06:40:34.511 A  HamsterAges[32904:17028] (ExtensionFoundation) discovering extensions
2026-10-05 06:40:34.511 Df HamsterAges[32904:17028] [com.apple.extensionkit:NSExtension] discovered extensions: attributes {
    NSExtensionPointName = "com.apple.AudioUnit";
}, extensionSet {(
)}
2026-10-05 06:40:34.511 Df HamsterAges[32904:17028] [com.apple.PlugInKit:discovery] <PKDiscoveryDriver:0x60000261b300> installing watchers for continuous discovery
2026-10-05 06:40:34.511 A  HamsterAges[32904:16fea] (PlugInKit) continuous-discovery
2026-10-05 06:40:34.511 Df HamsterAges[32904:16fea] [com.apple.PlugInKit:discovery] <PKDiscoveryDriver:0x60000261b120> created discovery driver
2026-10-05 06:40:34.511 Df HamsterAges[32904:17028] [com.apple.launchservices:appinstallation] registering for distributed notification com.apple.LaunchServices.pluginsregistered in this process
2026-10-05 06:40:34.511 Df HamsterAges[32904:16fea] [com.apple.PlugInKit:discovery] [d 2DC48393-670F-4694-B70B-29904D1C3CD1] <PKHost:0x600001746080> Beginning discovery for flags: 0, point: com.apple.AudioUnit-UI
2026-10-05 06:40:34.511 Df HamsterAges[32904:17028] [com.apple.xpc:connection] [0x10483a5b0] activating connection: mach=true listener=false peer=false name=com.apple.distributed_notifications@1v3
2026-10-05 06:40:34.512 Df HamsterAges[32904:17028] [com.apple.launchservices:appinstallation] registering for distributed notification com.apple.LaunchServices.pluginsunregistered in this process
2026-10-05 06:40:34.513 Df HamsterAges[32904:17023] [com.apple.PlugInKit:discovery] [d 2DC48393-670F-4694-B70B-29904D1C3CD1] <PKHost:0x600001746080> Completed discovery. Final # of matches: 0
2026-10-05 06:40:34.513 Df HamsterAges[32904:17023] [com.apple.PlugInKit:discovery] <PKDiscoveryDriver:0x60000261b120> delivering update to host (0 plugins)
2026-10-05 06:40:34.513 A  HamsterAges[32904:17023] (ExtensionFoundation) discovering extensions
2026-10-05 06:40:34.513 Df HamsterAges[32904:17023] [com.apple.extensionkit:NSExtension] discovered extensions: attributes {
    NSExtensionPointName = "com.apple.AudioUnit-UI";
}, extensionSet {(
)}
2026-10-05 06:40:34.513 A  HamsterAges[32904:16fea] (PlugInKit) continuous-discovery
2026-10-05 06:40:34.514 Df HamsterAges[32904:17023] [com.apple.PlugInKit:discovery] <PKDiscoveryDriver:0x60000261b120> installing watchers for continuous discovery
2026-10-05 06:40:34.514 Df HamsterAges[32904:17028] [com.apple.launchservices:progress] Establishing xpc connection to lsd
2026-10-05 06:40:34.514 Df HamsterAges[32904:16fea] [com.apple.PlugInKit:discovery] <PKDiscoveryDriver:0x60000261b1e0> created discovery driver
2026-10-05 06:40:34.514 Df HamsterAges[32904:17028] [com.apple.xpc:connection] [0x1048404b0] activating connection: mach=true listener=false peer=false name=com.apple.lsd.xpc
2026-10-05 06:40:34.515 Df HamsterAges[32904:16fea] [com.apple.PlugInKit:discovery] [d C7DF3906-86F5-471F-BF70-4B211CC46D4C] <PKHost:0x600001746080> Beginning discovery for flags: 0, point: com.apple.AudioUnit-Speech
2026-10-05 06:40:34.516 Df HamsterAges[32904:17023] [com.apple.launchservices:progress] Received LSWorkspaceObserverPing, xpc connection established
2026-10-05 06:40:34.519 Df HamsterAges[32904:17028] [com.apple.PlugInKit:discovery] [d C7DF3906-86F5-471F-BF70-4B211CC46D4C] <PKHost:0x600001746080> Completed discovery. Final # of matches: 4
2026-10-05 06:40:34.520 Df HamsterAges[32904:17021] [com.apple.PlugInKit:discovery] <PKDiscoveryDriver:0x60000261b1e0> delivering update to host (4 plugins)
2026-10-05 06:40:34.520 A  HamsterAges[32904:17021] (ExtensionFoundation) discovering extensions
2026-10-05 06:40:34.524 Df HamsterAges[32904:17021] [com.apple.extensionkit:NSExtension] discovered extensions: attributes {
    NSExtensionPointName = "com.apple.AudioUnit-Speech";
}, extensionSet {(
    <EXConcreteExtension: 0x6000039c1450> {id = com.apple.speech.MacinTalkFramework.MacinTalkAUSP},
    <EXConcreteExtension: 0x6000039c4340> {id = com.apple.texttospeech.SiriAUSP},
    <EXConcreteExtension: 0x6000039c4410> {id = com.apple.ax.KonaTTSSupport.KonaSynthesizer},
    <EXConcreteExtension: 0x6000039bd520> {id = com.apple.ax.MauiTTSSupport.MauiAUSP}
)}
2026-10-05 06:40:34.525 Df HamsterAges[32904:17021] [com.apple.PlugInKit:discovery] <PKDiscoveryDriver:0x60000261b1e0> installing watchers for continuous discovery
2026-10-05 06:40:34.526 Df HamsterAges[32904:17024] [com.apple.CFNetwork:Default] Connection 1: enabling TLS
2026-10-05 06:40:34.526 Df HamsterAges[32904:17024] [com.apple.CFNetwork:Default] Connection 1: starting, TC(0x0)
2026-10-05 06:40:34.527 Df HamsterAges[32904:16fea] [com.apple.audio.caulk:alloc] Registered notify signal com.apple.caulk.alloc.rtdump (0)
2026-10-05 06:40:34.527 Df HamsterAges[32904:17024] [com.apple.network:connection] [C1 5384E019-936C-4A34-8D3A-F79F537832FF Hostname#956197b7:443 quic-connection, url: https://raw.githubusercontent.com/khimchuk00/hamster-ages/main/config/remote.json, definite, attribution: developer, context: com.apple.CFNetwork.NSURLSession.{7E67C68F-5DF7-4D74-888F-2056B8CEBA40}{(null)}{Y}{2}{0x0} (private), proc: 6A879243-69DF-3D44-BBA3-9BDFA1201B42, delegated upid: 0] start
2026-10-05 06:40:34.527 Df HamsterAges[32904:17024] [com.apple.network:connection] [C1 Hostname#956197b7:443 initial parent-flow ((null))] event: path:start @0.000s
2026-10-05 06:40:34.530 Df HamsterAges[32904:16fea] [com.apple.avfaudio:avae]      AVAudioIONodeImpl.mm:235   Engine@0x600003702c40: associating with audio session (0x0), error -10879
2026-10-05 06:40:34.531 Df HamsterAges[32904:17024] [com.apple.network:connection] [C1 Hostname#956197b7:443 waiting parent-flow (satisfied (Path is satisfied), interface: en0)] event: path:satisfied @0.003s, uuid: 3A52393D-887B-4AE5-B027-894B04DF59E4
2026-10-05 06:40:34.531 Df HamsterAges[32904:16fea] [com.apple.coreaudio:aurioc]            AURemoteIO.cpp:1130  AURemoteIO@0x10703d240: set kAudioOutputUnitProperty_OutputChannelLayout.  Layout = tag=0x0, 0 channel descriptions [], err = 0
2026-10-05 06:40:34.531 Df HamsterAges[32904:17024] [com.apple.network:connection] [C1 Hostname#956197b7:443 in_progress parent-flow (satisfied (Path is satisfied), interface: en0)] event: flow:start_connect @0.003s
2026-10-05 06:40:34.544 Df HamsterAges[32904:17024] [com.apple.network:connection] nw_connection_report_state_with_handler_on_nw_queue [C1] reporting state preparing
2026-10-05 06:40:34.548 Df HamsterAges[32904:17024] [com.apple.network:connection] [C1 Hostname#956197b7:443 in_progress parent-flow (satisfied (Path is satisfied), interface: en0)] event: flow:start_child @0.020s
2026-10-05 06:40:34.548 Df HamsterAges[32904:17024] [com.apple.network:connection] [C1.1 Hostname#956197b7:443 initial path ((null))] event: path:start @0.020s
2026-10-05 06:40:34.548 Df HamsterAges[32904:17024] [com.apple.network:connection] [C1.1 Hostname#956197b7:443 waiting path (satisfied (Path is satisfied), interface: en0)] event: path:satisfied @0.021s, uuid: 3A52393D-887B-4AE5-B027-894B04DF59E4
2026-10-05 06:40:34.562 Df HamsterAges[32904:17024] [com.apple.network:connection] [C1.1 Hostname#956197b7:443 in_progress transform (satisfied (Path is satisfied), interface: en0)] event: transform:start @0.034s
2026-10-05 06:40:34.562 Df HamsterAges[32904:17024] [com.apple.network:connection] [C1.1.1 Hostname#956197b7:443 initial path ((null))] event: path:start @0.035s
2026-10-05 06:40:34.563 Df HamsterAges[32904:17024] [com.apple.network:connection] [C1.1.1 Hostname#956197b7:443 waiting path (satisfied (Path is satisfied), interface: en0)] event: path:satisfied @0.035s, uuid: 8F08F597-D319-4592-8B36-C0566565AEAA
2026-10-05 06:40:34.565 Df HamsterAges[32904:17024] [com.apple.network:connection] [C1.1.1 Hostname#956197b7:443 in_progress resolver (satisfied (Path is satisfied), interface: en0)] event: resolver:start_dns @0.037s
2026-10-05 06:40:34.569 Df HamsterAges[32904:17024] [com.apple.CFNetwork:Default] Task <CA87C07E-29F5-4857-97ED-7279E5BDFE8A>.<1> setting up Connection 1
2026-10-05 06:40:34.571 Df HamsterAges[32904:17024] [com.apple.network:connection] nw_endpoint_resolver_update [C1.1.1 Hostname#956197b7:443 in_progress resolver (satisfied (Path is satisfied), interface: en0)] Adding endpoint handler for IPv4#5ca0dc3c:443
2026-10-05 06:40:34.573 Df HamsterAges[32904:17024] [com.apple.network:connection] nw_endpoint_resolver_update [C1.1.1 Hostname#956197b7:443 in_progress resolver (satisfied (Path is satisfied), interface: en0)] Adding endpoint handler for IPv4#d6aa1d02:443
2026-10-05 06:40:34.573 Df HamsterAges[32904:17024] [com.apple.network:connection] nw_endpoint_resolver_update [C1.1.1 Hostname#956197b7:443 in_progress resolver (satisfied (Path is satisfied), interface: en0)] Adding endpoint handler for IPv4#e4da5ecc:443
2026-10-05 06:40:34.576 Df HamsterAges[32904:17024] [com.apple.network:connection] nw_endpoint_resolver_update [C1.1.1 Hostname#956197b7:443 in_progress resolver (satisfied (Path is satisfied), interface: en0)] Adding endpoint handler for IPv4#0542eda9:443
2026-10-05 06:40:34.578 Df HamsterAges[32904:17024] [com.apple.network:connection] [C1.1.1 Hostname#956197b7:443 in_progress resolver (satisfied (Path is satisfied), interface: en0)] event: resolver:receive_dns @0.050s
2026-10-05 06:40:34.582 Df HamsterAges[32904:17024] [com.apple.network:connection] [C1.1.1.1 IPv4#5ca0dc3c:443 initial path ((null))] event: path:start @0.054s
2026-10-05 06:40:34.583 Df HamsterAges[32904:17024] [com.apple.network:connection] [C1.1.1.1 IPv4#5ca0dc3c:443 waiting path (satisfied (Path is satisfied), interface: en0)] event: path:satisfied @0.055s, uuid: 497F8130-790F-44C3-BC94-3BF5F89E70FD
2026-10-05 06:40:34.587 Df HamsterAges[32904:17024] [com.apple.network:connection] [C1.1.1.1 IPv4#5ca0dc3c:443 in_progress socket-flow (satisfied (Path is satisfied), interface: en0)] event: flow:start_connect @0.060s
2026-10-05 06:40:34.594 Df HamsterAges[32904:17024] [com.apple.network:connection] nw_socket_handle_socket_event [C1.1.1.1:3] Socket received CONNECTED event
2026-10-05 06:40:34.595 Df HamsterAges[32904:17024] [com.apple.network:connection] nw_flow_connected [C1.1.1.1 IPv4#5ca0dc3c:443 in_progress socket-flow (satisfied (Path is satisfied), interface: en0)] Transport protocol connected (socket)
2026-10-05 06:40:34.595 Df HamsterAges[32904:17024] [com.apple.network:connection] [C1.1.1.1 IPv4#5ca0dc3c:443 in_progress socket-flow (satisfied (Path is satisfied), interface: en0)] event: flow:finish_transport @0.067s
2026-10-05 06:40:34.609 Df HamsterAges[32904:17023] (CoreAudio)   HALPlugInManagement.cpp:443    HALPlugInManagement::RegisterPlugIns: loading in-process plug-ins
2026-10-05 06:40:34.609 E  HamsterAges[32904:17023] [com.apple.CFBundle:plugin] AddInstanceForFactory: No factory registered for id <CFUUID 0x600000289240> F8BB1C28-BAE8-11D6-9C31-00039315CD46
2026-10-05 06:40:34.646 Df HamsterAges[32904:17023] [com.apple.coreaudio:ddagg]        AggregateDevice.mm:887   Creating DefaultDeviceAggregate
2026-10-05 06:40:34.647 Df HamsterAges[32904:17024] [com.apple.network:boringssl] boringssl_session_apply_protocol_options_for_transport_block_invoke_2(2323) [C1.1.1.1:2][0x104843750] TLS configured [min_version(0x0303) max_version(0x0304) name(redacted) tickets(false) false_start(false) enforce_ev(false) enforce_ats(false) ats_non_pfs_ciphersuite_allowed(false) ech(false) pqtls(true), pake(false)]
2026-10-05 06:40:34.654 Df HamsterAges[32904:17024] [com.apple.network:boringssl] boringssl_context_info_handler(2390) [C1.1.1.1:2][0x104843750] Client handshake started
2026-10-05 06:40:34.654 Df HamsterAges[32904:17024] [com.apple.network:boringssl] boringssl_context_info_handler(2407) [C1.1.1.1:2][0x104843750] Client handshake state: TLS client enter_early_data
2026-10-05 06:40:34.654 Df HamsterAges[32904:17024] [com.apple.network:boringssl] boringssl_context_info_handler(2407) [C1.1.1.1:2][0x104843750] Client handshake state: TLS client read_server_hello
2026-10-05 06:40:34.661 Df HamsterAges[32904:1704a] [com.apple.network:boringssl] boringssl_context_info_handler(2407) [C1.1.1.1:2][0x104843750] Client handshake state: TLS 1.3 client read_hello_retry_request
2026-10-05 06:40:34.661 Df HamsterAges[32904:1704a] [com.apple.network:boringssl] boringssl_context_info_handler(2407) [C1.1.1.1:2][0x104843750] Client handshake state: TLS 1.3 client read_server_hello
2026-10-05 06:40:34.661 Df HamsterAges[32904:1704a] [com.apple.network:boringssl] boringssl_context_info_handler(2407) [C1.1.1.1:2][0x104843750] Client handshake state: TLS 1.3 client read_encrypted_extensions
2026-10-05 06:40:34.661 Df HamsterAges[32904:1704a] [com.apple.network:boringssl] boringssl_context_info_handler(2407) [C1.1.1.1:2][0x104843750] Client handshake state: TLS 1.3 client read_certificate_request
2026-10-05 06:40:34.661 Df HamsterAges[32904:1704a] [com.apple.network:boringssl] boringssl_context_info_handler(2407) [C1.1.1.1:2][0x104843750] Client handshake state: TLS 1.3 client read_server_certificate
2026-10-05 06:40:34.661 Df HamsterAges[32904:1704a] [com.apple.network:boringssl] boringssl_context_info_handler(2407) [C1.1.1.1:2][0x104843750] Client handshake state: TLS 1.3 client read_server_certificate_verify
2026-10-05 06:40:34.661 Df HamsterAges[32904:17023] [com.apple.coreaudio:ddagg]        AggregateDevice.mm:688   Built valid aggregate 109
2026-10-05 06:40:34.661 Df HamsterAges[32904:1704a] [com.apple.network:boringssl] boringssl_context_evaluate_trust_async(1833) [C1.1.1.1:2][0x104843750] Performing external trust evaluation
2026-10-05 06:40:34.662 A  HamsterAges[32904:1704a] (Security) SecKeyCopyPublicBytes
2026-10-05 06:40:34.662 Df HamsterAges[32904:1704a] [com.apple.network:boringssl] boringssl_context_evaluate_trust_async_external(1818) [C1.1.1.1:2][0x104843750] Asyncing for external verify block
2026-10-05 06:40:34.662 Df HamsterAges[32904:1704a] [com.apple.CFNetwork:Default] Connection 1: asked to evaluate TLS Trust
2026-10-05 06:40:34.662 Df HamsterAges[32904:17023] [com.apple.coreaudio:aqme]           AQMixEngine.cpp:733   AQMEDevice (0x104b438c8) has neither a defaultOutStreamClient nor a defaultInStreamClient
2026-10-05 06:40:34.662 Df HamsterAges[32904:17023] [com.apple.coreaudio:aqme]              AQIONode.cpp:693   client <RemoteIOClient@0x1058c5000(@0x1058c5218); output; [32904]> is NOT Now Playing eligible
2026-10-05 06:40:34.663 Df HamsterAges[32904:17023] [com.apple.coreaudio:aurios]        RemoteIOServer.cpp:1872  rio@0x1058c5218 spatialization disabled.  layout = tag=0x0, 0 channel descriptions [], format =  2 ch,      0 Hz, Float32, deinterleaved
2026-10-05 06:40:34.663 Df HamsterAges[32904:17028] [com.apple.coreaudio:EnhanceDialogueProcessor] EnhanceDialogueProcessor.cpp:226   EnhanceDialogueProcessor() - Product does not support Enhance Dialogue
2026-10-05 06:40:34.664 Df HamsterAges[32904:1704a] [com.apple.CFNetwork:Default] Task <CA87C07E-29F5-4857-97ED-7279E5BDFE8A>.<1> auth completion disp=1 cred=0x0
2026-10-05 06:40:34.664 Df HamsterAges[32904:1704a] [com.apple.securityd:trust] (Trust 0x600003506cb0) No pending evals, starting
2026-10-05 06:40:34.664 A  HamsterAges[32904:1704a] (Security) SecTrustEvaluateIfNecessaryFastAsync
2026-10-05 06:40:34.664 Df HamsterAges[32904:17028] [com.apple.coreaudio:EnhanceDialogueProcessor] EnhanceDialogueProcessor.cpp:226   EnhanceDialogueProcessor() - Product does not support Enhance Dialogue
2026-10-05 06:40:34.664 Df HamsterAges[32904:17028] [com.apple.coreaudio:AudioConverter]        ACv2Workarounds.mm:51    com.valkhim.hamsterages: fix84702776_86723525_86479548_89800354_SinglePacketDesc: false
2026-10-05 06:40:34.664 Df HamsterAges[32904:1704a] [com.apple.securityd:keychain] System Keychain Always Supported set via feature flag to disabled
2026-10-05 06:40:34.665 Df HamsterAges[32904:17028] [com.apple.audio.caulk:alloc] Registered notify signal com.apple.caulk.alloc.audiodump (0)
2026-10-05 06:40:34.665 Df HamsterAges[32904:1704a] [com.apple.xpc:connection] [0x104b4aaa0] activating connection: mach=true listener=false peer=false name=com.apple.trustd
2026-10-05 06:40:34.668 Df HamsterAges[32904:17028] [com.apple.coreaudio:AudioConverter]        AudioConverter.cpp:1067  Created a new in process converter -> 0x600000c4e430, from  2 ch,  48000 Hz, Float32, deinterleaved to  2 ch,  48000 Hz, Float32, interleaved
2026-10-05 06:40:34.671 Df HamsterAges[32904:17023] [com.apple.coreaudio:aqme]          RemoteIOServer.h:101   rio@0x1058c5000 Got output layout from io node or spatialized client: tag=0x0, 2 channel descriptions [L, R]
2026-10-05 06:40:34.671 Df HamsterAges[32904:17023] [com.apple.coreaudio:aurios]        RemoteIOServer.cpp:1581  SetLoudnessFromLM(): ->
2026-10-05 06:40:34.671 Df HamsterAges[32904:17023] [com.apple.coreaudio:aurios]        RemoteIOServer.cpp:1620  SetLoudnessFromLM(): is CoreAudioServices/LoudnessManager enabled? yes
2026-10-05 06:40:34.671 Df HamsterAges[32904:17023] [com.apple.coreaudio:aurios]        RemoteIOServer.cpp:1623  SetLoudnessFromLM(): is CoreAudioServices/LoudnessManagerV2 enabled? yes
2026-10-05 06:40:34.671 Df HamsterAges[32904:17023] [com.apple.coreaudio:aurios]        RemoteIOServer.cpp:1626  SetLoudnessFromLM(): is CoreAudioServices/lm-disable-hardware-check on? no
2026-10-05 06:40:34.671 Df HamsterAges[32904:17023] [com.apple.coreaudio:aurios]        RemoteIOServer.cpp:1629  SetLoudnessFromLM(): is hardware supported? no
2026-10-05 06:40:34.671 Df HamsterAges[32904:17023] [com.apple.coreaudio:aurios]        RemoteIOServer.cpp:1641  SetLoudnessFromLM(): hardware not supported, Loudness Manager disabled
2026-10-05 06:40:34.671 Df HamsterAges[32904:16fea] [com.apple.coreaudio:AudioConverter]        AudioConverter.cpp:1067  Created a new in process converter -> 0x600000c4e790, from  2 ch,      0 Hz, Float32, deinterleaved to  2 ch,  48000 Hz, Float32, deinterleaved
2026-10-05 06:40:34.671 Df HamsterAges[32904:16fea] [com.apple.coreaudio:AudioConverter]        AudioConverter.cpp:1317  AudioConverter -> 0x600000c4e790: The in-process GetProperty call returned 1886547824 for property 1936876385 with size 4.
2026-10-05 06:40:34.671 Df HamsterAges[32904:16fea] [com.apple.coreaudio:AudioConverter]        AudioConverter.cpp:1317  AudioConverter -> 0x600000c4e790: The in-process GetProperty call returned 1886547824 for property 1936876401 with size 4.
2026-10-05 06:40:34.672 Df HamsterAges[32904:17034] [com.apple.coreaudio:AudioConverter] AudioConverter -> 0x600000c4e790: The in-process SetProperty call returned 1886547824 for property 1886547309 with size 4.
2026-10-05 06:40:34.672 Df HamsterAges[32904:16fea] [com.apple.coreaudio:AudioConverter]        AudioConverter.cpp:1317  AudioConverter -> 0x600000c4e790: The in-process GetProperty call returned 1886547824 for property 1886546285 with size 8.
2026-10-05 06:40:34.672 Df HamsterAges[32904:16fea] [com.apple.coreaudio:aurioc]            AURemoteIO.cpp:1741  Stopping AURemoteIO(0x10703d240)
2026-10-05 06:40:34.672 Df HamsterAges[32904:17023] [com.apple.coreaudio:SpatialMgr] SpatializationManager.cpp:1459  Could not load preset file, invalid model/product name!
2026-10-05 06:40:34.672 Df HamsterAges[32904:17023] [com.apple.coreaudio:aqme]        MEMixerChannel.cpp:3254  2-channel audiovisual content is NOT eligible for spatialization
2026-10-05 06:40:34.672 Df HamsterAges[32904:17023] [com.apple.coreaudio:aqme]  MEDeviceStreamClient.cpp:245   AQME Default-InputOutput: client starting: <CA_UISoundClientBase@0x104b44e70>; running count now 1
2026-10-05 06:40:34.672 Df HamsterAges[32904:1704a] [com.apple.xpc:connection] [0x104932390] activating connection: mach=true listener=false peer=false name=com.apple.trustd
2026-10-05 06:40:34.672 Df HamsterAges[32904:17023] [com.apple.coreaudio:aqme]            AQMEIO_HAL.cpp:2849  FetchAndLogFrameSize starting IO deviceID=109, frame size is 512
2026-10-05 06:40:34.675 Df HamsterAges[32904:17023] [com.apple.coreaudio:aqme]            AQMEIO_HAL.cpp:2818  aqmeio@0x107119618, device 109 (iOSSimulatorAudioDevice-32904-0), AudioDeviceStart (err 0)
2026-10-05 06:40:34.677 Df HamsterAges[32904:1704a] [com.apple.securityd:trust] (Trust 0x600003506cb0) Completed async eval kickoff
2026-10-05 06:40:34.706 A  HamsterAges[32904:16fea] (GameCenterFoundation) GC Activity: Starting Authentication for Existing Primary Player
2026-10-05 06:40:34.709 Df HamsterAges[32904:16fea] [com.apple.CoreAnalytics:client] No XPC connection in Simulator
2026-10-05 06:40:34.724 E  HamsterAges[32904:16fea] [com.apple.GameKit:Developer] ERROR: The Game Center entitlement is required to use GameKit. To avoid failing App Store Review, follow these instructions:
https://developer.apple.com/documentation/bundleresources/entitlements/com_apple_developer_game-center
2026-10-05 06:40:34.724 Df HamsterAges[32904:16fea] [com.apple.xpc:connection] [0x104935ee0] activating connection: mach=true listener=false peer=false name=com.apple.gamed
2026-10-05 06:40:34.725 Df HamsterAges[32904:16fea] [com.apple.xpc:connection] [0x104935ee0] invalidated because the current process cancelled the connection by calling xpc_connection_cancel()
2026-10-05 06:40:34.742 E  HamsterAges[32904:17024] [com.apple.GameKit:Error] Could not load services for GameKit. This likely means your game is missing the com.apple.developer.game-center entitlement. For more info see:
 https://developer.apple.com/documentation/bundleresources/entitlements/com_apple_developer_game-center

ERROR: Error Domain=NSCocoaErrorDomain Code=4099 "The connection to service named com.apple.gamed was invalidated from this process." UserInfo={NSDebugDescription=The connection to service named com.apple.gamed was invalidated from this process.}
2026-10-05 06:40:34.742 E  HamsterAges[32904:17024] [com.apple.GameKit:Error] No gamed service found for selector authenticatePlayerWithExistingCredentialsWithHandler:
2026-10-05 06:40:34.768 Df HamsterAges[32904:17024] [com.apple.UIKit:BackgroundTask] Ending background task with UIBackgroundTaskIdentifier: 1
2026-10-05 06:40:34.768 Df HamsterAges[32904:17024] [com.apple.UIKit:BackgroundTask] Ending task with identifier 1 and description: <_UIBackgroundTaskInfo: 0x600001705880>: taskID = 1, taskName = Launch Background Task for Coalescing, creationTime = 1227 (elapsed = 1), _expireHandler: (null)
2026-10-05 06:40:34.768 Df HamsterAges[32904:17024] [com.apple.UIKit:BackgroundTask] Decrementing reference count for assertion <BKSProcessAssertion: 0x600002102da0> (used by background task with identifier 1: <_UIBackgroundTaskInfo: 0x600001705880>: taskID = 1, taskName = Launch Background Task for Coalescing, creationTime = 1227 (elapsed = 1))
2026-10-05 06:40:34.768 Df HamsterAges[32904:17024] [com.apple.UIKit:BackgroundTask] Will invalidate assertion: <BKSProcessAssertion: 0x600002102da0> for task identifier: 1
2026-10-05 06:40:34.797 Df HamsterAges[32904:17024] [com.apple.securityd:trust] (Trust 0x600003506cb0) trustd returned 4
2026-10-05 06:40:34.797 Df HamsterAges[32904:17024] [com.apple.CFNetwork:Default] System Trust Evaluation yielded status(0)
2026-10-05 06:40:34.797 Df HamsterAges[32904:17024] [com.apple.securityd:trust] (Trust 0x60000350e100) No pending evals, starting
2026-10-05 06:40:34.797 A  HamsterAges[32904:17024] (Security) SecTrustEvaluateIfNecessaryFastAsync
2026-10-05 06:40:34.798 Df HamsterAges[32904:17024] [com.apple.xpc:connection] [0x104937360] activating connection: mach=true listener=false peer=false name=com.apple.trustd
2026-10-05 06:40:34.798 Df HamsterAges[32904:17024] [com.apple.securityd:trust] (Trust 0x60000350e100) Completed async eval kickoff
2026-10-05 06:40:34.798 Df HamsterAges[32904:17024] [com.apple.xpc:connection] [0x104932390] invalidated because the current process cancelled the connection by calling xpc_connection_cancel()
2026-10-05 06:40:34.802 Df HamsterAges[32904:17024] [com.apple.securityd:trust] (Trust 0x60000350e100) trustd returned 4
2026-10-05 06:40:34.802 Df HamsterAges[32904:17024] [com.apple.CFNetwork:Default] Connection 1: TLS Trust result 0
2026-10-05 06:40:34.802 Df HamsterAges[32904:17024] [com.apple.network:boringssl] boringssl_context_evaluate_trust_async_external_block_invoke_3(1773) [C1.1.1.1:2][0x104843750] Returning from external verify block with result: true
2026-10-05 06:40:34.803 Df HamsterAges[32904:17024] [com.apple.network:boringssl] boringssl_context_certificate_verify_callback(2014) [C1.1.1.1:2][0x104843750] Certificate verification result: OK
2026-10-05 06:40:34.803 Df HamsterAges[32904:17024] [com.apple.network:boringssl] boringssl_context_info_handler(2407) [C1.1.1.1:2][0x104843750] Client handshake state: TLS 1.3 client read_server_finished
2026-10-05 06:40:34.803 Df HamsterAges[32904:17024] [com.apple.network:boringssl] boringssl_context_info_handler(2407) [C1.1.1.1:2][0x104843750] Client handshake state: TLS 1.3 client send_end_of_early_data
2026-10-05 06:40:34.803 Df HamsterAges[32904:17024] [com.apple.network:boringssl] boringssl_context_info_handler(2407) [C1.1.1.1:2][0x104843750] Client handshake state: TLS 1.3 client send_client_encrypted_extensions
2026-10-05 06:40:34.803 Df HamsterAges[32904:17024] [com.apple.network:boringssl] boringssl_context_info_handler(2407) [C1.1.1.1:2][0x104843750] Client handshake state: TLS 1.3 client send_client_certificate
2026-10-05 06:40:34.803 Df HamsterAges[32904:17024] [com.apple.network:boringssl] boringssl_context_info_handler(2407) [C1.1.1.1:2][0x104843750] Client handshake state: TLS 1.3 client complete_second_flight
2026-10-05 06:40:34.804 Df HamsterAges[32904:17024] [com.apple.network:boringssl] boringssl_context_info_handler(2407) [C1.1.1.1:2][0x104843750] Client handshake state: TLS 1.3 client done
2026-10-05 06:40:34.804 Df HamsterAges[32904:17024] [com.apple.network:boringssl] boringssl_context_info_handler(2407) [C1.1.1.1:2][0x104843750] Client handshake state: TLS client finish_client_handshake
2026-10-05 06:40:34.804 Df HamsterAges[32904:17024] [com.apple.network:boringssl] boringssl_context_info_handler(2407) [C1.1.1.1:2][0x104843750] Client handshake state: TLS client done
2026-10-05 06:40:34.804 Df HamsterAges[32904:17024] [com.apple.network:boringssl] boringssl_context_info_handler(2396) [C1.1.1.1:2][0x104843750] Client handshake done
2026-10-05 06:40:34.804 A  HamsterAges[32904:17024] (Security) SecKeyCopyPublicBytes
2026-10-05 06:40:34.804 Df HamsterAges[32904:17024] [com.apple.network:boringssl] nw_protocol_boringssl_signal_connected(895) [C1.1.1.1:2][0x104843750] TLS connected [server(0) version(0x0304) ciphersuite(TLS_AES_128_GCM_SHA256) group(0x11ec) signature_alg(0x0804) alpn(h2) resumed(0) offered_ticket(0) in_early_data(0) early_data_accepted(0) false_started(0) ocsp_received(0) sct_received(0) connect_time(150ms) flight_time(7ms) rtt(7ms) write_stalls(0) read_stalls(2) pake(0x0000)]
2026-10-05 06:40:34.804 Df HamsterAges[32904:17024] [com.apple.network:connection] nw_flow_connected [C1.1.1.1 IPv4#5ca0dc3c:443 in_progress socket-flow (satisfied (Path is satisfied), interface: en0)] Output protocol connected (CFNetworkConnection-2120205230)
2026-10-05 06:40:34.805 Df HamsterAges[32904:17024] [com.apple.network:connection] [C1.1.1.1 IPv4#5ca0dc3c:443 ready socket-flow (satisfied (Path is satisfied), interface: en0)] event: flow:child_finish_connect @0.277s
2026-10-05 06:40:34.805 Df HamsterAges[32904:17024] [com.apple.network:connection] [C1.1.1 Hostname#956197b7:443 ready resolver (satisfied (Path is satisfied), interface: en0)] event: flow:child_finish_connect @0.277s
2026-10-05 06:40:34.805 Df HamsterAges[32904:17024] [com.apple.network:connection] [C1.1 Hostname#956197b7:443 ready transform (satisfied (Path is satisfied), interface: en0)] event: flow:child_finish_connect @0.277s
2026-10-05 06:40:34.805 Df HamsterAges[32904:17024] [com.apple.network:connection] nw_flow_connected [C1 IPv4#5ca0dc3c:443 in_progress parent-flow (satisfied (Path is satisfied), interface: en0)] Output protocol connected (endpoint_flow)
2026-10-05 06:40:34.805 Df HamsterAges[32904:17024] [com.apple.network:connection] [C1 IPv4#5ca0dc3c:443 ready parent-flow (satisfied (Path is satisfied), interface: en0)] event: flow:finish_connect @0.278s
2026-10-05 06:40:34.806 Df HamsterAges[32904:17024] [com.apple.network:connection] nw_connection_report_state_with_handler_on_nw_queue [C1] reporting state ready
2026-10-05 06:40:34.806 A  HamsterAges[32904:17024] (Security) SecKeyCopyPublicBytes
2026-10-05 06:40:34.806 Df HamsterAges[32904:17024] [com.apple.xpc:connection] [0x104937360] invalidated because the current process cancelled the connection by calling xpc_connection_cancel()
2026-10-05 06:40:34.806 Df HamsterAges[32904:17024] [com.apple.CFNetwork:Default] Connection 1: connected successfully
2026-10-05 06:40:34.806 Df HamsterAges[32904:17024] [com.apple.CFNetwork:Default] Connection 1: TLS handshake complete
2026-10-05 06:40:34.806 Df HamsterAges[32904:17024] [com.apple.CFNetwork:Default] Connection 1: ready C(N) E(N)
2026-10-05 06:40:34.807 Df HamsterAges[32904:17024] [com.apple.network:connection] [C1] event: client:connection_reused @0.279s
2026-10-05 06:40:34.807 Df HamsterAges[32904:17024] [com.apple.network:connection] nw_protocol_socket_notify [C1.1.1.1:3] nw_protocol_notification_type_connection_idle is false
2026-10-05 06:40:34.807 E  HamsterAges[32904:17024] [com.apple.network:connection] nw_socket_set_connection_idle [C1.1.1.1:3] setsockopt SO_CONNECTION_IDLE failed [42: Protocol not available]
2026-10-05 06:40:34.810 Df HamsterAges[32904:17024] [com.apple.CFNetwork:Default] Task <CA87C07E-29F5-4857-97ED-7279E5BDFE8A>.<1> now using Connection 1
2026-10-05 06:40:34.810 Df HamsterAges[32904:17024] [com.apple.CFNetwork:Default] Task <CA87C07E-29F5-4857-97ED-7279E5BDFE8A>.<1> sent request, body N 0
2026-10-05 06:40:34.813 Df HamsterAges[32904:17024] [com.apple.CFNetwork:Default] Task <CA87C07E-29F5-4857-97ED-7279E5BDFE8A>.<1> received response, status 200 content K
2026-10-05 06:40:34.813 Df HamsterAges[32904:17024] [com.apple.CFNetwork:Default] Task <CA87C07E-29F5-4857-97ED-7279E5BDFE8A>.<1> done using Connection 1
2026-10-05 06:40:34.813 Df HamsterAges[32904:17024] [com.apple.network:connection] [C1] event: client:connection_idle @0.285s
2026-10-05 06:40:34.813 Df HamsterAges[32904:17024] [com.apple.network:connection] nw_protocol_socket_notify [C1.1.1.1:3] nw_protocol_notification_type_connection_idle is true
2026-10-05 06:40:34.813 E  HamsterAges[32904:17024] [com.apple.network:connection] nw_socket_set_connection_idle [C1.1.1.1:3] setsockopt SO_CONNECTION_IDLE failed [42: Protocol not available]
2026-10-05 06:40:34.813 Df HamsterAges[32904:17024] [com.apple.CFNetwork:Default] Task <CA87C07E-29F5-4857-97ED-7279E5BDFE8A>.<1> response ended
2026-10-05 06:40:34.824 Df HamsterAges[32904:17024] [com.apple.CFNetwork:Summary] Task <CA87C07E-29F5-4857-97ED-7279E5BDFE8A>.<1> summary for task success {transaction_duration_ms=403, response_status=200, connection=1, protocol="h2", domain_lookup_duration_ms=13, connect_duration_ms=218, secure_connection_duration_ms=150, private_relay=false, request_start_ms=389, request_duration_ms=0, response_start_ms=392, response_duration_ms=0, request_bytes=150, request_throughput_kbps=7139, response_bytes=736, response_throughput_kbps=13025, cache_hit=false}
2026-10-05 06:40:34.824 Df HamsterAges[32904:1704a] [com.apple.CFNetwork:Default] Task <CA87C07E-29F5-4857-97ED-7279E5BDFE8A>.<1> finished successfully
2026-10-05 06:40:34.880 A  HamsterAges[32904:17039] (RunningBoardServices) didChangeInheritances
2026-10-05 06:40:35.476 Df HamsterAges[32904:16fea] [com.apple.coreaudio:as_client] AVAudioSessionImpl_Simulator.mm:111   Set volume on device 85 to 0.60
2026-10-05 06:40:35.476 Df HamsterAges[32904:16fea] [com.apple.coreaudio:as_client] AVAudioSessionImpl_Simulator.mm:111   Set volume on device 85 to 0.60
2026-10-05 06:40:35.476 Df HamsterAges[32904:16fea] [com.apple.coreaudio:ddagg]        AggregateDevice.mm:1008  PrimarySessionActiveWithInputEnabled 0 -> 0
2026-10-05 06:40:35.476 Df HamsterAges[32904:16fea] [com.apple.avfaudio:avae]          AVAudioEngine.mm:1182  Engine@0x600000005610: start, was running 0
2026-10-05 06:40:35.476 Df HamsterAges[32904:16fea] [com.apple.coreaudio:aurioc]            AURemoteIO.cpp:1130  AURemoteIO@0x10703d240: set kAudioOutputUnitProperty_OutputChannelLayout.  Layout = tag=0x650002, err = 0
2026-10-05 06:40:35.477 Df HamsterAges[32904:17026] [com.apple.coreaudio:aqme]              AQIONode.cpp:693   client <RemoteIOClient@0x1058c5000(@0x1058c5218); output; [32904]> is NOT Now Playing eligible
2026-10-05 06:40:35.477 Df HamsterAges[32904:17026] [com.apple.coreaudio:aurios]        RemoteIOServer.cpp:1872  rio@0x1058c5218 spatialization disabled.  layout = tag=0x650002, format =  2 ch,  44100 Hz, Float32, deinterleaved
2026-10-05 06:40:35.477 Df HamsterAges[32904:17026] [com.apple.coreaudio:aqme]          RemoteIOServer.h:101   rio@0x1058c5000 Got output layout from io node or spatialized client: tag=0x0, 2 channel descriptions [L, R]
2026-10-05 06:40:35.477 Df HamsterAges[32904:17026] [com.apple.coreaudio:aurios]        RemoteIOServer.cpp:1581  SetLoudnessFromLM(): ->
2026-10-05 06:40:35.477 Df HamsterAges[32904:17026] [com.apple.coreaudio:aurios]        RemoteIOServer.cpp:1620  SetLoudnessFromLM(): is CoreAudioServices/LoudnessManager enabled? yes
2026-10-05 06:40:35.477 Df HamsterAges[32904:17026] [com.apple.coreaudio:aurios]        RemoteIOServer.cpp:1623  SetLoudnessFromLM(): is CoreAudioServices/LoudnessManagerV2 enabled? yes
2026-10-05 06:40:35.477 Df HamsterAges[32904:17026] [com.apple.coreaudio:aurios]        RemoteIOServer.cpp:1626  SetLoudnessFromLM(): is CoreAudioServices/lm-disable-hardware-check on? no
2026-10-05 06:40:35.477 Df HamsterAges[32904:17026] [com.apple.coreaudio:aurios]        RemoteIOServer.cpp:1629  SetLoudnessFromLM(): is hardware supported? no
2026-10-05 06:40:35.477 Df HamsterAges[32904:17026] [com.apple.coreaudio:aurios]        RemoteIOServer.cpp:1641  SetLoudnessFromLM(): hardware not supported, Loudness Manager disabled
2026-10-05 06:40:35.477 Df HamsterAges[32904:16fea] [com.apple.coreaudio:AudioConverter]        AudioConverter.cpp:1067  Created a new in process converter -> 0x600000c68990, from  2 ch,  44100 Hz, Float32, deinterleaved to  2 ch,  48000 Hz, Float32, deinterleaved
2026-10-05 06:40:35.477 Df HamsterAges[32904:16fea] [com.apple.coreaudio:AudioConverter]        AudioConverter.cpp:1317  AudioConverter -> 0x600000c68990: The in-process GetProperty call returned 1886547824 for property 1936876385 with size 4.
2026-10-05 06:40:35.477 Df HamsterAges[32904:16fea] [com.apple.coreaudio:aurioc]            AURemoteIO.cpp:1741  Stopping AURemoteIO(0x10703d240)
2026-10-05 06:40:35.477 Df HamsterAges[32904:16fea] [com.apple.coreaudio:aurioc]            AURemoteIO.cpp:1130  AURemoteIO@0x10703d240: set kAudioOutputUnitProperty_OutputChannelLayout.  Layout = tag=0x650002, err = 0
2026-10-05 06:40:35.478 Df HamsterAges[32904:17026] [com.apple.coreaudio:aqme]              AQIONode.cpp:693   client <RemoteIOClient@0x1058c5000(@0x1058c5218); output; [32904]> is NOT Now Playing eligible
2026-10-05 06:40:35.478 Df HamsterAges[32904:17026] [com.apple.coreaudio:aurios]        RemoteIOServer.cpp:1872  rio@0x1058c5218 spatialization disabled.  layout = tag=0x650002, format =  2 ch,  48000 Hz, Float32, deinterleaved
2026-10-05 06:40:35.478 Df HamsterAges[32904:17026] [com.apple.coreaudio:aqme]          RemoteIOServer.h:101   rio@0x1058c5000 Got output layout from io node or spatialized client: tag=0x0, 2 channel descriptions [L, R]
2026-10-05 06:40:35.478 Df HamsterAges[32904:17026] [com.apple.coreaudio:aurios]        RemoteIOServer.cpp:1581  SetLoudnessFromLM(): ->
2026-10-05 06:40:35.478 Df HamsterAges[32904:17026] [com.apple.coreaudio:aurios]        RemoteIOServer.cpp:1620  SetLoudnessFromLM(): is CoreAudioServices/LoudnessManager enabled? yes
2026-10-05 06:40:35.478 Df HamsterAges[32904:17026] [com.apple.coreaudio:aurios]        RemoteIOServer.cpp:1623  SetLoudnessFromLM(): is CoreAudioServices/LoudnessManagerV2 enabled? yes
2026-10-05 06:40:35.478 Df HamsterAges[32904:17026] [com.apple.coreaudio:aurios]        RemoteIOServer.cpp:1626  SetLoudnessFromLM(): is CoreAudioServices/lm-disable-hardware-check on? no
2026-10-05 06:40:35.478 Df HamsterAges[32904:17026] [com.apple.coreaudio:aurios]        RemoteIOServer.cpp:1629  SetLoudnessFromLM(): is hardware supported? no
2026-10-05 06:40:35.478 Df HamsterAges[32904:17026] [com.apple.coreaudio:aurios]        RemoteIOServer.cpp:1641  SetLoudnessFromLM(): hardware not supported, Loudness Manager disabled
2026-10-05 06:40:35.478 Df HamsterAges[32904:16fea] [com.apple.coreaudio:aurioc]            AURemoteIO.cpp:1741  Stopping AURemoteIO(0x10703d240)
2026-10-05 06:40:35.478 Df HamsterAges[32904:16fea] [com.apple.coreaudio:aurioc]            AURemoteIO.cpp:1130  AURemoteIO@0x10703d240: set kAudioOutputUnitProperty_OutputChannelLayout.  Layout = tag=0x650002, err = 0
2026-10-05 06:40:35.478 Df HamsterAges[32904:17026] [com.apple.coreaudio:aqme]              AQIONode.cpp:693   client <RemoteIOClient@0x1058c5000(@0x1058c5218); output; [32904]> is NOT Now Playing eligible
2026-10-05 06:40:35.479 Df HamsterAges[32904:17026] [com.apple.coreaudio:aurios]        RemoteIOServer.cpp:1872  rio@0x1058c5218 spatialization disabled.  layout = tag=0x650002, format =  2 ch,  48000 Hz, Float32, deinterleaved
2026-10-05 06:40:35.479 Df HamsterAges[32904:17026] [com.apple.coreaudio:aqme]          RemoteIOServer.h:101   rio@0x1058c5000 Got output layout from io node or spatialized client: tag=0x0, 2 channel descriptions [L, R]
2026-10-05 06:40:35.479 Df HamsterAges[32904:17026] [com.apple.coreaudio:aurios]        RemoteIOServer.cpp:1581  SetLoudnessFromLM(): ->
2026-10-05 06:40:35.479 Df HamsterAges[32904:17026] [com.apple.coreaudio:aurios]        RemoteIOServer.cpp:1620  SetLoudnessFromLM(): is CoreAudioServices/LoudnessManager enabled? yes
2026-10-05 06:40:35.479 Df HamsterAges[32904:17026] [com.apple.coreaudio:aurios]        RemoteIOServer.cpp:1623  SetLoudnessFromLM(): is CoreAudioServices/LoudnessManagerV2 enabled? yes
2026-10-05 06:40:35.479 Df HamsterAges[32904:17026] [com.apple.coreaudio:aurios]        RemoteIOServer.cpp:1626  SetLoudnessFromLM(): is CoreAudioServices/lm-disable-hardware-check on? no
2026-10-05 06:40:35.479 Df HamsterAges[32904:17026] [com.apple.coreaudio:aurios]        RemoteIOServer.cpp:1629  SetLoudnessFromLM(): is hardware supported? no
2026-10-05 06:40:35.479 Df HamsterAges[32904:17026] [com.apple.coreaudio:aurios]        RemoteIOServer.cpp:1641  SetLoudnessFromLM(): hardware not supported, Loudness Manager disabled
2026-10-05 06:40:35.479 Df HamsterAges[32904:16fea] [com.apple.coreaudio:aurioc]            AURemoteIO.cpp:1666  Starting AURemoteIO(0x10703d240)
output client:  2 ch,  48000 Hz, Float32, deinterleaved, output HW:  2 ch,  48000 Hz, Float32, deinterleaved
input client:   2 ch,      0 Hz, Float32, deinterleaved, input HW:   2 ch,      0 Hz, Float32, deinterleaved
2026-10-05 06:40:35.479 Df HamsterAges[32904:17026] [com.apple.coreaudio:aqme]            AQMEIO_HAL.cpp:1079  fetched workgroup 0x60000174cf80
2026-10-05 06:40:35.479 Df HamsterAges[32904:17026] [com.apple.coreaudio:auext]        AUOOPWorkgroups.mm:30    AUOOPWorkgroupManager: AddRemoteIOWorkgroup called with token 134774785.
2026-10-05 06:40:35.479 Df HamsterAges[32904:17026] [com.apple.coreaudio:auext]        AUOOPWorkgroups.mm:66    AUOOPWorkgroupManager: mutating workgroups.
2026-10-05 06:40:35.479 Df HamsterAges[32904:16fea] [com.apple.coreaudio:aurioc]            AURemoteIO.cpp:1727  workgroup port 0x10507
2026-10-05 06:40:35.479 Df HamsterAges[32904:17066] [com.apple.coreaudio:auext]        AUOOPWorkgroups.mm:30    AUOOPWorkgroupManager: AddRemoteIOWorkgroup called with token 134774784.
2026-10-05 06:40:35.479 Df HamsterAges[32904:17066] [com.apple.coreaudio:auext]        AUOOPWorkgroups.mm:66    AUOOPWorkgroupManager: mutating workgroups.
2026-10-05 06:40:35.479 Df HamsterAges[32904:17026] [com.apple.coreaudio:aqme]              AQIONode.cpp:693   client <RemoteIOClient@0x1058c5000(@0x1058c5218); output; [32904]> is NOT Now Playing eligible
2026-10-05 06:40:35.479 Df HamsterAges[32904:17026] [com.apple.coreaudio:aqme]  MEDeviceStreamClient.cpp:245   AQME Default-InputOutput: client starting: <RemoteIOClient@0x1058c5000(@0x1058c5218); output; [32904]>; running count now 2
2026-10-05 06:40:35.563 E  HamsterAges[32904:16fea] [com.apple.UIKit:UIFocus] _TtC18_SpriteKit_SwiftUIP33_4A29C38A751B2448A1E2FA85CDDEAA5324SpriteKitViewCoordinator implements focusItemsInRect: - caching for linear focus movement is limited as long as this view is on screen.
2026-10-05 06:40:35.582 Df HamsterAges[32904:16fea] [com.apple.xpc:connection] [0x104853f00] activating connection: mach=true listener=false peer=false name=com.apple.metal.simulator
2026-10-05 06:40:35.583 Df HamsterAges[32904:16fea] [com.apple.xpc:connection] [0x104854030] activating connection: mach=true listener=false peer=false name=com.apple.metal.simulator
2026-10-05 06:40:35.583 Df HamsterAges[32904:16fea] [com.apple.xpc:connection] [0x1049219b0] activating connection: mach=true listener=false peer=false name=com.apple.metal.simulator
2026-10-05 06:40:36.365 Df HamsterAges[32904:16fea] [com.apple.FrontBoard:SceneClient] [(FBSceneManager):sceneID:com.valkhim.hamsterages-AA30C237-FD7C-456B-8C07-5D4E88633CE2] Sending action(s): BLSInvalidateFrameSpecifiersAction
2026-10-05 06:40:36.405 Df HamsterAges[32904:16fea] [com.apple.xpc:connection] [0x104852a50] activating connection: mach=true listener=false peer=false name=com.apple.IOSurface.Remote
2026-10-05 06:40:36.538 Df HamsterAges[32904:16fea] [com.apple.network:activity] Create activity from XPC object <nw_activity 50:1 [BEE2620A-F07F-4F0D-B97A-1EAEAD005EFF] (reporting strategy default)>
2026-10-05 06:40:36.538 Df HamsterAges[32904:16fea] [com.apple.network:activity] Create activity from XPC object <nw_activity 50:2 [69FE8B3B-AC13-41F3-92EE-474D61296B5B] (reporting strategy default)>
2026-10-05 06:40:36.538 Df HamsterAges[32904:16fea] [com.apple.network:activity] Set activity <nw_activity 50:1 [BEE2620A-F07F-4F0D-B97A-1EAEAD005EFF] (reporting strategy default)> as the global parent
2026-10-05 06:40:36.543 Df HamsterAges[32904:17024] [com.apple.network:] -[NWConcrete_nw_resolver initWithEndpoint:parameters:path:log_str:] [R1] created for Hostname#ecacd479:0 using: generic, attribution: developer
2026-10-05 06:40:36.543 Df HamsterAges[32904:17024] [com.apple.network:path] nw_path_evaluator_start [4B744044-5D8B-49E3-B6EA-74E7DD0498C4 Hostname#ecacd479:0 generic, attribution: developer]
	path: satisfied (Path is satisfied), interface: en0
2026-10-05 06:40:36.544 Df HamsterAges[32904:17028] [com.apple.network:] nw_resolver_set_update_handler_block_invoke [R1] started
2026-10-05 06:40:36.545 Df HamsterAges[32904:17024] [com.apple.xpc:connection] [0x10495b0b0] activating connection: mach=true listener=false peer=false name=com.apple.commcenter.coretelephony.xpc
2026-10-05 06:40:36.546 A  HamsterAges[32904:17023] (RunningBoardServices) didChangeInheritances
2026-10-05 06:40:36.546 Df HamsterAges[32904:17024] [com.apple.xpc:connection] [0x10495b0b0] failed to do a bootstrap look-up: xpc_error=[3: No such process]
2026-10-05 06:40:36.547 Df HamsterAges[32904:17024] [com.apple.xpc:connection] [0x10495b0b0] invalidated after a failed init
2026-10-05 06:40:36.548 Df HamsterAges[32904:17039] [com.apple.CoreTelephony:Client] Connection has been invalidated
2026-10-05 06:40:36.548 Df HamsterAges[32904:17024] [com.apple.xpc:connection] [0x104b64ef0] activating connection: mach=true listener=false peer=false name=com.apple.commcenter.coretelephony.xpc
2026-10-05 06:40:36.549 Df HamsterAges[32904:17024] [com.apple.xpc:connection] [0x104b64ef0] failed to do a bootstrap look-up: xpc_error=[3: No such process]
2026-10-05 06:40:36.549 Df HamsterAges[32904:17024] [com.apple.xpc:connection] [0x104b64ef0] invalidated after a failed init
2026-10-05 06:40:36.550 Df HamsterAges[32904:17024] [com.apple.CoreTelephony:Client] Sending selectors to server: (null)
2026-10-05 06:40:36.550 Df HamsterAges[32904:17039] [com.apple.CoreTelephony:Client] Connection has been invalidated
2026-10-05 06:40:36.550 E  HamsterAges[32904:17039] [com.apple.CoreTelephony:Client] Updating selectors failed with: Error Domain=NSCocoaErrorDomain Code=4099 "The connection to service named com.apple.commcenter.coretelephony.xpc was invalidated: Connection init failed at lookup with error 3 - No such process." UserInfo={NSDebugDescription=The connection to service named com.apple.commcenter.coretelephony.xpc was invalidated: Connection init failed at lookup with error 3 - No such process.}
2026-10-05 06:40:36.550 E  HamsterAges[32904:17024] [com.apple.CoreTelephony:Client] Synchronous remote object proxy returned error: Error Domain=NSCocoaErrorDomain Code=4099 "The connection to service named com.apple.commcenter.coretelephony.xpc was invalidated: Connection init failed at lookup with error 3 - No such process." UserInfo={NSDebugDescription=The connection to service named com.apple.commcenter.coretelephony.xpc was invalidated: Connection init failed at lookup with error 3 - No such process.}
2026-10-05 06:40:36.550 Df HamsterAges[32904:17024] [com.apple.xpc:connection] [0x104b64ef0] activating connection: mach=true listener=false peer=false name=com.apple.commcenter.coretelephony.xpc
2026-10-05 06:40:36.551 Df HamsterAges[32904:17024] [com.apple.xpc:connection] [0x104b64ef0] failed to do a bootstrap look-up: xpc_error=[3: No such process]
2026-10-05 06:40:36.552 Df HamsterAges[32904:17024] [com.apple.xpc:connection] [0x104b64ef0] invalidated after a failed init
2026-10-05 06:40:36.552 Df HamsterAges[32904:17024] [com.apple.CoreTelephony:Client] Sending selectors to server: (null)
2026-10-05 06:40:36.552 E  HamsterAges[32904:17024] [com.apple.CoreTelephony:Client] Synchronous remote object proxy returned error: Error Domain=NSCocoaErrorDomain Code=4099 "The connection to service named com.apple.commcenter.coretelephony.xpc was invalidated: Connection init failed at lookup with error 3 - No such process." UserInfo={NSDebugDescription=The connection to service named com.apple.commcenter.coretelephony.xpc was invalidated: Connection init failed at lookup with error 3 - No such process.}
2026-10-05 06:40:36.552 Df HamsterAges[32904:17028] [com.apple.CoreTelephony:Client] Connection has been invalidated
2026-10-05 06:40:36.552 E  HamsterAges[32904:17028] [com.apple.CoreTelephony:Client] Updating selectors failed with: Error Domain=NSCocoaErrorDomain Code=4099 "The connection to service named com.apple.commcenter.coretelephony.xpc was invalidated: Connection init failed at lookup with error 3 - No such process." UserInfo={NSDebugDescription=The connection to service named com.apple.commcenter.coretelephony.xpc was invalidated: Connection init failed at lookup with error 3 - No such process.}
2026-10-05 06:40:36.553 Df HamsterAges[32904:17028] [com.apple.xpc:connection] [0x10495b0b0] activating connection: mach=true listener=false peer=false name=com.apple.commcenter.coretelephony.xpc
2026-10-05 06:40:36.554 Df HamsterAges[32904:17028] [com.apple.xpc:connection] [0x10495b0b0] failed to do a bootstrap look-up: xpc_error=[3: No such process]
2026-10-05 06:40:36.554 Df HamsterAges[32904:17028] [com.apple.xpc:connection] [0x10495b0b0] invalidated after a failed init
2026-10-05 06:40:36.554 Df HamsterAges[32904:17028] [com.apple.CoreTelephony:Client] Sending selectors to server: (
    "regDataModeChanged:dataMode:",
    "carrierBundleChange:",
    "currentDataServiceDescriptorChanged:"
)
2026-10-05 06:40:36.554 Df HamsterAges[32904:17028] [com.apple.CoreTelephony:Client] Sending selectors to server: (
    "regDataModeChanged:dataMode:",
    "carrierBundleChange:",
    "currentDataServiceDescriptorChanged:"
)
2026-10-05 06:40:36.554 Df HamsterAges[32904:17028] [com.apple.CoreTelephony:Client] Connection has been invalidated
2026-10-05 06:40:36.555 E  HamsterAges[32904:17028] [com.apple.CoreTelephony:Client] Updating selectors failed with: Error Domain=NSCocoaErrorDomain Code=4099 "The connection to service named com.apple.commcenter.coretelephony.xpc was invalidated: Connection init failed at lookup with error 3 - No such process." UserInfo={NSDebugDescription=The connection to service named com.apple.commcenter.coretelephony.xpc was invalidated: Connection init failed at lookup with error 3 - No such process.}
2026-10-05 06:40:36.555 E  HamsterAges[32904:17028] [com.apple.CoreTelephony:Client] Updating selectors after delegate addition failed with: Error Domain=NSCocoaErrorDomain Code=4099 "The connection to service named com.apple.commcenter.coretelephony.xpc was invalidated: Connection init failed at lookup with error 3 - No such process." UserInfo={NSDebugDescription=The connection to service named com.apple.commcenter.coretelephony.xpc was invalidated: Connection init failed at lookup with error 3 - No such process.}
2026-10-05 06:40:36.557 Df HamsterAges[32904:16fea] [com.apple.UIKit:EventDeferring] [0x60000290ed80] Scene target of event deferring environments did update: scene: 0x104906650; current systemShellManagesKeyboardFocus: 1; systemShellManagesKeyboardFocusForScene: 1; eligibleForRecordRemoval: 1;
2026-10-05 06:40:36.558 Df HamsterAges[32904:16fea] [com.apple.UIKit:KeyWindow] Scene became target of keyboard event deferring environment: UIWindowScene: 0x104906650; scene identity: com.apple.frontboard.systemappservices/FBSceneManager:sceneID%3Acom.valkhim.hamsterages-AA30C237-FD7C-456B-8C07-5D4E88633CE2
2026-10-05 06:40:36.558 Sd HamsterAges[32904:0] (79E72B83-2384-3A91-8EE7-4315E85E9A91) IOHIDManager State
{
    DispatchQueue = 0;
    RunLoop = 1;
    createOptions = 0;
    isOpen = 0;
    openOptions = 0;
}
2026-10-05 06:40:36.559 Df HamsterAges[32904:16fea] [com.apple.Accessibility:AXCommon] Read Per-App on Init: Smart invert = (null)
2026-10-05 06:40:36.560 A  HamsterAges[32904:17024] (StoreKit) StoreKit/Products_SK2
2026-10-05 06:40:36.563 E  HamsterAges[32904:16fea] [com.apple.GameKit:Error] _authenticateUsingAlert:Failed to authenticate player with existing credentials.Error: Error Domain=GKErrorDomain Code=3 "The requested operation could not be completed due to an error communicating with the server." UserInfo={NSLocalizedDescription=The requested operation could not be completed due to an error communicating with the server.}
2026-10-05 06:40:36.566 Df HamsterAges[32904:16fea] [com.apple.UIKit:UpdateScheduler] Target list changed: <CADisplay:LCD PurpleMain>
2026-10-05 06:40:36.567 Df HamsterAges[32904:16fea] [com.apple.UIKit:AppLifecycle] sceneOfRecord: sceneID: sceneID:com.valkhim.hamsterages-AA30C237-FD7C-456B-8C07-5D4E88633CE2  persistentID: AA30C237-FD7C-456B-8C07-5D4E88633CE2
2026-10-05 06:40:36.568 Df HamsterAges[32904:17024] [com.apple.xpc:connection] [0x10495b0b0] activating connection: mach=true listener=false peer=false name=com.apple.storekitd
2026-10-05 06:40:36.568 Df HamsterAges[32904:16fea] [com.apple.UIKit:InterfaceStyle] Should not send trait collection or coordinate space update, interface style 2 -> 2, <UIWindowScene: 0x104906650> (AA30C237-FD7C-456B-8C07-5D4E88633CE2)
2026-10-05 06:40:36.568 Df HamsterAges[32904:16fea] [com.apple.UIKit:AppLifecycle] sceneOfRecord: sceneID: sceneID:com.valkhim.hamsterages-AA30C237-FD7C-456B-8C07-5D4E88633CE2  persistentID: AA30C237-FD7C-456B-8C07-5D4E88633CE2
2026-10-05 06:40:36.568 Df HamsterAges[32904:16fea] [com.apple.UIKit:InterfaceStyle] Not push traits update to screen for new style 1, <UIWindowScene: 0x104906650> (AA30C237-FD7C-456B-8C07-5D4E88633CE2)
2026-10-05 06:40:36.569 Df HamsterAges[32904:16fea] [com.apple.FrontBoard:SceneExtension] Realizing settings extension SBUISecureRenderingSettingsExtension on FBSSceneSettings
2026-10-05 06:40:36.570 Df HamsterAges[32904:16fea] [com.apple.UIKit:InterfaceStyle] Not push traits update to screen for new style 1, <UIWindowScene: 0x104906650> (AA30C237-FD7C-456B-8C07-5D4E88633CE2)
2026-10-05 06:40:36.570 Df HamsterAges[32904:16fea] [com.apple.UIKit:InterfaceStyle] Not push traits update to screen for new style 1, <UIWindowScene: 0x104906650> (AA30C237-FD7C-456B-8C07-5D4E88633CE2)
2026-10-05 06:40:36.571 Df HamsterAges[32904:16fea] [com.apple.UIKit:AppLifecycle] sceneOfRecord: sceneID: sceneID:com.valkhim.hamsterages-AA30C237-FD7C-456B-8C07-5D4E88633CE2  persistentID: AA30C237-FD7C-456B-8C07-5D4E88633CE2
2026-10-05 06:40:36.571 Df HamsterAges[32904:16fea] [com.apple.UIKit:Application] Deactivation reason removed: 12; deactivation reasons: 4128 -> 32; animating application lifecycle event: 1
2026-10-05 06:40:36.571 Df HamsterAges[32904:16fea] [com.apple.KeyboardArbiter:Client] Send setDeactivating: N (-DeactivationReason:SuspendedEventsOnly)
2026-10-05 06:40:36.571 Df HamsterAges[32904:16fea] [com.apple.UIKit:Application] Deactivation reason removed: 5; deactivation reasons: 32 -> 0; animating application lifecycle event: 0
2026-10-05 06:40:36.573 Df HamsterAges[32904:16fea] [com.apple.KeyboardArbiter:Client] startConnection
2026-10-05 06:40:36.573 Df HamsterAges[32904:16fea] [com.apple.xpc:connection] [0x104b41aa0] activating connection: mach=true listener=false peer=false name=com.apple.UIKit.KeyboardManagement.hosted
2026-10-05 06:40:36.580 Df HamsterAges[32904:16fea] [com.apple.KeyboardArbiter:Client] handleKeyboardChange: set currentKeyboard:N (wasKeyboard:N)
2026-10-05 06:40:36.584 Df HamsterAges[32904:16fea] [com.apple.UIKit:KeyboardArbiterClientLog] isWritingToolsHandlingKeyboardTracking:Y (WT ready:Y, Arbiter ready:Y)
2026-10-05 06:40:36.640 E  HamsterAges[32904:16fea] (libCoreFSCache.dylib) fopen failed for data file: errno = 2 (No such file or directory)
2026-10-05 06:40:36.640 E  HamsterAges[32904:16fea] (libCoreFSCache.dylib) Errors found! Invalidating cache...
2026-10-05 06:40:36.642 Df HamsterAges[32904:16fea] [com.apple.xpc:connection] [0x104b40ab0] activating connection: mach=false listener=false peer=false name=com.apple.MTLCompilerService
2026-10-05 06:40:36.663 E  HamsterAges[32904:17028] [com.apple.GameKit:Error] Could not load services for GameKit. This likely means your game is missing the com.apple.developer.game-center entitlement. For more info see:
 https://developer.apple.com/documentation/bundleresources/entitlements/com_apple_developer_game-center

ERROR: Error Domain=NSCocoaErrorDomain Code=4099 "The connection to service named com.apple.gamed was invalidated from this process." UserInfo={NSDebugDescription=The connection to service named com.apple.gamed was invalidated from this process.}
2026-10-05 06:40:36.665 E  HamsterAges[32904:17028] [com.apple.GameKit:Error] No gamed service found for selector getStoreBagValuesForKeys:handler:
2026-10-05 06:40:36.780 Df HamsterAges[32904:17039] [com.apple.xpc:connection] [0x10495b0b0] invalidated because the current process cancelled the connection by calling xpc_connection_cancel()
2026-10-05 06:40:36.780 Df HamsterAges[32904:17039] [com.apple.storekit:Default] AAFService connection invalidated
2026-10-05 06:40:37.111 Df HamsterAges[32904:16fea] [com.apple.xpc:connection] [0x104817f40] activating connection: mach=false listener=false peer=false name=com.apple.MTLCompilerService
2026-10-05 06:40:37.111 A  HamsterAges[32904:17039] (Metal) Metal Compiling Shader
2026-10-05 06:40:37.652 A  HamsterAges[32904:17039] (Metal) Metal Compiling Shader
2026-10-05 06:40:37.670 A  HamsterAges[32904:17039] (Metal) Metal Compiling Shader
2026-10-05 06:40:37.673 A  HamsterAges[32904:17039] (Metal) Metal Compiling Shader
2026-10-05 06:40:37.726 Df HamsterAges[32904:16fea] (SpriteKit) SKView: no drawables available for rendering. Skipping this frame.
2026-10-05 06:40:37.758 E  HamsterAges[32904:17023] [com.apple.GameKit:Error] Could not load services for GameKit. This likely means your game is missing the com.apple.developer.game-center entitlement. For more info see:
 https://developer.apple.com/documentation/bundleresources/entitlements/com_apple_developer_game-center

ERROR: Error Domain=NSCocoaErrorDomain Code=4099 "The connection to service named com.apple.gamed was invalidated from this process." UserInfo={NSDebugDescription=The connection to service named com.apple.gamed was invalidated from this process.}
2026-10-05 06:40:37.759 E  HamsterAges[32904:17023] [com.apple.GameKit:Error] No gamed service found for selector getStoreBagValuesForKeys:handler:
2026-10-05 06:40:38.099 Df HamsterAges[32904:17023] [com.apple.calls.copresencecore:Client] Handling com.apple.copresence.conversationmanagerhost.shouldconnect by requesting initial state.
2026-10-05 06:40:38.104 Df HamsterAges[32904:16fea] [com.apple.calls.copresence:client] Initialized group state observer on queue: <OS_dispatch_queue_main: com.apple.main-thread>
2026-10-05 06:40:38.108 Df HamsterAges[32904:17023] [com.apple.calls.copresencecore:Client] Host has no conversations.
2026-10-05 06:40:38.109 Df HamsterAges[32904:16fea] [com.apple.calls.copresence:client] Group session eligibility changed to new value: false
2026-10-05 06:40:38.111 E  HamsterAges[32904:1704a] [com.apple.GameKit:Error] Could not load services for GameKit. This likely means your game is missing the com.apple.developer.game-center entitlement. For more info see:
 https://developer.apple.com/documentation/bundleresources/entitlements/com_apple_developer_game-center

ERROR: Error Domain=NSCocoaErrorDomain Code=4099 "The connection to service named com.apple.gamed was invalidated from this process." UserInfo={NSDebugDescription=The connection to service named com.apple.gamed was invalidated from this process.}
2026-10-05 06:40:38.111 E  HamsterAges[32904:1704a] [com.apple.GameKit:Error] No gamed service found for selector getStoreBagValuesForKeys:handler:
2026-10-05 06:40:38.130 E  HamsterAges[32904:16fea] [com.apple.GameKit:Account] startAuthenticationForExistingPrimaryPlayer:Failed to Authenticate player.Error: Error Domain=GKErrorDomain Code=3 "The requested operation could not be completed due to an error communicating with the server." UserInfo={NSLocalizedDescription=The requested operation could not be completed due to an error communicating with the server.}
2026-10-05 06:40:38.131 E  HamsterAges[32904:16fea] [com.apple.GameKit:Account] authenticationDidCompleteWithError: Authentication failed for player with error: Error Domain=GKErrorDomain Code=3 "The requested operation could not be completed due to an error communicating with the server." UserInfo={NSLocalizedDescription=The requested operation could not be completed due to an error communicating with the server.}
2026-10-05 06:40:38.131 E  HamsterAges[32904:16fea] [com.apple.GameKit:Error] reportAuthenticationFailedForPlayer: Authentication failed for player in 3.42149 seconds
2026-10-05 06:40:38.143 Df HamsterAges[32904:16fea] [com.apple.GameKit:General] Calling AuthenticateHandlerWithError: Error Domain=GKErrorDomain Code=6 "The requested operation could not be completed because local player has not been authenticated." UserInfo={NSLocalizedDescription=The requested operation could not be completed because local player has not been authenticated., NSUnderlyingError=0x600000c639c0 {Error Domain=GKErrorDomain Code=3 "The requested operation could not be completed due to an error communicating with the server." UserInfo={NSLocalizedDescription=The requested operation could not be completed due to an error communicating with the server.}}}
2026-10-05 06:40:38.143 E  HamsterAges[32904:17023] [com.apple.GameKit:Error] Could not load services for GameKit. This likely means your game is missing the com.apple.developer.game-center entitlement. For more info see:
 https://developer.apple.com/documentation/bundleresources/entitlements/com_apple_developer_game-center

ERROR: Error Domain=NSCocoaErrorDomain Code=4099 "The connection to service named com.apple.gamed was invalidated from this process." UserInfo={NSDebugDescription=The connection to service named com.apple.gamed was invalidated from this process.}
2026-10-05 06:40:38.144 E  HamsterAges[32904:17023] [com.apple.GameKit:Error] No gamed service found for selector isAppDistributorThirdParty:
2026-10-05 06:40:38.144 E  HamsterAges[32904:17023] [com.apple.GameKit:Error] Could not load services for GameKit. This likely means your game is missing the com.apple.developer.game-center entitlement. For more info see:
 https://developer.apple.com/documentation/bundleresources/entitlements/com_apple_developer_game-center

ERROR: Error Domain=NSCocoaErrorDomain Code=4099 "The connection to service named com.apple.gamed was invalidated from this process." UserInfo={NSDebugDescription=The connection to service named com.apple.gamed was invalidated from this process.}
2026-10-05 06:40:38.145 E  HamsterAges[32904:17023] [com.apple.GameKit:Error] No gamed service found for selector getOcelotStateForCurrentAppWithHandler:
2026-10-05 06:40:38.176 E  HamsterAges[32904:16fea] [com.apple.GameKit:Match] Matchmaker getStoreBagValuesForKeys encountered error: Error Domain=GKErrorDomain Code=3 "The requested operation could not be completed due to an error communicating with the server." UserInfo={NSLocalizedDescription=The requested operation could not be completed due to an error communicating with the server.}
2026-10-05 06:40:38.354 E  HamsterAges[32904:17039] [com.apple.GameKit:Error] Could not load services for GameKit. This likely means your game is missing the com.apple.developer.game-center entitlement. For more info see:
 https://developer.apple.com/documentation/bundleresources/entitlements/com_apple_developer_game-center

ERROR: Error Domain=NSCocoaErrorDomain Code=4099 "The connection to service named com.apple.gamed was invalidated from this process." UserInfo={NSDebugDescription=The connection to service named com.apple.gamed was invalidated from this process.}
2026-10-05 06:40:38.355 E  HamsterAges[32904:17039] [com.apple.GameKit:Error] No gamed service found for selector getBSServiceConnectionEndpointForMachName:service:instance:handler:
2026-10-05 06:40:38.355 E  HamsterAges[32904:17039] [com.apple.GameKit:GameCenterOverlayService] Could not create endpoint for service name: com.apple.GameOverlayUI.dashboard-service
2026-10-05 06:40:38.355 E  HamsterAges[32904:17039] [com.apple.GameKit:GameCenterOverlayService] Failed to create GameOverlayUI Dashboard Remote Proxy
2026-10-05 06:40:38.396 Df HamsterAges[32904:16fea] [com.apple.network:activity] <nw_activity 50:1 [BEE2620A-F07F-4F0D-B97A-1EAEAD005EFF] (global parent) (reporting strategy default) complete (reason success)> complete with reason 2 (success), duration 5919ms
2026-10-05 06:40:38.396 Df HamsterAges[32904:16fea] [com.apple.network:activity] <nw_activity 50:2 [69FE8B3B-AC13-41F3-92EE-474D61296B5B] (reporting strategy default) complete (reason success)> complete with reason 2 (success), duration 5919ms
2026-10-05 06:40:38.397 Df HamsterAges[32904:16fea] [com.apple.network:activity] Unsetting the global parent activity <nw_activity 50:1 [BEE2620A-F07F-4F0D-B97A-1EAEAD005EFF] (global parent) (reporting strategy default) complete (reason success)>
2026-10-05 06:40:38.397 Df HamsterAges[32904:16fea] [com.apple.network:activity] Unset the global parent activity
2026-10-05 06:40:42.832 Df HamsterAges[32904:16fea] (SpriteKit) SKView: no drawables available for rendering. Skipping this frame.
2026-10-05 06:40:47.932 Df HamsterAges[32904:16fea] (SpriteKit) SKView: no drawables available for rendering. Skipping this frame.
2026-10-05 06:40:53.015 Df HamsterAges[32904:16fea] (SpriteKit) SKView: no drawables available for rendering. Skipping this frame.
2026-10-05 06:40:58.098 Df HamsterAges[32904:16fea] (SpriteKit) SKView: no drawables available for rendering. Skipping this frame.
2026-10-05 06:41:03.215 Df HamsterAges[32904:16fea] (SpriteKit) SKView: no drawables available for rendering. Skipping this frame.
